{"worldpop": {"min": -3.4028234663852886e+38, "max": 2705.03564453125}, "slope": {"min": 0.0, "max": 24.48471450805664}, "land-cover": {"min": 10.0, "max": 210.0}, "airports": {"min": 0.0, "max": 356721.90625}, "ports": {"min": 0.0, "max": 354649.46875}, "anchorages": {"min": 0.0, "max": 347603.9375}, "grid": {"min": 0.0, "max": 358059.0}, "roads": {"min": 0.0, "max": 345648.65625}, "pp-whs": {"min": 725418.0, "max": 881413.0625}, "unep-coral": {"min": 0.0, "max": 343139.9375}, "unesco": {"min": 62475.9921875, "max": 396232.28125}, "unesco-ramsar": {"min": 32314.857421875, "max": 357028.34375}, "wwf-glw-1": {"min": 62163.09375, "max": 449694.34375}, "wwf-glw-2": {"min": 58694.12109375, "max": 372205.9375}, "jrc-gsw": {"min": 0.0, "max": 255.0}, "pp-marine-protected": {"min": 0.0, "max": 0.0}, "unep-tidal": {"min": 0.0, "max": 1.0}, "wwf-glw-3": {"min": 255.0, "max": 255.0}, "gsa-pvout": {"min": 4.713149070739746, "max": 5.071000099182129}, "gsa-ghi": {"min": 5.817817687988281, "max": 6.261000156402588}, "gsa-gti": {"min": 5.942272663116455, "max": 6.414999961853027}, "gsa-temp": {"min": 25.62889862060547, "max": 26.9014835357666}, "gwa-iec1": {"min": 0.4790269434452057, "max": 0.7828556299209595}, "gwa-iec2": {"min": 0.5649581551551819, "max": 0.8334834575653076}, "gwa-iec3": {"min": 0.6234935522079468, "max": 0.8615779876708984}, "gwa-power-10": {"min": 44.41836166381836, "max": 420.7095642089844}, "gwa-speed-10": {"min": 3.81498646736145, "max": 8.328743934631348}, "gwa-power-50": {"min": 212.04685974121094, "max": 729.6849975585938}, "gwa-speed-50": {"min": 6.6295976638793945, "max": 10.118611335754395}, "gwa-power-100": {"min": 395.4974365234375, "max": 958.6089477539062}, "gwa-speed-100": {"min": 8.313179969787598, "max": 11.227364540100098}, "gwa-power-150": {"min": 538.4685668945312, "max": 1082.2022705078125}, "gwa-speed-150": {"min": 9.057046890258789, "max": 11.64395523071289}, "gwa-power-200": {"min": 553.1141357421875, "max": 1183.2958984375}, "gwa-speed-200": {"min": 9.11600399017334, "max": 12.004034996032715}, "gebco": {"min": -5225.0, "max": 140.0}, "srtm90": {"min": 1.0, "max": 153.0}, "waterbodies": {"min": 0.0, "max": 1.0}, "gwa-enercon-e44-50": {"min": 0.17186219990253448, "max": 0.5136420130729675}, "gwa-enercon-e48-50": {"min": 0.22403205931186676, "max": 0.6188129186630249}, "gwa-enercon-e53-50": {"min": 0.27467602491378784, "max": 0.6810669302940369}, "gwa-offshore-dtu-10mw-119": {"min": 0.4716947376728058, "max": 0.7510080337524414}, "gwa-offshore-iea-15mw-150": {"min": 0.5861214399337769, "max": 0.8150017857551575}, "gwa-offshore-leanwind-8mw-110": {"min": 0.46313440799713135, "max": 0.7612590193748474}, "gwa-vestas-v100-mode0-100": {"min": 0.6063003540039062, "max": 0.8617956042289734}, "gwa-vestas-v100-mode0-120": {"min": 0.6692987084388733, "max": 0.869882345199585}, "gwa-vestas-v100-mode0-150": {"min": 0.6763361096382141, "max": 0.8721224665641785}, "gwa-vestas-v100-mode0-80": {"min": 0.5286343693733215, "max": 0.8447449803352356}, "gwa-vestas-v110-mode0-100": {"min": 0.671079695224762, "max": 0.8918792009353638}, "gwa-vestas-v110-mode0-120": {"min": 0.726485013961792, "max": 0.8981173634529114}, "gwa-vestas-v110-mode0-150": {"min": 0.7263056635856628, "max": 0.9021792411804199}, "gwa-vestas-v110-mode0-80": {"min": 0.5955400466918945, "max": 0.8775116205215454}, "gwa-vestas-v112-mode0-100": {"min": 0.4679512083530426, "max": 0.7784793972969055}, "gwa-vestas-v112-mode0-120": {"min": 0.5332233309745789, "max": 0.7911574244499207}, "gwa-vestas-v112-mode0-150": {"min": 0.5589721202850342, "max": 0.7942896485328674}, "gwa-vestas-v112-mode0-80": {"min": 0.39619264006614685, "max": 0.7560889720916748}, "gwa-vestas-v120-mode0-100": {"min": 0.6971274614334106, "max": 0.9002362489700317}, "gwa-vestas-v120-mode0-120": {"min": 0.7467890977859497, "max": 0.9046704769134521}, "gwa-vestas-v120-mode0-150": {"min": 0.7456287741661072, "max": 0.9116078615188599}, "gwa-vestas-v120-mode0-80": {"min": 0.6231510043144226, "max": 0.8877385854721069}, "gwa-vestas-v126-mode0-100": {"min": 0.553809642791748, "max": 0.8333832621574402}, "gwa-vestas-v126-mode0-120": {"min": 0.6188371777534485, "max": 0.8431046605110168}, "gwa-vestas-v126-mode0-150": {"min": 0.6338192820549011, "max": 0.843993604183197}, "gwa-vestas-v126-mode0-80": {"min": 0.477367639541626, "max": 0.8143176436424255}, "gwa-vestas-v136-mode0-100": {"min": 0.6127564311027527, "max": 0.8642784953117371}, "gwa-vestas-v136-mode0-120": {"min": 0.6749116778373718, "max": 0.8722053170204163}, "gwa-vestas-v136-mode0-150": {"min": 0.6812535524368286, "max": 0.8746844530105591}, "gwa-vestas-v136-mode0-80": {"min": 0.5358805060386658, "max": 0.8475740551948547}, "air-density": {"min": 1.1333979368209839, "max": 1.1490833759307861}}