{"worldpop":{"min":-3.4028234663852886e+38,"max":67552.5234375},"slope":{"min":0.0,"max":37.49302291870117},"land-cover":{"min":10.0,"max":210.0},"airports":{"min":0.0,"max":499996.5},"ports":{"min":0.0,"max":499993.25},"anchorages":{"min":500.0,"max":500000.0},"grid":{"min":0.0,"max":215014.546875},"roads":{"min":0.0,"max":74903.2734375},"pp-whs":{"min":32388.271484375,"max":1175501.0},"unep-coral":{"min":65535.0,"max":65535.0},"unesco":{"min":707.1067504882812,"max":500000.0},"unesco-ramsar":{"min":65535.0,"max":500000.0},"wwf-glw-1":{"min":0.0,"max":500000.0},"wwf-glw-2":{"min":0.0,"max":256149.390625},"jrc-gsw":{"min":0.0,"max":1.0},"pp-marine-protected":{"min":0.0,"max":0.0},"unep-tidal":{"min":0.0,"max":1.0},"wwf-glw-3":{"min":1.0,"max":255.0},"gsa-pvout":{"min":3.2481539249420166,"max":5.651618003845215},"gsa-ghi":{"min":4.087259292602539,"max":6.682144641876221},"gsa-gti":{"min":4.085703372955322,"max":7.063866138458252},"gsa-temp":{"min":13.528353691101074,"max":26.55486488342285},"gwa-iec1":{"min":0.0010380622697994113,"max":0.4924640357494354},"gwa-iec2":{"min":0.0016310334904119372,"max":0.5267802476882935},"gwa-iec3":{"min":0.0020024538971483707,"max":0.5569360256195068},"gwa-power-10":{"min":0.2605966031551361,"max":1279.7508544921875},"gwa-speed-10":{"min":0.3048311471939087,"max":8.046612739562988},"gwa-power-50":{"min":1.5538462400436401,"max":961.3456420898438},"gwa-speed-50":{"min":0.696841835975647,"max":8.756183624267578},"gwa-power-100":{"min":3.02125883102417,"max":931.8993530273438},"gwa-speed-100":{"min":1.034561038017273,"max":9.411895751953125},"gwa-power-150":{"min":4.536130905151367,"max":925.4234008789062},"gwa-speed-150":{"min":1.24806547164917,"max":9.669919967651367},"gwa-power-200":{"min":6.244029521942139,"max":961.6380004882812},"gwa-speed-200":{"min":1.4612575769424438,"max":9.806297302246094},"gebco":{"min":-128.0,"max":2444.0},"srtm90":{"min":-22.0,"max":2496.0},"waterbodies":{"min":0.0,"max":2.0},"gwa-enercon-e44-50":{"min":0.00018624894437380135,"max":0.3769068121910095},"gwa-enercon-e48-50":{"min":0.0002548178017605096,"max":0.43292734026908875},"gwa-enercon-e53-50":{"min":0.0007133380859158933,"max":0.4713411033153534},"gwa-offshore-dtu-10mw-119":{"min":0.00041138892993330956,"max":0.5054527521133423},"gwa-offshore-iea-15mw-150":{"min":0.002010470489040017,"max":0.5556125044822693},"gwa-offshore-leanwind-8mw-110":{"min":0.0004276252875570208,"max":0.5201103091239929},"gwa-vestas-v100-mode0-100":{"min":0.0015579693717882037,"max":0.588058590888977},"gwa-vestas-v100-mode0-120":{"min":0.002050817245617509,"max":0.5976419448852539},"gwa-vestas-v100-mode0-150":{"min":0.002981682075187564,"max":0.5969070792198181},"gwa-vestas-v100-mode0-80":{"min":0.0011447801953181624,"max":0.565097451210022},"gwa-vestas-v110-mode0-100":{"min":0.0020897213835269213,"max":0.6239609122276306},"gwa-vestas-v110-mode0-120":{"min":0.002744193421676755,"max":0.6337628364562988},"gwa-vestas-v110-mode0-150":{"min":0.003975878935307264,"max":0.6331137418746948},"gwa-vestas-v110-mode0-80":{"min":0.0015086006605997682,"max":0.6003824472427368},"gwa-vestas-v112-mode0-100":{"min":0.0009132830309681594,"max":0.5316479206085205},"gwa-vestas-v112-mode0-120":{"min":0.0012052785605192184,"max":0.5408692359924316},"gwa-vestas-v112-mode0-150":{"min":0.001763713895343244,"max":0.5417624711990356},"gwa-vestas-v112-mode0-80":{"min":0.0006799537222832441,"max":0.5112966299057007},"gwa-vestas-v120-mode0-100":{"min":0.0022125951945781708,"max":0.6111237406730652},"gwa-vestas-v120-mode0-120":{"min":0.0029093364719301462,"max":0.6203718781471252},"gwa-vestas-v120-mode0-150":{"min":0.004218713846057653,"max":0.6169708371162415},"gwa-vestas-v120-mode0-80":{"min":0.0016067696269601583,"max":0.5874673128128052},"gwa-vestas-v126-mode0-100":{"min":0.0013919214252382517,"max":0.5632314682006836},"gwa-vestas-v126-mode0-120":{"min":0.0018211501883342862,"max":0.5726805925369263},"gwa-vestas-v126-mode0-150":{"min":0.0026568903122097254,"max":0.572377622127533},"gwa-vestas-v126-mode0-80":{"min":0.0010125108528882265,"max":0.5410603284835815},"gwa-vestas-v136-mode0-100":{"min":0.001699363812804222,"max":0.5940666794776917},"gwa-vestas-v136-mode0-120":{"min":0.0022338840644806623,"max":0.6036241054534912},"gwa-vestas-v136-mode0-150":{"min":0.0032376181334257126,"max":0.6030182838439941},"gwa-vestas-v136-mode0-80":{"min":0.001238327007740736,"max":0.5712743401527405},"air-density":{"min":0.9125728011131287,"max":1.1820464134216309},"lcoe":{"gwa-vestas-v100-mode0-120":{"lg":{"min":62.15984344482422,"max":10000.0},"li":{"min":2.1260015964508057,"max":589.2110595703125},"lr":{"min":0.0,"max":30.611684799194336},"total":{"min":64.95575714111328,"max":10000.0}},"gwa-vestas-v110-mode0-120":{"lg":{"min":58.84505844116211,"max":10000.0},"li":{"min":1.9572519063949585,"max":440.3349304199219},"lr":{"min":0.0,"max":23.23723602294922},"total":{"min":61.481624603271484,"max":10000.0}},"gwa-vestas-v112-mode0-120":{"lg":{"min":68.2646255493164,"max":10000.0},"li":{"min":2.582336187362671,"max":1002.5602416992188},"lr":{"min":0.0,"max":50.809879302978516},"total":{"min":71.35401916503906,"max":10000.0}},"gwa-vestas-v112-mode0-100":{"lg":{"min":69.37928771972656,"max":10000.0},"li":{"min":2.651869058609009,"max":1323.0994873046875},"lr":{"min":0.0,"max":68.1711196899414},"total":{"min":72.52226257324219,"max":10000.0}},"gwa-offshore-dtu-10mw-119":{"lg":{"min":72.76757049560547,"max":10000.0},"li":{"min":2.8498716354370117,"max":2882.089111328125},"lr":{"min":0.0,"max":115.81201171875},"total":{"min":76.07343292236328,"max":10000.0}},"gwa-vestas-v126-mode0-150":{"lg":{"min":64.72697448730469,"max":10000.0},"li":{"min":2.235649824142456,"max":454.803955078125},"lr":{"min":0.0,"max":24.065279006958008},"total":{"min":67.64630126953125,"max":10000.0}},"gwa-vestas-v120-mode0-80":{"lg":{"min":63.167137145996094,"max":10000.0},"li":{"min":2.028437614440918,"max":756.2802734375},"lr":{"min":0.0,"max":41.76015853881836},"total":{"min":66.01148223876953,"max":10000.0}},"gsa-pvout":{"lg":{"min":137.58302339439388,"max":236.4274764895293},"li":{"min":4.1992808013974505,"max":18.482995233193233},"lr":{"min":0.0,"max":3.7499983826087577},"total":{"min":145.67207707751436,"max":244.57712711518252}},"gwa-vestas-v126-mode0-80":{"lg":{"min":68.24192810058594,"max":10000.0},"li":{"min":2.4284560680389404,"max":1200.1531982421875},"lr":{"min":0.0,"max":66.26985931396484},"total":{"min":71.33023071289062,"max":10000.0}},"gwa-offshore-leanwind-8mw-110":{"lg":{"min":70.82958984375,"max":10000.0},"li":{"min":2.782140016555786,"max":2772.66015625},"lr":{"min":0.0,"max":117.54557800292969},"total":{"min":74.04228973388672,"max":10000.0}},"gwa-vestas-v110-mode0-100":{"lg":{"min":59.70663070678711,"max":10000.0},"li":{"min":2.0049383640289307,"max":578.2417602539062},"lr":{"min":0.0,"max":31.02315902709961},"total":{"min":62.38461685180664,"max":10000.0}},"gwa-vestas-v136-mode0-100":{"lg":{"min":62.509864807128906,"max":10000.0},"li":{"min":2.1612632274627686,"max":711.068603515625},"lr":{"min":0.0,"max":37.8585205078125},"total":{"min":65.3226089477539,"max":10000.0}},"gwa-vestas-v126-mode0-100":{"lg":{"min":65.71310424804688,"max":10000.0},"li":{"min":2.3392529487609863,"max":868.1267700195312},"lr":{"min":0.0,"max":45.99509811401367},"total":{"min":68.67984008789062,"max":10000.0}},"gwa-vestas-v126-mode0-120":{"lg":{"min":64.6948471069336,"max":10000.0},"li":{"min":2.279961585998535,"max":663.5170288085938},"lr":{"min":0.0,"max":34.56235122680664},"total":{"min":67.61263275146484,"max":10000.0}},"gwa-vestas-v120-mode0-120":{"lg":{"min":60.02891540527344,"max":10000.0},"li":{"min":1.9085593223571777,"max":415.3401794433594},"lr":{"min":0.0,"max":21.87783432006836},"total":{"min":62.72239303588867,"max":10000.0}},"gwa-vestas-v120-mode0-150":{"lg":{"min":60.3377685546875,"max":8243.1845703125},"li":{"min":1.877608060836792,"max":286.4295349121094},"lr":{"min":0.0,"max":15.304821968078613},