{"worldpop": {"min": -3.4028234663852886e+38, "max": 67552.5234375}, "slope": {"min": 0.0, "max": 43.585025787353516}, "land-cover": {"min": 10.0, "max": 210.0}, "airports": {"min": 500.0, "max": 499999.25}, "ports": {"min": 0.0, "max": 489679.46875}, "anchorages": {"min": 0.0, "max": 491375.875}, "grid": {"min": 0.0, "max": 467399.71875}, "roads": {"min": 0.0, "max": 467275.59375}, "pp-whs": {"min": 505624.59375, "max": 1452183.625}, "unep-coral": {"min": 65535.0, "max": 65535.0}, "unesco": {"min": 65535.0, "max": 500000.0}, "unesco-ramsar": {"min": 65535.0, "max": 65535.0}, "wwf-glw-1": {"min": 0.0, "max": 499999.25}, "wwf-glw-2": {"min": 0.0, "max": 477681.125}, "jrc-gsw": {"min": 0.0, "max": 255.0}, "pp-marine-protected": {"min": 0.0, "max": 0.0}, "unep-tidal": {"min": 0.0, "max": 1.0}, "wwf-glw-3": {"min": 1.0, "max": 255.0}, "gsa-pvout": {"min": 3.3276712894439697, "max": 5.474654674530029}, "gsa-ghi": {"min": 4.165181636810303, "max": 6.563461780548096}, "gsa-gti": {"min": 4.171085834503174, "max": 6.900728702545166}, "gsa-temp": {"min": 17.600000381469727, "max": 25.664209365844727}, "gwa-iec1": {"min": 0.011411218903958797, "max": 0.6762827634811401}, "gwa-iec2": {"min": 0.01690278761088848, "max": 0.7215207815170288}, "gwa-iec3": {"min": 0.020553024485707283, "max": 0.7498040795326233}, "gwa-power-10": {"min": 1.2363507747650146, "max": 541.2052612304688}, "gwa-speed-10": {"min": 0.7667251825332642, "max": 8.247125625610352}, "gwa-power-50": {"min": 7.902650356292725, "max": 843.9808959960938}, "gwa-speed-50": {"min": 1.5873918533325195, "max": 9.712617874145508}, "gwa-power-100": {"min": 15.9976167678833, "max": 1026.2008056640625}, "gwa-speed-100": {"min": 2.06793475151062, "max": 10.528339385986328}, "gwa-power-150": {"min": 19.308551788330078, "max": 1254.8193359375}, "gwa-speed-150": {"min": 2.2288570404052734, "max": 11.295939445495605}, "gwa-power-200": {"min": 21.19111442565918, "max": 1497.4434814453125}, "gwa-speed-200": {"min": 2.3430018424987793, "max": 11.973258018493652}, "gebco": {"min": -5176.0, "max": 1663.0}, "srtm90": {"min": -22.0, "max": 1703.0}, "waterbodies": {"min": 0.0, "max": 2.0}, "gwa-enercon-e44-50": {"min": 0.001973280683159828, "max": 0.47037768363952637}, "gwa-enercon-e48-50": {"min": 0.002702789381146431, "max": 0.5505856871604919}, "gwa-enercon-e53-50": {"min": 0.0063676075078547, "max": 0.6002876162528992}, "gwa-offshore-dtu-10mw-119": {"min": 0.0070004030130803585, "max": 0.6484739780426025}, "gwa-offshore-iea-15mw-150": {"min": 0.017091376706957817, "max": 0.7283234596252441}, "gwa-offshore-leanwind-8mw-110": {"min": 0.006639952305704355, "max": 0.6479697823524475}, "gwa-vestas-v100-mode0-100": {"min": 0.015772249549627304, "max": 0.7389161586761475}, "gwa-vestas-v100-mode0-120": {"min": 0.021795760840177536, "max": 0.7543904185295105}, "gwa-vestas-v100-mode0-150": {"min": 0.024655800312757492, "max": 0.7722993493080139}, "gwa-vestas-v100-mode0-80": {"min": 0.01110615860670805, "max": 0.7215051054954529}, "gwa-vestas-v110-mode0-100": {"min": 0.020484082400798798, "max": 0.7718005180358887}, "gwa-vestas-v110-mode0-120": {"min": 0.028076350688934326, "max": 0.7855333089828491}, "gwa-vestas-v110-mode0-150": {"min": 0.031609538942575455, "max": 0.8004390597343445}, "gwa-vestas-v110-mode0-80": {"min": 0.014539170078933239, "max": 0.7557377815246582}, "gwa-vestas-v112-mode0-100": {"min": 0.009682280011475086, "max": 0.664225697517395}, "gwa-vestas-v112-mode0-120": {"min": 0.013538089580833912, "max": 0.6837008595466614}, "gwa-vestas-v112-mode0-150": {"min": 0.015435033477842808, "max": 0.7098718881607056}, "gwa-vestas-v112-mode0-80": {"min": 0.006737628486007452, "max": 0.6445178985595703}, "gwa-vestas-v120-mode0-100": {"min": 0.021864648908376694, "max": 0.7704941034317017}, "gwa-vestas-v120-mode0-120": {"min": 0.030028633773326874, "max": 0.7805776000022888}, "gwa-vestas-v120-mode0-150": {"min": 0.03383132442831993, "max": 0.787483274936676}, "gwa-vestas-v120-mode0-80": {"min": 0.015494678169488907, "max": 0.7565367221832275}, "gwa-vestas-v126-mode0-100": {"min": 0.013910803012549877, "max": 0.7125614285469055}, "gwa-vestas-v126-mode0-120": {"min": 0.019170932471752167, "max": 0.7294382452964783}, "gwa-vestas-v126-mode0-150": {"min": 0.021672887727618217, "max": 0.7499884963035583}, "gwa-vestas-v126-mode0-80": {"min": 0.009814775548875332, "max": 0.6942644119262695}, "gwa-vestas-v136-mode0-100": {"min": 0.016811376437544823, "max": 0.744173526763916}, "gwa-vestas-v136-mode0-120": {"min": 0.023116309195756912, "max": 0.7597833871841431}, "gwa-vestas-v136-mode0-150": {"min": 0.026082972064614296, "max": 0.7782483696937561}, "gwa-vestas-v136-mode0-80": {"min": 0.011898478493094444, "max": 0.7267995476722717}, "air-density": {"min": 0.9932261109352112, "max": 1.1930276155471802}}