{"worldpop":{"min":21.105350494384766,"max":462.76239013671875},"slope":{"min":0.23870331048965454,"max":3.2307560443878174},"land-cover":{"min":50.0,"max":210.0},"airports":{"min":500.0,"max":8062.2578125},"ports":{"min":0.0,"max":12500.0},"anchorages":{"min":0.0,"max":8732.1240234375},"grid":{"min":0.0,"max":2500.0},"roads":{"min":0.0,"max":3354.101806640625},"pp-whs":{"min":381473.4375,"max":387665.4375},"unep-coral":{"min":500.0,"max":4123.10546875},"unesco":{"min":103325.9453125,"max":112219.6484375},"unesco-ramsar":{"min":65535.0,"max":65535.0},"wwf-glw-1":{"min":65535.0,"max":65535.0},"wwf-glw-2":{"min":12529.96484375,"max":21592.822265625},"jrc-gsw":{"min":0.0,"max":1.0},"pp-marine-protected":{"min":0.0,"max":0.0},"unep-tidal":{"min":0.0,"max":1.0},"wwf-glw-3":{"min":255.0,"max":255.0},"gsa-pvout":{"min":4.832981109619141,"max":4.957766056060791},"gsa-ghi":{"min":5.816869258880615,"max":5.961119174957275},"gsa-gti":{"min":6.091526508331299,"max":6.254116535186768},"gsa-temp":{"min":25.73458480834961,"max":26.210481643676758},"gwa-iec1":{"min":0.2905621826648712,"max":0.3932468891143799},"gwa-iec2":{"min":0.35217177867889404,"max":0.46182313561439514},"gwa-iec3":{"min":0.39831894636154175,"max":0.5099881887435913},"gwa-power-10":{"min":34.42082595825195,"max":149.2205810546875},"gwa-speed-10":{"min":3.117034673690796,"max":5.445343971252441},"gwa-power-50":{"min":145.30870056152344,"max":266.8520202636719},"gwa-speed-50":{"min":5.460538387298584,"max":6.7993388175964355},"gwa-power-100":{"min":241.07333374023438,"max":342.5958557128906},"gwa-speed-100":{"min":6.7087297439575195,"max":7.558701038360596},"gwa-power-150":{"min":312.1101989746094,"max":378.97064208984375},"gwa-speed-150":{"min":7.363194942474365,"max":7.80942964553833},"gwa-power-200":{"min":367.6388244628906,"max":424.623291015625},"gwa-speed-200":{"min":7.719066143035889,"max":8.20059585571289},"gebco":{"min":-13.0,"max":51.0},"srtm90":{"min":3.0,"max":56.0},"waterbodies":{"min":0.0,"max":2.0},"gwa-enercon-e44-50":{"min":0.11492796242237091,"max":0.210876926779747},"gwa-enercon-e48-50":{"min":0.14952780306339264,"max":0.26986411213874817},"gwa-enercon-e53-50":{"min":0.18566833436489105,"max":0.3204028010368347},"gwa-offshore-dtu-10mw-119":{"min":0.2755658030509949,"max":0.35454750061035156},"gwa-offshore-iea-15mw-150":{"min":0.3827563226222992,"max":0.44351673126220703},"gwa-offshore-leanwind-8mw-110":{"min":0.2742674648761749,"max":0.36429184675216675},"gwa-vestas-v100-mode0-100":{"min":0.38919082283973694,"max":0.5018759369850159},"gwa-vestas-v100-mode0-120":{"min":0.4270608425140381,"max":0.5131967067718506},"gwa-vestas-v100-mode0-150":{"min":0.4722226560115814,"max":0.5363920331001282},"gwa-vestas-v100-mode0-80":{"min":0.3439920246601105,"max":0.48658397793769836},"gwa-vestas-v110-mode0-100":{"min":0.44468051195144653,"max":0.557436466217041},"gwa-vestas-v110-mode0-120":{"min":0.4839610159397125,"max":0.568975031375885},"gwa-vestas-v110-mode0-150":{"min":0.5292426943778992,"max":0.5933467149734497},"gwa-vestas-v110-mode0-80":{"min":0.3962399661540985,"max":0.5415650010108948},"gwa-vestas-v112-mode0-100":{"min":0.28814101219177246,"max":0.39090341329574585},"gwa-vestas-v112-mode0-120":{"min":0.32032471895217896,"max":0.40147531032562256},"gwa-vestas-v112-mode0-150":{"min":0.3611001670360565,"max":0.4197581708431244},"gwa-vestas-v112-mode0-80":{"min":0.2517548203468323,"max":0.37796345353126526},"gwa-vestas-v120-mode0-100":{"min":0.46803584694862366,"max":0.5801959037780762},"gwa-vestas-v120-mode0-120":{"min":0.5077234506607056,"max":0.5917520523071289},"gwa-vestas-v120-mode0-150":{"min":0.552794873714447,"max":0.6165128946304321},"gwa-vestas-v120-mode0-80":{"min":0.41834208369255066,"max":0.5641435980796814},"gwa-vestas-v126-mode0-100":{"min":0.3500589430332184,"max":0.45985841751098633},"gwa-vestas-v126-mode0-120":{"min":0.3859049677848816,"max":0.47065991163253784},"gwa-vestas-v126-mode0-150":{"min":0.42972567677497864,"max":0.4922485649585724},"gwa-vestas-v126-mode0-80":{"min":0.30819976329803467,"max":0.44541317224502563},"gwa-vestas-v136-mode0-100":{"min":0.39610034227371216,"max":0.5082438588142395},"gwa-vestas-v136-mode0-120":{"min":0.4339032769203186,"max":0.519477903842926},"gwa-vestas-v136-mode0-150":{"min":0.47879743576049805,"max":0.5425759553909302},"gwa-vestas-v136-mode0-80":{"min":0.3507575988769531,"max":0.4929945468902588},"air-density":{"min":1.1501094102859497,"max":1.154874563217163},"lcoe":{"gwa-vestas-v100-mode0-120":{"lg":{"min":71.72989654541016,"max":85.39065551757812},"li":{"min":2.0063178539276123,"max":2.4978694915771484},"lr":{"min":0.0,"max":0.07957566529512405},"total":{"min":73.77061462402344,"max":87.91934204101562}},"gwa-vestas-v110-mode0-120":{"lg":{"min":65.09013366699219,"max":75.82140350341797},"li":{"min":1.8096325397491455,"max":2.204190492630005},"lr":{"min":0.0,"max":0.07160642743110657},"total":{"min":66.93079376220703,"max":78.05278778076172}},"gwa-vestas-v112-mode0-120":{"lg":{"min":90.57758331298828,"max":112.51101684570312},"li":{"min":2.5688812732696533,"max":3.3301901817321777},"lr":{"min":0.0,"max":0.10222595185041428},"total":{"min":93.25455474853516,"max":115.88229370117188}},"gwa-vestas-v112-mode0-100":{"lg":{"min":92.91905212402344,"max":124.63107299804688},"li":{"min":2.652974843978882,"max":3.702153444290161},"lr":{"min":0.0,"max":0.10457901656627655},"total":{"min":95.66842651367188,"max":128.37889099121094}},"gwa-offshore-dtu-10mw-119":{"lg":{"min":102.03695678710938,"max":130.135986328125},"li":{"min":2.915311813354492,"max":3.871098041534424},"lr":{"min":0.0,"max":0.11614738404750824},"total":{"min":105.0682601928711,"max":134.05484008789062}},"gwa-vestas-v126-mode0-150":{"lg":{"min":74.6122055053711,"max":84.88592529296875},"li":{"min":2.1026084423065186,"max":2.48237943649292},"lr":{"min":0.0,"max":0.085085429251194},"total":{"min":76.74957275390625,"max":87.39892578125}},"gwa-vestas-v120-mode0-80":{"lg":{"min":65.61332702636719,"max":87.08692932128906},"li":{"min":1.8382855653762817,"max":2.5499281883239746},"lr":{"min":0.0,"max":0.07187165319919586},"total":{"min":67.4982681274414,"max":89.6683120727539}},"gsa-pvout":{"lg":{"min":156.27830669841833,"max":160.21004984298952},"li":{"min":4.511289346766029,"max":4.7940679942052595},"lr":{"min":0.0,"max":0.1730130373554394},"total":{"min":160.91837363603278,"max":165.06325681003335}},"gwa-vestas-v126-mode0-80":{"lg":{"min":82.03711700439453,"max":116.77996826171875},"li":{"min":2.328303337097168,"max":3.4612038135528564},"lr":{"min":0.0,"max":0.09157778322696686},"total":{"min":84.42450714111328,"max":120.28386688232422}},"gwa-offshore-leanwind-8mw-110":{"lg":{"min":99.41459655761719,"max":130.73306274414062},"li":{"min":2.8467750549316406,"max":3.88942289352417},"lr":{"min":0.0,"max":0.11288037896156311},"total":{"min":102.36480712890625,"max":134.6704559326172}},"gwa-vestas-v110-mode0-100":{"lg":{"min":66.35464477539062,"max":82.16569519042969},"li":{"min":1.8573259115219116,"max":2.3988959789276123},"lr":{"min":0.0,"max":0.07274361699819565},"total":{"min":68.28264617919922,"max":84.59418487548828}},"gwa-vestas-v136-mode0-100":{"lg":{"min":72.38993072509766,"max":91.7524185180664},"li":{"min":2.040471315383911,"max":2.6931114196777344},"lr":{"min":0.0,"max":0.07997527718544006},"total":{"min":74.50454711914062,"max":94.47874450683594}},"gwa-vestas-v126-mode0-100":{"lg":{"min":79.58578491210938,"max":103.29401397705078},"li":{"min":2.2551658153533936,"max":3.0473215579986572},"lr":{"min":0.0,"max":0.08860351145267487},"total":{"min":81.92288970947266,"max":106.3789291381836}},"gwa-vestas-v126-mode0-120":{"lg":{"min":77.85111236572266,"max":94.0707778930664},"li":{"min":2.1876425743103027,"max":2.764261484146118},"lr":{"min":0.0,"max":0.0868690237402916},"total":{"min":80.0762710571289,"max":96.86913299560547}},"gwa-vestas-v120-mode0-120":{"lg":{"min":62.73871994018555,"max":72.46002197265625},"li":{"min":1.7399781942367554,"max":2.101030111312866},