{"worldpop": {"min": -3.4028234663852886e+38, "max": 976.5419921875}, "slope": {"min": 0.0, "max": 65.51376342773438}, "land-cover": {"min": 50.0, "max": 210.0}, "airports": {"min": 0.0, "max": 418632.28125}, "ports": {"min": 0.0, "max": 450802.0625}, "anchorages": {"min": 0.0, "max": 421252.0}, "grid": {"min": 0.0, "max": 417413.75}, "roads": {"min": 0.0, "max": 416176.0625}, "pp-whs": {"min": 366101.78125, "max": 814378.625}, "unep-coral": {"min": 0.0, "max": 414468.3125}, "unesco": {"min": 65535.0, "max": 500000.0}, "unesco-ramsar": {"min": 65535.0, "max": 65535.0}, "wwf-glw-1": {"min": 65535.0, "max": 65535.0}, "wwf-glw-2": {"min": 0.0, "max": 421192.65625}, "jrc-gsw": {"min": 0.0, "max": 255.0}, "pp-marine-protected": {"min": 0.0, "max": 1.0}, "unep-tidal": {"min": 0.0, "max": 1.0}, "wwf-glw-3": {"min": 255.0, "max": 255.0}, "gsa-pvout": {"min": 4.656531810760498, "max": 4.998586177825928}, "gsa-ghi": {"min": 5.596046447753906, "max": 6.008999824523926}, "gsa-gti": {"min": 5.831393718719482, "max": 6.306000232696533}, "gsa-temp": {"min": 23.91280746459961, "max": 26.299999237060547}, "gwa-iec1": {"min": 0.2132004052400589, "max": 0.5036322474479675}, "gwa-iec2": {"min": 0.26358386874198914, "max": 0.5660116672515869}, "gwa-iec3": {"min": 0.3025323450565338, "max": 0.6083199977874756}, "gwa-power-10": {"min": 27.219797134399414, "max": 200.6053924560547}, "gwa-speed-10": {"min": 2.5808324813842773, "max": 6.113306999206543}, "gwa-power-50": {"min": 77.17300415039062, "max": 438.57135009765625}, "gwa-speed-50": {"min": 4.3329854011535645, "max": 7.898033618927002}, "gwa-power-100": {"min": 175.49339294433594, "max": 540.4483642578125}, "gwa-speed-100": {"min": 5.990224838256836, "max": 8.675688743591309}, "gwa-power-150": {"min": 262.1181335449219, "max": 616.91748046875}, "gwa-speed-150": {"min": 6.921374797821045, "max": 9.130434036254883}, "gwa-power-200": {"min": 287.4249572753906, "max": 629.609619140625}, "gwa-speed-200": {"min": 6.9236249923706055, "max": 9.250104904174805}, "gebco": {"min": -7745.0, "max": 248.0}, "srtm90": {"min": 3.0, "max": 240.0}, "waterbodies": {"min": 0.0, "max": 1.0}, "gwa-enercon-e44-50": {"min": 0.055776167660951614, "max": 0.3296814262866974}, "gwa-enercon-e48-50": {"min": 0.07326915860176086, "max": 0.4035954773426056}, "gwa-enercon-e53-50": {"min": 0.09638684242963791, "max": 0.45707789063453674}, "gwa-offshore-dtu-10mw-119": {"min": 0.21373732388019562, "max": 0.5163151621818542}, "gwa-offshore-iea-15mw-150": {"min": 0.3265194892883301, "max": 0.5922138690948486}, "gwa-offshore-leanwind-8mw-110": {"min": 0.2054297924041748, "max": 0.5266579985618591}, "gwa-vestas-v100-mode0-100": {"min": 0.29195889830589294, "max": 0.646424412727356}, "gwa-vestas-v100-mode0-120": {"min": 0.34830155968666077, "max": 0.6597048044204712}, "gwa-vestas-v100-mode0-150": {"min": 0.4109807014465332, "max": 0.6677015423774719}, "gwa-vestas-v100-mode0-80": {"min": 0.22508235275745392, "max": 0.6312081813812256}, "gwa-vestas-v110-mode0-100": {"min": 0.3416078984737396, "max": 0.6912022829055786}, "gwa-vestas-v110-mode0-120": {"min": 0.40206077694892883, "max": 0.7038619518280029}, "gwa-vestas-v110-mode0-150": {"min": 0.4667048454284668, "max": 0.7107537984848022}, "gwa-vestas-v110-mode0-80": {"min": 0.26725754141807556, "max": 0.6778813004493713}, "gwa-vestas-v112-mode0-100": {"min": 0.2086012363433838, "max": 0.5474395751953125}, "gwa-vestas-v112-mode0-120": {"min": 0.2536952495574951, "max": 0.5610212087631226}, "gwa-vestas-v112-mode0-150": {"min": 0.3072906732559204, "max": 0.5702977776527405}, "gwa-vestas-v112-mode0-80": {"min": 0.1577252894639969, "max": 0.5289162993431091}, "gwa-vestas-v120-mode0-100": {"min": 0.3628239631652832, "max": 0.7060366272926331}, "gwa-vestas-v120-mode0-120": {"min": 0.42484045028686523, "max": 0.7182486653327942}, "gwa-vestas-v120-mode0-150": {"min": 0.4899919033050537, "max": 0.7246388792991638}, "gwa-vestas-v120-mode0-80": {"min": 0.2852904498577118, "max": 0.6947245597839355}, "gwa-vestas-v126-mode0-100": {"min": 0.25935348868370056, "max": 0.6100685000419617}, "gwa-vestas-v126-mode0-120": {"min": 0.31139063835144043, "max": 0.6235414147377014}, "gwa-vestas-v126-mode0-150": {"min": 0.3708902597427368, "max": 0.6320641040802002}, "gwa-vestas-v126-mode0-80": {"min": 0.19884485006332397, "max": 0.5935527086257935}, "gwa-vestas-v136-mode0-100": {"min": 0.2986624836921692, "max": 0.6510927081108093}, "gwa-vestas-v136-mode0-120": {"min": 0.3551585078239441, "max": 0.6642394065856934}, "gwa-vestas-v136-mode0-150": {"min": 0.4176552891731262, "max": 0.6719692349433899}, "gwa-vestas-v136-mode0-80": {"min": 0.231159508228302, "max": 0.6361110806465149}, "air-density": {"min": 1.130977749824524, "max": 1.1583096981048584}}