{"worldpop":{"min":-3.4028234663852886e+38,"max":733.4125366210938},"slope":{"min":0.0,"max":4.172327041625977},"land-cover":{"min":10.0,"max":210.0},"airports":{"min":0.0,"max":89404.9765625},"ports":{"min":0.0,"max":100600.6953125},"anchorages":{"min":0.0,"max":19293.78125},"grid":{"min":45590.5703125,"max":109786.15625},"roads":{"min":0.0,"max":15008.3310546875},"pp-whs":{"min":158234.78125,"max":198591.296875},"unep-coral":{"min":65535.0,"max":65535.0},"unesco":{"min":86297.4453125,"max":175140.65625},"unesco-ramsar":{"min":3535.533935546875,"max":58872.74609375},"wwf-glw-1":{"min":138250.671875,"max":200664.515625},"wwf-glw-2":{"min":0.0,"max":62500.0},"jrc-gsw":{"min":0.0,"max":1.0},"pp-marine-protected":{"min":0.0,"max":1.0},"unep-tidal":{"min":0.0,"max":0.0},"wwf-glw-3":{"min":1.0,"max":255.0},"gsa-pvout":{"min":3.0337255001068115,"max":3.0553884506225586},"gsa-ghi":{"min":2.8198790550231934,"max":2.8299999237060547},"gsa-gti":{"min":3.5199673175811768,"max":3.5453884601593018},"gsa-temp":{"min":0.0,"max":6.900000095367432},"gwa-iec1":{"min":0.30159279704093933,"max":0.5398426055908203},"gwa-iec2":{"min":0.35503843426704407,"max":0.5892840027809143},"gwa-iec3":{"min":0.3931179642677307,"max":0.6228480339050293},"gwa-power-10":{"min":19.651567459106445,"max":333.6190185546875},"gwa-speed-10":{"min":2.362635612487793,"max":6.269688129425049},"gwa-power-50":{"min":157.1337127685547,"max":626.2068481445312},"gwa-speed-50":{"min":5.052976131439209,"max":8.097495079040527},"gwa-power-100":{"min":278.0242614746094,"max":773.4489135742188},"gwa-speed-100":{"min":6.43612003326416,"max":9.00374698638916},"gwa-power-150":{"min":459.75390625,"max":922.3311157226562},"gwa-speed-150":{"min":7.733989715576172,"max":9.493135452270508},"gwa-power-200":{"min":655.6372680664062,"max":1036.31494140625},"gwa-speed-200":{"min":8.588347434997559,"max":9.755971908569336},"gebco":{"min":-13.0,"max":90.0},"srtm90":{"min":5.0,"max":20.0},"waterbodies":{"min":0.0,"max":2.0},"gwa-enercon-e44-50":{"min":0.11818698793649673,"max":0.35584479570388794},"gwa-enercon-e48-50":{"min":0.1518469750881195,"max":0.42118778824806213},"gwa-enercon-e53-50":{"min":0.18401682376861572,"max":0.4656071364879608},"gwa-offshore-dtu-10mw-119":{"min":0.31640297174453735,"max":0.5198794603347778},"gwa-offshore-iea-15mw-150":{"min":0.4550509452819824,"max":0.5895004868507385},"gwa-offshore-leanwind-8mw-110":{"min":0.2984890341758728,"max":0.5184834003448486},"gwa-vestas-v100-mode0-100":{"min":0.38596829771995544,"max":0.6168802976608276},"gwa-vestas-v100-mode0-120":{"min":0.4438026547431946,"max":0.626785397529602},"gwa-vestas-v100-mode0-150":{"min":0.523794949054718,"max":0.6381203532218933},"gwa-vestas-v100-mode0-80":{"min":0.33534619212150574,"max":0.6053735017776489},"gwa-vestas-v110-mode0-100":{"min":0.431782603263855,"max":0.653499960899353},"gwa-vestas-v110-mode0-120":{"min":0.49082833528518677,"max":0.6625004410743713},"gwa-vestas-v110-mode0-150":{"min":0.5693822503089905,"max":0.6717912554740906},"gwa-vestas-v110-mode0-80":{"min":0.3785994350910187,"max":0.6416618824005127},"gwa-vestas-v112-mode0-100":{"min":0.3019469082355499,"max":0.5414263010025024},"gwa-vestas-v112-mode0-120":{"min":0.3547495901584625,"max":0.5529577136039734},"gwa-vestas-v112-mode0-150":{"min":0.43351423740386963,"max":0.5703646540641785},"gwa-vestas-v112-mode0-80":{"min":0.25857627391815186,"max":0.531394362449646},"gwa-vestas-v120-mode0-100":{"min":0.4505309760570526,"max":0.658125102519989},"gwa-vestas-v120-mode0-120":{"min":0.5097823739051819,"max":0.6654857397079468},"gwa-vestas-v120-mode0-150":{"min":0.5865131616592407,"max":0.6748435497283936},"gwa-vestas-v120-mode0-80":{"min":0.39628440141677856,"max":0.6457803845405579},"gwa-vestas-v126-mode0-100":{"min":0.3553149104118347,"max":0.5902706384658813},"gwa-vestas-v126-mode0-120":{"min":0.4114951193332672,"max":0.6007059812545776},"gwa-vestas-v126-mode0-150":{"min":0.4914487302303314,"max":0.6139272451400757},"gwa-vestas-v126-mode0-80":{"min":0.30715611577033997,"max":0.5792135000228882},"gwa-vestas-v136-mode0-100":{"min":0.3930648863315582,"max":0.6235976815223694},"gwa-vestas-v136-mode0-120":{"min":0.45097529888153076,"max":0.6335394978523254},"gwa-vestas-v136-mode0-150":{"min":0.5306656956672668,"max":0.6452171206474304},"gwa-vestas-v136-mode0-80":{"min":0.3421608805656433,"max":0.6122066378593445},"air-density":{"min":1.2299392223358154,"max":1.2437602281570435},"lcoe":{"gwa-vestas-v100-mode0-120":{"lg":{"min":59.45560073852539,"max":82.3203125},"li":{"min":2.840203285217285,"max":5.9310994148254395},"lr":{"min":0.0,"max":0.30798614025115967},"total":{"min":63.612491607666016,"max":88.28728485107422}},"gwa-vestas-v110-mode0-120":{"lg":{"min":56.46601486206055,"max":74.8165283203125},"li":{"min":2.667848587036133,"max":5.361271381378174},"lr":{"min":0.0,"max":0.2873086929321289},"total":{"min":60.39881134033203,"max":80.2118148803711}},"gwa-vestas-v112-mode0-120":{"lg":{"min":66.85971069335938,"max":101.98110961914062},"li":{"min":3.2768661975860596,"max":7.421352863311768},"lr":{"min":0.0,"max":0.3606759309768677},"total":{"min":71.57160186767578,"max":109.4356460571289}},"gwa-vestas-v112-mode0-100":{"lg":{"min":68.1985092163086,"max":119.115478515625},"li":{"min":3.496609687805176,"max":8.702113151550293},"lr":{"min":0.0,"max":0.39328062534332275},"total":{"min":73.01075744628906,"max":127.74783325195312}},"gwa-offshore-dtu-10mw-119":{"lg":{"min":70.85926818847656,"max":113.8559799194336},"li":{"min":3.516193151473999,"max":8.32078742980957},"lr":{"min":0.0,"max":0.3899088501930237},"total":{"min":75.87096405029297,"max":122.2139663696289}},"gwa-vestas-v126-mode0-150":{"lg":{"min":60.617069244384766,"max":74.72713470458984},"li":{"min":2.8255374431610107,"max":5.356164455413818},"lr":{"min":0.0,"max":0.30184876918792725},"total":{"min":63.90080642700195,"max":80.11561584472656}},"gwa-vestas-v120-mode0-80":{"lg":{"min":57.82442855834961,"max":91.71165466308594},"li":{"min":2.9324162006378174,"max":6.637920379638672},"lr":{"min":0.0,"max":0.3235049545764923},"total":{"min":61.85905075073242,"max":98.39412689208984}},"gsa-pvout":{"lg":{"min":251.09140334349433,"max":252.85581111318484},"li":{"min":16.929885268175852,"max":17.994016568565698},"lr":{"min":0.3856975619586338,"max":0.7491478282357142},"total":{"min":268.4069861736288,"max":271.4530876529147}},"gwa-vestas-v126-mode0-80":{"lg":{"min":64.01026916503906,"max":117.16316223144531},"li":{"min":3.3628594875335693,"max":8.550073623657227},"lr":{"min":0.0,"max":0.38587719202041626},"total":{"min":68.50857543945312,"max":125.62306213378906}},"gwa-offshore-leanwind-8mw-110":{"lg":{"min":71.03929138183594,"max":120.44902038574219},"li":{"min":3.589365005493164,"max":8.812732696533203},"lr":{"min":0.0,"max":0.40124014019966125},"total":{"min":76.06448364257812,"max":129.32089233398438}},"gwa-vestas-v110-mode0-100":{"lg":{"min":57.18861770629883,"max":84.50060272216797},"li":{"min":2.800952434539795,"max":6.092195987701416},"lr":{"min":0.0,"max":0.3059837222099304},"total":{"min":61.17557907104492,"max":90.63368225097656}},"gwa-vestas-v136-mode0-100":{"lg":{"min":59.73908615112305,"max":92.43008422851562},"li":{"min":2.9649431705474854,"max":6.692290306091309},"lr":{"min":0.0,"max":0.3264237344264984},"total":{"min":63.91722869873047,"max":99.16728973388672}},"gwa-vestas-v126-mode0-100":{"lg":{"min":62.886138916015625,"max":101.8252182006836},"li":{"min":3.1594200134277344,"max":7.402477741241455},"lr":{"min":0.0,"max":0.35042378306388855},"total":{"min":67.30017852783203,"max":109.26646423339844}},"gwa-vestas-v126-mode0-120":{"lg":{"min":61.863182067871094,"max":88.46943664550781},"li":{"min":2.980112075805664,"max":6.397942543029785},"lr":{"min":0.0,"max":0.3247701823711395},"total":{"min":66.20054626464844,"max":94.89881896972656}},"gwa-vestas-v120-mode0-120":{"lg":{"min":56.23065948486328,"max":72.18352508544922},"li":{"min":2.632044553756714,"max":5.161226749420166},"lr":{"min":0.0,