{"worldpop":{"min":-3.4028234663852886e+38,"max":6800.8388671875},"slope":{"min":0.0,"max":36.87409591674805},"land-cover":{"min":10.0,"max":210.0},"airports":{"min":2500.0,"max":113145.921875},"ports":{"min":707.1067504882812,"max":130204.6484375},"anchorages":{"min":0.0,"max":85230.5703125},"grid":{"min":0.0,"max":87500.0},"roads":{"min":0.0,"max":89902.7265625},"pp-whs":{"min":69426.21875,"max":191288.390625},"unep-coral":{"min":65535.0,"max":65535.0},"unesco":{"min":2000.0,"max":151437.28125},"unesco-ramsar":{"min":62339.79296875,"max":292188.71875},"wwf-glw-1":{"min":7905.69384765625,"max":180964.78125},"wwf-glw-2":{"min":0.0,"max":104740.15625},"jrc-gsw":{"min":0.0,"max":255.0},"pp-marine-protected":{"min":0.0,"max":1.0},"unep-tidal":{"min":0.0,"max":1.0},"wwf-glw-3":{"min":1.0,"max":255.0},"gsa-pvout":{"min":3.1887941360473633,"max":4.370257377624512},"gsa-ghi":{"min":3.6606099605560303,"max":4.6062774658203125},"gsa-gti":{"min":3.8841874599456787,"max":5.307253837585449},"gsa-temp":{"min":4.763780117034912,"max":18.600000381469727},"gwa-iec1":{"min":0.03834262862801552,"max":0.5106208324432373},"gwa-iec2":{"min":0.047588005661964417,"max":0.5246176719665527},"gwa-iec3":{"min":0.054373495280742645,"max":0.5495966076850891},"gwa-power-10":{"min":6.442816257476807,"max":2804.658935546875},"gwa-speed-10":{"min":1.030030369758606,"max":9.705121040344238},"gwa-power-50":{"min":22.842552185058594,"max":2087.119140625},"gwa-speed-50":{"min":1.834362506866455,"max":10.203780174255371},"gwa-power-100":{"min":41.23905563354492,"max":2101.6337890625},"gwa-speed-100":{"min":3.832685708999634,"max":8.414030075073242},"gwa-power-150":{"min":60.643760681152344,"max":2190.30712890625},"gwa-speed-150":{"min":2.8813400268554688,"max":10.976601600646973},"gwa-power-200":{"min":84.58866119384766,"max":2273.630615234375},"gwa-speed-200":{"min":3.22818660736084,"max":11.0982084274292},"gebco":{"min":-1141.0,"max":2049.0},"srtm90":{"min":-7.0,"max":2066.0},"waterbodies":{"min":0.0,"max":2.0},"gwa-enercon-e44-50":{"min":0.012622124515473843,"max":0.3834667503833771},"gwa-enercon-e48-50":{"min":0.016327790915966034,"max":0.4313114285469055},"gwa-enercon-e53-50":{"min":0.022018687799572945,"max":0.46325740218162537},"gwa-offshore-dtu-10mw-119":{"min":0.03722282871603966,"max":0.486908495426178},"gwa-offshore-iea-15mw-150":{"min":0.058066729456186295,"max":0.5308790802955627},"gwa-offshore-leanwind-8mw-110":{"min":0.0369238406419754,"max":0.4927825927734375},"gwa-vestas-v100-mode0-100":{"min":0.05474257841706276,"max":0.5350415110588074},"gwa-vestas-v100-mode0-120":{"min":0.06331884115934372,"max":0.5431563854217529},"gwa-vestas-v100-mode0-150":{"min":0.07427867501974106,"max":0.5461268424987793},"gwa-vestas-v100-mode0-80":{"min":0.04062862694263458,"max":0.5197120308876038},"gwa-vestas-v110-mode0-100":{"min":0.06464392691850662,"max":0.5646234154701233},"gwa-vestas-v110-mode0-120":{"min":0.07408203929662704,"max":0.573091983795166},"gwa-vestas-v110-mode0-150":{"min":0.08655684441328049,"max":0.5765271186828613},"gwa-vestas-v110-mode0-80":{"min":0.048188578337430954,"max":0.5488606095314026},"gwa-vestas-v112-mode0-100":{"min":0.039194878190755844,"max":0.5056204199790955},"gwa-vestas-v112-mode0-120":{"min":0.04610399529337883,"max":0.514387845993042},"gwa-vestas-v112-mode0-150":{"min":0.0544445738196373,"max":0.5179802775382996},"gwa-vestas-v112-mode0-80":{"min":0.028899215161800385,"max":0.489497572183609},"gwa-vestas-v120-mode0-100":{"min":0.06847982853651047,"max":0.5416713356971741},"gwa-vestas-v120-mode0-120":{"min":0.07822845131158829,"max":0.5491743087768555},"gwa-vestas-v120-mode0-150":{"min":0.09129399061203003,"max":0.5518303513526917},"gwa-vestas-v120-mode0-80":{"min":0.05109133571386337,"max":0.5275628566741943},"gwa-vestas-v126-mode0-100":{"min":0.04900956153869629,"max":0.5193079113960266},"gwa-vestas-v126-mode0-120":{"min":0.0569351390004158,"max":0.5275240540504456},"gwa-vestas-v126-mode0-150":{"min":0.06690697371959686,"max":0.5306036472320557},"gwa-vestas-v126-mode0-80":{"min":0.036334626376628876,"max":0.5038798451423645},"gwa-vestas-v136-mode0-100":{"min":0.056328751146793365,"max":0.544177234172821},"gwa-vestas-v136-mode0-120":{"min":0.06500569730997086,"max":0.5524301528930664},"gwa-vestas-v136-mode0-150":{"min":0.07617457956075668,"max":0.5554665327072144},"gwa-vestas-v136-mode0-80":{"min":0.04186858981847763,"max":0.5286076664924622},"air-density":{"min":0.9891527891159058,"max":1.209079623222351}}