{"worldpop": {"min": -3.4028234663852886e+38, "max": 3520.482177734375}, "slope": {"min": 0.0, "max": 40.21038818359375}, "land-cover": {"min": 10.0, "max": 210.0}, "airports": {"min": 0.0, "max": 180080.53125}, "ports": {"min": 0.0, "max": 90235.8046875}, "anchorages": {"min": 0.0, "max": 74473.1484375}, "grid": {"min": 0.0, "max": 143081.265625}, "roads": {"min": 0.0, "max": 144150.09375}, "pp-whs": {"min": 476638.75, "max": 887165.375}, "unep-coral": {"min": 0.0, "max": 132345.203125}, "unesco": {"min": 67708.9375, "max": 287111.46875}, "unesco-ramsar": {"min": 65535.0, "max": 500000.0}, "wwf-glw-1": {"min": 65535.0, "max": 499999.25}, "wwf-glw-2": {"min": 65535.0, "max": 500000.0}, "jrc-gsw": {"min": 0.0, "max": 255.0}, "pp-marine-protected": {"min": 0.0, "max": 1.0}, "unep-tidal": {"min": 0.0, "max": 1.0}, "wwf-glw-3": {"min": 6.0, "max": 255.0}, "gsa-pvout": {"min": 4.031108856201172, "max": 5.404362678527832}, "gsa-ghi": {"min": 4.920172691345215, "max": 6.22668981552124}, "gsa-gti": {"min": 5.262531757354736, "max": 6.800377368927002}, "gsa-temp": {"min": 20.060550689697266, "max": 28.986448287963867}, "gwa-iec1": {"min": 0.01465773954987526, "max": 0.4370221197605133}, "gwa-iec2": {"min": 0.019200896844267845, "max": 0.4770360291004181}, "gwa-iec3": {"min": 0.02217976190149784, "max": 0.5073315501213074}, "gwa-power-10": {"min": 2.785252809524536, "max": 1812.0904541015625}, "gwa-speed-10": {"min": 0.6852234601974487, "max": 8.057873725891113}, "gwa-power-50": {"min": 8.30926513671875, "max": 1160.3145751953125}, "gwa-speed-50": {"min": 1.2780569791793823, "max": 7.741897106170654}, "gwa-power-100": {"min": 15.934268951416016, "max": 1049.72265625}, "gwa-speed-100": {"min": 1.7093790769577026, "max": 8.320578575134277}, "gwa-power-150": {"min": 21.375226974487305, "max": 965.4703369140625}, "gwa-speed-150": {"min": 1.9390215873718262, "max": 8.700017929077148}, "gwa-power-200": {"min": 26.76535987854004, "max": 922.583984375}, "gwa-speed-200": {"min": 2.132148265838623, "max": 8.96513843536377}, "gebco": {"min": -1210.0, "max": 1952.0}, "srtm90": {"min": -12.0, "max": 1972.0}, "waterbodies": {"min": 0.0, "max": 2.0}, "gwa-enercon-e44-50": {"min": 0.0032208170741796494, "max": 0.3168141841888428}, "gwa-enercon-e48-50": {"min": 0.0043327719904482365, "max": 0.36944013833999634}, "gwa-enercon-e53-50": {"min": 0.0078011187724769115, "max": 0.40712970495224}, "gwa-offshore-dtu-10mw-119": {"min": 0.009355517104268074, "max": 0.4511771500110626}, "gwa-offshore-iea-15mw-150": {"min": 0.01707472838461399, "max": 0.5076507925987244}, "gwa-offshore-leanwind-8mw-110": {"min": 0.00927121564745903, "max": 0.45880648493766785}, "gwa-vestas-v100-mode0-100": {"min": 0.01639406941831112, "max": 0.538377583026886}, "gwa-vestas-v100-mode0-120": {"min": 0.01935070939362049, "max": 0.5509411096572876}, "gwa-vestas-v100-mode0-150": {"min": 0.023255350068211555, "max": 0.5567334890365601}, "gwa-vestas-v100-mode0-80": {"min": 0.013147572986781597, "max": 0.5137640833854675}, "gwa-vestas-v110-mode0-100": {"min": 0.020091483369469643, "max": 0.5741608142852783}, "gwa-vestas-v110-mode0-120": {"min": 0.0236972663551569, "max": 0.5868863463401794}, "gwa-vestas-v110-mode0-150": {"min": 0.02836393192410469, "max": 0.5925092101097107}, "gwa-vestas-v110-mode0-80": {"min": 0.016075141727924347, "max": 0.548808217048645}, "gwa-vestas-v112-mode0-100": {"min": 0.011035982519388199, "max": 0.4725733995437622}, "gwa-vestas-v112-mode0-120": {"min": 0.013039098121225834, "max": 0.4848780333995819}, "gwa-vestas-v112-mode0-150": {"min": 0.01576656475663185, "max": 0.4923574924468994}, "gwa-vestas-v112-mode0-80": {"min": 0.008891697973012924, "max": 0.450454443693161}, "gwa-vestas-v120-mode0-100": {"min": 0.021430781111121178, "max": 0.5721791982650757}, "gwa-vestas-v120-mode0-120": {"min": 0.025278843939304352, "max": 0.5843236446380615}, "gwa-vestas-v120-mode0-150": {"min": 0.0302420686930418, "max": 0.5876931548118591}, "gwa-vestas-v120-mode0-80": {"min": 0.0171305313706398, "max": 0.5468456745147705}, "gwa-vestas-v126-mode0-100": {"min": 0.014500693418085575, "max": 0.5123201608657837}, "gwa-vestas-v126-mode0-120": {"min": 0.017104560509324074, "max": 0.5247426629066467}, "gwa-vestas-v126-mode0-150": {"min": 0.02057642489671707, "max": 0.5309829711914062}, "gwa-vestas-v126-mode0-80": {"min": 0.011645248159766197, "max": 0.48855891823768616}, "gwa-vestas-v136-mode0-100": {"min": 0.017061427235603333, "max": 0.5438304543495178}, "gwa-vestas-v136-mode0-120": {"min": 0.020127946510910988, "max": 0.5564066767692566}, "gwa-vestas-v136-mode0-150": {"min": 0.024150950834155083, "max": 0.5623247623443604}, "gwa-vestas-v136-mode0-80": {"min": 0.013675679452717304, "max": 0.5192890167236328}, "air-density": {"min": 0.9624750018119812, "max": 1.1481246948242188}}