{"worldpop": {"min": -3.4028234663852886e+38, "max": 21610.78515625}, "slope": {"min": 0.0, "max": 46.697269439697266}, "land-cover": {"min": 10.0, "max": 220.0}, "airports": {"min": 0.0, "max": 440410.03125}, "ports": {"min": 0.0, "max": 499992.0}, "anchorages": {"min": 0.0, "max": 500000.0}, "grid": {"min": 0.0, "max": 474546.125}, "roads": {"min": 0.0, "max": 136235.09375}, "pp-whs": {"min": 0.0, "max": 973713.125}, "unep-coral": {"min": 65535.0, "max": 65535.0}, "unesco": {"min": 707.1067504882812, "max": 500000.0}, "unesco-ramsar": {"min": 0.0, "max": 500000.0}, "wwf-glw-1": {"min": 0.0, "max": 437564.28125}, "wwf-glw-2": {"min": 0.0, "max": 184967.5625}, "jrc-gsw": {"min": 0.0, "max": 1.0}, "pp-marine-protected": {"min": 0.0, "max": 1.0}, "unep-tidal": {"min": 0.0, "max": 1.0}, "wwf-glw-3": {"min": 1.0, "max": 255.0}, "gsa-pvout": {"min": 0.0, "max": 6.731393814086914}, "gsa-ghi": {"min": 0.0, "max": 7.385301113128662}, "gsa-gti": {"min": 0.0, "max": 8.131294250488281}, "gsa-temp": {"min": -18.112886428833008, "max": 24.600000381469727}, "gwa-iec1": {"min": 0.001181380357593298, "max": 0.7780718803405762}, "gwa-iec2": {"min": 0.0016218714881688356, "max": 0.7676097750663757}, "gwa-iec3": {"min": 0.0019048904068768024, "max": 0.790701150894165}, "gwa-power-10": {"min": 0.4050242006778717, "max": 98850.9375}, "gwa-speed-10": {"min": 0.449878990650177, "max": 40.57786560058594}, "gwa-power-50": {"min": 2.0253281593322754, "max": 66985.3828125}, "gwa-speed-50": {"min": 0.7719208002090454, "max": 37.58829879760742}, "gwa-power-100": {"min": 3.056398391723633, "max": 51086.23046875}, "gwa-speed-100": {"min": 1.0740396976470947, "max": 36.07126235961914}, "gwa-power-150": {"min": 4.350387096405029, "max": 41643.72265625}, "gwa-speed-150": {"min": 1.1911300420761108, "max": 34.669647216796875}, "gwa-power-200": {"min": 5.420871734619141, "max": 35845.36328125}, "gwa-speed-200": {"min": 1.2079131603240967, "max": 33.68905258178711}, "gebco": {"min": -107.0, "max": 6573.0}, "srtm90": {"min": -108.0, "max": 6634.0}, "waterbodies": {"min": 0.0, "max": 2.0}, "gwa-enercon-e44-50": {"min": 0.00024015360395424068, "max": 0.6969233155250549}, "gwa-enercon-e48-50": {"min": 0.0003304620913695544, "max": 0.7480650544166565}, "gwa-enercon-e53-50": {"min": 0.0010422470513731241, "max": 0.7733054161071777}, "gwa-offshore-dtu-10mw-119": {"min": 0.0004899240448139608, "max": 0.7739704847335815}, "gwa-offshore-iea-15mw-150": {"min": 0.0019573152530938387, "max": 0.8286446332931519}, "gwa-offshore-leanwind-8mw-110": {"min": 0.0004785606579389423, "max": 0.7700156569480896}, "gwa-vestas-v100-mode0-100": {"min": 0.001651626662351191, "max": 0.7782897353172302}, "gwa-vestas-v100-mode0-120": {"min": 0.002064284635707736, "max": 0.7925668954849243}, "gwa-vestas-v100-mode0-150": {"min": 0.002888407791033387, "max": 0.8183281421661377}, "gwa-vestas-v100-mode0-80": {"min": 0.0013381295138970017, "max": 0.7648727893829346}, "gwa-vestas-v110-mode0-100": {"min": 0.0022321611177176237, "max": 0.7967830896377563}, "gwa-vestas-v110-mode0-120": {"min": 0.0027810714673250914, "max": 0.8175652623176575}, "gwa-vestas-v110-mode0-150": {"min": 0.0038447522092610598, "max": 0.8428540229797363}, "gwa-vestas-v110-mode0-80": {"min": 0.001802514074370265, "max": 0.7886555790901184}, "gwa-vestas-v112-mode0-100": {"min": 0.0009615860763005912, "max": 0.7758705615997314}, "gwa-vestas-v112-mode0-120": {"min": 0.0012087749782949686, "max": 0.7969049215316772}, "gwa-vestas-v112-mode0-150": {"min": 0.001721306936815381, "max": 0.8193457722663879}, "gwa-vestas-v112-mode0-80": {"min": 0.0007816438446752727, "max": 0.7691108584403992}, "gwa-vestas-v120-mode0-100": {"min": 0.0023546067532151937, "max": 0.7898955941200256}, "gwa-vestas-v120-mode0-120": {"min": 0.0029370044358074665, "max": 0.8053088188171387}, "gwa-vestas-v120-mode0-150": {"min": 0.004072742071002722, "max": 0.8281878232955933}, "gwa-vestas-v120-mode0-80": {"min": 0.0019053190480917692, "max": 0.7684500217437744}, "gwa-vestas-v126-mode0-100": {"min": 0.0014809068525210023, "max": 0.76500004529953}, "gwa-vestas-v126-mode0-120": {"min": 0.0018367648590356112, "max": 0.7770555019378662}, "gwa-vestas-v126-mode0-150": {"min": 0.0025748482439666986, "max": 0.8024580478668213}, "gwa-vestas-v126-mode0-80": {"min": 0.0011919481912627816, "max": 0.7518682479858398}, "gwa-vestas-v136-mode0-100": {"min": 0.001812201808206737, "max": 0.7881693840026855}, "gwa-vestas-v136-mode0-120": {"min": 0.0022585138212889433, "max": 0.7991743683815002}, "gwa-vestas-v136-mode0-150": {"min": 0.003135145176202059, "max": 0.8257890343666077}, "gwa-vestas-v136-mode0-80": {"min": 0.0014664402697235346, "max": 0.7749669551849365}, "air-density": {"min": 0.611159086227417, "max": 1.2325652837753296}, "lcoe": {"gwa-vestas-v100-mode0-120": {"lg": {"min": 47.85593032836914, "max": 10000.0}, "li": {"min": 1.3145180940628052, "max": 586.5531005859375}, "lr": {"min": 0.0, "max": 54.03257751464844}, "total": {"min": 49.231563568115234, "max": 10000.0}}, "gwa-vestas-v110-mode0-120": {"lg": {"min": 46.51496505737305, "max": 10000.0}, "li": {"min": 1.276086449623108, "max": 435.3763122558594}, "lr": {"min": 0.0, "max": 41.56766128540039}, "total": {"min": 47.84853744506836, "max": 10000.0}}, "gwa-vestas-v112-mode0-120": {"lg": {"min": 47.6171989440918, "max": 10000.0}, "li": {"min": 1.3912291526794434, "max": 1001.685791015625}, "lr": {"min": 0.0, "max": 87.42572784423828}, "total": {"min": 50.652225494384766, "max": 10000.0}}, "gwa-vestas-v112-mode0-100": {"lg": {"min": 48.79969024658203, "max": 10000.0}, "li": {"min": 1.420731782913208, "max": 1259.182861328125}, "lr": {"min": 0.0, "max": 104.57566833496094}, "total": {"min": 51.06412887573242, "max": 10000.0}}, "gwa-offshore-dtu-10mw-119": {"lg": {"min": 48.90966796875, "max": 10000.0}, "li": {"min": 1.437723994255066, "max": 2471.429443359375}, "lr": {"min": 0.0, "max": 152.1378631591797}, "total": {"min": 51.83531951904297, "max": 10000.0}}, "gwa-vestas-v126-mode0-150": {"lg": {"min": 47.315364837646484, "max": 10000.0}, "li": {"min": 1.3060197830200195, "max": 470.2461853027344}, "lr": {"min": 0.0, "max": 43.593849182128906}, "total": {"min": 48.674041748046875, "max": 10000.0}}, "gwa-vestas-v120-mode0-80": {"lg": {"min": 49.2322998046875, "max": 10000.0}, "li": {"min": 1.3543293476104736, "max": 728.9130859375}, "lr": {"min": 0.0, "max": 63.3065299987793}, "total": {"min": 50.619110107421875, "max": 10000.0}}, "gsa-pvout": {"lg": {"min": 116.1551109435781, "max": 10000.0}, "li": {"min": 3.4581758390869206, "max": 10000.0}, "lr": {"min": 0.0, "max": 10000.0}, "total": {"min": 122.46660949085697, "max": 10000.0}}, "gwa-vestas-v126-mode0-80": {"lg": {"min": 50.2298583984375, "max": 10000.0}, "li": {"min": 1.4117761850357056, "max": 1149.8636474609375}, "lr": {"min": 0.0, "max": 99.86632537841797}, "total": {"min": 51.782470703125, "max": 10000.0}}, "gwa-offshore-leanwind-8mw-110": {"lg": {"min": 49.14033126831055, "max": 10000.0}, "li": {"min": 1.4421862363815308, "max": 2530.113037109375}, "lr": {"min": 0.0, "max": 157.76336669921875}, "total": {"min": 51.77936935424805, "max": 10000.0}}, "gwa-vestas-v110-mode0-100": {"lg": {"min": 47.62386703491211, "max": 10000.0}, "li": {"min": 1.305413007736206, "max": 542.4396362304688}, "lr": {"min": 0.0, "max": 49.46376419067383}, "total": {"min": 48.93666458129883, "max": 10000.0}}, "gwa-vestas-v136-mode0-100": {"lg": {"min": 48.10062026977539, "max": 10000.0}, "li": {"min": 1.3405290842056274, "max": 668.1444702148438}, "lr": {"min": 0.0, "max": 60.058929443359375}, "total": {"min": 49.48944854736328, "max": 10000.0}}, "gwa-vestas-v126-mode0-100": {"lg": {"min": 49.43628692626953, "max": 10000.0}, "li": {"min": 1.3847330808639526, "max": 817.6156616210938}, "lr": {"min": 0.0, "max": 72.58229064941406}, "total": {"min": 50.8671760559082, "max": 10000.0}}, "gwa-vestas-v126-mode0-120": {"lg": {"min": 48.73137283325195, "max": 10000.0}, "li": {"min": 1.3471431732177734,