{"worldpop": {"min": -3.4028234663852886e+38, "max": 21654.353515625}, "slope": {"min": 0.0, "max": 52.73548126220703}, "land-cover": {"min": 10.0, "max": 210.0}, "airports": {"min": 500.0, "max": 499999.25}, "ports": {"min": 0.0, "max": 499999.25}, "anchorages": {"min": 0.0, "max": 499996.5}, "grid": {"min": 0.0, "max": 499996.5}, "roads": {"min": 0.0, "max": 499999.25}, "pp-whs": {"min": 0.0, "max": 1241619.625}, "unep-coral": {"min": 65535.0, "max": 65535.0}, "unesco": {"min": 1581.1387939453125, "max": 499999.25}, "unesco-ramsar": {"min": 0.0, "max": 499999.25}, "wwf-glw-1": {"min": 0.0, "max": 500000.0}, "wwf-glw-2": {"min": 0.0, "max": 499993.25}, "jrc-gsw": {"min": 0.0, "max": 255.0}, "pp-marine-protected": {"min": 0.0, "max": 1.0}, "unep-tidal": {"min": 0.0, "max": 1.0}, "wwf-glw-3": {"min": 1.0, "max": 255.0}, "gsa-pvout": {"min": 0.0, "max": 4.700383186340332}, "gsa-ghi": {"min": 1.2579990625381, "max": 4.952716827392578}, "gsa-gti": {"min": 0.0, "max": 5.746581077575684}, "gsa-temp": {"min": -1.3701852560043335, "max": 18.899999618530273}, "gwa-iec1": {"min": 9.4688022045375e-07, "max": 0.823246955871582}, "gwa-iec2": {"min": 2.175584086217e-06, "max": 0.8177739977836609}, "gwa-iec3": {"min": 2.8338088213786e-06, "max": 0.8395504355430603}, "gwa-power-10": {"min": 0.012934456579387, "max": 10679.466796875}, "gwa-speed-10": {"min": 0.11994098126888, "max": 20.02775764465332}, "gwa-power-50": {"min": 0.068681567907333, "max": 8135.67236328125}, "gwa-speed-50": {"min": 0.18117314577103, "max": 19.453298568725586}, "gwa-power-100": {"min": 0.12662671506405, "max": 7909.42919921875}, "gwa-speed-100": {"min": 19.0, "max": 19.7833309173584}, "gwa-power-150": {"min": 0.11337132751942, "max": 7566.62841796875}, "gwa-speed-150": {"min": 0.28240531682968, "max": 20.050861358642578}, "gwa-power-200": {"min": 0.12112526595592, "max": 7457.83837890625}, "gwa-speed-200": {"min": 0.29232773184776, "max": 20.28457260131836}, "gebco": {"min": -5767.0, "max": 1112.0}, "srtm90": {"min": -107.0, "max": 1141.0}, "waterbodies": {"min": 0.0, "max": 2.0}, "gwa-enercon-e44-50": {"min": 0.05298246443271637, "max": 0.6836203932762146}, "gwa-enercon-e48-50": {"min": 0.06960834562778473, "max": 0.7449679970741272}, "gwa-enercon-e53-50": {"min": 0.09166824817657471, "max": 0.7768051624298096}, "gwa-offshore-dtu-10mw-119": {"min": 0.16756704449653625, "max": 0.8169949650764465}, "gwa-offshore-iea-15mw-150": {"min": 0.2893577218055725, "max": 0.8561891317367554}, "gwa-offshore-leanwind-8mw-110": {"min": 0.15787373483181, "max": 0.8179140686988831}, "gwa-vestas-v100-mode0-100": {"min": 0.22811968624591827, "max": 0.8303197026252747}, "gwa-vestas-v100-mode0-120": {"min": 0.2813153862953186, "max": 0.8403404355049133}, "gwa-vestas-v100-mode0-150": {"min": 0.3528628349304199, "max": 0.8510705828666687}, "gwa-vestas-v100-mode0-80": {"min": 0.18838997185230255, "max": 0.8211027383804321}, "gwa-vestas-v110-mode0-100": {"min": 0.2684381604194641, "max": 0.8479993343353271}, "gwa-vestas-v110-mode0-120": {"min": 0.3282281458377838, "max": 0.8568174839019775}, "gwa-vestas-v110-mode0-150": {"min": 0.38218989968299866, "max": 0.8647828698158264}, "gwa-vestas-v110-mode0-80": {"min": 0.22406214475631714, "max": 0.8400540947914124}, "gwa-vestas-v112-mode0-100": {"min": 0.1623082160949707, "max": 0.8252931833267212}, "gwa-vestas-v112-mode0-120": {"min": 0.2025880217552185, "max": 0.8361336588859558}, "gwa-vestas-v112-mode0-150": {"min": 0.27189961075782776, "max": 0.843341588973999}, "gwa-vestas-v112-mode0-80": {"min": 0.13201721012592316, "max": 0.8102819323539734}, "gwa-vestas-v120-mode0-100": {"min": 0.2856205999851227, "max": 0.8178484439849854}, "gwa-vestas-v120-mode0-120": {"min": 0.3348456025123596, "max": 0.8245750665664673}, "gwa-vestas-v120-mode0-150": {"min": 0.3843952715396881, "max": 0.8413751125335693}, "gwa-vestas-v120-mode0-80": {"min": 0.23922640085220337, "max": 0.8133066296577454}, "gwa-vestas-v126-mode0-100": {"min": 0.2028137743473053, "max": 0.8157014846801758}, "gwa-vestas-v126-mode0-120": {"min": 0.2509733736515045, "max": 0.8295673131942749}, "gwa-vestas-v126-mode0-150": {"min": 0.32753482460975647, "max": 0.8455206751823425}, "gwa-vestas-v126-mode0-80": {"min": 0.1667398065328598, "max": 0.8056420087814331}, "gwa-vestas-v136-mode0-100": {"min": 0.23405693471431732, "max": 0.8381016850471497}, "gwa-vestas-v136-mode0-120": {"min": 0.28806790709495544, "max": 0.849659264087677}, "gwa-vestas-v136-mode0-150": {"min": 0.3580428659915924, "max": 0.8626440167427063}, "gwa-vestas-v136-mode0-80": {"min": 0.19380782544612885, "max": 0.8288285136222839}, "air-density": {"min": 1.0923064947128296, "max": 1.2348402738571167}}