{"worldpop":{"min":-3.4028234663852886e+38,"max":7935.326171875},"slope":{"min":0.0,"max":34.39725875854492},"land-cover":{"min":10.0,"max":210.0},"airports":{"min":0.0,"max":112271.984375},"ports":{"min":181561.28125,"max":427060.0},"anchorages":{"min":65535.0,"max":499999.25},"grid":{"min":0.0,"max":17102.630859375},"roads":{"min":0.0,"max":16070.158203125},"pp-whs":{"min":344116.59375,"max":713793.5625},"unep-coral":{"min":65535.0,"max":65535.0},"unesco":{"min":0.0,"max":120196.71875},"unesco-ramsar":{"min":0.0,"max":129746.875},"wwf-glw-1":{"min":0.0,"max":114738.828125},"wwf-glw-2":{"min":0.0,"max":69339.7421875},"jrc-gsw":{"min":0.0,"max":1.0},"pp-marine-protected":{"min":0.0,"max":0.0},"unep-tidal":{"min":0.0,"max":0.0},"wwf-glw-3":{"min":1.0,"max":255.0},"gsa-pvout":{"min":2.7196240425109863,"max":4.540489673614502},"gsa-ghi":{"min":3.198364496231079,"max":4.739449501037598},"gsa-gti":{"min":3.3317620754241943,"max":5.493378639221191},"gsa-temp":{"min":-5.341907978057861,"max":15.528641700744629},"gwa-iec1":{"min":0.005362807773053646,"max":0.7339275479316711},"gwa-iec2":{"min":0.007170857861638069,"max":0.7241201996803284},"gwa-iec3":{"min":0.008328677155077457,"max":0.7482360005378723},"gwa-power-10":{"min":1.829906702041626,"max":12070.2978515625},"gwa-speed-10":{"min":0.46590325236320496,"max":21.50023651123047},"gwa-power-50":{"min":4.33386754989624,"max":7197.33740234375},"gwa-speed-50":{"min":0.9375978112220764,"max":19.532203674316406},"gwa-power-100":{"min":7.5506486892700195,"max":6057.62548828125},"gwa-speed-100":{"min":1.2915968894958496,"max":19.238317489624023},"gwa-power-150":{"min":11.316104888916016,"max":5064.32568359375},"gwa-speed-150":{"min":1.4634917974472046,"max":18.52347183227539},"gwa-power-200":{"min":16.955625534057617,"max":4565.85791015625},"gwa-speed-200":{"min":1.5973362922668457,"max":17.966440200805664},"gebco":{"min":408.0,"max":3832.0},"srtm90":{"min":396.0,"max":3858.0},"waterbodies":{"min":1.0,"max":2.0},"gwa-enercon-e44-50":{"min":0.002052467316389084,"max":0.5948598980903625},"gwa-enercon-e48-50":{"min":0.0027271730359643698,"max":0.6472359299659729},"gwa-enercon-e53-50":{"min":0.004429812543094158,"max":0.679524838924408},"gwa-offshore-dtu-10mw-119":{"min":0.004888838157057762,"max":0.7345008850097656},"gwa-offshore-iea-15mw-150":{"min":0.01069493219256401,"max":0.757583737373352},"gwa-offshore-leanwind-8mw-110":{"min":0.004779263865202665,"max":0.7442213892936707},"gwa-vestas-v100-mode0-100":{"min":0.009421659633517265,"max":0.7332323789596558},"gwa-vestas-v100-mode0-120":{"min":0.01114122848957777,"max":0.7369668483734131},"gwa-vestas-v100-mode0-150":{"min":0.014717851765453815,"max":0.7338943481445312},"gwa-vestas-v100-mode0-80":{"min":0.008002464659512043,"max":0.7171720266342163},"gwa-vestas-v110-mode0-100":{"min":0.011778684332966805,"max":0.7619115114212036},"gwa-vestas-v110-mode0-120":{"min":0.013862598687410355,"max":0.7655986547470093},"gwa-vestas-v110-mode0-150":{"min":0.018130414187908173,"max":0.7654983997344971},"gwa-vestas-v110-mode0-80":{"min":0.010016808286309242,"max":0.7474724650382996},"gwa-vestas-v112-mode0-100":{"min":0.006151315290480852,"max":0.7527331709861755},"gwa-vestas-v112-mode0-120":{"min":0.007326173130422831,"max":0.7564631700515747},"gwa-vestas-v112-mode0-150":{"min":0.009834127500653267,"max":0.7466345429420471},"gwa-vestas-v112-mode0-80":{"min":0.005220821592956781,"max":0.7348678708076477},"gwa-vestas-v120-mode0-100":{"min":0.012581677176058292,"max":0.7448188662528992},"gwa-vestas-v120-mode0-120":{"min":0.014807479456067085,"max":0.7501279711723328},"gwa-vestas-v120-mode0-150":{"min":0.019336475059390068,"max":0.748775839805603},"gwa-vestas-v120-mode0-80":{"min":0.01068851351737976,"max":0.725872278213501},"gwa-vestas-v126-mode0-100":{"min":0.00831446424126625,"max":0.7207268476486206},"gwa-vestas-v126-mode0-120":{"min":0.009826798923313618,"max":0.7246043682098389},"gwa-vestas-v126-mode0-150":{"min":0.013010958209633827,"max":0.7180785536766052},"gwa-vestas-v126-mode0-80":{"min":0.007066922262310982,"max":0.7068203091621399},"gwa-vestas-v136-mode0-100":{"min":0.009883692488074303,"max":0.7430244088172913},"gwa-vestas-v136-mode0-120":{"min":0.011664124205708504,"max":0.747231125831604},"gwa-vestas-v136-mode0-150":{"min":0.015346412546932697,"max":0.7417133450508118},"gwa-vestas-v136-mode0-80":{"min":0.008400632999837399,"max":0.7264071702957153},"air-density":{"min":0.8230313062667847,"max":1.1674333810806274},"lcoe":{"gwa-vestas-v100-mode0-120":{"lg":{"min":51.164615631103516,"max":3123.831787109375},"li":{"min":1.4144234657287598,"max":92.51661682128906},"lr":{"min":0.0,"max":5.412599086761475},"total":{"min":52.63875961303711,"max":3216.24853515625}},"gwa-vestas-v110-mode0-120":{"lg":{"min":49.400760650634766,"max":2511.376953125},"li":{"min":1.3564449548721313,"max":74.31258392333984},"lr":{"min":0.0,"max":4.448838710784912},"total":{"min":50.80830001831055,"max":2585.6513671875}},"gwa-vestas-v112-mode0-120":{"lg":{"min":49.94904708862305,"max":4748.46337890625},"li":{"min":1.396490454673767,"max":140.78810119628906},"lr":{"min":0.0,"max":7.93833589553833},"total":{"min":51.36887741088867,"max":4889.00537109375}},"gwa-vestas-v112-mode0-100":{"lg":{"min":50.17673873901367,"max":5654.62255859375},"li":{"min":1.40341055393219,"max":167.38462829589844},"lr":{"min":0.0,"max":8.623279571533203},"total":{"min":51.60360336303711,"max":5822.00732421875}},"gwa-offshore-dtu-10mw-119":{"lg":{"min":51.322967529296875,"max":7113.8203125},"li":{"min":1.4382468461990356,"max":210.6094970703125},"lr":{"min":0.0,"max":10.977697372436523},"total":{"min":52.78525161743164,"max":7324.4296875}},"gwa-vestas-v126-mode0-150":{"lg":{"min":52.405235290527344,"max":2675.498779296875},"li":{"min":1.456840991973877,"max":79.70642852783203},"lr":{"min":0.0,"max":5.373680114746094},"total":{"min":53.90095901489258,"max":2755.844970703125}},"gwa-vestas-v120-mode0-80":{"lg":{"min":51.885501861572266,"max":3255.973388671875},"li":{"min":1.4413419961929321,"max":97.31297302246094},"lr":{"min":0.0,"max":4.850163459777832},"total":{"min":53.36738204956055,"max":3354.517578125}},"gsa-pvout":{"lg":{"min":170.27286356602136,"max":281.5972738227413},"li":{"min":5.053053206111488,"max":8.355610489492513},"lr":{"min":0.0,"max":1.0130668520824875},"total":{"min":175.88117493191794,"max":290.0858195039146}},"gwa-vestas-v126-mode0-80":{"lg":{"min":53.17623519897461,"max":4922.5146484375},"li":{"min":1.4945716857910156,"max":147.1830291748047},"lr":{"min":0.0,"max":7.093667507171631},"total":{"min":54.69578552246094,"max":5071.56005859375}},"gwa-offshore-leanwind-8mw-110":{"lg":{"min":50.704864501953125,"max":7276.82666015625},"li":{"min":1.4194613695144653,"max":215.43812561035156},"lr":{"min":0.0,"max":10.757850646972656},"total":{"min":52.148048400878906,"max":7492.2646484375}},"gwa-vestas-v110-mode0-100":{"lg":{"min":49.6204719543457,"max":2954.98828125},"li":{"min":1.372104287147522,"max":87.6304702758789},"lr":{"min":0.0,"max":4.796463489532471},"total":{"min":51.04635238647461,"max":3042.403564453125}},"gwa-vestas-v136-mode0-100":{"lg":{"min":50.78010559082031,"max":3520.77880859375},"li":{"min":1.417320728302002,"max":104.30939483642578},"lr":{"min":0.0,"max":5.629707336425781},"total":{"min":52.24222946166992,"max":3624.9541015625}},"gwa-vestas-v126-mode0-100":{"lg":{"min":52.22737121582031,"max":4184.51708984375},"li":{"min":1.4657336473464966,"max":123.87162017822266},"lr":{"min":0.0,"max":6.604427337646484},"total":{"min":53.71759796142578,"max":4308.35400390625}},"gwa-vestas-v126-mode0-120":{"lg":{"min":51.96929168701172,"max":3541.1396484375},"li":{"min":1.4564783573150635,"max":104.87166595458984},"lr":{"min":0.0,"max":6.107001781463623},"total":{"min":53.45154571533203,"max":3645.91796875}},"gwa-vestas-v120-mode0-120":{"lg":{"min":50.33710861206055,"max":2351.378662109375},"li":{"min":1.3916467428207397,"max":69.59708404541016},"lr":{"min":0.0,"max":4.17292594909668},