{"worldpop":{"min":-3.4028234663852886e+38,"max":1475.065673828125},"slope":{"min":0.8728139996528625,"max":45.255706787109375},"land-cover":{"min":10.0,"max":210.0},"airports":{"min":1000.0,"max":124679.5859375},"ports":{"min":0.0,"max":122173.03125},"anchorages":{"min":0.0,"max":120649.28125},"grid":{"min":65535.0,"max":65535.0},"roads":{"min":67485.1875,"max":194672.171875},"pp-whs":{"min":973226.5625,"max":990500.0},"unep-coral":{"min":0.0,"max":3807.88671875},"unesco":{"min":65535.0,"max":65535.0},"unesco-ramsar":{"min":65535.0,"max":65535.0},"wwf-glw-1":{"min":65535.0,"max":65535.0},"wwf-glw-2":{"min":397867.125,"max":427974.875},"jrc-gsw":{"min":0.0,"max":1.0},"pp-marine-protected":{"min":0.0,"max":0.0},"unep-tidal":{"min":0.0,"max":0.0},"wwf-glw-3":{"min":255.0,"max":255.0},"gsa-pvout":{"min":3.4708657264709473,"max":4.3673624992370605},"gsa-ghi":{"min":4.302457809448242,"max":5.299479007720947},"gsa-gti":{"min":4.3062310218811035,"max":5.468695163726807},"gsa-temp":{"min":20.334213256835938,"max":26.799999237060547},"gwa-iec1":{"min":0.1255454421043396,"max":0.5532230138778687},"gwa-iec2":{"min":0.15875498950481415,"max":0.5966157913208008},"gwa-iec3":{"min":0.1846798211336136,"max":0.6277276873588562},"gwa-power-10":{"min":9.159366607666016,"max":707.7362670898438},"gwa-speed-10":{"min":1.7902082204818726,"max":6.88816499710083},"gwa-power-50":{"min":46.134246826171875,"max":802.5614624023438},"gwa-speed-50":{"min":3.374084711074829,"max":8.896759986877441},"gwa-power-100":{"min":105.923095703125,"max":839.5836791992188},"gwa-speed-100":{"min":4.809445381164551,"max":9.637669563293457},"gwa-power-150":{"min":148.70391845703125,"max":895.9017944335938},"gwa-speed-150":{"min":5.448928356170654,"max":9.954529762268066},"gwa-power-200":{"min":179.73023986816406,"max":927.8486328125},"gwa-speed-200":{"min":5.845005035400391,"max":10.117778778076172},"gebco":{"min":-519.0,"max":873.0},"srtm90":{"min":8.0,"max":869.0},"waterbodies":{"min":0.0,"max":1.0},"gwa-enercon-e44-50":{"min":0.02137650176882744,"max":0.41059377789497375},"gwa-enercon-e48-50":{"min":0.02814551070332527,"max":0.4750305414199829},"gwa-enercon-e53-50":{"min":0.03984792158007622,"max":0.5178707838058472},"gwa-offshore-dtu-10mw-119":{"min":0.10513386130332947,"max":0.54367995262146},"gwa-offshore-iea-15mw-150":{"min":0.17704352736473083,"max":0.6023468971252441},"gwa-offshore-leanwind-8mw-110":{"min":0.09875021129846573,"max":0.5555948615074158},"gwa-vestas-v100-mode0-100":{"min":0.14617611467838287,"max":0.6452919244766235},"gwa-vestas-v100-mode0-120":{"min":0.1877201646566391,"max":0.6514694094657898},"gwa-vestas-v100-mode0-150":{"min":0.23320695757865906,"max":0.6556406021118164},"gwa-vestas-v100-mode0-80":{"min":0.09943719208240509,"max":0.6318450570106506},"gwa-vestas-v110-mode0-100":{"min":0.1757398545742035,"max":0.6816052198410034},"gwa-vestas-v110-mode0-120":{"min":0.2236664891242981,"max":0.6879677772521973},"gwa-vestas-v110-mode0-150":{"min":0.27456000447273254,"max":0.6919211149215698},"gwa-vestas-v110-mode0-80":{"min":0.12067094445228577,"max":0.6674337387084961},"gwa-vestas-v112-mode0-100":{"min":0.10094156861305237,"max":0.5749654173851013},"gwa-vestas-v112-mode0-120":{"min":0.13114918768405914,"max":0.5797983407974243},"gwa-vestas-v112-mode0-150":{"min":0.16552525758743286,"max":0.5854402184486389},"gwa-vestas-v112-mode0-80":{"min":0.06781080365180969,"max":0.5662918090820312},"gwa-vestas-v120-mode0-100":{"min":0.18801088631153107,"max":0.6756826639175415},"gwa-vestas-v120-mode0-120":{"min":0.23882128298282623,"max":0.6825128793716431},"gwa-vestas-v120-mode0-150":{"min":0.2920609414577484,"max":0.6877686977386475},"gwa-vestas-v120-mode0-80":{"min":0.1291676014661789,"max":0.6593510508537292},"gwa-vestas-v126-mode0-100":{"min":0.12891188263893127,"max":0.6178232431411743},"gwa-vestas-v126-mode0-120":{"min":0.16584976017475128,"max":0.623601496219635},"gwa-vestas-v126-mode0-150":{"min":0.20688216388225555,"max":0.6282152533531189},"gwa-vestas-v126-mode0-80":{"min":0.08763541281223297,"max":0.6057292222976685},"gwa-vestas-v136-mode0-100":{"min":0.15072554349899292,"max":0.6506466865539551},"gwa-vestas-v136-mode0-120":{"min":0.19300459325313568,"max":0.6566226482391357},"gwa-vestas-v136-mode0-150":{"min":0.23896270990371704,"max":0.6608542203903198},"gwa-vestas-v136-mode0-80":{"min":0.10288833826780319,"max":0.6377372145652771},"air-density":{"min":1.0580480098724365,"max":1.1466398239135742},"lcoe":{"gwa-vestas-v100-mode0-120":{"lg":{"min":57.35440444946289,"max":189.16262817382812},"li":{"min":3.0735833644866943,"max":10.666650772094727},"lr":{"min":1.533564567565918,"max":11.238565444946289},"total":{"min":63.857173919677734,"max":204.8267822265625}},"gwa-vestas-v110-mode0-120":{"lg":{"min":54.52382278442383,"max":159.4044189453125},"li":{"min":2.910522222518921,"max":8.952371597290039},"lr":{"min":1.4392489194869995,"max":9.499853134155273},"total":{"min":60.68160629272461,"max":172.55113220214844}},"gwa-vestas-v112-mode0-120":{"lg":{"min":63.949737548828125,"max":269.0322265625},"li":{"min":3.4535202980041504,"max":15.267692565917969},"lr":{"min":1.7719801664352417,"max":15.921199798583984},"total":{"min":71.25634002685547,"max":291.4530944824219}},"gwa-vestas-v112-mode0-100":{"lg":{"min":64.45365142822266,"max":348.3453674316406},"li":{"min":3.4825491905212402,"max":19.836679458618164},"lr":{"min":1.818860411643982,"max":19.714216232299805},"total":{"min":71.82167053222656,"max":377.475830078125}},"gwa-offshore-dtu-10mw-119":{"lg":{"min":67.93238830566406,"max":334.61431884765625},"li":{"min":3.6829488277435303,"max":19.04567527770996},"lr":{"min":1.9124492406845093,"max":19.61739158630371},"total":{"min":75.7243881225586,"max":362.5832214355469}},"gwa-vestas-v126-mode0-150":{"lg":{"min":59.329383850097656,"max":172.01234436035156},"li":{"min":3.1873557567596436,"max":9.678675651550293},"lr":{"min":1.5910097360610962,"max":10.726031303405762},"total":{"min":66.07286071777344,"max":189.85781860351562}},"gwa-vestas-v120-mode0-80":{"lg":{"min":56.71662521362305,"max":273.09814453125},"li":{"min":3.0368428230285645,"max":15.501916885375977},"lr":{"min":1.5360329151153564,"max":14.87683391571045},"total":{"min":63.14166259765625,"max":295.86297607421875}},"gsa-pvout":{"lg":{"min":176.86410737732845,"max":221.51351954241386},"li":{"min":9.958170513181228,"max":12.530286069146216},"lr":{"min":4.137324339173321,"max":14.192726093559658},"total":{"min":195.8030827344571,"max":248.23653170511975}},"gwa-vestas-v126-mode0-80":{"lg":{"min":61.383323669433594,"max":400.629150390625},"li":{"min":3.3056771755218506,"max":22.848587036132812},"lr":{"min":1.7406675815582275,"max":21.75080680847168},"total":{"min":68.37713623046875,"max":434.1826477050781}},"gwa-offshore-leanwind-8mw-110":{"lg":{"min":66.56134796142578,"max":355.9866638183594},"li":{"min":3.6039669513702393,"max":20.276870727539062},"lr":{"min":1.8783806562423706,"max":20.431848526000977},"total":{"min":74.18624877929688,"max":385.7635803222656}},"gwa-vestas-v110-mode0-100":{"lg":{"min":54.99544143676758,"max":201.78530883789062},"li":{"min":2.9376909732818604,"max":11.393803596496582},"lr":{"min":1.4795445203781128,"max":11.515884399414062},"total":{"min":61.2107048034668,"max":218.5172882080078}},"gwa-vestas-v136-mode0-100":{"lg":{"min":57.42186737060547,"max":234.60960388183594},"li":{"min":3.07746958732605,"max":13.284710884094238},"lr":{"min":1.5635888576507568,"max":13.359825134277344},"total":{"min":63.932857513427734,"max":254.11842346191406}},"gwa-vestas-v126-mode0-100":{"lg":{"min":60.260040283203125,"max":273.6319274902344},"li":{"min":3.2409682273864746,"max":15.53266716003418},"lr":{"min":1.6615797281265259,"max":15.553877830505371},"total":{"min":67.116943359375,"max":296.44189453125}},"gwa-vestas-v126-mode0-120":{"lg":{"min":59.73873519897461,"max":213.57981872558594},"li":{"min":3.2109375,"max":12.073249816894531},"lr":{"min":1.616040825843811,"max":12.681034088134766},