{"worldpop": {"min": -3.4028234663852886e+38, "max": 1193.95458984375}, "slope": {"min": 0.0, "max": 80.52084350585938}, "land-cover": {"min": 10.0, "max": 210.0}, "airports": {"min": 0.0, "max": 500000.0}, "ports": {"min": 0.0, "max": 500000.0}, "anchorages": {"min": 0.0, "max": 499996.5}, "grid": {"min": 65535.0, "max": 65535.0}, "roads": {"min": 0.0, "max": 500000.0}, "pp-whs": {"min": 459340.03125, "max": 1413623.375}, "unep-coral": {"min": 0.0, "max": 321033.125}, "unesco": {"min": 65535.0, "max": 65535.0}, "unesco-ramsar": {"min": 65535.0, "max": 65535.0}, "wwf-glw-1": {"min": 65535.0, "max": 65535.0}, "wwf-glw-2": {"min": 0.0, "max": 500000.0}, "jrc-gsw": {"min": 0.0, "max": 255.0}, "pp-marine-protected": {"min": 0.0, "max": 1.0}, "unep-tidal": {"min": 0.0, "max": 1.0}, "wwf-glw-3": {"min": 1.0, "max": 255.0}, "gsa-pvout": {"min": 3.1367874145507812, "max": 4.419602394104004}, "gsa-ghi": {"min": 3.8332619667053223, "max": 5.419381618499756}, "gsa-gti": {"min": 3.85734486579895, "max": 5.586381435394287}, "gsa-temp": {"min": 15.812509536743164, "max": 27.992656707763672}, "gwa-iec1": {"min": 0.01727418228983879, "max": 0.5532230138778687}, "gwa-iec2": {"min": 0.022387582808732986, "max": 0.5966157913208008}, "gwa-iec3": {"min": 0.026039281859993935, "max": 0.6277276873588562}, "gwa-power-10": {"min": 2.3239424228668213, "max": 754.7003173828125}, "gwa-speed-10": {"min": 0.8537459969520569, "max": 7.733591556549072}, "gwa-power-50": {"min": 12.404194831848145, "max": 739.2205200195312}, "gwa-speed-50": {"min": 1.5451027154922485, "max": 8.726949691772461}, "gwa-power-100": {"min": 20.303796768188477, "max": 839.5836791992188}, "gwa-speed-100": {"min": 2.057603120803833, "max": 9.637669563293457}, "gwa-power-150": {"min": 30.74188232421875, "max": 895.9017944335938}, "gwa-speed-150": {"min": 2.453112840652466, "max": 9.954529762268066}, "gwa-power-200": {"min": 42.3787841796875, "max": 920.5471801757812}, "gwa-speed-200": {"min": 2.529067039489746, "max": 10.08710765838623}, "gebco": {"min": -6900.0, "max": 1782.0}, "srtm90": {"min": 0.0, "max": 1795.0}, "waterbodies": {"min": 0.0, "max": 2.0}, "gwa-enercon-e44-50": {"min": 0.006024341564625502, "max": 0.3647589087486267}, "gwa-enercon-e48-50": {"min": 0.007970769889652729, "max": 0.4262182414531708}, "gwa-enercon-e53-50": {"min": 0.011592000722885132, "max": 0.4686165153980255}, "gwa-offshore-dtu-10mw-119": {"min": 0.014170845039188862, "max": 0.5279996991157532}, "gwa-offshore-iea-15mw-150": {"min": 0.02881401777267456, "max": 0.5965518355369568}, "gwa-offshore-leanwind-8mw-110": {"min": 0.013579489663243294, "max": 0.5362593531608582}, "gwa-vestas-v100-mode0-100": {"min": 0.0234762541949749, "max": 0.6269431114196777}, "gwa-vestas-v100-mode0-120": {"min": 0.029298774898052216, "max": 0.64242023229599}, "gwa-vestas-v100-mode0-150": {"min": 0.03928946703672409, "max": 0.6539378762245178}, "gwa-vestas-v100-mode0-80": {"min": 0.018651727586984634, "max": 0.601320743560791}, "gwa-vestas-v110-mode0-100": {"min": 0.028819512575864792, "max": 0.6652052998542786}, "gwa-vestas-v110-mode0-120": {"min": 0.035918984562158585, "max": 0.680361270904541}, "gwa-vestas-v110-mode0-150": {"min": 0.04785951226949692, "max": 0.6914474368095398}, "gwa-vestas-v110-mode0-80": {"min": 0.022822778671979904, "max": 0.6397837400436401}, "gwa-vestas-v112-mode0-100": {"min": 0.015747271478176117, "max": 0.549569308757782}, "gwa-vestas-v112-mode0-120": {"min": 0.019681669771671295, "max": 0.5656877756118774}, "gwa-vestas-v112-mode0-150": {"min": 0.026638800278306007, "max": 0.5793120265007019}, "gwa-vestas-v112-mode0-80": {"min": 0.012583976611495018, "max": 0.5245763063430786}, "gwa-vestas-v120-mode0-100": {"min": 0.030762070789933205, "max": 0.6648147106170654}, "gwa-vestas-v120-mode0-120": {"min": 0.03835069388151169, "max": 0.6787545084953308}, "gwa-vestas-v120-mode0-150": {"min": 0.05106975510716438, "max": 0.6877686977386475}, "gwa-vestas-v120-mode0-80": {"min": 0.02433820255100727, "max": 0.6403215527534485}, "gwa-vestas-v126-mode0-100": {"min": 0.02073085308074951, "max": 0.5970326066017151}, "gwa-vestas-v126-mode0-120": {"min": 0.025849435478448868, "max": 0.6127469539642334}, "gwa-vestas-v126-mode0-150": {"min": 0.03469870984554291, "max": 0.6249586939811707}, "gwa-vestas-v126-mode0-80": {"min": 0.01648886688053608, "max": 0.5715341567993164}, "gwa-vestas-v136-mode0-100": {"min": 0.024430319666862488, "max": 0.6314677000045776}, "gwa-vestas-v136-mode0-120": {"min": 0.03046433813869953, "max": 0.6469228267669678}, "gwa-vestas-v136-mode0-150": {"min": 0.04074641689658165, "max": 0.6585516929626465}, "gwa-vestas-v136-mode0-80": {"min": 0.01939665898680687, "max": 0.6059783101081848}, "air-density": {"min": 0.9733378887176514, "max": 1.1501028537750244}}