{"worldpop": {"min": -3.4028234663852886e+38, "max": 0.0}, "slope": {"min": 0.1490088701248169, "max": 42.83218002319336}, "land-cover": {"min": 10.0, "max": 220.0}, "airports": {"min": 65535.0, "max": 350422.96875}, "ports": {"min": 65535.0, "max": 303412.65625}, "anchorages": {"min": 65535.0, "max": 344276.75}, "grid": {"min": 65535.0, "max": 486553.4375}, "roads": {"min": 500.0, "max": 282028.375}, "pp-whs": {"min": 0.0, "max": 578169.5625}, "unep-coral": {"min": 1000.0, "max": 65535.0}, "unesco": {"min": 1802.775634765625, "max": 112371.0390625}, "unesco-ramsar": {"min": 65535.0, "max": 377314.5}, "wwf-glw-1": {"min": 65535.0, "max": 320582.6875}, "wwf-glw-2": {"min": 0.0, "max": 289610.5}, "jrc-gsw": {"min": 0.0, "max": 1.0}, "pp-marine-protected": {"min": 1.0, "max": 1.0}, "unep-tidal": {"min": 0.0, "max": 0.0}, "wwf-glw-3": {"min": 1.0, "max": 255.0}, "gsa-pvout": {"min": 0.0, "max": 4.913993835449219}, "gsa-ghi": {"min": 0.0, "max": 5.768992900848389}, "gsa-gti": {"min": 0.0, "max": 6.168896675109863}, "gsa-temp": {"min": -1.6054800748825073, "max": 24.899999618530273}, "gwa-iec1": {"min": 0.0, "max": 0.30041247606277466}, "gwa-iec2": {"min": 0.0, "max": 0.3445472717285156}, "gwa-iec3": {"min": 0.0, "max": 0.3754982352256775}, "gwa-power-10": {"min": 0.0, "max": 171.3103485107422}, "gwa-speed-10": {"min": 0.11994098126888, "max": 4.754248142242432}, "gwa-power-50": {"min": 0.0, "max": 247.5408477783203}, "gwa-speed-50": {"min": 0.18117314577103, "max": 5.594844341278076}, "gwa-power-100": {"min": 0.0, "max": 320.3168029785156}, "gwa-speed-100": {"min": 0.26562494039536, "max": 6.352914333343506}, "gwa-power-150": {"min": 0.0, "max": 358.7672424316406}, "gwa-speed-150": {"min": 0.28240531682968, "max": 6.636030673980713}, "gwa-power-200": {"min": 0.0, "max": 386.434326171875}, "gwa-speed-200": {"min": 0.29232773184776, "max": 6.886314392089844}, "gebco": {"min": -695.0, "max": 1078.0}, "srtm90": {"min": -1.0, "max": 1133.0}, "waterbodies": {"min": 0.0, "max": 2.0}, "gwa-enercon-e44-50": {"min": 0.13544286787509918, "max": 0.16645117104053497}, "gwa-enercon-e48-50": {"min": 0.16979797184467316, "max": 0.20579661428928375}, "gwa-enercon-e53-50": {"min": 0.20117181539535522, "max": 0.2395690679550171}, "gwa-offshore-dtu-10mw-119": {"min": 0.2576206624507904, "max": 0.2707352042198181}, "gwa-offshore-iea-15mw-150": {"min": 0.32702726125717163, "max": 0.32747727632522583}, "gwa-offshore-leanwind-8mw-110": {"min": 0.25910547375679016, "max": 0.2748222351074219}, "gwa-vestas-v100-mode0-100": {"min": 0.34508514404296875, "max": 0.36098238825798035}, "gwa-vestas-v100-mode0-120": {"min": 0.3632364869117737, "max": 0.37332072854042053}, "gwa-vestas-v100-mode0-150": {"min": 0.38351115584373474, "max": 0.3854861557483673}, "gwa-vestas-v100-mode0-80": {"min": 0.3232578635215759, "max": 0.3392292857170105}, "gwa-vestas-v110-mode0-100": {"min": 0.38303935527801514, "max": 0.3980354368686676}, "gwa-vestas-v110-mode0-120": {"min": 0.40183234214782715, "max": 0.41064727306365967}, "gwa-vestas-v110-mode0-150": {"min": 0.42076003551483154, "max": 0.4241221249103546}, "gwa-vestas-v110-mode0-80": {"min": 0.3596821129322052, "max": 0.3751760721206665}, "gwa-vestas-v112-mode0-100": {"min": 0.274152547121048, "max": 0.29114922881126404}, "gwa-vestas-v112-mode0-120": {"min": 0.29041263461112976, "max": 0.302577942609787}, "gwa-vestas-v112-mode0-150": {"min": 0.3117629289627075, "max": 0.3126421272754669}, "gwa-vestas-v112-mode0-80": {"min": 0.25590068101882935, "max": 0.27216556668281555}, "gwa-vestas-v120-mode0-100": {"min": 0.39759892225265503, "max": 0.41139647364616394}, "gwa-vestas-v120-mode0-120": {"min": 0.41643333435058594, "max": 0.42383164167404175}, "gwa-vestas-v120-mode0-150": {"min": 0.43347087502479553, "max": 0.4381203055381775}, "gwa-vestas-v120-mode0-80": {"min": 0.3736423850059509, "max": 0.38828566670417786}, "gwa-vestas-v126-mode0-100": {"min": 0.31847548484802246, "max": 0.3348691463470459}, "gwa-vestas-v126-mode0-120": {"min": 0.33593419194221497, "max": 0.3468666970729828}, "gwa-vestas-v126-mode0-150": {"min": 0.3570166230201721, "max": 0.35789790749549866}, "gwa-vestas-v126-mode0-80": {"min": 0.2979809641838074, "max": 0.3141314685344696}, "gwa-vestas-v136-mode0-100": {"min": 0.35007786750793457, "max": 0.36592036485671997}, "gwa-vestas-v136-mode0-120": {"min": 0.3682635426521301, "max": 0.3782746195793152}, "gwa-vestas-v136-mode0-150": {"min": 0.38845130801200867, "max": 0.3904922604560852}, "gwa-vestas-v136-mode0-80": {"min": 0.3281257450580597, "max": 0.34407708048820496}, "air-density": {"min": 1.1615872383117676, "max": 1.1625449657440186}, "lcoe": {"gwa-vestas-v100-mode0-120": {"lg": {"min": 97.10697174072266, "max": 99.69182586669922}, "li": {"min": 21.943897247314453, "max": 22.71619987487793}, "lr": {"min": 8.89169979095459, "max": 9.008954048156738}, "total": {"min": 127.94257354736328, "max": 131.41697692871094}}, "gwa-vestas-v110-mode0-120": {"lg": {"min": 88.64383697509766, "max": 90.50065612792969}, "li": {"min": 19.94926643371582, "max": 20.534317016601562}, "lr": {"min": 8.083471298217773, "max": 8.143646240234375}, "total": {"min": 116.67657470703125, "max": 119.17861938476562}}, "gwa-vestas-v112-mode0-120": {"lg": {"min": 118.87539672851562, "max": 123.68749237060547}, "li": {"min": 27.074384689331055, "max": 28.41250991821289}, "lr": {"min": 10.970580101013184, "max": 11.268037796020508}, "total": {"min": 156.9203643798828, "max": 163.3680419921875}}, "gwa-vestas-v112-mode0-100": {"lg": {"min": 123.38468933105469, "max": 130.78619384765625}, "li": {"min": 28.137155532836914, "max": 30.097667694091797}, "lr": {"min": 11.401216506958008, "max": 11.936348915100098}, "total": {"min": 162.92306518554688, "max": 172.82022094726562}}, "gwa-offshore-dtu-10mw-119": {"lg": {"min": 132.3865509033203, "max": 138.92225646972656}, "li": {"min": 30.258758544921875, "max": 32.02907943725586}, "lr": {"min": 12.260893821716309, "max": 12.702322006225586}, "total": {"min": 174.9062042236328, "max": 183.65365600585938}}, "gwa-vestas-v126-mode0-150": {"lg": {"min": 101.11920166015625, "max": 101.35893249511719}, "li": {"min": 22.946020126342773, "max": 23.055044174194336}, "lr": {"min": 9.143335342407227, "max": 9.297761917114258}, "total": {"min": 133.3175811767578, "max": 133.60272216796875}}, "gwa-vestas-v120-mode0-80": {"lg": {"min": 93.51852416992188, "max": 97.02681732177734}, "li": {"min": 21.098155975341797, "max": 22.083555221557617}, "lr": {"min": 8.549003601074219, "max": 8.75805377960205}, "total": {"min": 123.16568756103516, "max": 127.8684310913086}}, "gsa-pvout": {"lg": {"min": 157.63475114225847, "max": 10000.0}, "li": {"min": 36.20937637294324, "max": 10000.0}, "lr": {"min": 14.490265587790011, "max": 10000.0}, "total": {"min": 208.51622011299716, "max": 10000.0}}, "gwa-vestas-v126-mode0-80": {"lg": {"min": 114.65037536621094, "max": 120.64757537841797}, "li": {"min": 26.078611373901367, "max": 27.690868377685547}, "lr": {"min": 10.56709098815918, "max": 10.981843948364258}, "total": {"min": 151.29608154296875, "max": 159.32028198242188}}, "gwa-offshore-leanwind-8mw-110": {"lg": {"min": 130.47723388671875, "max": 138.14907836914062}, "li": {"min": 29.80876350402832, "max": 31.84553337097168}, "lr": {"min": 12.078556060791016, "max": 12.629530906677246}, "total": {"min": 172.3645477294922, "max": 182.6241455078125}}, "gwa-vestas-v110-mode0-100": {"lg": {"min": 91.32579040527344, "max": 94.74461364746094}, "li": {"min": 20.581361770629883, "max": 21.541786193847656}, "lr": {"min": 8.339598655700684, "max": 8.543196678161621}, "total": {"min": 120.24674987792969, "max": 124.82959747314453}}, "gwa-vestas-v136-mode0-100": {"lg": {"min": 98.98995208740234, "max": 103.28865814208984}, "li": {"min": 22.38768768310547, "max": 23.570049285888672}, "lr": {"min": 9.071524620056152, "max": 9.347579002380371}, "total": {"min": 130.44915771484375, "max": 136.20628356933594}}, "gwa-vestas-v126-mode0-100": {"lg": {"min": 107.79804992675781,