{"worldpop":{"min":-3.4028234663852886e+38,"max":18516.6796875},"slope":{"min":0.0,"max":71.92152404785156},"land-cover":{"min":10.0,"max":220.0},"airports":{"min":1581.1387939453125,"max":499993.25},"ports":{"min":500.0,"max":499993.25},"anchorages":{"min":1802.775634765625,"max":499995.25},"grid":{"min":0.0,"max":499987.25},"roads":{"min":0.0,"max":499992.0},"pp-whs":{"min":0.0,"max":1421818.625},"unep-coral":{"min":0.0,"max":499999.25},"unesco":{"min":1118.0340576171875,"max":499999.25},"unesco-ramsar":{"min":0.0,"max":500000.0},"wwf-glw-1":{"min":0.0,"max":499988.5},"wwf-glw-2":{"min":0.0,"max":500000.0},"jrc-gsw":{"min":0.0,"max":255.0},"pp-marine-protected":{"min":0.0,"max":1.0},"unep-tidal":{"min":0.0,"max":1.0},"wwf-glw-3":{"min":1.0,"max":255.0},"gsa-pvout":{"min":0.0,"max":5.324988842010498},"gsa-ghi":{"min":0.0,"max":6.241000175476074},"gsa-gti":{"min":0.0,"max":6.724669456481934},"gsa-temp":{"min":-1.6054800748825073,"max":27.097137451171875},"gwa-iec1":{"min":0.0,"max":0.6722764372825623},"gwa-iec2":{"min":0.0,"max":0.7163826823234558},"gwa-iec3":{"min":0.0,"max":0.7432142496109009},"gwa-power-10":{"min":0.0,"max":2008.8001708984375},"gwa-speed-10":{"min":0.11994098126888,"max":11.18347454071045},"gwa-power-50":{"min":0.0,"max":2251.433837890625},"gwa-speed-50":{"min":0.18117314577103,"max":12.1491060256958},"gwa-power-100":{"min":0.0,"max":2126.155029296875},"gwa-speed-100":{"min":4.9255828857421875,"max":7.3632402420043945},"gwa-power-150":{"min":0.0,"max":2279.297119140625},"gwa-speed-150":{"min":0.28240531682968,"max":12.218938827514648},"gwa-power-200":{"min":0.0,"max":2258.84912109375},"gwa-speed-200":{"min":0.29232773184776,"max":11.97486686706543},"gebco":{"min":-6824.0,"max":2435.0},"srtm90":{"min":-2.0,"max":2488.0},"waterbodies":{"min":0.0,"max":2.0},"gwa-enercon-e44-50":{"min":0.0004291161603759974,"max":0.4702543020248413},"gwa-enercon-e48-50":{"min":0.000586366222705692,"max":0.5476476550102234},"gwa-enercon-e53-50":{"min":0.0014952991623431444,"max":0.5957573056221008},"gwa-offshore-dtu-10mw-119":{"min":0.002804724732413888,"max":0.6478990316390991},"gwa-offshore-iea-15mw-150":{"min":0.008603383786976337,"max":0.7282854914665222},"gwa-offshore-leanwind-8mw-110":{"min":0.0025519265327602625,"max":0.6506931781768799},"gwa-vestas-v100-mode0-100":{"min":0.0052465153858065605,"max":0.7370982766151428},"gwa-vestas-v100-mode0-120":{"min":0.007325666956603527,"max":0.7458552122116089},"gwa-vestas-v100-mode0-150":{"min":0.012073506601154804,"max":0.7651827335357666},"gwa-vestas-v100-mode0-80":{"min":0.0036229980178177357,"max":0.7213669419288635},"gwa-vestas-v110-mode0-100":{"min":0.00669524259865284,"max":0.7720918655395508},"gwa-vestas-v110-mode0-120":{"min":0.009318024851381779,"max":0.7790537476539612},"gwa-vestas-v110-mode0-150":{"min":0.015137125737965107,"max":0.7949382662773132},"gwa-vestas-v110-mode0-80":{"min":0.004771002102643251,"max":0.7576862573623657},"gwa-vestas-v112-mode0-100":{"min":0.003320187795907259,"max":0.6609492301940918},"gwa-vestas-v112-mode0-120":{"min":0.004661880899220705,"max":0.6833983063697815},"gwa-vestas-v112-mode0-150":{"min":0.00785103440284729,"max":0.712099552154541},"gwa-vestas-v112-mode0-80":{"min":0.002188465092331171,"max":0.6390889883041382},"gwa-vestas-v120-mode0-100":{"min":0.007148597855120897,"max":0.7748560309410095},"gwa-vestas-v120-mode0-120":{"min":0.00994620006531477,"max":0.7786811590194702},"gwa-vestas-v120-mode0-150":{"min":0.01616719178855419,"max":0.7786715626716614},"gwa-vestas-v120-mode0-80":{"min":0.00507046515122056,"max":0.7626150250434875},"gwa-vestas-v126-mode0-100":{"min":0.004632633179426193,"max":0.7087518572807312},"gwa-vestas-v126-mode0-120":{"min":0.006454505492001772,"max":0.7219997644424438},"gwa-vestas-v126-mode0-150":{"min":0.010645200498402119,"max":0.7442398071289062},"gwa-vestas-v126-mode0-80":{"min":0.0032088537700474262,"max":0.692051112651825},"gwa-vestas-v136-mode0-100":{"min":0.0055581857450306416,"max":0.7418000102043152},"gwa-vestas-v136-mode0-120":{"min":0.0077438680455088615,"max":0.7517089247703552},"gwa-vestas-v136-mode0-150":{"min":0.012674073688685894,"max":0.7719147801399231},"gwa-vestas-v136-mode0-80":{"min":0.00390437850728631,"max":0.7261154651641846},"air-density":{"min":0.921873152256012,"max":1.1759700775146484}}