{"worldpop": {"min": -3.4028234663852886e+38, "max": 7806.0546875}, "slope": {"min": 0.0, "max": 52.971038818359375}, "land-cover": {"min": 10.0, "max": 210.0}, "airports": {"min": 500.0, "max": 499999.25}, "ports": {"min": 500.0, "max": 499993.25}, "anchorages": {"min": 0.0, "max": 500000.0}, "grid": {"min": 0.0, "max": 499990.25}, "roads": {"min": 0.0, "max": 305100.8125}, "pp-whs": {"min": 0.0, "max": 1159029.125}, "unep-coral": {"min": 0.0, "max": 500000.0}, "unesco": {"min": 500.0, "max": 499999.25}, "unesco-ramsar": {"min": 500.0, "max": 499984.25}, "wwf-glw-1": {"min": 0.0, "max": 499992.0}, "wwf-glw-2": {"min": 0.0, "max": 500000.0}, "jrc-gsw": {"min": 0.0, "max": 1.0}, "pp-marine-protected": {"min": 0.0, "max": 1.0}, "unep-tidal": {"min": 0.0, "max": 1.0}, "wwf-glw-3": {"min": 1.0, "max": 255.0}, "gsa-pvout": {"min": 0.0, "max": 5.45572566986084}, "gsa-ghi": {"min": 1.2579990625381, "max": 6.489079475402832}, "gsa-gti": {"min": 0.0, "max": 6.955677032470703}, "gsa-temp": {"min": 3.5996222496032715, "max": 28.899999618530273}, "gwa-iec1": {"min": 0.0048178210854530334, "max": 0.827966034412384}, "gwa-iec2": {"min": 0.00714850565418601, "max": 0.8259410858154297}, "gwa-iec3": {"min": 0.008680246770381927, "max": 0.8446786999702454}, "gwa-power-10": {"min": 0.5472038984298706, "max": 1777.0089111328125}, "gwa-speed-10": {"min": 0.5307784080505371, "max": 10.660569190979004}, "gwa-power-50": {"min": 2.5028433799743652, "max": 2907.87548828125}, "gwa-speed-50": {"min": 0.9840751886367798, "max": 13.144232749938965}, "gwa-power-100": {"min": 8.164990425109863, "max": 2677.73876953125}, "gwa-speed-100": {"min": 1.6068122386932373, "max": 14.196859359741211}, "gwa-power-150": {"min": 14.567856788635254, "max": 2880.662353515625}, "gwa-speed-150": {"min": 1.870977759361267, "max": 15.020966529846191}, "gwa-power-200": {"min": 18.832857131958008, "max": 3258.168212890625}, "gwa-speed-200": {"min": 2.01804256439209, "max": 15.683119773864746}, "gebco": {"min": -615.0, "max": 2092.0}, "srtm90": {"min": -42.0, "max": 2111.0}, "waterbodies": {"min": 0.0, "max": 2.0}, "gwa-enercon-e44-50": {"min": 0.0014804613310843706, "max": 0.6904840469360352}, "gwa-enercon-e48-50": {"min": 0.002001156099140644, "max": 0.7492571473121643}, "gwa-enercon-e53-50": {"min": 0.004006839822977781, "max": 0.7793874144554138}, "gwa-offshore-dtu-10mw-119": {"min": 0.005135168321430683, "max": 0.807102620601654}, "gwa-offshore-iea-15mw-150": {"min": 0.0128660062327981, "max": 0.849830687046051}, "gwa-offshore-leanwind-8mw-110": {"min": 0.004958888981491327, "max": 0.8078563213348389}, "gwa-vestas-v100-mode0-100": {"min": 0.010607988573610783, "max": 0.8336268663406372}, "gwa-vestas-v100-mode0-120": {"min": 0.013429715298116207, "max": 0.8402785062789917}, "gwa-vestas-v100-mode0-150": {"min": 0.01805703155696392, "max": 0.8491407036781311}, "gwa-vestas-v100-mode0-80": {"min": 0.008074983023107052, "max": 0.8275319933891296}, "gwa-vestas-v110-mode0-100": {"min": 0.013512903824448586, "max": 0.8476118445396423}, "gwa-vestas-v110-mode0-120": {"min": 0.016999218612909317, "max": 0.8556341528892517}, "gwa-vestas-v110-mode0-150": {"min": 0.022608522325754166, "max": 0.8594703078269958}, "gwa-vestas-v110-mode0-80": {"min": 0.010333392769098282, "max": 0.8409489393234253}, "gwa-vestas-v112-mode0-100": {"min": 0.006721039302647114, "max": 0.8193461298942566}, "gwa-vestas-v112-mode0-120": {"min": 0.008592212572693825, "max": 0.8253555297851562}, "gwa-vestas-v112-mode0-150": {"min": 0.011748213320970535, "max": 0.837094247341156}, "gwa-vestas-v112-mode0-80": {"min": 0.005077743902802467, "max": 0.8088353276252747}, "gwa-vestas-v120-mode0-100": {"min": 0.014453363604843616, "max": 0.8185892105102539}, "gwa-vestas-v120-mode0-120": {"min": 0.018195325508713722, "max": 0.8203852772712708}, "gwa-vestas-v120-mode0-150": {"min": 0.024206092581152916, "max": 0.8117574453353882}, "gwa-vestas-v120-mode0-80": {"min": 0.011049955151975155, "max": 0.8128445744514465}, "gwa-vestas-v126-mode0-100": {"min": 0.009342792443931103, "max": 0.824375331401825}, "gwa-vestas-v126-mode0-120": {"min": 0.011815246194601059, "max": 0.8284661173820496}, "gwa-vestas-v126-mode0-150": {"min": 0.015893708914518356, "max": 0.8403770923614502}, "gwa-vestas-v126-mode0-80": {"min": 0.007113538682460785, "max": 0.8173297047615051}, "gwa-vestas-v136-mode0-100": {"min": 0.01120849885046482, "max": 0.8439350724220276}, "gwa-vestas-v136-mode0-120": {"min": 0.014146141707897186, "max": 0.8485092520713806}, "gwa-vestas-v136-mode0-150": {"min": 0.018929732963442802, "max": 0.8590635061264038}, "gwa-vestas-v136-mode0-80": {"min": 0.008554741740226746, "max": 0.8373070955276489}, "air-density": {"min": 0.9866420030593872, "max": 1.2348681688308716}, "lcoe": {"gwa-vestas-v100-mode0-120": {"lg": {"min": 45.365760803222656, "max": 2592.197998046875}, "li": {"min": 1.443299651145935, "max": 94.22864532470703}, "lr": {"min": 0.0, "max": 15.556903839111328}, "total": {"min": 47.764373779296875, "max": 2675.50341796875}}, "gwa-vestas-v110-mode0-120": {"lg": {"min": 44.623390197753906, "max": 2048.72705078125}, "li": {"min": 1.3875066041946411, "max": 79.35151672363281}, "lr": {"min": 0.0, "max": 13.6060209274292}, "total": {"min": 46.97895812988281, "max": 2114.5400390625}}, "gwa-vestas-v112-mode0-120": {"lg": {"min": 46.11368179321289, "max": 4049.379638671875}, "li": {"min": 1.528150200843811, "max": 133.52792358398438}, "lr": {"min": 0.0, "max": 20.74140739440918}, "total": {"min": 48.62287521362305, "max": 4179.5869140625}}, "gwa-vestas-v112-mode0-100": {"lg": {"min": 46.42255783081055, "max": 5175.63525390625}, "li": {"min": 1.5571693181991577, "max": 165.13607788085938}, "lr": {"min": 0.0, "max": 21.347972869873047}, "total": {"min": 48.907020568847656, "max": 5342.0927734375}}, "gwa-offshore-dtu-10mw-119": {"lg": {"min": 47.066097259521484, "max": 6772.767578125}, "li": {"min": 1.6001743078231812, "max": 209.76043701171875}, "lr": {"min": 0.0, "max": 24.35499382019043}, "total": {"min": 49.588253021240234, "max": 6990.63134765625}}, "gwa-vestas-v126-mode0-150": {"lg": {"min": 45.36091232299805, "max": 2190.95068359375}, "li": {"min": 1.4518749713897705, "max": 82.91412353515625}, "lr": {"min": 0.0, "max": 16.795927047729492}, "total": {"min": 47.759246826171875, "max": 2261.34130859375}}, "gwa-vestas-v120-mode0-80": {"lg": {"min": 46.76187515258789, "max": 3149.601806640625}, "li": {"min": 1.451241135597229, "max": 99.90800476074219}, "lr": {"min": 0.0, "max": 13.884353637695312}, "total": {"min": 49.2414436340332, "max": 3250.84814453125}}, "gsa-pvout": {"lg": {"min": 142.3794321247626, "max": 10000.0}, "li": {"min": 4.149958068209872, "max": 10000.0}, "lr": {"min": 0.0, "max": 10000.0}, "total": {"min": 147.6714205795437, "max": 10000.0}}, "gwa-vestas-v126-mode0-80": {"lg": {"min": 46.527217864990234, "max": 4890.2822265625}, "li": {"min": 1.525434970855713, "max": 153.306884765625}, "lr": {"min": 0.0, "max": 18.418624877929688}, "total": {"min": 49.06105041503906, "max": 5047.55517578125}}, "gwa-offshore-leanwind-8mw-110": {"lg": {"min": 47.025917053222656, "max": 7013.38525390625}, "li": {"min": 1.5832206010818481, "max": 217.21705627441406}, "lr": {"min": 0.0, "max": 23.61785316467285}, "total": {"min": 49.545719146728516, "max": 7238.994140625}}, "gwa-vestas-v110-mode0-100": {"lg": {"min": 45.007877349853516, "max": 2576.26416015625}, "li": {"min": 1.3995970487594604, "max": 91.15876007080078}, "lr": {"min": 0.0, "max": 14.014610290527344}, "total": {"min": 47.3857421875, "max": 2659.056884765625}}, "gwa-vestas-v136-mode0-100": {"lg": {"min": 45.1865348815918, "max": 3105.107666015625}, "li": {"min": 1.4451799392700195, "max": 105.34306335449219}, "lr": {"min": 0.0, "max": 15.7163724899292}, "total": {"min": 47.64737319946289, "max": 3204.921875}}, "gwa-vestas-v126-mode0-100": {"lg": {"min": 46.163761138916016, "max": 3724.3828125}, "li": {"min": 1.5016300678253174, "max": 121.9620590209961}, "lr": {"min": 0.0,