{"worldpop": {"min": -3.4028234663852886e+38, "max": 7806.0546875}, "slope": {"min": 0.0, "max": 58.32806396484375}, "land-cover": {"min": 10.0, "max": 210.0}, "airports": {"min": 500.0, "max": 499999.25}, "ports": {"min": 500.0, "max": 500000.0}, "anchorages": {"min": 0.0, "max": 500000.0}, "grid": {"min": 0.0, "max": 500000.0}, "roads": {"min": 0.0, "max": 499999.25}, "pp-whs": {"min": 0.0, "max": 1686328.875}, "unep-coral": {"min": 0.0, "max": 500000.0}, "unesco": {"min": 1500.0, "max": 499999.25}, "unesco-ramsar": {"min": 500.0, "max": 499990.5}, "wwf-glw-1": {"min": 0.0, "max": 499999.25}, "wwf-glw-2": {"min": 0.0, "max": 500000.0}, "jrc-gsw": {"min": 0.0, "max": 255.0}, "pp-marine-protected": {"min": 0.0, "max": 1.0}, "unep-tidal": {"min": 0.0, "max": 1.0}, "wwf-glw-3": {"min": 1.0, "max": 255.0}, "gsa-pvout": {"min": 0.0, "max": 5.45572566986084}, "gsa-ghi": {"min": 0.0, "max": 6.489079475402832}, "gsa-gti": {"min": 0.0, "max": 6.929953575134277}, "gsa-temp": {"min": 4.243308067321777, "max": 28.899999618530273}, "gwa-iec1": {"min": 0.0, "max": 0.7096730470657349}, "gwa-iec2": {"min": 0.0, "max": 0.7394793033599854}, "gwa-iec3": {"min": 0.0, "max": 0.7638415098190308}, "gwa-power-10": {"min": 0.0, "max": 1777.0089111328125}, "gwa-speed-10": {"min": 0.11994098126888, "max": 9.16970443725586}, "gwa-power-50": {"min": 0.0, "max": 2907.87548828125}, "gwa-speed-50": {"min": 0.18117314577103, "max": 12.7892484664917}, "gwa-power-100": {"min": 0.0, "max": 2677.73876953125}, "gwa-speed-100": {"min": 0.26562494039536, "max": 13.614919662475586}, "gwa-power-150": {"min": 0.0, "max": 2743.146728515625}, "gwa-speed-150": {"min": 0.28240531682968, "max": 13.99240493774414}, "gwa-power-200": {"min": 0.0, "max": 2983.366455078125}, "gwa-speed-200": {"min": 0.29232773184776, "max": 14.445618629455566}, "gebco": {"min": -6418.0, "max": 1965.0}, "srtm90": {"min": -16.0, "max": 1961.0}, "waterbodies": {"min": 0.0, "max": 2.0}, "gwa-enercon-e44-50": {"min": 0.0016129062278196216, "max": 0.5425118207931519}, "gwa-enercon-e48-50": {"min": 0.0021705739200115204, "max": 0.6154649257659912}, "gwa-enercon-e53-50": {"min": 0.00411656079813838, "max": 0.6579891443252563}, "gwa-offshore-dtu-10mw-119": {"min": 0.005841381847858429, "max": 0.7133427858352661}, "gwa-offshore-iea-15mw-150": {"min": 0.014436963014304638, "max": 0.778092622756958}, "gwa-offshore-leanwind-8mw-110": {"min": 0.005573337897658348, "max": 0.7195041179656982}, "gwa-vestas-v100-mode0-100": {"min": 0.011069850996136665, "max": 0.75807785987854}, "gwa-vestas-v100-mode0-120": {"min": 0.014091365039348602, "max": 0.7726054191589355}, "gwa-vestas-v100-mode0-150": {"min": 0.019996287301182747, "max": 0.7858880162239075}, "gwa-vestas-v100-mode0-80": {"min": 0.008509174920618534, "max": 0.743981659412384}, "gwa-vestas-v110-mode0-100": {"min": 0.013939086347818375, "max": 0.7879475951194763}, "gwa-vestas-v110-mode0-120": {"min": 0.017641501501202583, "max": 0.7991126179695129}, "gwa-vestas-v110-mode0-150": {"min": 0.024752940982580185, "max": 0.8144096732139587}, "gwa-vestas-v110-mode0-80": {"min": 0.010895270854234695, "max": 0.7727831602096558}, "gwa-vestas-v112-mode0-100": {"min": 0.0071394843980669975, "max": 0.7274709343910217}, "gwa-vestas-v112-mode0-120": {"min": 0.009171605110168457, "max": 0.7439397573471069}, "gwa-vestas-v112-mode0-150": {"min": 0.013244685716927052, "max": 0.7644693851470947}, "gwa-vestas-v112-mode0-80": {"min": 0.005351325962692499, "max": 0.7096160054206848}, "gwa-vestas-v120-mode0-100": {"min": 0.014918063767254353, "max": 0.7871121764183044}, "gwa-vestas-v120-mode0-120": {"min": 0.01887831650674343, "max": 0.7951712012290955}, "gwa-vestas-v120-mode0-150": {"min": 0.026472095400094986, "max": 0.8208386301994324}, "gwa-vestas-v120-mode0-80": {"min": 0.011638405732810497, "max": 0.7737203240394592}, "gwa-vestas-v126-mode0-100": {"min": 0.009751209057867527, "max": 0.7422054409980774}, "gwa-vestas-v126-mode0-120": {"min": 0.012404666282236576, "max": 0.7575292587280273}, "gwa-vestas-v126-mode0-150": {"min": 0.01763235032558441, "max": 0.7730265855789185}, "gwa-vestas-v126-mode0-80": {"min": 0.007493463810533285, "max": 0.725805401802063}, "gwa-vestas-v136-mode0-100": {"min": 0.011639758944511414, "max": 0.7673531174659729}, "gwa-vestas-v136-mode0-120": {"min": 0.014777688309550285, "max": 0.7820143699645996}, "gwa-vestas-v136-mode0-150": {"min": 0.02087526209652424, "max": 0.7961028814315796}, "gwa-vestas-v136-mode0-80": {"min": 0.009019151329994202, "max": 0.7522137761116028}, "air-density": {"min": 0.9975016117095947, "max": 1.2212227582931519}}