{"worldpop": {"min": -3.4028234663852886e+38, "max": 4758.69287109375}, "slope": {"min": 0.0, "max": 47.99015426635742}, "land-cover": {"min": 10.0, "max": 220.0}, "airports": {"min": 0.0, "max": 120740.421875}, "ports": {"min": 67742.15625, "max": 375338.84375}, "anchorages": {"min": 66753.28125, "max": 374913.65625}, "grid": {"min": 0.0, "max": 12369.3173828125}, "roads": {"min": 0.0, "max": 19455.076171875}, "pp-whs": {"min": 0.0, "max": 198460.328125}, "unep-coral": {"min": 65535.0, "max": 65535.0}, "unesco": {"min": 500.0, "max": 101475.3671875}, "unesco-ramsar": {"min": 0.0, "max": 201883.640625}, "wwf-glw-1": {"min": 0.0, "max": 236027.546875}, "wwf-glw-2": {"min": 0.0, "max": 103174.609375}, "jrc-gsw": {"min": 0.0, "max": 1.0}, "pp-marine-protected": {"min": 0.0, "max": 0.0}, "unep-tidal": {"min": 0.0, "max": 0.0}, "wwf-glw-3": {"min": 1.0, "max": 255.0}, "gsa-pvout": {"min": 1.5053629875183105, "max": 4.10344934463501}, "gsa-ghi": {"min": 1.9232078790664673, "max": 3.6931331157684326}, "gsa-gti": {"min": 1.831201434135437, "max": 4.6256794929504395}, "gsa-temp": {"min": -8.274259567260742, "max": 11.5}, "gwa-iec1": {"min": 0.009429466910660267, "max": 0.603931188583374}, "gwa-iec2": {"min": 0.012123960070312023, "max": 0.5987688899040222}, "gwa-iec3": {"min": 0.014053868129849434, "max": 0.6213533878326416}, "gwa-power-10": {"min": 2.5196635723114014, "max": 20886.33203125}, "gwa-speed-10": {"min": 0.5365473628044128, "max": 17.56899642944336}, "gwa-power-50": {"min": 6.432306289672852, "max": 10313.7978515625}, "gwa-speed-50": {"min": 0.8080266118049622, "max": 16.231258392333984}, "gwa-power-100": {"min": 12.466437339782715, "max": 8827.2744140625}, "gwa-speed-100": {"min": 1.0900675058364868, "max": 16.058902740478516}, "gwa-power-150": {"min": 17.592140197753906, "max": 8204.0068359375}, "gwa-speed-150": {"min": 1.3495323657989502, "max": 16.05862045288086}, "gwa-power-200": {"min": 23.978307723999023, "max": 6697.74755859375}, "gwa-speed-200": {"min": 1.5910462141036987, "max": 16.072765350341797}, "gebco": {"min": 111.0, "max": 3448.0}, "srtm90": {"min": 110.0, "max": 3463.0}, "waterbodies": {"min": 1.0, "max": 2.0}, "gwa-enercon-e44-50": {"min": 0.002870609750971198, "max": 0.4857899844646454}, "gwa-enercon-e48-50": {"min": 0.003730558091774583, "max": 0.5399543642997742}, "gwa-enercon-e53-50": {"min": 0.0054669007658958435, "max": 0.5733906626701355}, "gwa-offshore-dtu-10mw-119": {"min": 0.009467251598834991, "max": 0.5800073146820068}, "gwa-offshore-iea-15mw-150": {"min": 0.016142571344971657, "max": 0.6275055408477783}, "gwa-offshore-leanwind-8mw-110": {"min": 0.009138070978224277, "max": 0.5910109281539917}, "gwa-vestas-v100-mode0-100": {"min": 0.014127548784017563, "max": 0.614220142364502}, "gwa-vestas-v100-mode0-120": {"min": 0.017144236713647842, "max": 0.6210132837295532}, "gwa-vestas-v100-mode0-150": {"min": 0.020963897928595543, "max": 0.6266618967056274}, "gwa-vestas-v100-mode0-80": {"min": 0.008323915302753448, "max": 0.6047562956809998}, "gwa-vestas-v110-mode0-100": {"min": 0.01680407114326954, "max": 0.6486629843711853}, "gwa-vestas-v110-mode0-120": {"min": 0.020342502743005753, "max": 0.6558991074562073}, "gwa-vestas-v110-mode0-150": {"min": 0.02475983090698719, "max": 0.6607319116592407}, "gwa-vestas-v110-mode0-80": {"min": 0.010425998829305172, "max": 0.6385719180107117}, "gwa-vestas-v112-mode0-100": {"min": 0.010115653276443481, "max": 0.6026749014854431}, "gwa-vestas-v112-mode0-120": {"min": 0.012238627299666405, "max": 0.6072750091552734}, "gwa-vestas-v112-mode0-150": {"min": 0.015094636008143425, "max": 0.6156129837036133}, "gwa-vestas-v112-mode0-80": {"min": 0.005421845708042383, "max": 0.5954318642616272}, "gwa-vestas-v120-mode0-100": {"min": 0.0177029836922884, "max": 0.6108695864677429}, "gwa-vestas-v120-mode0-120": {"min": 0.02145707607269287, "max": 0.634273111820221}, "gwa-vestas-v120-mode0-150": {"min": 0.026117907837033272, "max": 0.6595622897148132}, "gwa-vestas-v120-mode0-80": {"min": 0.011133349500596523, "max": 0.6014204025268555}, "gwa-vestas-v126-mode0-100": {"min": 0.012695545330643654, "max": 0.6001187562942505}, "gwa-vestas-v126-mode0-120": {"min": 0.015352899208664894, "max": 0.6071378588676453}, "gwa-vestas-v126-mode0-150": {"min": 0.018824366852641106, "max": 0.6138308048248291}, "gwa-vestas-v126-mode0-80": {"min": 0.007353534456342459, "max": 0.5910022258758545}, "gwa-vestas-v136-mode0-100": {"min": 0.014598856680095196, "max": 0.624819815158844}, "gwa-vestas-v136-mode0-120": {"min": 0.0176688302308321, "max": 0.6317736506462097}, "gwa-vestas-v136-mode0-150": {"min": 0.021591007709503174, "max": 0.6379400491714478}, "gwa-vestas-v136-mode0-80": {"min": 0.00874380487948656, "max": 0.6154266595840454}, "air-density": {"min": 0.8687990307807922, "max": 1.215661883354187}, "lcoe": {"gwa-vestas-v100-mode0-120": {"lg": {"min": 59.97104263305664, "max": 2031.4312744140625}, "li": {"min": 1.7259968519210815, "max": 61.02518844604492}, "lr": {"min": 0.0, "max": 2.997371196746826}, "total": {"min": 61.801719665527344, "max": 2092.7998046875}}, "gwa-vestas-v110-mode0-120": {"lg": {"min": 56.99406051635742, "max": 1712.6766357421875}, "li": {"min": 1.6350226402282715, "max": 51.43075180053711}, "lr": {"min": 0.0, "max": 2.487901449203491}, "total": {"min": 58.72736740112305, "max": 1764.396728515625}}, "gwa-vestas-v112-mode0-120": {"lg": {"min": 61.23726272583008, "max": 2844.086669921875}, "li": {"min": 1.7395637035369873, "max": 85.48591613769531}, "lr": {"min": 0.0, "max": 4.3280181884765625}, "total": {"min": 63.005897521972656, "max": 2930.053466796875}}, "gwa-vestas-v112-mode0-100": {"lg": {"min": 61.67414474487305, "max": 3440.1357421875}, "li": {"min": 1.7528413534164429, "max": 103.32992553710938}, "lr": {"min": 0.0, "max": 6.437051296234131}, "total": {"min": 63.45627975463867, "max": 3542.65576171875}}, "gwa-offshore-dtu-10mw-119": {"lg": {"min": 63.92814254760742, "max": 3675.47314453125}, "li": {"min": 1.8213452100753784, "max": 109.54149627685547}, "lr": {"min": 0.0, "max": 5.797298431396484}, "total": {"min": 65.7799301147461, "max": 3785.0146484375}}, "gwa-vestas-v126-mode0-150": {"lg": {"min": 60.62596130371094, "max": 1850.4771728515625}, "li": {"min": 1.7389461994171143, "max": 55.09120559692383}, "lr": {"min": 0.0, "max": 2.4431676864624023}, "total": {"min": 62.47805404663086, "max": 1907.82275390625}}, "gwa-vestas-v120-mode0-80": {"lg": {"min": 61.7944450378418, "max": 3126.0400390625}, "li": {"min": 1.7814096212387085, "max": 95.88104248046875}, "lr": {"min": 0.0, "max": 5.869006156921387}, "total": {"min": 63.65174102783203, "max": 3226.64892578125}}, "gsa-pvout": {"lg": {"min": 187.98185443933744, "max": 505.5137387351567}, "li": {"min": 5.6113338183310155, "max": 15.875993390229551}, "lr": {"min": 0.0, "max": 1.778554905260427}, "total": {"min": 194.17879437893208, "max": 521.1042908499252}}, "gwa-vestas-v126-mode0-80": {"lg": {"min": 62.81324768066406, "max": 4730.81005859375}, "li": {"min": 1.7979447841644287, "max": 145.16517639160156}, "lr": {"min": 0.0, "max": 8.643404006958008}, "total": {"min": 64.73687744140625, "max": 4883.13330078125}}, "gwa-offshore-leanwind-8mw-110": {"lg": {"min": 62.8123779296875, "max": 3807.73046875}, "li": {"min": 1.7874348163604736, "max": 113.48751831054688}, "lr": {"min": 0.0, "max": 6.501944065093994}, "total": {"min": 64.62968444824219, "max": 3921.218017578125}}, "gwa-vestas-v110-mode0-100": {"lg": {"min": 57.585235595703125, "max": 2072.47265625}, "li": {"min": 1.6495181322097778, "max": 61.714630126953125}, "lr": {"min": 0.0, "max": 3.621652126312256}, "total": {"min": 59.33787536621094, "max": 2134.187255859375}}, "gwa-vestas-v136-mode0-100": {"lg": {"min": 59.63005447387695, "max": 2384.923583984375}, "li": {"min": 1.706892967224121, "max": 71.036865234375}, "lr": {"min": 0.0, "max": 4.239306449890137}, "total": {"min": 61.4495735168457, "max": 2455.96044921875}}, "gwa-vestas-v126-mode0-100": {"lg": {"min": 61.9197998046875,