{"worldpop": {"min": -3.4028234663852886e+38, "max": 16290.7060546875}, "slope": {"min": 0.0, "max": 42.35338592529297}, "land-cover": {"min": 10.0, "max": 210.0}, "airports": {"min": 0.0, "max": 151655.03125}, "ports": {"min": 2549.509765625, "max": 431934.3125}, "anchorages": {"min": 65535.0, "max": 500000.0}, "grid": {"min": 0.0, "max": 24824.3828125}, "roads": {"min": 0.0, "max": 21077.23828125}, "pp-whs": {"min": 458415.75, "max": 942372.8125}, "unep-coral": {"min": 65535.0, "max": 65535.0}, "unesco": {"min": 0.0, "max": 165572.5}, "unesco-ramsar": {"min": 0.0, "max": 421784.90625}, "wwf-glw-1": {"min": 0.0, "max": 157457.9375}, "wwf-glw-2": {"min": 0.0, "max": 96852.984375}, "jrc-gsw": {"min": 0.0, "max": 1.0}, "pp-marine-protected": {"min": 0.0, "max": 0.0}, "unep-tidal": {"min": 0.0, "max": 0.0}, "wwf-glw-3": {"min": 1.0, "max": 255.0}, "gsa-pvout": {"min": 2.4354679584503174, "max": 4.627295017242432}, "gsa-ghi": {"min": 2.860233783721924, "max": 4.849914073944092}, "gsa-gti": {"min": 2.8737740516662598, "max": 5.615833282470703}, "gsa-temp": {"min": -8.772083282470703, "max": 16.899999618530273}, "gwa-iec1": {"min": 0.0005613375687971711, "max": 0.6759820580482483}, "gwa-iec2": {"min": 0.0008875882485881448, "max": 0.6859791874885559}, "gwa-iec3": {"min": 0.0010916800238192081, "max": 0.7088287472724915}, "gwa-power-10": {"min": 0.3280331492424011, "max": 8401.0302734375}, "gwa-speed-10": {"min": 0.3588571548461914, "max": 18.73284149169922}, "gwa-power-50": {"min": 0.8607159852981567, "max": 5962.5634765625}, "gwa-speed-50": {"min": 0.5687670111656189, "max": 17.852184295654297}, "gwa-power-100": {"min": 1.7125896215438843, "max": 5135.98583984375}, "gwa-speed-100": {"min": 0.7819572687149048, "max": 18.086509704589844}, "gwa-power-150": {"min": 2.095715045928955, "max": 4452.216796875}, "gwa-speed-150": {"min": 0.7992172837257385, "max": 17.67027473449707}, "gwa-power-200": {"min": 2.43778657913208, "max": 4114.0517578125}, "gwa-speed-200": {"min": 0.8614015579223633, "max": 17.301315307617188}, "gebco": {"min": -34.0, "max": 4299.0}, "srtm90": {"min": -33.0, "max": 4335.0}, "waterbodies": {"min": 1.0, "max": 2.0}, "gwa-enercon-e44-50": {"min": 0.00015689729480072856, "max": 0.5418940186500549}, "gwa-enercon-e48-50": {"min": 0.0002122826554113999, "max": 0.5934262275695801}, "gwa-enercon-e53-50": {"min": 0.0005020350217819214, "max": 0.6227076649665833}, "gwa-offshore-dtu-10mw-119": {"min": 0.00019767889170907438, "max": 0.668126106262207}, "gwa-offshore-iea-15mw-150": {"min": 0.0007380484021268785, "max": 0.719969630241394}, "gwa-offshore-leanwind-8mw-110": {"min": 0.00021630925766658038, "max": 0.6715380549430847}, "gwa-vestas-v100-mode0-100": {"min": 0.0007191321346908808, "max": 0.6861559152603149}, "gwa-vestas-v100-mode0-120": {"min": 0.000844695430714637, "max": 0.7042728662490845}, "gwa-vestas-v100-mode0-150": {"min": 0.001091109705157578, "max": 0.7237952947616577}, "gwa-vestas-v100-mode0-80": {"min": 0.0005639376468025148, "max": 0.6642599701881409}, "gwa-vestas-v110-mode0-100": {"min": 0.0009507408831268549, "max": 0.7193292379379272}, "gwa-vestas-v110-mode0-120": {"min": 0.0011195966508239508, "max": 0.7369986176490784}, "gwa-vestas-v110-mode0-150": {"min": 0.001446891576051712, "max": 0.7562967538833618}, "gwa-vestas-v110-mode0-80": {"min": 0.0007434676517732441, "max": 0.6980242133140564}, "gwa-vestas-v112-mode0-100": {"min": 0.0004281588189769536, "max": 0.6739316582679749}, "gwa-vestas-v112-mode0-120": {"min": 0.0005016155773773789, "max": 0.6898821592330933}, "gwa-vestas-v112-mode0-150": {"min": 0.0006479676812887192, "max": 0.7107958197593689}, "gwa-vestas-v112-mode0-80": {"min": 0.0003349253674969077, "max": 0.658669650554657}, "gwa-vestas-v120-mode0-100": {"min": 0.00100698322057724, "max": 0.6978895664215088}, "gwa-vestas-v120-mode0-120": {"min": 0.001187410089187324, "max": 0.7139330506324768}, "gwa-vestas-v120-mode0-150": {"min": 0.0015368001768365502, "max": 0.7364194989204407}, "gwa-vestas-v120-mode0-80": {"min": 0.0007895457092672586, "max": 0.6811491250991821}, "gwa-vestas-v126-mode0-100": {"min": 0.0006407322944141924, "max": 0.6643984913825989}, "gwa-vestas-v126-mode0-120": {"min": 0.0007488709525205195, "max": 0.6833283305168152}, "gwa-vestas-v126-mode0-150": {"min": 0.0009724090341478586, "max": 0.7038559317588806}, "gwa-vestas-v126-mode0-80": {"min": 0.0005027669831179082, "max": 0.6413235068321228}, "gwa-vestas-v136-mode0-100": {"min": 0.0007796692079864442, "max": 0.6935244202613831}, "gwa-vestas-v136-mode0-120": {"min": 0.0009166692034341395, "max": 0.7118778824806213}, "gwa-vestas-v136-mode0-150": {"min": 0.0011839679209515452, "max": 0.7316604852676392}, "gwa-vestas-v136-mode0-80": {"min": 0.0006121001788415015, "max": 0.6712208986282349}, "air-density": {"min": 0.7861296534538269, "max": 1.2152276039123535}, "lcoe": {"gwa-vestas-v100-mode0-120": {"lg": {"min": 53.35411071777344, "max": 10000.0}, "li": {"min": 1.509109377861023, "max": 1305.9178466796875}, "lr": {"min": 0.0, "max": 124.13104248046875}, "total": {"min": 54.88685607910156, "max": 10000.0}}, "gwa-vestas-v110-mode0-120": {"lg": {"min": 51.1625862121582, "max": 10000.0}, "li": {"min": 1.4420987367630005, "max": 985.2680053710938}, "lr": {"min": 0.0, "max": 94.5406723022461}, "total": {"min": 52.62727355957031, "max": 10000.0}}, "gwa-vestas-v112-mode0-120": {"lg": {"min": 54.38362121582031, "max": 10000.0}, "li": {"min": 1.5504106283187866, "max": 2199.099853515625}, "lr": {"min": 0.0, "max": 204.99806213378906}, "total": {"min": 55.96479034423828, "max": 10000.0}}, "gwa-vestas-v112-mode0-100": {"lg": {"min": 55.576087951660156, "max": 10000.0}, "li": {"min": 1.587105393409729, "max": 2576.38720703125}, "lr": {"min": 0.0, "max": 257.4766540527344}, "total": {"min": 57.194679260253906, "max": 10000.0}}, "gwa-offshore-dtu-10mw-119": {"lg": {"min": 56.02425003051758, "max": 10000.0}, "li": {"min": 1.6008962392807007, "max": 5580.2763671875}, "lr": {"min": 0.0, "max": 424.0760803222656}, "total": {"min": 57.65690231323242, "max": 10000.0}}, "gwa-vestas-v126-mode0-150": {"lg": {"min": 53.38335037231445, "max": 10000.0}, "li": {"min": 1.5100034475326538, "max": 1134.402099609375}, "lr": {"min": 0.0, "max": 114.06414794921875}, "total": {"min": 54.91699981689453, "max": 10000.0}}, "gwa-vestas-v120-mode0-80": {"lg": {"min": 55.02958679199219, "max": 10000.0}, "li": {"min": 1.5603406429290771, "max": 1397.13623046875}, "lr": {"min": 0.0, "max": 146.32823181152344}, "total": {"min": 56.61436462402344, "max": 10000.0}}, "gsa-pvout": {"lg": {"min": 167.15368205629136, "max": 313.98569182745996}, "li": {"min": 4.923728974829309, "max": 9.840163104867486}, "lr": {"min": 0.0, "max": 1.5558035392236051}, "total": {"min": 172.45679764657314, "max": 324.17032303524604}}, "gwa-vestas-v126-mode0-80": {"lg": {"min": 58.198486328125, "max": 10000.0}, "li": {"min": 1.6572366952896118, "max": 2194.06396484375}, "lr": {"min": 0.0, "max": 229.13702392578125}, "total": {"min": 59.88167953491211, "max": 10000.0}}, "gwa-offshore-leanwind-8mw-110": {"lg": {"min": 55.75992202758789, "max": 10000.0}, "li": {"min": 1.5927622318267822, "max": 5099.65625}, "lr": {"min": 0.0, "max": 432.4961853027344}, "total": {"min": 57.384281158447266, "max": 10000.0}}, "gwa-vestas-v110-mode0-100": {"lg": {"min": 52.32107162475586, "max": 10000.0}, "li": {"min": 1.4775220155715942, "max": 1160.256103515625}, "lr": {"min": 0.0, "max": 117.32791137695312}, "total": {"min": 53.82173538208008, "max": 10000.0}}, "gwa-vestas-v136-mode0-100": {"lg": {"min": 54.119014739990234, "max": 10000.0}, "li": {"min": 1.5324980020523071, "max": 1414.83447265625}, "lr": {"min": 0.0, "max": 142.7061309814453}, "total": {"min": 55.675514221191406, "max": 10000.0}}, "gwa-vestas-v126-mode0-100": {"lg": {"min": 56.31612777709961, "max": 10000.0}, "li": {"min": 1.5996795892715454, "max": 1721.628173828125}, "lr": {"min": 0.0, "max": 173.46405029296875}, "total": {"min": 57.940860748291016, "max": 10000.0}},