{"worldpop":{"min":-3.4028234663852886e+38,"max":16290.7060546875},"slope":{"min":0.0,"max":26.734350204467773},"land-cover":{"min":10.0,"max":210.0},"airports":{"min":0.0,"max":212702.84375},"ports":{"min":0.0,"max":209876.75},"anchorages":{"min":65535.0,"max":65535.0},"grid":{"min":0.0,"max":180461.21875},"roads":{"min":0.0,"max":177483.09375},"pp-whs":{"min":715470.4375,"max":1047541.125},"unep-coral":{"min":65535.0,"max":65535.0},"unesco":{"min":0.0,"max":229574.0625},"unesco-ramsar":{"min":65535.0,"max":500000.0},"wwf-glw-1":{"min":0.0,"max":77467.734375},"wwf-glw-2":{"min":0.0,"max":185987.234375},"jrc-gsw":{"min":0.0,"max":1.0},"pp-marine-protected":{"min":0.0,"max":0.0},"unep-tidal":{"min":0.0,"max":0.0},"wwf-glw-3":{"min":1.0,"max":255.0},"gsa-pvout":{"min":3.135474681854248,"max":4.020806789398193},"gsa-ghi":{"min":3.4675650596618652,"max":4.28593111038208},"gsa-gti":{"min":3.7144615650177,"max":4.847113609313965},"gsa-temp":{"min":3.3617615699768066,"max":17.700000762939453},"gwa-iec1":{"min":0.024773621931672096,"max":0.5836418867111206},"gwa-iec2":{"min":0.03133175149559975,"max":0.6007755994796753},"gwa-iec3":{"min":0.0361441969871521,"max":0.6289879679679871},"gwa-power-10":{"min":3.556486129760742,"max":1618.825927734375},"gwa-speed-10":{"min":0.8256872296333313,"max":8.791192054748535},"gwa-power-50":{"min":17.422378540039062,"max":1854.0592041015625},"gwa-speed-50":{"min":1.6730852127075195,"max":10.463274955749512},"gwa-power-100":{"min":32.30257797241211,"max":1941.03369140625},"gwa-speed-100":{"min":3.775871753692627,"max":9.018292427062988},"gwa-power-150":{"min":47.83394241333008,"max":2102.87158203125},"gwa-speed-150":{"min":2.6998093128204346,"max":11.860234260559082},"gwa-power-200":{"min":65.33177947998047,"max":2395.342529296875},"gwa-speed-200":{"min":2.938859224319458,"max":12.516534805297852},"gebco":{"min":-1050.0,"max":2129.0},"srtm90":{"min":-33.0,"max":2141.0},"waterbodies":{"min":1.0,"max":2.0},"gwa-enercon-e44-50":{"min":0.011425649747252464,"max":0.43057140707969666},"gwa-enercon-e48-50":{"min":0.014908435754477978,"max":0.48224326968193054},"gwa-enercon-e53-50":{"min":0.020579922944307327,"max":0.5155830979347229},"gwa-offshore-dtu-10mw-119":{"min":0.02775155007839203,"max":0.5643293857574463},"gwa-offshore-iea-15mw-150":{"min":0.05183569714426994,"max":0.6328756213188171},"gwa-offshore-leanwind-8mw-110":{"min":0.02689283899962902,"max":0.5655425190925598},"gwa-vestas-v100-mode0-100":{"min":0.04547242075204849,"max":0.6186090111732483},"gwa-vestas-v100-mode0-120":{"min":0.05404883623123169,"max":0.6389296650886536},"gwa-vestas-v100-mode0-150":{"min":0.0686085894703865,"max":0.6595798134803772},"gwa-vestas-v100-mode0-80":{"min":0.038296863436698914,"max":0.5940250754356384},"gwa-vestas-v110-mode0-100":{"min":0.05529942736029625,"max":0.6493682861328125},"gwa-vestas-v110-mode0-120":{"min":0.06532200425863266,"max":0.6686761975288391},"gwa-vestas-v110-mode0-150":{"min":0.08176255971193314,"max":0.6873376965522766},"gwa-vestas-v110-mode0-80":{"min":0.046645939350128174,"max":0.6250914931297302},"gwa-vestas-v112-mode0-100":{"min":0.030934248119592667,"max":0.5771163105964661},"gwa-vestas-v112-mode0-120":{"min":0.03712773323059082,"max":0.5930696725845337},"gwa-vestas-v112-mode0-150":{"min":0.04822323098778725,"max":0.6169221997261047},"gwa-vestas-v112-mode0-80":{"min":0.02600422315299511,"max":0.5565592050552368},"gwa-vestas-v120-mode0-100":{"min":0.05907997488975525,"max":0.6384375691413879},"gwa-vestas-v120-mode0-120":{"min":0.06970756500959396,"max":0.653989315032959},"gwa-vestas-v120-mode0-150":{"min":0.08695439249277115,"max":0.6653831601142883},"gwa-vestas-v120-mode0-80":{"min":0.04982655122876167,"max":0.6162512302398682},"gwa-vestas-v126-mode0-100":{"min":0.04018683731555939,"max":0.5968363285064697},"gwa-vestas-v126-mode0-120":{"min":0.0478382371366024,"max":0.6182302236557007},"gwa-vestas-v126-mode0-150":{"min":0.06105635315179825,"max":0.6413875818252563},"gwa-vestas-v126-mode0-80":{"min":0.03385542333126068,"max":0.5759686231613159},"gwa-vestas-v136-mode0-100":{"min":0.04715331271290779,"max":0.6260532140731812},"gwa-vestas-v136-mode0-120":{"min":0.05593283101916313,"max":0.6467888355255127},"gwa-vestas-v136-mode0-150":{"min":0.07072028517723083,"max":0.6684235334396362},"gwa-vestas-v136-mode0-80":{"min":0.039743274450302124,"max":0.6022288799285889},"air-density":{"min":0.9834802150726318,"max":1.2152276039123535}}