{"worldpop":{"min":-3.4028234663852886e+38,"max":45109.11328125},"slope":{"min":0.0,"max":24.812437057495117},"land-cover":{"min":10.0,"max":210.0},"airports":{"min":0.0,"max":149670.46875},"ports":{"min":500.0,"max":153235.9375},"anchorages":{"min":65535.0,"max":65535.0},"grid":{"min":0.0,"max":23135.470703125},"roads":{"min":0.0,"max":22192.341796875},"pp-whs":{"min":39131.19140625,"max":259386.296875},"unep-coral":{"min":65535.0,"max":65535.0},"unesco":{"min":33324.1640625,"max":267125.90625},"unesco-ramsar":{"min":92521.625,"max":366460.09375},"wwf-glw-1":{"min":0.0,"max":124509.03125},"wwf-glw-2":{"min":0.0,"max":106001.1796875},"jrc-gsw":{"min":0.0,"max":1.0},"pp-marine-protected":{"min":0.0,"max":0.0},"unep-tidal":{"min":0.0,"max":0.0},"wwf-glw-3":{"min":1.0,"max":255.0},"gsa-pvout":{"min":3.5255374908447266,"max":4.572766304016113},"gsa-ghi":{"min":4.344729423522949,"max":5.606271743774414},"gsa-gti":{"min":4.3565673828125,"max":5.652172088623047},"gsa-temp":{"min":12.948600769042969,"max":27.96944236755371},"gwa-iec1":{"min":0.0022077860776335,"max":0.38040265440940857},"gwa-iec2":{"min":0.00357224652543664,"max":0.4282853305339813},"gwa-iec3":{"min":0.004318170715123415,"max":0.46266478300094604},"gwa-power-10":{"min":0.8821908235549927,"max":490.90875244140625},"gwa-speed-10":{"min":0.5502499341964722,"max":6.368160724639893},"gwa-power-50":{"min":2.952538013458252,"max":390.5412292480469},"gwa-speed-50":{"min":0.905504584312439,"max":7.218904495239258},"gwa-power-100":{"min":4.915139198303223,"max":443.37762451171875},"gwa-speed-100":{"min":1.2604731321334839,"max":7.920324802398682},"gwa-power-150":{"min":6.1326398849487305,"max":492.7327575683594},"gwa-speed-150":{"min":1.399359107017517,"max":8.218260765075684},"gwa-power-200":{"min":6.87071418762207,"max":552.1952514648438},"gwa-speed-200":{"min":1.5222423076629639,"max":8.375174522399902},"gebco":{"min":764.0,"max":2626.0},"srtm90":{"min":767.0,"max":2642.0},"waterbodies":{"min":1.0,"max":2.0},"gwa-enercon-e44-50":{"min":0.0005424246774055064,"max":0.2574358880519867},"gwa-enercon-e48-50":{"min":0.0007374323322437704,"max":0.3092558681964874},"gwa-enercon-e53-50":{"min":0.0016602067044004798,"max":0.34939834475517273},"gwa-offshore-dtu-10mw-119":{"min":0.0010021370835602283,"max":0.37124282121658325},"gwa-offshore-iea-15mw-150":{"min":0.003332604421302676,"max":0.4317699074745178},"gwa-offshore-leanwind-8mw-110":{"min":0.001056613284163177,"max":0.3880625069141388},"gwa-vestas-v100-mode0-100":{"min":0.00278116250410676,"max":0.4838024377822876},"gwa-vestas-v100-mode0-120":{"min":0.0037671257741749287,"max":0.4959621727466583},"gwa-vestas-v100-mode0-150":{"min":0.004900592844933271,"max":0.5017750859260559},"gwa-vestas-v100-mode0-80":{"min":0.002037348225712776,"max":0.4619753062725067},"gwa-vestas-v110-mode0-100":{"min":0.0036761490628123283,"max":0.5243455767631531},"gwa-vestas-v110-mode0-120":{"min":0.004959083162248135,"max":0.536802351474762},"gwa-vestas-v110-mode0-150":{"min":0.006488372106105089,"max":0.5423681139945984},"gwa-vestas-v110-mode0-80":{"min":0.0026843692176043987,"max":0.5015871524810791},"gwa-vestas-v112-mode0-100":{"min":0.001676639192737639,"max":0.39966073632240295},"gwa-vestas-v112-mode0-120":{"min":0.002285574795678258,"max":0.41076406836509705},"gwa-vestas-v112-mode0-150":{"min":0.002928628586232662,"max":0.41803038120269775},"gwa-vestas-v112-mode0-80":{"min":0.0012328444281592965,"max":0.38121044635772705},"gwa-vestas-v120-mode0-100":{"min":0.0038945076521486044,"max":0.5324479341506958},"gwa-vestas-v120-mode0-120":{"min":0.00526323402300477,"max":0.5446752905845642},"gwa-vestas-v120-mode0-150":{"min":0.006881463807076216,"max":0.5494497418403625},"gwa-vestas-v120-mode0-80":{"min":0.0028501073829829693,"max":0.50921630859375},"gwa-vestas-v126-mode0-100":{"min":0.002475116867572069,"max":0.44975095987319946},"gwa-vestas-v126-mode0-120":{"min":0.0033408240415155888,"max":0.46145331859588623},"gwa-vestas-v126-mode0-150":{"min":0.004358359146863222,"max":0.4677436053752899},"gwa-vestas-v126-mode0-80":{"min":0.0018048160709440708,"max":0.42925968766212463},"gwa-vestas-v136-mode0-100":{"min":0.0030063677113503218,"max":0.4858991503715515},"gwa-vestas-v136-mode0-120":{"min":0.004060203675180674,"max":0.49797841906547546},"gwa-vestas-v136-mode0-150":{"min":0.005296919960528612,"max":0.5038769841194153},"gwa-vestas-v136-mode0-80":{"min":0.0021995448041707277,"max":0.46428021788597107},"air-density":{"min":0.8950848579406738,"max":1.0691323280334473},"lcoe":{"gwa-vestas-v100-mode0-120":{"lg":{"min":74.08348083496094,"max":9230.8662109375},"li":{"min":2.246645927429199,"max":287.2514343261719},"lr":{"min":0.0,"max":4.8827996253967285},"total":{"min":76.36572265625,"max":9518.1171875}},"gwa-vestas-v110-mode0-120":{"lg":{"min":68.75150299072266,"max":7013.10986328125},"li":{"min":2.0757203102111816,"max":218.20811462402344},"lr":{"min":0.0,"max":3.9640707969665527},"total":{"min":70.86011505126953,"max":7231.31787109375}},"gwa-vestas-v112-mode0-120":{"lg":{"min":88.61976623535156,"max":10000.0},"li":{"min":2.7126314640045166,"max":473.4529724121094},"lr":{"min":0.0,"max":7.45778751373291},"total":{"min":91.37538146972656,"max":10000.0}},"gwa-vestas-v112-mode0-100":{"lg":{"min":90.97066497802734,"max":10000.0},"li":{"min":2.7879934310913086,"max":645.405517578125},"lr":{"min":0.0,"max":8.560035705566406},"total":{"min":93.8028335571289,"max":10000.0}},"gwa-offshore-dtu-10mw-119":{"lg":{"min":97.62809753417969,"max":10000.0},"li":{"min":3.001408815383911,"max":1086.6837158203125},"lr":{"min":0.0,"max":12.960397720336914},"total":{"min":100.67706298828125,"max":10000.0}},"gwa-vestas-v126-mode0-150":{"lg":{"min":78.31156158447266,"max":7979.19482421875},"li":{"min":2.3821842670440674,"max":256.67718505859375},"lr":{"min":0.0,"max":6.104247093200684},"total":{"min":80.73149108886719,"max":8238.572265625}},"gwa-vestas-v120-mode0-80":{"lg":{"min":72.25932312011719,"max":10000.0},"li":{"min":2.188169240951538,"max":379.6741638183594},"lr":{"min":0.0,"max":4.556264400482178},"total":{"min":74.48216247558594,"max":10000.0}},"gsa-pvout":{"lg":{"min":169.09923530550327,"max":218.14045999634027},"li":{"min":4.890625272030089,"max":7.274658233435387},"lr":{"min":0.0,"max":1.305610662494204},"total":{"min":174.01781334766133,"max":224.92492605547278}},"gwa-vestas-v126-mode0-80":{"lg":{"min":84.97374725341797,"max":10000.0},"li":{"min":2.5957517623901367,"max":599.5692749023438},"lr":{"min":0.0,"max":7.096935749053955},"total":{"min":87.61062622070312,"max":10000.0}},"gwa-offshore-leanwind-8mw-110":{"lg":{"min":93.56999969482422,"max":10000.0},"li":{"min":2.871319532394409,"max":1030.6572265625},"lr":{"min":0.0,"max":13.08259105682373},"total":{"min":96.48681640625,"max":10000.0}},"gwa-vestas-v110-mode0-100":{"lg":{"min":70.28978729248047,"max":9459.208984375},"li":{"min":2.125032663345337,"max":294.3602294921875},"lr":{"min":0.0,"max":4.048675060272217},"total":{"min":72.448486328125,"max":9753.5693359375}},"gwa-vestas-v136-mode0-100":{"lg":{"min":75.53492736816406,"max":10000.0},"li":{"min":2.2931742668151855,"max":359.9400329589844},"lr":{"min":0.0,"max":4.923958778381348},"total":{"min":77.86443328857422,"max":10000.0}},"gwa-vestas-v126-mode0-100":{"lg":{"min":81.28445434570312,"max":10000.0},"li":{"min":2.477485418319702,"max":437.1964416503906},"lr":{"min":0.0,"max":5.951050758361816},"total":{"min":83.80119323730469,"max":10000.0}},"gwa-vestas-v126-mode0-120":{"lg":{"min":79.32453918457031,"max":10000.0},"li":{"min":2.4146571159362793,"max":323.90576171875},"lr":{"min":0.0,"max":5.558207035064697},"total":{"min":81.77745819091797,"max":10000.0}},"gwa-vestas-v120-mode0-120":{"lg":{"min":67.8155517578125,"max":6608.06884765625},"li":{"min":2.0457170009613037,"max":205.5983428955078},"lr":{"min":0.0,"max":3.7028448581695557},"total":{"min":69.89368438720703,"max":6813.6669921875}},"gwa-vestas-v120-mode0-150":{"lg":{"min":67.26103210449219,"max":5055.07080078125},