{"worldpop":{"min":-3.4028234663852886e+38,"max":2780.0126953125},"slope":{"min":0.0,"max":1.089011549949646},"land-cover":{"min":10.441770553588867,"max":210.0},"airports":{"min":500.0,"max":67847.25},"ports":{"min":0.0,"max":67911.703125},"anchorages":{"min":0.0,"max":34047.76171875},"grid":{"min":0.0,"max":60903.61328125},"roads":{"min":0.0,"max":60638.26953125},"pp-whs":{"min":112258.625,"max":219173.453125},"unep-coral":{"min":65535.0,"max":65535.0},"unesco":{"min":8732.1240234375,"max":99624.2890625},"unesco-ramsar":{"min":9848.857421875,"max":90234.4140625},"wwf-glw-1":{"min":126524.703125,"max":231864.734375},"wwf-glw-2":{"min":0.0,"max":71527.96875},"jrc-gsw":{"min":0.0,"max":255.0},"pp-marine-protected":{"min":0.0,"max":1.0},"unep-tidal":{"min":0.0,"max":1.0},"wwf-glw-3":{"min":1.0,"max":255.0},"gsa-pvout":{"min":2.9729666709899902,"max":3.069999933242798},"gsa-ghi":{"min":3.0042202472686768,"max":3.072000026702881},"gsa-gti":{"min":3.5185461044311523,"max":3.619999885559082},"gsa-temp":{"min":11.102063179016113,"max":11.399999618530273},"gwa-iec1":{"min":0.4417659342288971,"max":0.5682064890861511},"gwa-iec2":{"min":0.498270183801651,"max":0.6151933073997498},"gwa-iec3":{"min":0.5367454290390015,"max":0.6480554342269897},"gwa-power-10":{"min":52.56919479370117,"max":516.2431030273438},"gwa-speed-10":{"min":3.4389395713806152,"max":7.441378116607666},"gwa-power-50":{"min":283.9701843261719,"max":783.743896484375},"gwa-speed-50":{"min":6.305237770080566,"max":8.763057708740234},"gwa-power-100":{"min":500.22772216796875,"max":926.7039184570312},"gwa-speed-100":{"min":8.156473159790039,"max":9.497825622558594},"gwa-power-150":{"min":701.6217651367188,"max":1042.2635498046875},"gwa-speed-150":{"min":8.9390230178833,"max":9.8695068359375},"gwa-power-200":{"min":890.270263671875,"max":1150.400634765625},"gwa-speed-200":{"min":9.54570198059082,"max":10.187546730041504},"gebco":{"min":-42.0,"max":12.0},"srtm90":{"min":-1.0,"max":13.0},"waterbodies":{"min":0.0,"max":2.0},"gwa-enercon-e44-50":{"min":0.20662209391593933,"max":0.4001295864582062},"gwa-enercon-e48-50":{"min":0.25872594118118286,"max":0.46814095973968506},"gwa-enercon-e53-50":{"min":0.30105286836624146,"max":0.5126935243606567},"gwa-offshore-dtu-10mw-119":{"min":0.4467933177947998,"max":0.5470019578933716},"gwa-offshore-iea-15mw-150":{"min":0.5582720041275024,"max":0.6189578771591187},"gwa-offshore-leanwind-8mw-110":{"min":0.4343385100364685,"max":0.5483322143554688},"gwa-vestas-v100-mode0-100":{"min":0.5305591821670532,"max":0.6413654088973999},"gwa-vestas-v100-mode0-120":{"min":0.5733588337898254,"max":0.6537393927574158},"gwa-vestas-v100-mode0-150":{"min":0.6196039915084839,"max":0.6697705984115601},"gwa-vestas-v100-mode0-80":{"min":0.4900263249874115,"max":0.625629186630249},"gwa-vestas-v110-mode0-100":{"min":0.5741377472877502,"max":0.6760069727897644},"gwa-vestas-v110-mode0-120":{"min":0.6156368851661682,"max":0.6896770000457764},"gwa-vestas-v110-mode0-150":{"min":0.6586520075798035,"max":0.702890157699585},"gwa-vestas-v110-mode0-80":{"min":0.5333022475242615,"max":0.6609245538711548},"gwa-vestas-v112-mode0-100":{"min":0.4435964524745941,"max":0.5700962543487549},"gwa-vestas-v112-mode0-120":{"min":0.4865545332431793,"max":0.5793471932411194},"gwa-vestas-v112-mode0-150":{"min":0.5374226570129395,"max":0.5993888974189758},"gwa-vestas-v112-mode0-80":{"min":0.40341952443122864,"max":0.5542001724243164},"gwa-vestas-v120-mode0-100":{"min":0.5894300937652588,"max":0.6801333427429199},"gwa-vestas-v120-mode0-120":{"min":0.6293801665306091,"max":0.6933833956718445},"gwa-vestas-v120-mode0-150":{"min":0.6535211205482483,"max":0.7015060782432556},"gwa-vestas-v120-mode0-80":{"min":0.5489251017570496,"max":0.6632882356643677},"gwa-vestas-v126-mode0-100":{"min":0.4994088411331177,"max":0.6157127618789673},"gwa-vestas-v126-mode0-120":{"min":0.5423509478569031,"max":0.6269999742507935},"gwa-vestas-v126-mode0-150":{"min":0.5904335379600525,"max":0.6447563171386719},"gwa-vestas-v126-mode0-80":{"min":0.4589657783508301,"max":0.5996996164321899},"gwa-vestas-v136-mode0-100":{"min":0.5371017456054688,"max":0.6480159759521484},"gwa-vestas-v136-mode0-120":{"min":0.579620361328125,"max":0.6601480841636658},"gwa-vestas-v136-mode0-150":{"min":0.6256765127182007,"max":0.6763319373130798},"gwa-vestas-v136-mode0-80":{"min":0.49659547209739685,"max":0.6322906017303467},"air-density":{"min":1.2249394655227661,"max":1.2289434671401978}}