{"worldpop": {"min": -3.4028234663852886e+38, "max": 17054.390625}, "slope": {"min": 0.0, "max": 37.06309127807617}, "land-cover": {"min": 10.0, "max": 210.0}, "airports": {"min": 707.1067504882812, "max": 444932.59375}, "ports": {"min": 0.0, "max": 500000.0}, "anchorages": {"min": 500.0, "max": 499999.25}, "grid": {"min": 0.0, "max": 35418.921875}, "roads": {"min": 0.0, "max": 30108.138671875}, "pp-whs": {"min": 0.0, "max": 589569.75}, "unep-coral": {"min": 65535.0, "max": 65535.0}, "unesco": {"min": 0.0, "max": 244747.3125}, "unesco-ramsar": {"min": 0.0, "max": 456536.96875}, "wwf-glw-1": {"min": 0.0, "max": 250671.59375}, "wwf-glw-2": {"min": 0.0, "max": 227447.796875}, "jrc-gsw": {"min": 0.0, "max": 1.0}, "pp-marine-protected": {"min": 0.0, "max": 0.0}, "unep-tidal": {"min": 0.0, "max": 1.0}, "wwf-glw-3": {"min": 1.0, "max": 255.0}, "gsa-pvout": {"min": 3.64030122756958, "max": 4.539429664611816}, "gsa-ghi": {"min": 4.595850944519043, "max": 5.7922587394714355}, "gsa-gti": {"min": 4.6262712478637695, "max": 5.967820644378662}, "gsa-temp": {"min": 24.9547119140625, "max": 29.700000762939453}, "gwa-iec1": {"min": 0.03236933425068855, "max": 0.33100196719169617}, "gwa-iec2": {"min": 0.044071443378925323, "max": 0.3771202564239502}, "gwa-iec3": {"min": 0.052676182240247726, "max": 0.41064828634262085}, "gwa-power-10": {"min": 2.5308291912078857, "max": 312.2381591796875}, "gwa-speed-10": {"min": 0.9215859174728394, "max": 4.784231185913086}, "gwa-power-50": {"min": 17.10576629638672, "max": 366.0027770996094}, "gwa-speed-50": {"min": 2.3870418071746826, "max": 6.09998083114624}, "gwa-power-100": {"min": 32.86537551879883, "max": 427.3262634277344}, "gwa-speed-100": {"min": 3.053173542022705, "max": 7.022615909576416}, "gwa-power-150": {"min": 57.05248260498047, "max": 536.9606323242188}, "gwa-speed-150": {"min": 3.6651031970977783, "max": 7.610349178314209}, "gwa-power-200": {"min": 86.35928344726562, "max": 605.5595092773438}, "gwa-speed-200": {"min": 4.155370712280273, "max": 8.17236614227295}, "gebco": {"min": -287.0, "max": 830.0}, "srtm90": {"min": -2.0, "max": 666.0}, "waterbodies": {"min": 0.0, "max": 2.0}, "gwa-enercon-e44-50": {"min": 0.0065787057392299175, "max": 0.20335228741168976}, "gwa-enercon-e48-50": {"min": 0.008878467604517937, "max": 0.24539153277873993}, "gwa-enercon-e53-50": {"min": 0.015577742829918861, "max": 0.2799982726573944}, "gwa-offshore-dtu-10mw-119": {"min": 0.028284884989261627, "max": 0.32716214656829834}, "gwa-offshore-iea-15mw-150": {"min": 0.06729907542467117, "max": 0.4051041603088379}, "gwa-offshore-leanwind-8mw-110": {"min": 0.026250742375850677, "max": 0.3299153447151184}, "gwa-vestas-v100-mode0-100": {"min": 0.04846544563770294, "max": 0.4110575318336487}, "gwa-vestas-v100-mode0-120": {"min": 0.06281127780675888, "max": 0.4331696331501007}, "gwa-vestas-v100-mode0-150": {"min": 0.09149771183729172, "max": 0.49306032061576843}, "gwa-vestas-v100-mode0-80": {"min": 0.0358307920396328, "max": 0.3861033618450165}, "gwa-vestas-v110-mode0-100": {"min": 0.06070002168416977, "max": 0.4487854242324829}, "gwa-vestas-v110-mode0-120": {"min": 0.07814289629459381, "max": 0.47716638445854187}, "gwa-vestas-v110-mode0-150": {"min": 0.11088032275438309, "max": 0.5471457839012146}, "gwa-vestas-v110-mode0-80": {"min": 0.04533327370882034, "max": 0.42169901728630066}, "gwa-vestas-v112-mode0-100": {"min": 0.03149336576461792, "max": 0.34116193652153015}, "gwa-vestas-v112-mode0-120": {"min": 0.04123309999704361, "max": 0.3596954941749573}, "gwa-vestas-v112-mode0-150": {"min": 0.06237512826919556, "max": 0.3862956464290619}, "gwa-vestas-v112-mode0-80": {"min": 0.0229298435151577, "max": 0.31947681307792664}, "gwa-vestas-v120-mode0-100": {"min": 0.06519052386283875, "max": 0.4612700641155243}, "gwa-vestas-v120-mode0-120": {"min": 0.0839831680059433, "max": 0.4941500127315521}, "gwa-vestas-v120-mode0-150": {"min": 0.1186247244477272, "max": 0.5707448720932007}, "gwa-vestas-v120-mode0-80": {"min": 0.04861379414796829, "max": 0.4335799515247345}, "gwa-vestas-v126-mode0-100": {"min": 0.04248913750052452, "max": 0.3839181661605835}, "gwa-vestas-v126-mode0-120": {"min": 0.05502985045313835, "max": 0.4039553105831146}, "gwa-vestas-v126-mode0-150": {"min": 0.08058956265449524, "max": 0.4514758884906769}, "gwa-vestas-v126-mode0-80": {"min": 0.031446948647499084, "max": 0.3605465888977051}, "gwa-vestas-v136-mode0-100": {"min": 0.050707198679447174, "max": 0.4153290390968323}, "gwa-vestas-v136-mode0-120": {"min": 0.0655224621295929, "max": 0.43743738532066345}, "gwa-vestas-v136-mode0-150": {"min": 0.09460581839084625, "max": 0.49875375628471375}, "gwa-vestas-v136-mode0-80": {"min": 0.03766665980219841, "max": 0.3904486894607544}, "air-density": {"min": 1.0791891813278198, "max": 1.1488107442855835}, "lcoe": {"gwa-vestas-v100-mode0-120": {"lg": {"min": 84.24283599853516, "max": 557.3840942382812}, "li": {"min": 2.408714771270752, "max": 19.73164176940918}, "lr": {"min": 0.0, "max": 3.5907976627349854}, "total": {"min": 86.92961883544922, "max": 576.0550537109375}}, "gwa-vestas-v110-mode0-120": {"lg": {"min": 76.84410095214844, "max": 448.8101806640625}, "li": {"min": 2.2042622566223145, "max": 16.016006469726562}, "lr": {"min": 0.0, "max": 2.9500036239624023}, "total": {"min": 79.28933715820312, "max": 463.81787109375}}, "gwa-vestas-v112-mode0-120": {"lg": {"min": 100.63384246826172, "max": 846.98193359375}, "li": {"min": 2.924443483352661, "max": 29.63528823852539}, "lr": {"min": 0.0, "max": 5.302216053009033}, "total": {"min": 103.63619995117188, "max": 875.4237670898438}}, "gwa-vestas-v112-mode0-100": {"lg": {"min": 105.88346099853516, "max": 1107.6851806640625}, "li": {"min": 3.0964579582214355, "max": 38.09938049316406}, "lr": {"min": 0.0, "max": 6.705838680267334}, "total": {"min": 109.04891967773438, "max": 1144.9229736328125}}, "gwa-offshore-dtu-10mw-119": {"lg": {"min": 110.24321746826172, "max": 1232.881103515625}, "li": {"min": 3.2289600372314453, "max": 41.34660720825195}, "lr": {"min": 0.0, "max": 7.066644191741943}, "total": {"min": 113.54412841796875, "max": 1274.343017578125}}, "gwa-vestas-v126-mode0-150": {"lg": {"min": 80.98918914794922, "max": 435.30596923828125}, "li": {"min": 2.3003273010253906, "max": 15.538918495178223}, "lr": {"min": 0.0, "max": 2.919395923614502}, "total": {"min": 83.31570434570312, "max": 451.6710510253906}}, "gwa-vestas-v120-mode0-80": {"lg": {"min": 84.16690063476562, "max": 718.9978637695312}, "li": {"min": 2.4109463691711426, "max": 22.555818557739258}, "lr": {"min": 0.0, "max": 4.014123916625977}, "total": {"min": 86.74093627929688, "max": 741.819091796875}}, "gsa-pvout": {"lg": {"min": 170.31169019079678, "max": 211.3894913712612}, "li": {"min": 4.9395604622581475, "max": 8.06911303141948}, "lr": {"min": 0.0, "max": 1.7602100467612447}, "total": {"min": 176.16865235981734, "max": 217.66697755546986}}, "gwa-vestas-v126-mode0-80": {"lg": {"min": 100.40573120117188, "max": 1109.314208984375}, "li": {"min": 2.9299778938293457, "max": 34.42824935913086}, "lr": {"min": 0.0, "max": 6.052005290985107}, "total": {"min": 103.4010009765625, "max": 1144.593505859375}}, "gwa-offshore-leanwind-8mw-110": {"lg": {"min": 109.35660552978516, "max": 1328.105712890625}, "li": {"min": 3.202014207839966, "max": 44.489463806152344}, "lr": {"min": 0.0, "max": 7.564098834991455}, "total": {"min": 112.62996673583984, "max": 1372.7803955078125}}, "gwa-vestas-v110-mode0-100": {"lg": {"min": 81.45072937011719, "max": 576.6317749023438}, "li": {"min": 2.325096845626831, "max": 20.17631721496582}, "lr": {"min": 0.0, "max": 3.6451148986816406}, "total": {"min": 83.93755340576172, "max": 595.9520874023438}}, "gwa-vestas-v136-mode0-100": {"lg": {"min": 87.68968963623047, "max": 689.479736328125}, "li": {"min": 2.5175552368164062, "max": 24.02659034729004}, "lr": {"min": 0.0, "max": 4.312447547912598}, "total": {"min": 90.37640380859375, "max": 712.6074829101562}}, "gwa-vestas-v126-mode0-100": {"lg": {"min": 94.53690338134766,