{"worldpop": {"min": -3.4028234663852886e+38, "max": 643.3113403320312}, "slope": {"min": 0.0, "max": 16.63149642944336}, "land-cover": {"min": 43.400909423828125, "max": 210.0}, "airports": {"min": 0.0, "max": 24596.748046875}, "ports": {"min": 0.0, "max": 38897.30078125}, "anchorages": {"min": 0.0, "max": 11510.8642578125}, "grid": {"min": 15206.90625, "max": 60747.4296875}, "roads": {"min": 0.0, "max": 5408.3271484375}, "pp-whs": {"min": 301587.875, "max": 733532.0625}, "unep-coral": {"min": 0.0, "max": 4301.16259765625}, "unesco": {"min": 20000.0, "max": 68936.5625}, "unesco-ramsar": {"min": 49819.67578125, "max": 69305.484375}, "wwf-glw-1": {"min": 65535.0, "max": 167810.90625}, "wwf-glw-2": {"min": 0.0, "max": 47381.4296875}, "jrc-gsw": {"min": 0.0, "max": 1.0}, "pp-marine-protected": {"min": 0.0, "max": 1.0}, "unep-tidal": {"min": 0.0, "max": 1.0}, "wwf-glw-3": {"min": 1.0, "max": 255.0}, "gsa-pvout": {"min": 4.734656810760498, "max": 5.071861743927002}, "gsa-ghi": {"min": 5.744725227355957, "max": 6.265405654907227}, "gsa-gti": {"min": 5.9723100662231445, "max": 6.416090488433838}, "gsa-temp": {"min": 22.45206642150879, "max": 26.799999237060547}, "gwa-iec1": {"min": 0.25002673268318176, "max": 0.6448580026626587}, "gwa-iec2": {"min": 0.30683547258377075, "max": 0.7169703841209412}, "gwa-iec3": {"min": 0.3503324091434479, "max": 0.7609840631484985}, "gwa-power-10": {"min": 19.076013565063477, "max": 326.9264831542969}, "gwa-speed-10": {"min": 2.3985183238983154, "max": 7.149473190307617}, "gwa-power-50": {"min": 94.21562194824219, "max": 630.9324951171875}, "gwa-speed-50": {"min": 4.715900897979736, "max": 8.72208309173584}, "gwa-power-100": {"min": 205.19088745117188, "max": 861.7042236328125}, "gwa-speed-100": {"min": 6.349743843078613, "max": 10.185129165649414}, "gwa-power-150": {"min": 287.7786560058594, "max": 804.9326171875}, "gwa-speed-150": {"min": 7.126819610595703, "max": 10.162748336791992}, "gwa-power-200": {"min": 331.2441101074219, "max": 801.3213500976562}, "gwa-speed-200": {"min": 7.479985237121582, "max": 10.575334548950195}, "gebco": {"min": -139.0, "max": 390.0}, "srtm90": {"min": 2.0, "max": 377.0}, "waterbodies": {"min": 0.0, "max": 2.0}, "gwa-enercon-e44-50": {"min": 0.07433763891458511, "max": 0.36825287342071533}, "gwa-enercon-e48-50": {"min": 0.09740345925092697, "max": 0.4626534581184387}, "gwa-enercon-e53-50": {"min": 0.1254105120897293, "max": 0.5293894410133362}, "gwa-offshore-dtu-10mw-119": {"min": 0.24911756813526154, "max": 0.6199095845222473}, "gwa-offshore-iea-15mw-150": {"min": 0.3566076159477234, "max": 0.726422905921936}, "gwa-offshore-leanwind-8mw-110": {"min": 0.2430879920721054, "max": 0.6297920942306519}, "gwa-vestas-v100-mode0-100": {"min": 0.3440418839454651, "max": 0.7649510502815247}, "gwa-vestas-v100-mode0-120": {"min": 0.39393118023872375, "max": 0.7818732857704163}, "gwa-vestas-v100-mode0-150": {"min": 0.4433082938194275, "max": 0.8071349859237671}, "gwa-vestas-v100-mode0-80": {"min": 0.2812795639038086, "max": 0.7341822981834412}, "gwa-vestas-v110-mode0-100": {"min": 0.39808908104896545, "max": 0.810248076915741}, "gwa-vestas-v110-mode0-120": {"min": 0.44945186376571655, "max": 0.8248746395111084}, "gwa-vestas-v110-mode0-150": {"min": 0.499484121799469, "max": 0.848381519317627}, "gwa-vestas-v110-mode0-80": {"min": 0.32992538809776306, "max": 0.7856255173683167}, "gwa-vestas-v112-mode0-100": {"min": 0.24961082637310028, "max": 0.6517054438591003}, "gwa-vestas-v112-mode0-120": {"min": 0.2923789322376251, "max": 0.6723659038543701}, "gwa-vestas-v112-mode0-150": {"min": 0.3361056447029114, "max": 0.6982161998748779}, "gwa-vestas-v112-mode0-80": {"min": 0.20028920471668243, "max": 0.6128178834915161}, "gwa-vestas-v120-mode0-100": {"min": 0.4210579991340637, "max": 0.8271306753158569}, "gwa-vestas-v120-mode0-120": {"min": 0.472779244184494, "max": 0.8406604528427124}, "gwa-vestas-v120-mode0-150": {"min": 0.5228115320205688, "max": 0.8632638454437256}, "gwa-vestas-v120-mode0-80": {"min": 0.3507380187511444, "max": 0.8053006529808044}, "gwa-vestas-v126-mode0-100": {"min": 0.30716949701309204, "max": 0.7246572971343994}, "gwa-vestas-v126-mode0-120": {"min": 0.35460978746414185, "max": 0.7431702613830566}, "gwa-vestas-v126-mode0-150": {"min": 0.4021461009979248, "max": 0.7689688205718994}, "gwa-vestas-v126-mode0-80": {"min": 0.24961751699447632, "max": 0.6890104413032532}, "gwa-vestas-v136-mode0-100": {"min": 0.3510078489780426, "max": 0.7690072059631348}, "gwa-vestas-v136-mode0-120": {"min": 0.40078702569007874, "max": 0.7856513857841492}, "gwa-vestas-v136-mode0-150": {"min": 0.4499301016330719, "max": 0.8105195164680481}, "gwa-vestas-v136-mode0-80": {"min": 0.2879346013069153, "max": 0.7388354539871216}, "air-density": {"min": 1.1185261011123657, "max": 1.154484510421753}, "lcoe": {"gwa-vestas-v100-mode0-120": {"lg": {"min": 48.45574951171875, "max": 92.23561096191406}, "li": {"min": 1.7223992347717285, "max": 3.3736417293548584}, "lr": {"min": 0.0, "max": 0.10219963639974594}, "total": {"min": 50.69608688354492, "max": 95.53600311279297}}, "gwa-vestas-v110-mode0-120": {"lg": {"min": 46.13823318481445, "max": 81.33589172363281}, "li": {"min": 1.635067105293274, "max": 2.9459831714630127}, "lr": {"min": 0.0, "max": 0.09043125808238983}, "total": {"min": 48.26177978515625, "max": 84.22859191894531}}, "gwa-vestas-v112-mode0-120": {"lg": {"min": 55.69619369506836, "max": 122.88257598876953}, "li": {"min": 1.9663504362106323, "max": 4.636600971221924}, "lr": {"min": 0.0, "max": 0.13774371147155762}, "total": {"min": 58.30141067504883, "max": 127.32929992675781}}, "gwa-vestas-v112-mode0-100": {"lg": {"min": 57.335079193115234, "max": 143.25181579589844}, "li": {"min": 1.9934673309326172, "max": 5.546933650970459}, "lr": {"min": 0.0, "max": 0.16082733869552612}, "total": {"min": 60.02288818359375, "max": 148.41873168945312}}, "gwa-offshore-dtu-10mw-119": {"lg": {"min": 60.07069396972656, "max": 143.52752685546875}, "li": {"min": 2.105217218399048, "max": 5.452625274658203}, "lr": {"min": 0.0, "max": 0.160535529255867}, "total": {"min": 62.896366119384766, "max": 148.7046661376953}}, "gwa-vestas-v126-mode0-150": {"lg": {"min": 49.2017822265625, "max": 90.43315887451172}, "li": {"min": 1.8292349576950073, "max": 3.1915838718414307}, "lr": {"min": 0.0, "max": 0.09797859936952591}, "total": {"min": 51.453330993652344, "max": 93.66613006591797}}, "gwa-vestas-v120-mode0-80": {"lg": {"min": 47.16246795654297, "max": 103.10177612304688}, "li": {"min": 1.7071508169174194, "max": 3.7815604209899902}, "lr": {"min": 0.0, "max": 0.11142999678850174}, "total": {"min": 49.390960693359375, "max": 106.7789306640625}}, "gsa-pvout": {"lg": {"min": 152.8526813507515, "max": 163.45405341904146}, "li": {"min": 5.609359671334135, "max": 8.344214797012182}, "lr": {"min": 0.0, "max": 0.2748966754328809}, "total": {"min": 160.75271701186733, "max": 171.2364501562667}}, "gwa-vestas-v126-mode0-80": {"lg": {"min": 54.44736862182617, "max": 143.24807739257812}, "li": {"min": 1.9250707626342773, "max": 5.441289901733398}, "lr": {"min": 0.0, "max": 0.15648876130580902}, "total": {"min": 57.05198287963867, "max": 148.41485595703125}}, "gwa-offshore-leanwind-8mw-110": {"lg": {"min": 59.19084930419922, "max": 146.98838806152344}, "li": {"min": 2.0565381050109863, "max": 5.647464752197266}, "lr": {"min": 0.0, "max": 0.16433677077293396}, "total": {"min": 61.9721794128418, "max": 152.29396057128906}}, "gwa-vestas-v110-mode0-100": {"lg": {"min": 46.89891052246094, "max": 91.31402587890625}, "li": {"min": 1.6542853116989136, "max": 3.3827569484710693}, "lr": {"min": 0.0, "max": 0.10133565217256546}, "total": {"min": 49.060791015625, "max": 94.55379486083984}}, "gwa-vestas-v136-mode0-100": {"lg": {"min": 49.19952392578125, "max": 103.02558898925781}, "li": {"min": 1.7346365451812744, "max": 3.867060899734497}, "lr": {"min": 0.0, "max": 0.11455370485782623}, "total": {"min": 51.47734451293945, "max": 106.69992065429688}},