{"worldpop":{"min":-3.4028234663852886e+38,"max":640.0907592773438},"slope":{"min":0.0,"max":49.00310134887695},"land-cover":{"min":40.385398864746094,"max":210.0},"airports":{"min":0.0,"max":398188.71875},"ports":{"min":500.0,"max":398030.46875},"anchorages":{"min":0.0,"max":397041.5625},"grid":{"min":7810.25,"max":415116.84375},"roads":{"min":0.0,"max":391742.875},"pp-whs":{"min":268060.15625,"max":755032.5},"unep-coral":{"min":0.0,"max":353385.40625},"unesco":{"min":11715.375,"max":437449.71875},"unesco-ramsar":{"min":29231.83203125,"max":500000.0},"wwf-glw-1":{"min":65535.0,"max":500000.0},"wwf-glw-2":{"min":0.0,"max":377943.4375},"jrc-gsw":{"min":0.0,"max":255.0},"pp-marine-protected":{"min":0.0,"max":1.0},"unep-tidal":{"min":0.0,"max":1.0},"wwf-glw-3":{"min":1.0,"max":255.0},"gsa-pvout":{"min":4.606884479522705,"max":5.082916736602783},"gsa-ghi":{"min":5.588196277618408,"max":6.282431125640869},"gsa-gti":{"min":5.763643264770508,"max":6.427364826202393},"gsa-temp":{"min":20.718481063842773,"max":26.899999618530273},"gwa-iec1":{"min":0.13801971077919006,"max":0.7094409465789795},"gwa-iec2":{"min":0.17377382516860962,"max":0.7471155524253845},"gwa-iec3":{"min":0.20158687233924866,"max":0.7748167514801025},"gwa-power-10":{"min":23.685300827026367,"max":500.8805847167969},"gwa-speed-10":{"min":2.5099668502807617,"max":7.523278713226318},"gwa-power-50":{"min":59.195220947265625,"max":1066.8739013671875},"gwa-speed-50":{"min":3.691133737564087,"max":10.662672996520996},"gwa-power-100":{"min":117.9796371459961,"max":1217.4085693359375},"gwa-speed-100":{"min":5.105678081512451,"max":9.73652458190918},"gwa-power-150":{"min":173.1231231689453,"max":1099.9219970703125},"gwa-speed-150":{"min":5.989808082580566,"max":11.32166576385498},"gwa-power-200":{"min":210.58413696289062,"max":1016.1588134765625},"gwa-speed-200":{"min":6.3411383628845215,"max":10.910065650939941},"gebco":{"min":-5424.0,"max":683.0},"srtm90":{"min":1.0,"max":676.0},"waterbodies":{"min":0.0,"max":2.0},"gwa-enercon-e44-50":{"min":0.0348677858710289,"max":0.554127037525177},"gwa-enercon-e48-50":{"min":0.04597378149628639,"max":0.6295116543769836},"gwa-enercon-e53-50":{"min":0.06271874159574509,"max":0.6736836433410645},"gwa-offshore-dtu-10mw-119":{"min":0.12867073714733124,"max":0.7112777233123779},"gwa-offshore-iea-15mw-150":{"min":0.21116213500499725,"max":0.7552947402000427},"gwa-offshore-leanwind-8mw-110":{"min":0.12333253771066666,"max":0.7245155572891235},"gwa-vestas-v100-mode0-100":{"min":0.18520154058933258,"max":0.7933902740478516},"gwa-vestas-v100-mode0-120":{"min":0.22798144817352295,"max":0.8031248450279236},"gwa-vestas-v100-mode0-150":{"min":0.27966880798339844,"max":0.80454021692276},"gwa-vestas-v100-mode0-80":{"min":0.13905806839466095,"max":0.7785608768463135},"gwa-vestas-v110-mode0-100":{"min":0.22215858101844788,"max":0.8230488300323486},"gwa-vestas-v110-mode0-120":{"min":0.2718023657798767,"max":0.8330041170120239},"gwa-vestas-v110-mode0-150":{"min":0.3299383223056793,"max":0.8436281681060791},"gwa-vestas-v110-mode0-80":{"min":0.16835762560367584,"max":0.8082849979400635},"gwa-vestas-v112-mode0-100":{"min":0.12799598276615143,"max":0.7410812377929688},"gwa-vestas-v112-mode0-120":{"min":0.15879394114017487,"max":0.744551420211792},"gwa-vestas-v112-mode0-150":{"min":0.19733990728855133,"max":0.7378855347633362},"gwa-vestas-v112-mode0-80":{"min":0.09493766725063324,"max":0.7307525873184204},"gwa-vestas-v120-mode0-100":{"min":0.2378951460123062,"max":0.8322065472602844},"gwa-vestas-v120-mode0-120":{"min":0.2906656563282013,"max":0.8349528908729553},"gwa-vestas-v120-mode0-150":{"min":0.35159847140312195,"max":0.8594433665275574},"gwa-vestas-v120-mode0-80":{"min":0.1806064248085022,"max":0.8172540664672852},"gwa-vestas-v126-mode0-100":{"min":0.16304133832454681,"max":0.7726986408233643},"gwa-vestas-v126-mode0-120":{"min":0.20092424750328064,"max":0.7807965874671936},"gwa-vestas-v126-mode0-150":{"min":0.24729840457439423,"max":0.7797680497169495},"gwa-vestas-v126-mode0-80":{"min":0.12220233678817749,"max":0.7588416934013367},"gwa-vestas-v136-mode0-100":{"min":0.19074466824531555,"max":0.799744725227356},"gwa-vestas-v136-mode0-120":{"min":0.23433572053909302,"max":0.8084487915039062},"gwa-vestas-v136-mode0-150":{"min":0.28658953309059143,"max":0.8087037801742554},"gwa-vestas-v136-mode0-80":{"min":0.14365187287330627,"max":0.7857345938682556},"air-density":{"min":1.0894969701766968,"max":1.1550626754760742}}