{"worldpop":{"min":-3.4028234663852886e+38,"max":9413.9677734375},"slope":{"min":0.0,"max":9.862818717956543},"land-cover":{"min":10.0,"max":210.0},"airports":{"min":0.0,"max":343244.09375},"ports":{"min":65535.0,"max":499996.5},"anchorages":{"min":65535.0,"max":65535.0},"grid":{"min":0.0,"max":133709.578125},"roads":{"min":0.0,"max":42746.34375},"pp-whs":{"min":0.0,"max":312349.15625},"unep-coral":{"min":65535.0,"max":65535.0},"unesco":{"min":0.0,"max":330490.53125},"unesco-ramsar":{"min":0.0,"max":500000.0},"wwf-glw-1":{"min":0.0,"max":419501.1875},"wwf-glw-2":{"min":0.0,"max":253738.546875},"jrc-gsw":{"min":0.0,"max":1.0},"pp-marine-protected":{"min":0.0,"max":0.0},"unep-tidal":{"min":0.0,"max":0.0},"wwf-glw-3":{"min":1.0,"max":255.0},"gsa-pvout":{"min":4.195308208465576,"max":4.753986358642578},"gsa-ghi":{"min":5.336090564727783,"max":6.035404205322266},"gsa-gti":{"min":5.436046123504639,"max":6.295670509338379},"gsa-temp":{"min":25.392513275146484,"max":30.5},"gwa-iec1":{"min":0.037415605038404465,"max":0.37751609086990356},"gwa-iec2":{"min":0.05015826225280762,"max":0.43300268054008484},"gwa-iec3":{"min":0.05967541038990021,"max":0.4718078374862671},"gwa-power-10":{"min":4.840175628662109,"max":199.56504821777344},"gwa-speed-10":{"min":1.4550883769989014,"max":4.978924751281738},"gwa-power-50":{"min":21.815303802490234,"max":336.73699951171875},"gwa-speed-50":{"min":2.5599420070648193,"max":6.390476226806641},"gwa-power-100":{"min":36.350364685058594,"max":426.2785339355469},"gwa-speed-100":{"min":3.1870028972625732,"max":7.461813926696777},"gwa-power-150":{"min":70.4210433959961,"max":601.0516967773438},"gwa-speed-150":{"min":3.9283337593078613,"max":8.490072250366211},"gwa-power-200":{"min":118.58467864990234,"max":802.823486328125},"gwa-speed-200":{"min":4.513976097106934,"max":9.22349739074707},"gebco":{"min":145.0,"max":706.0},"srtm90":{"min":145.0,"max":696.0},"waterbodies":{"min":1.0,"max":2.0},"gwa-enercon-e44-50":{"min":0.012687403708696365,"max":0.21904431283473969},"gwa-enercon-e48-50":{"min":0.016911650076508522,"max":0.2658686935901642},"gwa-enercon-e53-50":{"min":0.025828363373875618,"max":0.30324622988700867},"gwa-offshore-dtu-10mw-119":{"min":0.036622606217861176,"max":0.3821629583835602},"gwa-offshore-iea-15mw-150":{"min":0.0858844444155693,"max":0.48544010519981384},"gwa-offshore-leanwind-8mw-110":{"min":0.033024679869413376,"max":0.37927860021591187},"gwa-vestas-v100-mode0-100":{"min":0.05635195970535278,"max":0.478374183177948},"gwa-vestas-v100-mode0-120":{"min":0.07482904940843582,"max":0.5144219398498535},"gwa-vestas-v100-mode0-150":{"min":0.1151946559548378,"max":0.5585612058639526},"gwa-vestas-v100-mode0-80":{"min":0.04625057801604271,"max":0.4442599415779114},"gwa-vestas-v110-mode0-100":{"min":0.0698607787489891,"max":0.5237063765525818},"gwa-vestas-v110-mode0-120":{"min":0.0917319506406784,"max":0.5618809461593628},"gwa-vestas-v110-mode0-150":{"min":0.1378934681415558,"max":0.6028722524642944},"gwa-vestas-v110-mode0-80":{"min":0.05767732858657837,"max":0.4884638786315918},"gwa-vestas-v112-mode0-100":{"min":0.037182748317718506,"max":0.3859546184539795},"gwa-vestas-v112-mode0-120":{"min":0.05017256736755371,"max":0.42180755734443665},"gwa-vestas-v112-mode0-150":{"min":0.07992977648973465,"max":0.4668388068675995},"gwa-vestas-v112-mode0-80":{"min":0.030258487910032272,"max":0.35591328144073486},"gwa-vestas-v120-mode0-100":{"min":0.07497696578502655,"max":0.5429800152778625},"gwa-vestas-v120-mode0-120":{"min":0.09835395216941833,"max":0.5802726745605469},"gwa-vestas-v120-mode0-150":{"min":0.1470731943845749,"max":0.6182194948196411},"gwa-vestas-v120-mode0-80":{"min":0.061891257762908936,"max":0.5053783059120178},"gwa-vestas-v126-mode0-100":{"min":0.04944280534982681,"max":0.443145751953125},"gwa-vestas-v126-mode0-120":{"min":0.06571794301271439,"max":0.4771886467933655},"gwa-vestas-v126-mode0-150":{"min":0.1018245667219162,"max":0.5233781933784485},"gwa-vestas-v126-mode0-80":{"min":0.040582653135061264,"max":0.41056740283966064},"gwa-vestas-v136-mode0-100":{"min":0.05873463302850723,"max":0.4829042851924896},"gwa-vestas-v136-mode0-120":{"min":0.07766024768352509,"max":0.5191761255264282},"gwa-vestas-v136-mode0-150":{"min":0.1186499074101448,"max":0.5628696084022522},"gwa-vestas-v136-mode0-80":{"min":0.048326313495635986,"max":0.44887611269950867},"air-density":{"min":1.071003794670105,"max":1.1306605339050293},"lcoe":{"gwa-vestas-v100-mode0-120":{"lg":{"min":71.5685806274414,"max":468.5089111328125},"li":{"min":2.2013118267059326,"max":16.954317092895508},"lr":{"min":0.0,"max":2.4197561740875244},"total":{"min":75.20235443115234,"max":486.2800598144531}},"gwa-vestas-v110-mode0-120":{"lg":{"min":65.86143493652344,"max":382.9166564941406},"li":{"min":2.0163886547088623,"max":13.885637283325195},"lr":{"min":0.0,"max":1.998148798942566},"total":{"min":69.77379608154297,"max":397.4132080078125}},"gwa-vestas-v112-mode0-120":{"lg":{"min":86.40430450439453,"max":696.7841186523438},"li":{"min":2.704639196395874,"max":25.144001007080078},"lr":{"min":0.0,"max":3.5932259559631348},"total":{"min":89.843017578125,"max":723.28857421875}},"gwa-vestas-v112-mode0-100":{"lg":{"min":94.0591812133789,"max":938.8087768554688},"li":{"min":2.9441237449645996,"max":34.35602951049805},"lr":{"min":0.0,"max":4.912533760070801},"total":{"min":97.81732940673828,"max":974.5726318359375}},"gwa-offshore-dtu-10mw-119":{"lg":{"min":94.95271301269531,"max":953.1066284179688},"li":{"min":3.0128421783447266,"max":34.10978698730469},"lr":{"min":0.0,"max":4.864260673522949},"total":{"min":98.74815368652344,"max":989.41748046875}},"gwa-vestas-v126-mode0-150":{"lg":{"min":70.41232299804688,"max":345.3592834472656},"li":{"min":2.206841230392456,"max":12.759533882141113},"lr":{"min":0.0,"max":1.8588595390319824},"total":{"min":74.44808197021484,"max":358.41900634765625}},"gwa-vestas-v120-mode0-80":{"lg":{"min":72.7777099609375,"max":565.6102294921875},"li":{"min":2.2165966033935547,"max":20.875619888305664},"lr":{"min":0.0,"max":3.0045666694641113},"total":{"min":76.48493957519531,"max":589.0811767578125}},"gsa-pvout":{"lg":{"min":162.80571862629392,"max":183.9534581274442},"li":{"min":4.724907394931654,"max":13.776903940104583},"lr":{"min":0.0,"max":2.4542662020374353},"total":{"min":168.36960101515118,"max":189.79350447063953}},"gwa-vestas-v126-mode0-80":{"lg":{"min":88.6603012084961,"max":860.4930419921875},"li":{"min":2.7574634552001953,"max":31.836713790893555},"lr":{"min":0.0,"max":4.571503639221191},"total":{"min":93.2236328125,"max":896.287841796875}},"gwa-offshore-leanwind-8mw-110":{"lg":{"min":95.64440155029297,"max":1056.508544921875},"li":{"min":3.023562431335449,"max":38.24299621582031},"lr":{"min":0.0,"max":5.431047439575195},"total":{"min":99.46870422363281,"max":1096.7752685546875}},"gwa-vestas-v110-mode0-100":{"lg":{"min":70.37069702148438,"max":501.54327392578125},"li":{"min":2.1388139724731445,"max":18.263757705688477},"lr":{"min":0.0,"max":2.627979278564453},"total":{"min":73.94818115234375,"max":520.5783081054688}},"gwa-vestas-v136-mode0-100":{"lg":{"min":75.97856903076172,"max":595.793212890625},"li":{"min":2.3300423622131348,"max":21.73201560974121},"lr":{"min":0.0,"max":3.1222054958343506},"total":{"min":79.80317687988281,"max":618.4340209960938}},"gwa-vestas-v126-mode0-100":{"lg":{"min":82.43640899658203,"max":707.0094604492188},"li":{"min":2.549833297729492,"max":25.823326110839844},"lr":{"min":0.0,"max":3.7058136463165283},"total":{"min":86.2835922241211,"max":733.9051513671875}},"gwa-vestas-v126-mode0-120":{"lg":{"min":76.84071350097656,"max":532.908203125},"li":{"min":2.3696932792663574,"max":19.28769874572754},"lr":{"min":0.0,"max":2.7543745040893555},"total":{"min":80.13077545166016,"max":553.1431274414062}},"gwa-vestas-v120-mode0-120":{"lg":{"min":63.90073776245117,"max":357.4048156738281},"li":{"min":1.957371473312378,"max":12.96043872833252},"lr":{"min":0.0,"max":1.8681663274765015},"total":{"min":68.0631332397461,