{"worldpop": {"min": -3.4028234663852886e+38, "max": 165759.203125}, "slope": {"min": -3.4028234663852886e+38, "max": 21.485017776489258}, "land-cover": {"min": 10.0, "max": 210.0}, "airports": {"min": 0.0, "max": 229539.21875}, "ports": {"min": 0.0, "max": 349120.65625}, "anchorages": {"min": 0.0, "max": 499993.25}, "grid": {"min": 0.0, "max": 46327.63671875}, "roads": {"min": 0.0, "max": 69856.9921875}, "pp-whs": {"min": 0.0, "max": 307620.6875}, "unep-coral": {"min": 14080.1279296875, "max": 500000.0}, "unesco": {"min": 0.0, "max": 289803.8125}, "unesco-ramsar": {"min": 65535.0, "max": 500000.0}, "wwf-glw-1": {"min": 0.0, "max": 279056.46875}, "wwf-glw-2": {"min": 0.0, "max": 126722.140625}, "jrc-gsw": {"min": 0.0, "max": 1.0}, "pp-marine-protected": {"min": 0.0, "max": 1.0}, "unep-tidal": {"min": 0.0, "max": 1.0}, "wwf-glw-3": {"min": 1.0, "max": 255.0}, "gsa-pvout": {"min": 3.622443914413452, "max": 4.286614894866943}, "gsa-ghi": {"min": 4.263713359832764, "max": 4.986595153808594}, "gsa-gti": {"min": 4.580763816833496, "max": 5.392545700073242}, "gsa-temp": {"min": 21.107316970825195, "max": 26.600000381469727}, "gwa-iec1": {"min": 0.005906522274017334, "max": 0.2969532608985901}, "gwa-iec2": {"min": 0.008150671608746052, "max": 0.3381108343601227}, "gwa-iec3": {"min": 0.009704978205263615, "max": 0.37035298347473145}, "gwa-power-10": {"min": 1.9729169607162476, "max": 357.46002197265625}, "gwa-speed-10": {"min": 0.6946983933448792, "max": 4.748885154724121}, "gwa-power-50": {"min": 5.128607273101807, "max": 313.38873291015625}, "gwa-speed-50": {"min": 1.1519886255264282, "max": 5.865793704986572}, "gwa-power-100": {"min": 8.072809219360352, "max": 326.9345703125}, "gwa-speed-100": {"min": 1.4896655082702637, "max": 6.4086432456970215}, "gwa-power-150": {"min": 10.413620948791504, "max": 393.8089904785156}, "gwa-speed-150": {"min": 1.6348345279693604, "max": 6.864096164703369}, "gwa-power-200": {"min": 12.660310745239258, "max": 458.2694091796875}, "gwa-speed-200": {"min": 1.6972999572753906, "max": 7.177645683288574}, "gebco": {"min": -106.0, "max": 935.0}, "srtm90": {"min": -3.0, "max": 911.0}, "waterbodies": {"min": 0.0, "max": 2.0}, "gwa-enercon-e44-50": {"min": 0.0020293507259339094, "max": 0.21138586103916168}, "gwa-enercon-e48-50": {"min": 0.0027172286063432693, "max": 0.2552424371242523}, "gwa-enercon-e53-50": {"min": 0.004758400376886129, "max": 0.29039421677589417}, "gwa-offshore-dtu-10mw-119": {"min": 0.0037720506079494953, "max": 0.2955738604068756}, "gwa-offshore-iea-15mw-150": {"min": 0.00893282238394022, "max": 0.3582436740398407}, "gwa-offshore-leanwind-8mw-110": {"min": 0.003844022750854492, "max": 0.3011358380317688}, "gwa-vestas-v100-mode0-100": {"min": 0.008628369309008121, "max": 0.3885720670223236}, "gwa-vestas-v100-mode0-120": {"min": 0.010160306468605995, "max": 0.3988000452518463}, "gwa-vestas-v100-mode0-150": {"min": 0.012639711610972881, "max": 0.4141104221343994}, "gwa-vestas-v100-mode0-80": {"min": 0.007300158031284809, "max": 0.3808227479457855}, "gwa-vestas-v110-mode0-100": {"min": 0.010946986265480518, "max": 0.42514774203300476}, "gwa-vestas-v110-mode0-120": {"min": 0.012839707545936108, "max": 0.43554437160491943}, "gwa-vestas-v110-mode0-150": {"min": 0.01586023159325123, "max": 0.45813918113708496}, "gwa-vestas-v110-mode0-80": {"min": 0.00926488172262907, "max": 0.41666099429130554}, "gwa-vestas-v112-mode0-100": {"min": 0.005501203238964081, "max": 0.31825923919677734}, "gwa-vestas-v112-mode0-120": {"min": 0.006496918387711048, "max": 0.3277704417705536}, "gwa-vestas-v112-mode0-150": {"min": 0.008119284175336361, "max": 0.3442474901676178}, "gwa-vestas-v112-mode0-80": {"min": 0.004650336690247059, "max": 0.3129734694957733}, "gwa-vestas-v120-mode0-100": {"min": 0.011708335019648075, "max": 0.43650245666503906}, "gwa-vestas-v120-mode0-120": {"min": 0.013736854307353497, "max": 0.44680801033973694}, "gwa-vestas-v120-mode0-150": {"min": 0.016969863325357437, "max": 0.4763132333755493}, "gwa-vestas-v120-mode0-80": {"min": 0.009911089204251766, "max": 0.42694801092147827}, "gwa-vestas-v126-mode0-100": {"min": 0.007603236939758062, "max": 0.3617866635322571}, "gwa-vestas-v126-mode0-120": {"min": 0.008943682536482811, "max": 0.3717084527015686}, "gwa-vestas-v126-mode0-150": {"min": 0.01113518513739109, "max": 0.387194961309433}, "gwa-vestas-v126-mode0-80": {"min": 0.006435191724449396, "max": 0.35496869683265686}, "gwa-vestas-v136-mode0-100": {"min": 0.009104679338634014, "max": 0.3929748237133026}, "gwa-vestas-v136-mode0-120": {"min": 0.010700613260269165, "max": 0.4032014012336731}, "gwa-vestas-v136-mode0-150": {"min": 0.0132702412083745, "max": 0.4194231629371643}, "gwa-vestas-v136-mode0-80": {"min": 0.007706908043473959, "max": 0.3852522075176239}, "air-density": {"min": 1.0670057535171509, "max": 1.1614763736724854}, "lcoe": {"gwa-vestas-v100-mode0-120": {"lg": {"min": 91.15836334228516, "max": 3425.034912109375}, "li": {"min": 2.696073293685913, "max": 102.37201690673828}, "lr": {"min": 0.0, "max": 7.0477776527404785}, "total": {"min": 94.1119384765625, "max": 3527.986083984375}}, "gwa-vestas-v110-mode0-120": {"lg": {"min": 83.8053207397461, "max": 2711.130126953125}, "li": {"min": 2.423053741455078, "max": 81.0089340209961}, "lr": {"min": 0.0, "max": 5.560475826263428}, "total": {"min": 86.50971984863281, "max": 2792.597412109375}}, "gwa-vestas-v112-mode0-120": {"lg": {"min": 110.0460433959961, "max": 5354.0380859375}, "li": {"min": 3.369007110595703, "max": 159.62290954589844}, "lr": {"min": 0.0, "max": 11.043159484863281}, "total": {"min": 113.6396713256836, "max": 5514.56689453125}}, "gwa-vestas-v112-mode0-100": {"lg": {"min": 113.21524047851562, "max": 6322.392578125}, "li": {"min": 3.5023398399353027, "max": 189.07337951660156}, "lr": {"min": 0.0, "max": 12.314168930053711}, "total": {"min": 116.91627502441406, "max": 6512.53564453125}}, "gwa-offshore-dtu-10mw-119": {"lg": {"min": 121.5975570678711, "max": 9218.8193359375}, "li": {"min": 3.785878896713257, "max": 272.9644775390625}, "lr": {"min": 0.0, "max": 18.488365173339844}, "total": {"min": 125.5826416015625, "max": 9493.3447265625}}, "gwa-vestas-v126-mode0-150": {"lg": {"min": 93.77069854736328, "max": 3125.525146484375}, "li": {"min": 2.7117371559143066, "max": 93.13333892822266}, "lr": {"min": 0.0, "max": 6.71310567855835}, "total": {"min": 96.81280517578125, "max": 3219.18701171875}}, "gwa-vestas-v120-mode0-80": {"lg": {"min": 85.41215515136719, "max": 3511.05712890625}, "li": {"min": 2.549797296524048, "max": 104.94618225097656}, "lr": {"min": 0.0, "max": 6.359274387359619}, "total": {"min": 88.17100524902344, "max": 3616.59716796875}}, "gsa-pvout": {"lg": {"min": 180.12037436063332, "max": 212.41184511370867}, "li": {"min": 5.244596395742772, "max": 9.480850072574425}, "lr": {"min": 0.0, "max": 4.429322842684435}, "total": {"min": 186.22365882084807, "max": 218.70056079742213}}, "gwa-vestas-v126-mode0-80": {"lg": {"min": 101.92063903808594, "max": 5405.35595703125}, "li": {"min": 3.1562819480895996, "max": 161.63169860839844}, "lr": {"min": 0.0, "max": 9.796031951904297}, "total": {"min": 105.23892211914062, "max": 5567.90234375}}, "gwa-offshore-leanwind-8mw-110": {"lg": {"min": 119.4255142211914, "max": 9046.2880859375}, "li": {"min": 3.7183008193969727, "max": 267.85369873046875}, "lr": {"min": 0.0, "max": 17.834230422973633}, "total": {"min": 123.33699798583984, "max": 9315.6728515625}}, "gwa-vestas-v110-mode0-100": {"lg": {"min": 85.75689697265625, "max": 3179.18994140625}, "li": {"min": 2.5263540744781494, "max": 95.01528930664062}, "lr": {"min": 0.0, "max": 6.180008411407471}, "total": {"min": 88.52743530273438, "max": 3274.742919921875}}, "gwa-vestas-v136-mode0-100": {"lg": {"min": 92.45034790039062, "max": 3821.68115234375}, "li": {"min": 2.7625386714935303, "max": 114.24137115478516}, "lr": {"min": 0.0, "max": 7.437941551208496}, "total": {"min": 95.44770812988281, "max": 3936.569091796875}},