{"worldpop": {"min": -3.4028234663852886e+38, "max": 165759.203125}, "slope": {"min": 0.0, "max": 25.509002685546875}, "land-cover": {"min": 10.0, "max": 210.0}, "airports": {"min": 0.0, "max": 461756.71875}, "ports": {"min": 0.0, "max": 393011.78125}, "anchorages": {"min": 0.0, "max": 344822.0625}, "grid": {"min": 0.0, "max": 390603.6875}, "roads": {"min": 0.0, "max": 383900.0625}, "pp-whs": {"min": 0.0, "max": 462390.53125}, "unep-coral": {"min": 0.0, "max": 499992.5}, "unesco": {"min": 0.0, "max": 473377.5}, "unesco-ramsar": {"min": 65535.0, "max": 500000.0}, "wwf-glw-1": {"min": 14221.4619140625, "max": 453698.4375}, "wwf-glw-2": {"min": 0.0, "max": 393207.65625}, "jrc-gsw": {"min": 0.0, "max": 255.0}, "pp-marine-protected": {"min": 0.0, "max": 1.0}, "unep-tidal": {"min": 0.0, "max": 1.0}, "wwf-glw-3": {"min": 1.0, "max": 255.0}, "gsa-pvout": {"min": 3.7644052505493164, "max": 4.268738269805908}, "gsa-ghi": {"min": 4.4743146896362305, "max": 4.986595153808594}, "gsa-gti": {"min": 4.767838001251221, "max": 5.392545700073242}, "gsa-temp": {"min": 24.471052169799805, "max": 26.899999618530273}, "gwa-iec1": {"min": 0.07153933495283127, "max": 0.3099859356880188}, "gwa-iec2": {"min": 0.09348786622285843, "max": 0.36251649260520935}, "gwa-iec3": {"min": 0.110617995262146, "max": 0.3994826376438141}, "gwa-power-10": {"min": 5.119876861572266, "max": 141.17897033691406}, "gwa-speed-10": {"min": 1.5470468997955322, "max": 4.963254451751709}, "gwa-power-50": {"min": 33.56742477416992, "max": 225.73988342285156}, "gwa-speed-50": {"min": 3.0957114696502686, "max": 5.961855411529541}, "gwa-power-100": {"min": 62.82676315307617, "max": 281.79156494140625}, "gwa-speed-100": {"min": 3.9925169944763184, "max": 6.570237159729004}, "gwa-power-150": {"min": 101.52998352050781, "max": 353.5089111328125}, "gwa-speed-150": {"min": 4.677915096282959, "max": 6.971508502960205}, "gwa-power-200": {"min": 141.98509216308594, "max": 415.6437072753906}, "gwa-speed-200": {"min": 5.193585395812988, "max": 7.222201824188232}, "gebco": {"min": -2197.0, "max": 293.0}, "srtm90": {"min": -3.0, "max": 307.0}, "waterbodies": {"min": 0.0, "max": 2.0}, "gwa-enercon-e44-50": {"min": 0.021372832357883453, "max": 0.16875645518302917}, "gwa-enercon-e48-50": {"min": 0.028381220996379852, "max": 0.21369826793670654}, "gwa-enercon-e53-50": {"min": 0.041147563606500626, "max": 0.2534375488758087}, "gwa-offshore-dtu-10mw-119": {"min": 0.06800975650548935, "max": 0.27904069423675537}, "gwa-offshore-iea-15mw-150": {"min": 0.0, "max": 0.35659778118133545}, "gwa-offshore-leanwind-8mw-110": {"min": 0.06433187425136566, "max": 0.2817109525203705}, "gwa-vestas-v100-mode0-100": {"min": 0.10504908859729767, "max": 0.38353466987609863}, "gwa-vestas-v100-mode0-120": {"min": 0.1292702704668045, "max": 0.4003351628780365}, "gwa-vestas-v100-mode0-150": {"min": 0.17098115384578705, "max": 0.42235931754112244}, "gwa-vestas-v100-mode0-80": {"min": 0.08628622442483902, "max": 0.36428290605545044}, "gwa-vestas-v110-mode0-100": {"min": 0.12826620042324066, "max": 0.4280555248260498}, "gwa-vestas-v110-mode0-120": {"min": 0.1563834398984909, "max": 0.4443124234676361}, "gwa-vestas-v110-mode0-150": {"min": 0.2035197764635086, "max": 0.46501827239990234}, "gwa-vestas-v110-mode0-80": {"min": 0.10596118867397308, "max": 0.40804046392440796}, "gwa-vestas-v112-mode0-100": {"min": 0.07087116688489914, "max": 0.2994110882282257}, "gwa-vestas-v112-mode0-120": {"min": 0.08833716809749603, "max": 0.3161497712135315}, "gwa-vestas-v112-mode0-150": {"min": 0.11953126639127731, "max": 0.3395920991897583}, "gwa-vestas-v112-mode0-80": {"min": 0.05773771181702614, "max": 0.282578706741333}, "gwa-vestas-v120-mode0-100": {"min": 0.13773082196712494, "max": 0.4461381137371063}, "gwa-vestas-v120-mode0-120": {"min": 0.1676124632358551, "max": 0.4619184732437134}, "gwa-vestas-v120-mode0-150": {"min": 0.21713991463184357, "max": 0.48143285512924194}, "gwa-vestas-v120-mode0-80": {"min": 0.1138346791267395, "max": 0.4258946478366852}, "gwa-vestas-v126-mode0-100": {"min": 0.09220277518033981, "max": 0.35172465443611145}, "gwa-vestas-v126-mode0-120": {"min": 0.11368700861930847, "max": 0.3685954511165619}, "gwa-vestas-v126-mode0-150": {"min": 0.15119965374469757, "max": 0.3912426233291626}, "gwa-vestas-v126-mode0-80": {"min": 0.07569315284490585, "max": 0.3333500623703003}, "gwa-vestas-v136-mode0-100": {"min": 0.10883334279060364, "max": 0.3891001045703888}, "gwa-vestas-v136-mode0-120": {"min": 0.13353054225444794, "max": 0.405768483877182}, "gwa-vestas-v136-mode0-150": {"min": 0.1758032590150833, "max": 0.4275783598423004}, "gwa-vestas-v136-mode0-80": {"min": 0.08958115428686142, "max": 0.3698374330997467}, "air-density": {"min": 1.1246600151062012, "max": 1.1591085195541382}}