{"worldpop":{"min":-3.4028234663852886e+38,"max":3544.10986328125},"slope":{"min":0.0,"max":33.858009338378906},"land-cover":{"min":10.0,"max":210.0},"airports":{"min":0.0,"max":143858.4375},"ports":{"min":500.0,"max":340300.21875},"anchorages":{"min":0.0,"max":339150.78125},"grid":{"min":0.0,"max":11067.97265625},"roads":{"min":0.0,"max":16620.76953125},"pp-whs":{"min":0.0,"max":217494.828125},"unep-coral":{"min":65535.0,"max":65535.0},"unesco":{"min":0.0,"max":141785.9375},"unesco-ramsar":{"min":0.0,"max":318547.5},"wwf-glw-1":{"min":2500.0,"max":277245.40625},"wwf-glw-2":{"min":0.0,"max":58028.01171875},"jrc-gsw":{"min":0.0,"max":1.0},"pp-marine-protected":{"min":0.0,"max":1.0},"unep-tidal":{"min":0.0,"max":0.0},"wwf-glw-3":{"min":1.0,"max":255.0},"gsa-pvout":{"min":2.566702127456665,"max":4.110423564910889},"gsa-ghi":{"min":2.9227774143218994,"max":4.285489082336426},"gsa-gti":{"min":3.0516104698181152,"max":5.000604152679443},"gsa-temp":{"min":-0.8519323468208313,"max":16.399999618530273},"gwa-iec1":{"min":0.006386177148669958,"max":0.5298883318901062},"gwa-iec2":{"min":0.00893084891140461,"max":0.5559882521629333},"gwa-iec3":{"min":0.010681374929845333,"max":0.5834447145462036},"gwa-power-10":{"min":1.460951566696167,"max":2432.466064453125},"gwa-speed-10":{"min":0.4745699465274811,"max":10.102673530578613},"gwa-power-50":{"min":2.781508445739746,"max":1919.2550048828125},"gwa-speed-50":{"min":0.9038272500038147,"max":10.452322959899902},"gwa-power-100":{"min":8.793537139892578,"max":1808.3743896484375},"gwa-speed-100":{"min":1.2868975400924683,"max":10.78699016571045},"gwa-power-150":{"min":20.216835021972656,"max":1700.4100341796875},"gwa-speed-150":{"min":1.356500506401062,"max":11.097031593322754},"gwa-power-200":{"min":24.05272674560547,"max":1760.372314453125},"gwa-speed-200":{"min":1.432299256324768,"max":11.33900260925293},"gebco":{"min":-183.0,"max":2754.0},"srtm90":{"min":-2.0,"max":2753.0},"waterbodies":{"min":0.0,"max":2.0},"gwa-enercon-e44-50":{"min":0.0009429651545360684,"max":0.38755935430526733},"gwa-enercon-e48-50":{"min":0.0012653867015615106,"max":0.4380398392677307},"gwa-enercon-e53-50":{"min":0.002396943513303995,"max":0.47178885340690613},"gwa-offshore-dtu-10mw-119":{"min":0.007035856135189533,"max":0.5091575384140015},"gwa-offshore-iea-15mw-150":{"min":0.019206508994102478,"max":0.5746738314628601},"gwa-offshore-leanwind-8mw-110":{"min":0.005979902110993862,"max":0.5141043066978455},"gwa-vestas-v100-mode0-100":{"min":0.010209551081061363,"max":0.5738362669944763},"gwa-vestas-v100-mode0-120":{"min":0.016782958060503006,"max":0.5883721113204956},"gwa-vestas-v100-mode0-150":{"min":0.024328719824552536,"max":0.606052577495575},"gwa-vestas-v100-mode0-80":{"min":0.005498148035258055,"max":0.5587540864944458},"gwa-vestas-v110-mode0-100":{"min":0.012875651940703392,"max":0.607417106628418},"gwa-vestas-v110-mode0-120":{"min":0.02099791169166565,"max":0.622489333152771},"gwa-vestas-v110-mode0-150":{"min":0.02830812707543373,"max":0.6404833197593689},"gwa-vestas-v110-mode0-80":{"min":0.0069716679863631725,"max":0.5917729735374451},"gwa-vestas-v112-mode0-100":{"min":0.006577079650014639,"max":0.5260183811187744},"gwa-vestas-v112-mode0-120":{"min":0.01094408892095089,"max":0.5407753586769104},"gwa-vestas-v112-mode0-150":{"min":0.017963141202926636,"max":0.560297966003418},"gwa-vestas-v112-mode0-80":{"min":0.003512466326355934,"max":0.5123467445373535},"gwa-vestas-v120-mode0-100":{"min":0.013754734769463539,"max":0.5929798483848572},"gwa-vestas-v120-mode0-120":{"min":0.02243964746594429,"max":0.6075761318206787},"gwa-vestas-v120-mode0-150":{"min":0.029732689261436462,"max":0.622072696685791},"gwa-vestas-v120-mode0-80":{"min":0.007443742360919714,"max":0.5768547058105469},"gwa-vestas-v126-mode0-100":{"min":0.0090088015422225,"max":0.5525391101837158},"gwa-vestas-v126-mode0-120":{"min":0.014791801571846008,"max":0.567071795463562},"gwa-vestas-v126-mode0-150":{"min":0.022028787061572075,"max":0.5843555927276611},"gwa-vestas-v126-mode0-80":{"min":0.004855560138821602,"max":0.5379036664962769},"gwa-vestas-v136-mode0-100":{"min":0.010751776397228241,"max":0.581123948097229},"gwa-vestas-v136-mode0-120":{"min":0.017601022496819496,"max":0.5957444310188293},"gwa-vestas-v136-mode0-150":{"min":0.024987461045384407,"max":0.6132791042327881},"gwa-vestas-v136-mode0-80":{"min":0.005808256100863218,"max":0.5661008358001709},"air-density":{"min":0.9255190491676331,"max":1.2213666439056396},"lcoe":{"gwa-vestas-v100-mode0-120":{"lg":{"min":63.07615280151367,"max":2075.07470703125},"li":{"min":1.8235211372375488,"max":61.350074768066406},"lr":{"min":0.0,"max":4.966389179229736},"total":{"min":64.9718017578125,"max":2137.476806640625}},"gwa-vestas-v110-mode0-120":{"lg":{"min":59.83832550048828,"max":1659.34375},"li":{"min":1.724259614944458,"max":49.035152435302734},"lr":{"min":0.0,"max":4.301589488983154},"total":{"min":61.63978576660156,"max":1709.2197265625}},"gwa-vestas-v112-mode0-120":{"lg":{"min":68.27578735351562,"max":3180.030517578125},"li":{"min":1.9840196371078491,"max":94.0814437866211},"lr":{"min":0.0,"max":6.592437744140625},"total":{"min":70.3382797241211,"max":3275.725341796875}},"gwa-vestas-v112-mode0-100":{"lg":{"min":70.0789794921875,"max":5288.83203125},"li":{"min":2.039679527282715,"max":156.549072265625},"lr":{"min":0.0,"max":8.005474090576172},"total":{"min":72.19933319091797,"max":5448.06494140625}},"gwa-offshore-dtu-10mw-119":{"lg":{"min":72.26720428466797,"max":4944.23193359375},"li":{"min":2.1072239875793457,"max":146.34121704101562},"lr":{"min":0.0,"max":8.874996185302734},"total":{"min":74.45777893066406,"max":5093.08251953125}},"gwa-vestas-v126-mode0-150":{"lg":{"min":63.48220443725586,"max":1581.8790283203125},"li":{"min":1.836054801940918,"max":46.89535140991211},"lr":{"min":0.0,"max":4.3343915939331055},"total":{"min":65.39088439941406,"max":1628.6195068359375}},"gwa-vestas-v120-mode0-80":{"lg":{"min":64.25566101074219,"max":4673.52734375},"li":{"min":1.865286946296692,"max":138.3223114013672},"lr":{"min":0.0,"max":5.641550064086914},"total":{"min":66.19963836669922,"max":4814.22119140625}},"gsa-pvout":{"lg":{"min":187.6696895348302,"max":298.1362817086687},"li":{"min":5.456525068047722,"max":8.901406017605982},"lr":{"min":0.0,"max":1.1922604634749159},"total":{"min":193.68853827187317,"max":307.6435295588148}},"gwa-vestas-v126-mode0-80":{"lg":{"min":68.61892700195312,"max":7162.5478515625},"li":{"min":1.9946116209030151,"max":212.05291748046875},"lr":{"min":0.0,"max":8.39698600769043},"total":{"min":70.69243621826172,"max":7378.23681640625}},"gwa-offshore-leanwind-8mw-110":{"lg":{"min":71.61032104492188,"max":5816.5966796875},"li":{"min":2.0869479179382324,"max":172.1826934814453},"lr":{"min":0.0,"max":9.243366241455078},"total":{"min":73.7798080444336,"max":5991.7314453125}},"gwa-vestas-v110-mode0-100":{"lg":{"min":61.223876953125,"max":2703.572998046875},"li":{"min":1.7663464546203613,"max":79.96765899658203},"lr":{"min":0.0,"max":4.829129695892334},"total":{"min":63.060089111328125,"max":2784.911865234375}},"gwa-vestas-v136-mode0-100":{"lg":{"min":63.81298828125,"max":3236.8388671875},"li":{"min":1.846265196800232,"max":95.76424407958984},"lr":{"min":0.0,"max":5.514944553375244},"total":{"min":65.73228454589844,"max":3334.2451171875}},"gwa-vestas-v126-mode0-100":{"lg":{"min":66.90733337402344,"max":3862.311767578125},"li":{"min":1.9417791366577148,"max":114.29220581054688},"lr":{"min":0.0,"max":6.302133560180664},"total":{"min":68.92591857910156,"max":3978.563720703125}},"gwa-vestas-v126-mode0-120":{"lg":{"min":65.295166015625,"max":2353.86669921875},"li":{"min":1.8920161724090576,"max":69.6085433959961},"lr":{"min":0.0,"max":5.467129230499268},"total":{"min":67.26201629638672,"max":2424.6689453125}},"gwa-vestas-v120-mode0-120":{"lg":{"min":61.20889663696289,"max":1552.98876953125},"li":{"min":1.7719131708145142,"max":45.88467025756836},"lr":{"min":0.0,"max":4.116413116455078},"total":{"min":63.05457305908203,