{"worldpop": {"min": -3.4028234663852886e+38, "max": 35830.83984375}, "slope": {"min": 0.0, "max": 2.8943657875061035}, "land-cover": {"min": 10.297256469726562, "max": 210.0}, "airports": {"min": 0.0, "max": 105139.1875}, "ports": {"min": 0.0, "max": 102636.5}, "anchorages": {"min": 0.0, "max": 62641.83984375}, "grid": {"min": 0.0, "max": 99911.2109375}, "roads": {"min": 0.0, "max": 100062.4765625}, "pp-whs": {"min": 509074.65625, "max": 658542.75}, "unep-coral": {"min": 0.0, "max": 24864.6328125}, "unesco": {"min": 0.0, "max": 109152.421875}, "unesco-ramsar": {"min": 65535.0, "max": 500000.0}, "wwf-glw-1": {"min": 65535.0, "max": 500000.0}, "wwf-glw-2": {"min": 276268.4375, "max": 459411.03125}, "jrc-gsw": {"min": 0.0, "max": 255.0}, "pp-marine-protected": {"min": 0.0, "max": 0.0}, "unep-tidal": {"min": 0.0, "max": 1.0}, "wwf-glw-3": {"min": 6.0, "max": 255.0}, "gsa-pvout": {"min": 4.619967937469482, "max": 5.029207706451416}, "gsa-ghi": {"min": 5.47606897354126, "max": 5.88499641418457}, "gsa-gti": {"min": 5.865705966949463, "max": 6.426514148712158}, "gsa-temp": {"min": 25.931015014648438, "max": 26.899999618530273}, "gwa-iec1": {"min": 0.1583625078201294, "max": 0.37405362725257874}, "gwa-iec2": {"min": 0.1966986358165741, "max": 0.42611274123191833}, "gwa-iec3": {"min": 0.22593648731708527, "max": 0.46203967928886414}, "gwa-power-10": {"min": 14.761979103088379, "max": 198.42893981933594}, "gwa-speed-10": {"min": 2.195266008377075, "max": 5.408594608306885}, "gwa-power-50": {"min": 76.6239013671875, "max": 313.5815124511719}, "gwa-speed-50": {"min": 4.022491455078125, "max": 6.532044887542725}, "gwa-power-100": {"min": 132.22447204589844, "max": 390.3518371582031}, "gwa-speed-100": {"min": 5.099871635437012, "max": 7.232435703277588}, "gwa-power-150": {"min": 212.71273803710938, "max": 490.3694763183594}, "gwa-speed-150": {"min": 5.898012638092041, "max": 7.590356349945068}, "gwa-power-200": {"min": 302.32550048828125, "max": 598.9963989257812}, "gwa-speed-200": {"min": 6.3596296310424805, "max": 7.9324116706848145}, "gebco": {"min": -72.0, "max": 92.0}, "srtm90": {"min": 0.0, "max": 93.0}, "waterbodies": {"min": 0.0, "max": 2.0}, "gwa-enercon-e44-50": {"min": 0.05667133629322052, "max": 0.21575088798999786}, "gwa-enercon-e48-50": {"min": 0.07406387478113174, "max": 0.26715993881225586}, "gwa-enercon-e53-50": {"min": 0.09572689980268478, "max": 0.3089146614074707}, "gwa-offshore-dtu-10mw-119": {"min": 0.15571781992912292, "max": 0.34149226546287537}, "gwa-offshore-iea-15mw-150": {"min": 0.2488323152065277, "max": 0.41324755549430847}, "gwa-offshore-leanwind-8mw-110": {"min": 0.14981795847415924, "max": 0.34599313139915466}, "gwa-vestas-v100-mode0-100": {"min": 0.2180880308151245, "max": 0.44983604550361633}, "gwa-vestas-v100-mode0-120": {"min": 0.25494185090065, "max": 0.46185964345932007}, "gwa-vestas-v100-mode0-150": {"min": 0.30905523896217346, "max": 0.4746558666229248}, "gwa-vestas-v100-mode0-80": {"min": 0.18706044554710388, "max": 0.4297243356704712}, "gwa-vestas-v110-mode0-100": {"min": 0.25508973002433777, "max": 0.4932045340538025}, "gwa-vestas-v110-mode0-120": {"min": 0.2948037385940552, "max": 0.503883957862854}, "gwa-vestas-v110-mode0-150": {"min": 0.3501000702381134, "max": 0.5139954686164856}, "gwa-vestas-v110-mode0-80": {"min": 0.22029909491539001, "max": 0.47276991605758667}, "gwa-vestas-v112-mode0-100": {"min": 0.1566127985715866, "max": 0.3644530475139618}, "gwa-vestas-v112-mode0-120": {"min": 0.18650038540363312, "max": 0.3785287141799927}, "gwa-vestas-v112-mode0-150": {"min": 0.23477686941623688, "max": 0.3963458836078644}, "gwa-vestas-v112-mode0-80": {"min": 0.1330125778913498, "max": 0.34588906168937683}, "gwa-vestas-v120-mode0-100": {"min": 0.27058929204940796, "max": 0.5096765756607056}, "gwa-vestas-v120-mode0-120": {"min": 0.3114539682865143, "max": 0.5189576745033264}, "gwa-vestas-v120-mode0-150": {"min": 0.36697137355804443, "max": 0.526811420917511}, "gwa-vestas-v120-mode0-80": {"min": 0.23417270183563232, "max": 0.48936453461647034}, "gwa-vestas-v126-mode0-100": {"min": 0.19441793859004974, "max": 0.41786932945251465}, "gwa-vestas-v126-mode0-120": {"min": 0.22860963642597198, "max": 0.4307475984096527}, "gwa-vestas-v126-mode0-150": {"min": 0.28072643280029297, "max": 0.4454188346862793}, "gwa-vestas-v126-mode0-80": {"min": 0.16631627082824707, "max": 0.39831051230430603}, "gwa-vestas-v136-mode0-100": {"min": 0.22328472137451172, "max": 0.45509347319602966}, "gwa-vestas-v136-mode0-120": {"min": 0.2603355646133423, "max": 0.4669867157936096}, "gwa-vestas-v136-mode0-150": {"min": 0.31433263421058655, "max": 0.47966906428337097}, "gwa-vestas-v136-mode0-80": {"min": 0.19186824560165405, "max": 0.4350065290927887}, "air-density": {"min": 1.1413806676864624, "max": 1.1515260934829712}}