{"worldpop":{"min":-3.4028234663852886e+38,"max":1799.269287109375},"slope":{"min":0.0,"max":41.95820617675781},"land-cover":{"min":10.0,"max":210.0},"airports":{"min":0.0,"max":180511.78125},"ports":{"min":0.0,"max":145743.78125},"anchorages":{"min":0.0,"max":131077.265625},"grid":{"min":0.0,"max":243248.84375},"roads":{"min":0.0,"max":131811.421875},"pp-whs":{"min":106066.015625,"max":470182.9375},"unep-coral":{"min":0.0,"max":37911.078125},"unesco":{"min":140489.3125,"max":472599.46875},"unesco-ramsar":{"min":65535.0,"max":450422.3125},"wwf-glw-1":{"min":0.0,"max":365870.53125},"wwf-glw-2":{"min":0.0,"max":117759.28125},"jrc-gsw":{"min":0.0,"max":1.0},"pp-marine-protected":{"min":0.0,"max":1.0},"unep-tidal":{"min":0.0,"max":1.0},"wwf-glw-3":{"min":1.0,"max":255.0},"gsa-pvout":{"min":4.313107490539551,"max":4.913067817687988},"gsa-ghi":{"min":4.989304542541504,"max":5.849173069000244},"gsa-gti":{"min":5.3980512619018555,"max":6.198450565338135},"gsa-temp":{"min":24.30715560913086,"max":26.399999618530273},"gwa-iec1":{"min":0.12061619013547897,"max":0.46869969367980957},"gwa-iec2":{"min":0.15377791225910187,"max":0.5367788076400757},"gwa-iec3":{"min":0.17978206276893616,"max":0.5837055444717407},"gwa-power-10":{"min":8.271733283996582,"max":204.576171875},"gwa-speed-10":{"min":1.8533494472503662,"max":5.971526622772217},"gwa-power-50":{"min":54.70577621459961,"max":353.4009704589844},"gwa-speed-50":{"min":3.65498948097229,"max":7.3801960945129395},"gwa-power-100":{"min":101.2221450805664,"max":443.990234375},"gwa-speed-100":{"min":4.737277030944824,"max":8.15955638885498},"gwa-power-150":{"min":160.55824279785156,"max":538.6766967773438},"gwa-speed-150":{"min":5.498693466186523,"max":8.84129524230957},"gwa-power-200":{"min":215.9435577392578,"max":664.1946411132812},"gwa-speed-200":{"min":5.959954261779785,"max":9.457030296325684},"gebco":{"min":-480.0,"max":203.0},"srtm90":{"min":-4.0,"max":50.0},"waterbodies":{"min":0.0,"max":2.0},"gwa-enercon-e44-50":{"min":0.03792206943035126,"max":0.26517435908317566},"gwa-enercon-e48-50":{"min":0.05004576966166496,"max":0.33257612586021423},"gwa-enercon-e53-50":{"min":0.06829041242599487,"max":0.3850836455821991},"gwa-offshore-dtu-10mw-119":{"min":0.11918725818395615,"max":0.43373018503189087},"gwa-offshore-iea-15mw-150":{"min":0.2066669762134552,"max":0.5568153858184814},"gwa-offshore-leanwind-8mw-110":{"min":0.11343128979206085,"max":0.44090625643730164},"gwa-vestas-v100-mode0-100":{"min":0.17514610290527344,"max":0.5700522661209106},"gwa-vestas-v100-mode0-120":{"min":0.21143585443496704,"max":0.5955125689506531},"gwa-vestas-v100-mode0-150":{"min":0.26376965641975403,"max":0.641014814376831},"gwa-vestas-v100-mode0-80":{"min":0.14517495036125183,"max":0.5497509241104126},"gwa-vestas-v110-mode0-100":{"min":0.21034462749958038,"max":0.6210470795631409},"gwa-vestas-v110-mode0-120":{"min":0.25150105357170105,"max":0.6501240730285645},"gwa-vestas-v110-mode0-150":{"min":0.3042852282524109,"max":0.6902090907096863},"gwa-vestas-v110-mode0-80":{"min":0.1755087673664093,"max":0.6013816595077515},"gwa-vestas-v112-mode0-100":{"min":0.12089105695486069,"max":0.46279266476631165},"gwa-vestas-v112-mode0-120":{"min":0.14781416952610016,"max":0.48053380846977234},"gwa-vestas-v112-mode0-150":{"min":0.1938907653093338,"max":0.5319814085960388},"gwa-vestas-v112-mode0-80":{"min":0.09932640939950943,"max":0.4426961839199066},"gwa-vestas-v120-mode0-100":{"min":0.22530165314674377,"max":0.6413074731826782},"gwa-vestas-v120-mode0-120":{"min":0.26824691891670227,"max":0.6719776391983032},"gwa-vestas-v120-mode0-150":{"min":0.3211809992790222,"max":0.709257185459137},"gwa-vestas-v120-mode0-80":{"min":0.1882489025592804,"max":0.6220767498016357},"gwa-vestas-v126-mode0-100":{"min":0.15420584380626678,"max":0.530231773853302},"gwa-vestas-v126-mode0-120":{"min":0.18672913312911987,"max":0.552039384841919},"gwa-vestas-v126-mode0-150":{"min":0.2369851917028427,"max":0.6010309457778931},"gwa-vestas-v126-mode0-80":{"min":0.12763510644435883,"max":0.5098639726638794},"gwa-vestas-v136-mode0-100":{"min":0.1804971694946289,"max":0.5757476091384888},"gwa-vestas-v136-mode0-120":{"min":0.21730190515518188,"max":0.6013751029968262},"gwa-vestas-v136-mode0-150":{"min":0.26932433247566223,"max":0.6461715698242188},"gwa-vestas-v136-mode0-80":{"min":0.14992167055606842,"max":0.5556102991104126},"air-density":{"min":1.1535060405731201,"max":1.1679208278656006},"lcoe":{"gwa-vestas-v100-mode0-120":{"lg":{"min":62.3678092956543,"max":168.3938751220703},"li":{"min":1.7289907932281494,"max":14.863067626953125},"lr":{"min":0.0,"max":3.573796510696411},"total":{"min":66.1785888671875,"max":174.4411163330078}},"gwa-vestas-v110-mode0-120":{"lg":{"min":57.46480941772461,"max":142.20523071289062},"li":{"min":1.5837525129318237,"max":12.715934753417969},"lr":{"min":0.0,"max":3.1351478099823},"total":{"min":60.95547866821289,"max":147.28912353515625}},"gwa-vestas-v112-mode0-120":{"lg":{"min":76.3336410522461,"max":239.15174865722656},"li":{"min":2.1510982513427734,"max":20.743656158447266},"lr":{"min":0.0,"max":4.816127300262451},"total":{"min":81.35856628417969,"max":247.8018341064453}},"gwa-vestas-v112-mode0-100":{"lg":{"min":79.1065444946289,"max":291.5213623046875},"li":{"min":2.33774471282959,"max":25.00240707397461},"lr":{"min":0.0,"max":5.716118335723877},"total":{"min":85.82284545898438,"max":302.0978698730469}},"gwa-offshore-dtu-10mw-119":{"lg":{"min":84.13912963867188,"max":295.63153076171875},"li":{"min":2.413614273071289,"max":25.056560516357422},"lr":{"min":0.0,"max":5.652843475341797},"total":{"min":90.79926300048828,"max":306.46185302734375}},"gwa-vestas-v126-mode0-150":{"lg":{"min":61.83189392089844,"max":150.67059326171875},"li":{"min":1.713115930557251,"max":13.382803916931152},"lr":{"min":0.0,"max":3.21994948387146},"total":{"min":65.6076889038086,"max":155.46449279785156}},"gwa-vestas-v120-mode0-80":{"lg":{"min":59.8753547668457,"max":188.64256286621094},"li":{"min":1.7030396461486816,"max":16.892969131469727},"lr":{"min":0.0,"max":3.8650460243225098},"total":{"min":64.69120025634766,"max":195.4943389892578}},"gsa-pvout":{"lg":{"min":157.66370830580254,"max":179.03858220083237},"li":{"min":4.694966940477146,"max":21.434005610279947},"lr":{"min":0.0,"max":7.199202047804975},"total":{"min":168.3560198678985,"max":191.70308196438305}},"gwa-vestas-v126-mode0-80":{"lg":{"min":72.17261505126953,"max":276.32916259765625},"li":{"min":2.1425888538360596,"max":24.321645736694336},"lr":{"min":0.0,"max":5.3454909324646},"total":{"min":78.04835510253906,"max":286.434814453125}},"gwa-offshore-leanwind-8mw-110":{"lg":{"min":82.83480072021484,"max":310.4300842285156},"li":{"min":2.428067445755005,"max":26.05474090576172},"lr":{"min":0.0,"max":5.880107402801514},"total":{"min":89.8844985961914,"max":321.7021179199219}},"gwa-vestas-v110-mode0-100":{"lg":{"min":59.96799087524414,"max":169.24671936035156},"li":{"min":1.673202395439148,"max":14.960251808166504},"lr":{"min":0.0,"max":3.6045711040496826},"total":{"min":64.17230224609375,"max":175.32533264160156}},"gwa-vestas-v136-mode0-100":{"lg":{"min":64.37152099609375,"max":196.57232666015625},"li":{"min":1.8245896100997925,"max":17.212013244628906},"lr":{"min":0.0,"max":4.080239772796631},"total":{"min":69.6165542602539,"max":203.6561279296875}},"gwa-vestas-v126-mode0-100":{"lg":{"min":69.55389404296875,"max":229.40493774414062},"li":{"min":2.0041756629943848,"max":19.927448272705078},"lr":{"min":0.0,"max":4.654623031616211},"total":{"min":75.41596984863281,"max":237.69647216796875}},"gwa-vestas-v126-mode0-120":{"lg":{"min":66.96427917480469,"max":190.14535522460938},"li":{"min":1.865148901939392,"max":16.704317092895508},"lr":{"min":0.0,"max":3.970670461654663},"total":{"min":71.07516479492188,"max":196.99273681640625}},"gwa-vestas-v120-mode0-120":{"lg":{"min":55.72606658935547,"max":133.5774688720703},"li":{"min":1.5322469472885132,"max":11.980034828186035},"lr":{"min":0.0,"max":2.9814398288726807},