{"worldpop": {"min": -3.4028234663852886e+38, "max": 8220.4970703125}, "slope": {"min": 0.0, "max": 62.06376266479492}, "land-cover": {"min": 10.0, "max": 210.0}, "airports": {"min": 0.0, "max": 420762.6875}, "ports": {"min": 0.0, "max": 472449.46875}, "anchorages": {"min": 0.0, "max": 444983.15625}, "grid": {"min": 0.0, "max": 500000.0}, "roads": {"min": 0.0, "max": 415165.625}, "pp-whs": {"min": 0.0, "max": 793194.3125}, "unep-coral": {"min": 0.0, "max": 409885.65625}, "unesco": {"min": 48104.0546875, "max": 500000.0}, "unesco-ramsar": {"min": 65535.0, "max": 499995.25}, "wwf-glw-1": {"min": 0.0, "max": 500000.0}, "wwf-glw-2": {"min": 0.0, "max": 416846.8125}, "jrc-gsw": {"min": 0.0, "max": 255.0}, "pp-marine-protected": {"min": 0.0, "max": 1.0}, "unep-tidal": {"min": 0.0, "max": 1.0}, "wwf-glw-3": {"min": 1.0, "max": 255.0}, "gsa-pvout": {"min": 4.311707496643066, "max": 4.967746734619141}, "gsa-ghi": {"min": 4.989449501037598, "max": 5.901669502258301}, "gsa-gti": {"min": 5.3982648849487305, "max": 6.263710021972656}, "gsa-temp": {"min": 22.899999618530273, "max": 26.600000381469727}, "gwa-iec1": {"min": 0.0841987282037735, "max": 0.488707572221756}, "gwa-iec2": {"min": 0.10903440415859222, "max": 0.561762273311615}, "gwa-iec3": {"min": 0.12836776673793793, "max": 0.6101934909820557}, "gwa-power-10": {"min": 8.377378463745117, "max": 264.16973876953125}, "gwa-speed-10": {"min": 1.8569926023483276, "max": 6.4234209060668945}, "gwa-power-50": {"min": 43.10896301269531, "max": 412.60009765625}, "gwa-speed-50": {"min": 3.3745737075805664, "max": 7.616563320159912}, "gwa-power-100": {"min": 73.14227294921875, "max": 503.65423583984375}, "gwa-speed-100": {"min": 4.235898017883301, "max": 8.311875343322754}, "gwa-power-150": {"min": 122.7894287109375, "max": 539.2463989257812}, "gwa-speed-150": {"min": 5.058655738830566, "max": 8.837397575378418}, "gwa-power-200": {"min": 175.55157470703125, "max": 661.4848022460938}, "gwa-speed-200": {"min": 5.5944366455078125, "max": 9.44349479675293}, "gebco": {"min": -5814.0, "max": 383.0}, "srtm90": {"min": -2.0, "max": 44.0}, "waterbodies": {"min": 0.0, "max": 2.0}, "gwa-enercon-e44-50": {"min": 0.02907121740281582, "max": 0.28930890560150146}, "gwa-enercon-e48-50": {"min": 0.03847438842058182, "max": 0.3573114573955536}, "gwa-enercon-e53-50": {"min": 0.05391827970743179, "max": 0.40820905566215515}, "gwa-offshore-dtu-10mw-119": {"min": 0.0825447365641594, "max": 0.4354199767112732}, "gwa-offshore-iea-15mw-150": {"min": 0.15770483016967773, "max": 0.5561202168464661}, "gwa-offshore-leanwind-8mw-110": {"min": 0.07761064916849136, "max": 0.4459972381591797}, "gwa-vestas-v100-mode0-100": {"min": 0.12411467730998993, "max": 0.5898190140724182}, "gwa-vestas-v100-mode0-120": {"min": 0.15364521741867065, "max": 0.5951436758041382}, "gwa-vestas-v100-mode0-150": {"min": 0.20819295942783356, "max": 0.6398065686225891}, "gwa-vestas-v100-mode0-80": {"min": 0.1045420914888382, "max": 0.5725208520889282}, "gwa-vestas-v110-mode0-100": {"min": 0.15079031884670258, "max": 0.6433091759681702}, "gwa-vestas-v110-mode0-120": {"min": 0.18497198820114136, "max": 0.6494467258453369}, "gwa-vestas-v110-mode0-150": {"min": 0.24593068659305573, "max": 0.6887611150741577}, "gwa-vestas-v110-mode0-80": {"min": 0.1275823712348938, "max": 0.6265992522239685}, "gwa-vestas-v112-mode0-100": {"min": 0.08434126526117325, "max": 0.4759339392185211}, "gwa-vestas-v112-mode0-120": {"min": 0.1057216078042984, "max": 0.47955167293548584}, "gwa-vestas-v112-mode0-150": {"min": 0.14715732634067535, "max": 0.5314362645149231}, "gwa-vestas-v112-mode0-80": {"min": 0.07059118896722794, "max": 0.4589354693889618}, "gwa-vestas-v120-mode0-100": {"min": 0.16186311841011047, "max": 0.6647006869316101}, "gwa-vestas-v120-mode0-120": {"min": 0.19815121591091156, "max": 0.6711655259132385}, "gwa-vestas-v120-mode0-150": {"min": 0.2618860900402069, "max": 0.7076699137687683}, "gwa-vestas-v120-mode0-80": {"min": 0.13700315356254578, "max": 0.6483561396598816}, "gwa-vestas-v126-mode0-100": {"min": 0.1090252473950386, "max": 0.5475476384162903}, "gwa-vestas-v126-mode0-120": {"min": 0.1352657973766327, "max": 0.5519420504570007}, "gwa-vestas-v126-mode0-150": {"min": 0.1846308410167694, "max": 0.6000685095787048}, "gwa-vestas-v126-mode0-80": {"min": 0.09178806841373444, "max": 0.5302278995513916}, "gwa-vestas-v136-mode0-100": {"min": 0.12838079035282135, "max": 0.5956883430480957}, "gwa-vestas-v136-mode0-120": {"min": 0.15848247706890106, "max": 0.6009835600852966}, "gwa-vestas-v136-mode0-150": {"min": 0.2136625051498413, "max": 0.6449507474899292}, "gwa-vestas-v136-mode0-80": {"min": 0.10830742865800858, "max": 0.5785579681396484}, "air-density": {"min": 1.153774380683899, "max": 1.1724257469177246}}