{"worldpop":{"min":-3.4028234663852886e+38,"max":5625.11181640625},"slope":{"min":0.0,"max":41.24934768676758},"land-cover":{"min":10.0,"max":210.0},"airports":{"min":0.0,"max":107594.1484375},"ports":{"min":14705.44140625,"max":245512.71875},"anchorages":{"min":3354.101806640625,"max":230766.109375},"grid":{"min":0.0,"max":13829.3173828125},"roads":{"min":0.0,"max":16031.2197265625},"pp-whs":{"min":500.0,"max":202070.53125},"unep-coral":{"min":65535.0,"max":65535.0},"unesco":{"min":0.0,"max":147093.5},"unesco-ramsar":{"min":0.0,"max":177259.6875},"wwf-glw-1":{"min":61057.3515625,"max":241562.625},"wwf-glw-2":{"min":0.0,"max":71589.1015625},"jrc-gsw":{"min":0.0,"max":1.0},"pp-marine-protected":{"min":0.0,"max":0.0},"unep-tidal":{"min":0.0,"max":0.0},"wwf-glw-3":{"min":1.0,"max":255.0},"gsa-pvout":{"min":2.0952224731445312,"max":4.162239074707031},"gsa-ghi":{"min":2.5365567207336426,"max":4.28471040725708},"gsa-gti":{"min":2.6149849891662598,"max":5.044906139373779},"gsa-temp":{"min":2.5846409797668457,"max":16.899999618530273},"gwa-iec1":{"min":0.010145412757992744,"max":0.5559670925140381},"gwa-iec2":{"min":0.013872283510863781,"max":0.5731902718544006},"gwa-iec3":{"min":0.016528790816664696,"max":0.5998852252960205},"gwa-power-10":{"min":1.1814149618148804,"max":5473.82177734375},"gwa-speed-10":{"min":0.576113760471344,"max":14.127193450927734},"gwa-power-50":{"min":6.70766544342041,"max":3922.107666015625},"gwa-speed-50":{"min":1.0360931158065796,"max":13.823492050170898},"gwa-power-100":{"min":12.121024131774902,"max":3208.0166015625},"gwa-speed-100":{"min":1.3552294969558716,"max":13.526939392089844},"gwa-power-150":{"min":22.61463165283203,"max":3220.282470703125},"gwa-speed-150":{"min":1.5818558931350708,"max":13.960163116455078},"gwa-power-200":{"min":33.701377868652344,"max":3373.4140625},"gwa-speed-200":{"min":1.8503090143203735,"max":14.413795471191406},"gebco":{"min":-27.0,"max":2201.0},"srtm90":{"min":-3.0,"max":2214.0},"waterbodies":{"min":0.0,"max":2.0},"gwa-enercon-e44-50":{"min":0.003411276964470744,"max":0.4397871196269989},"gwa-enercon-e48-50":{"min":0.004451748449355364,"max":0.4904080629348755},"gwa-enercon-e53-50":{"min":0.006452742498368025,"max":0.5226606130599976},"gwa-offshore-dtu-10mw-119":{"min":0.011683306656777859,"max":0.5421707630157471},"gwa-offshore-iea-15mw-150":{"min":0.026137815788388252,"max":0.5969861745834351},"gwa-offshore-leanwind-8mw-110":{"min":0.01132153905928135,"max":0.5503512620925903},"gwa-vestas-v100-mode0-100":{"min":0.018574506044387817,"max":0.5953021049499512},"gwa-vestas-v100-mode0-120":{"min":0.02445582114160061,"max":0.6026942729949951},"gwa-vestas-v100-mode0-150":{"min":0.03437528759241104,"max":0.6139727830886841},"gwa-vestas-v100-mode0-80":{"min":0.013420828618109226,"max":0.5818101763725281},"gwa-vestas-v110-mode0-100":{"min":0.022323817014694214,"max":0.6263683438301086},"gwa-vestas-v110-mode0-120":{"min":0.029337111860513687,"max":0.6347091794013977},"gwa-vestas-v110-mode0-150":{"min":0.040017541497945786,"max":0.6467665433883667},"gwa-vestas-v110-mode0-80":{"min":0.0162013228982687,"max":0.6125882267951965},"gwa-vestas-v112-mode0-100":{"min":0.012906976975500584,"max":0.5584438443183899},"gwa-vestas-v112-mode0-120":{"min":0.01659238710999489,"max":0.5715092420578003},"gwa-vestas-v112-mode0-150":{"min":0.02432159148156643,"max":0.5852880477905273},"gwa-vestas-v112-mode0-80":{"min":0.009288891218602657,"max":0.5492956638336182},"gwa-vestas-v120-mode0-100":{"min":0.02372068166732788,"max":0.6083275675773621},"gwa-vestas-v120-mode0-120":{"min":0.031162070110440254,"max":0.615291178226471},"gwa-vestas-v120-mode0-150":{"min":0.04151639714837074,"max":0.6203150749206543},"gwa-vestas-v120-mode0-80":{"min":0.017230946570634842,"max":0.5943063497543335},"gwa-vestas-v126-mode0-100":{"min":0.016557125374674797,"max":0.5765097141265869},"gwa-vestas-v126-mode0-120":{"min":0.021672673523426056,"max":0.584703266620636},"gwa-vestas-v126-mode0-150":{"min":0.030713506042957306,"max":0.5964503288269043},"gwa-vestas-v126-mode0-80":{"min":0.011951694265007973,"max":0.5635083913803101},"gwa-vestas-v136-mode0-100":{"min":0.019226819276809692,"max":0.6037842035293579},"gwa-vestas-v136-mode0-120":{"min":0.02532321773469448,"max":0.6114421486854553},"gwa-vestas-v136-mode0-150":{"min":0.03546667844057083,"max":0.6230921149253845},"gwa-vestas-v136-mode0-80":{"min":0.013915440998971462,"max":0.5904037952423096},"air-density":{"min":0.9809660911560059,"max":1.2148151397705078},"lcoe":{"gwa-vestas-v100-mode0-120":{"lg":{"min":61.67228698730469,"max":1425.2877197265625},"li":{"min":1.752785086631775,"max":43.6191520690918},"lr":{"min":0.0,"max":4.522299766540527},"total":{"min":63.45269012451172,"max":1470.2027587890625}},"gwa-vestas-v110-mode0-120":{"lg":{"min":58.763282775878906,"max":1188.80517578125},"li":{"min":1.6667320728302002,"max":35.72199630737305},"lr":{"min":0.0,"max":3.8402459621429443},"total":{"min":60.53385925292969,"max":1227.7711181640625}},"gwa-vestas-v112-mode0-120":{"lg":{"min":64.81924438476562,"max":2098.86181640625},"li":{"min":1.8604484796524048,"max":64.29106140136719},"lr":{"min":0.0,"max":6.2649993896484375},"total":{"min":66.90079498291016,"max":2165.062744140625}},"gwa-vestas-v112-mode0-100":{"lg":{"min":66.24217987060547,"max":2697.020751953125},"li":{"min":1.8985517024993896,"max":82.21302032470703},"lr":{"min":0.0,"max":8.193639755249023},"total":{"min":68.3420639038086,"max":2781.27294921875}},"gwa-offshore-dtu-10mw-119":{"lg":{"min":68.11035919189453,"max":2979.0791015625},"li":{"min":1.9600850343704224,"max":91.30482482910156},"lr":{"min":0.0,"max":8.222474098205566},"total":{"min":70.27719116210938,"max":3073.0966796875}},"gwa-vestas-v126-mode0-150":{"lg":{"min":62.27603530883789,"max":1135.7093505859375},"li":{"min":1.7904824018478394,"max":33.7655029296875},"lr":{"min":0.0,"max":3.8364036083221436},"total":{"min":64.34929656982422,"max":1172.9290771484375}},"gwa-vestas-v120-mode0-80":{"lg":{"min":62.486263275146484,"max":2021.2288818359375},"li":{"min":1.7775235176086426,"max":60.185726165771484},"lr":{"min":0.0,"max":6.144586563110352},"total":{"min":64.29179382324219,"max":2087.220703125}},"gsa-pvout":{"lg":{"min":185.38319459147658,"max":364.3246097731955},"li":{"min":5.404945181347859,"max":10.981386700171678},"lr":{"min":0.0,"max":1.2047120734742092},"total":{"min":190.90231169437573,"max":376.099076602463}},"gwa-vestas-v126-mode0-80":{"lg":{"min":65.68276977539062,"max":2912.2705078125},"li":{"min":1.8746720552444458,"max":86.77071380615234},"lr":{"min":0.0,"max":8.829689979553223},"total":{"min":67.58698272705078,"max":3007.412109375}},"gwa-offshore-leanwind-8mw-110":{"lg":{"min":67.15740966796875,"max":3074.14453125},"li":{"min":1.9304598569869995,"max":93.72591400146484},"lr":{"min":0.0,"max":8.814332962036133},"total":{"min":69.29203796386719,"max":3170.195068359375}},"gwa-vestas-v110-mode0-100":{"lg":{"min":59.492523193359375,"max":1561.0257568359375},"li":{"min":1.686537265777588,"max":46.45518112182617},"lr":{"min":0.0,"max":4.752446174621582},"total":{"min":61.20563507080078,"max":1612.2333984375}},"gwa-vestas-v136-mode0-100":{"lg":{"min":61.56818389892578,"max":1811.826904296875},"li":{"min":1.7496211528778076,"max":53.938045501708984},"lr":{"min":0.0,"max":5.517956733703613},"total":{"min":63.345375061035156,"max":1871.2828369140625}},"gwa-vestas-v126-mode0-100":{"lg":{"min":64.29171752929688,"max":2103.3232421875},"li":{"min":1.832395076751709,"max":62.63508605957031},"lr":{"min":0.0,"max":6.407679557800293},"total":{"min":66.15298461914062,"max":2172.365966796875}},"gwa-vestas-v126-mode0-120":{"lg":{"min":63.446842193603516,"max":1607.8057861328125},"li":{"min":1.8101485967636108,"max":49.22060775756836},"lr":{"min":0.0,"max":5.035715579986572},"total":{"min":65.39839935302734,"max":1658.4886474609375}},"gwa-vestas-v120-mode0-120":{"lg":{"min":60.49156188964844,"max":1119.4189453125},"li":{"min":1.7169002294540405,"max":33.501136779785156},"lr":{"min":0.0,