{"worldpop": {"min": 3.491551637649536, "max": 69.61910247802734}, "slope": {"min": 0.9636666774749756, "max": 9.822867393493652}, "land-cover": {"min": 70.0, "max": 210.0}, "airports": {"min": 41188.58984375, "max": 44308.578125}, "ports": {"min": 99982.5, "max": 108955.265625}, "anchorages": {"min": 14080.1279296875, "max": 18867.9609375}, "grid": {"min": 0.0, "max": 2061.552734375}, "roads": {"min": 1414.2135009765625, "max": 6041.52294921875}, "pp-whs": {"min": 126289.3515625, "max": 134340.0625}, "unep-coral": {"min": 65535.0, "max": 65535.0}, "unesco": {"min": 33559.6484375, "max": 39654.7578125}, "unesco-ramsar": {"min": 2236.068115234375, "max": 5220.1533203125}, "wwf-glw-1": {"min": 150784.625, "max": 159791.28125}, "wwf-glw-2": {"min": 2236.068115234375, "max": 5590.169921875}, "jrc-gsw": {"min": 0.0, "max": 1.0}, "pp-marine-protected": {"min": 0.0, "max": 1.0}, "unep-tidal": {"min": 0.0, "max": 0.0}, "wwf-glw-3": {"min": 255.0, "max": 255.0}, "gsa-pvout": {"min": 4.006213188171387, "max": 4.057831764221191}, "gsa-ghi": {"min": 4.2388916015625, "max": 4.258878707885742}, "gsa-gti": {"min": 4.922504425048828, "max": 4.978476524353027}, "gsa-temp": {"min": 16.241025924682617, "max": 16.8843994140625}, "gwa-iec1": {"min": 0.2315611094236374, "max": 0.3043927848339081}, "gwa-iec2": {"min": 0.26336178183555603, "max": 0.33808523416519165}, "gwa-iec3": {"min": 0.2864432632923126, "max": 0.363485187292099}, "gwa-power-10": {"min": 103.25477600097656, "max": 229.49790954589844}, "gwa-speed-10": {"min": 3.1869778633117676, "max": 4.122279644012451}, "gwa-power-50": {"min": 209.82803344726562, "max": 422.54473876953125}, "gwa-speed-50": {"min": 4.544871807098389, "max": 5.715295314788818}, "gwa-power-100": {"min": 289.33465576171875, "max": 462.8711853027344}, "gwa-speed-100": {"min": 5.434834957122803, "max": 6.438033580780029}, "gwa-power-150": {"min": 380.5793151855469, "max": 550.4126586914062}, "gwa-speed-150": {"min": 6.135470867156982, "max": 7.066298961639404}, "gwa-power-200": {"min": 468.2328186035156, "max": 656.7224731445312}, "gwa-speed-200": {"min": 6.5942864418029785, "max": 7.512753486633301}, "gebco": {"min": -46.0, "max": 95.0}, "srtm90": {"min": 20.0, "max": 111.0}, "waterbodies": {"min": 0.0, "max": 1.0}, "gwa-enercon-e44-50": {"min": 0.1266074925661087, "max": 0.186906635761261}, "gwa-enercon-e48-50": {"min": 0.1542152613401413, "max": 0.22186970710754395}, "gwa-enercon-e53-50": {"min": 0.17872914671897888, "max": 0.2501407265663147}, "gwa-offshore-dtu-10mw-119": {"min": 0.22714084386825562, "max": 0.28787437081336975}, "gwa-offshore-iea-15mw-150": {"min": 0.2955645024776459, "max": 0.3603551685810089}, "gwa-offshore-leanwind-8mw-110": {"min": 0.22353145480155945, "max": 0.2858392000198364}, "gwa-vestas-v100-mode0-100": {"min": 0.28310903906822205, "max": 0.35284918546676636}, "gwa-vestas-v100-mode0-120": {"min": 0.3067314922809601, "max": 0.3728664815425873}, "gwa-vestas-v100-mode0-150": {"min": 0.3385658860206604, "max": 0.40475380420684814}, "gwa-vestas-v100-mode0-80": {"min": 0.2586177885532379, "max": 0.3371281027793884}, "gwa-vestas-v110-mode0-100": {"min": 0.311209112405777, "max": 0.38273778557777405}, "gwa-vestas-v110-mode0-120": {"min": 0.33612680435180664, "max": 0.40382862091064453}, "gwa-vestas-v110-mode0-150": {"min": 0.368905633687973, "max": 0.4363357126712799}, "gwa-vestas-v110-mode0-80": {"min": 0.28552353382110596, "max": 0.36547958850860596}, "gwa-vestas-v112-mode0-100": {"min": 0.23242488503456116, "max": 0.29845333099365234}, "gwa-vestas-v112-mode0-120": {"min": 0.25325921177864075, "max": 0.31595999002456665}, "gwa-vestas-v112-mode0-150": {"min": 0.28293275833129883, "max": 0.3464163541793823}, "gwa-vestas-v112-mode0-80": {"min": 0.21051889657974243, "max": 0.2863438129425049}, "gwa-vestas-v120-mode0-100": {"min": 0.3195369839668274, "max": 0.3885954022407532}, "gwa-vestas-v120-mode0-120": {"min": 0.3444966971874237, "max": 0.4098242521286011}, "gwa-vestas-v120-mode0-150": {"min": 0.37646758556365967, "max": 0.4410817623138428}, "gwa-vestas-v120-mode0-80": {"min": 0.2937016785144806, "max": 0.3703225553035736}, "gwa-vestas-v126-mode0-100": {"min": 0.26431989669799805, "max": 0.3324521481990814}, "gwa-vestas-v126-mode0-120": {"min": 0.28689271211624146, "max": 0.35155758261680603}, "gwa-vestas-v126-mode0-150": {"min": 0.3178807199001312, "max": 0.38283857703208923}, "gwa-vestas-v126-mode0-80": {"min": 0.24079865217208862, "max": 0.31796392798423767}, "gwa-vestas-v136-mode0-100": {"min": 0.28768327832221985, "max": 0.3580659031867981}, "gwa-vestas-v136-mode0-120": {"min": 0.3115132749080658, "max": 0.37820470333099365}, "gwa-vestas-v136-mode0-150": {"min": 0.3436089754104614, "max": 0.41034871339797974}, "gwa-vestas-v136-mode0-80": {"min": 0.2629690170288086, "max": 0.34229376912117004}, "air-density": {"min": 1.1974493265151978, "max": 1.2080833911895752}}