{"worldpop":{"min":-3.4028234663852886e+38,"max":639.8282470703125},"slope":{"min":0.0,"max":53.45198059082031},"land-cover":{"min":39.18159866333008,"max":210.0},"airports":{"min":500.0,"max":76694.1953125},"ports":{"min":0.0,"max":78102.4921875},"anchorages":{"min":0.0,"max":75605.890625},"grid":{"min":0.0,"max":73254.6953125},"roads":{"min":0.0,"max":74702.7421875},"pp-whs":{"min":299281.21875,"max":368654.65625},"unep-coral":{"min":0.0,"max":67046.625},"unesco":{"min":36989.86328125,"max":130809.984375},"unesco-ramsar":{"min":65535.0,"max":65535.0},"wwf-glw-1":{"min":65535.0,"max":65535.0},"wwf-glw-2":{"min":7211.1025390625,"max":81292.6796875},"jrc-gsw":{"min":0.0,"max":255.0},"pp-marine-protected":{"min":0.0,"max":1.0},"unep-tidal":{"min":0.0,"max":0.0},"wwf-glw-3":{"min":255.0,"max":255.0},"gsa-pvout":{"min":4.846431732177734,"max":5.007999897003174},"gsa-ghi":{"min":5.846070766448975,"max":6.035999774932861},"gsa-gti":{"min":6.100684642791748,"max":6.321000099182129},"gsa-temp":{"min":25.147306442260742,"max":26.299999237060547},"gwa-iec1":{"min":0.24661344289779663,"max":0.4700770378112793},"gwa-iec2":{"min":0.3038056790828705,"max":0.5344880223274231},"gwa-iec3":{"min":0.34777021408081055,"max":0.5782612562179565},"gwa-power-10":{"min":29.886587142944336,"max":250.93418884277344},"gwa-speed-10":{"min":2.446894645690918,"max":6.111397743225098},"gwa-power-50":{"min":98.49666595458984,"max":412.0067138671875},"gwa-speed-50":{"min":4.802896022796631,"max":7.636224269866943},"gwa-power-100":{"min":200.9656982421875,"max":477.23663330078125},"gwa-speed-100":{"min":6.340905666351318,"max":7.909285068511963},"gwa-power-150":{"min":267.6875305175781,"max":473.7539978027344},"gwa-speed-150":{"min":7.013739109039307,"max":8.494050979614258},"gwa-power-200":{"min":310.0775146484375,"max":497.5191345214844},"gwa-speed-200":{"min":7.386312007904053,"max":8.635167121887207},"gebco":{"min":-4720.0,"max":124.0},"srtm90":{"min":6.0,"max":158.0},"waterbodies":{"min":0.0,"max":1.0},"gwa-enercon-e44-50":{"min":0.06384081393480301,"max":0.318622350692749},"gwa-enercon-e48-50":{"min":0.08365923911333084,"max":0.3898639678955078},"gwa-enercon-e53-50":{"min":0.10873227566480637,"max":0.4419257640838623},"gwa-offshore-dtu-10mw-119":{"min":0.23410262167453766,"max":0.46034127473831177},"gwa-offshore-iea-15mw-150":{"min":0.20117056369781494,"max":0.5237089991569519},"gwa-offshore-leanwind-8mw-110":{"min":0.2295568883419037,"max":0.4737790822982788},"gwa-vestas-v100-mode0-100":{"min":0.3302965760231018,"max":0.6030720472335815},"gwa-vestas-v100-mode0-120":{"min":0.3776401877403259,"max":0.6095714569091797},"gwa-vestas-v100-mode0-150":{"min":0.42010989785194397,"max":0.606977105140686},"gwa-vestas-v100-mode0-80":{"min":0.26332762837409973,"max":0.591361403465271},"gwa-vestas-v110-mode0-100":{"min":0.38503435254096985,"max":0.651322066783905},"gwa-vestas-v110-mode0-120":{"min":0.43404439091682434,"max":0.6579007506370544},"gwa-vestas-v110-mode0-150":{"min":0.47764813899993896,"max":0.6585158705711365},"gwa-vestas-v110-mode0-80":{"min":0.31159400939941406,"max":0.6391109228134155},"gwa-vestas-v112-mode0-100":{"min":0.23683400452136993,"max":0.49988681077957153},"gwa-vestas-v112-mode0-120":{"min":0.276381254196167,"max":0.5057621598243713},"gwa-vestas-v112-mode0-150":{"min":0.3132103681564331,"max":0.5006160140037537},"gwa-vestas-v112-mode0-80":{"min":0.18517059087753296,"max":0.49034765362739563},"gwa-vestas-v120-mode0-100":{"min":0.40848228335380554,"max":0.6694429516792297},"gwa-vestas-v120-mode0-120":{"min":0.45791760087013245,"max":0.6759482026100159},"gwa-vestas-v120-mode0-150":{"min":0.5017557144165039,"max":0.6788017749786377},"gwa-vestas-v120-mode0-80":{"min":0.3324128985404968,"max":0.6567956805229187},"gwa-vestas-v126-mode0-100":{"min":0.29363536834716797,"max":0.5648581385612488},"gwa-vestas-v126-mode0-120":{"min":0.33832934498786926,"max":0.571070671081543},"gwa-vestas-v126-mode0-150":{"min":0.37869471311569214,"max":0.5674134492874146},"gwa-vestas-v126-mode0-80":{"min":0.23268461227416992,"max":0.5539184212684631},"gwa-vestas-v136-mode0-100":{"min":0.3375263512134552,"max":0.6082951426506042},"gwa-vestas-v136-mode0-120":{"min":0.38470888137817383,"max":0.6147017478942871},"gwa-vestas-v136-mode0-150":{"min":0.4270038306713104,"max":0.6121800541877747},"gwa-vestas-v136-mode0-80":{"min":0.27013516426086426,"max":0.5966450572013855},"air-density":{"min":1.1404755115509033,"max":1.1558395624160767}}