{"worldpop": {"min": -3.4028234663852886e+38, "max": 6306.89306640625}, "slope": {"min": 0.0, "max": 5.67362642288208}, "land-cover": {"min": 10.0, "max": 210.0}, "airports": {"min": 0.0, "max": 200870.609375}, "ports": {"min": 65535.0, "max": 499999.25}, "anchorages": {"min": 65535.0, "max": 500000.0}, "grid": {"min": 0.0, "max": 17182.83984375}, "roads": {"min": 0.0, "max": 16530.275390625}, "pp-whs": {"min": 0.0, "max": 714532.1875}, "unep-coral": {"min": 65535.0, "max": 65535.0}, "unesco": {"min": 0.0, "max": 321403.15625}, "unesco-ramsar": {"min": 0.0, "max": 166812.03125}, "wwf-glw-1": {"min": 0.0, "max": 247831.59375}, "wwf-glw-2": {"min": 0.0, "max": 72277.2421875}, "jrc-gsw": {"min": 0.0, "max": 1.0}, "pp-marine-protected": {"min": 0.0, "max": 0.0}, "unep-tidal": {"min": 0.0, "max": 0.0}, "wwf-glw-3": {"min": 1.0, "max": 255.0}, "gsa-pvout": {"min": 2.7757081985473633, "max": 3.1305806636810303}, "gsa-ghi": {"min": 2.7471811771392822, "max": 3.1665568351745605}, "gsa-gti": {"min": 3.2705302238464355, "max": 3.7345499992370605}, "gsa-temp": {"min": 5.900000095367432, "max": 8.600000381469727}, "gwa-iec1": {"min": 0.20467141270637512, "max": 0.4792444705963135}, "gwa-iec2": {"min": 0.2532845735549927, "max": 0.5397700071334839}, "gwa-iec3": {"min": 0.2903890013694763, "max": 0.580448567867279}, "gwa-power-10": {"min": 10.627522468566895, "max": 250.33152770996094}, "gwa-speed-10": {"min": 2.0411767959594727, "max": 5.94300651550293}, "gwa-power-50": {"min": 88.4281005859375, "max": 419.1470031738281}, "gwa-speed-50": {"min": 4.393467426300049, "max": 7.253375053405762}, "gwa-power-100": {"min": 168.44822692871094, "max": 528.5684204101562}, "gwa-speed-100": {"min": 5.682048320770264, "max": 8.269692420959473}, "gwa-power-150": {"min": 293.9753723144531, "max": 744.1436157226562}, "gwa-speed-150": {"min": 6.794719696044922, "max": 9.286107063293457}, "gwa-power-200": {"min": 412.11444091796875, "max": 958.688720703125}, "gwa-speed-200": {"min": 7.4243621826171875, "max": 9.953993797302246}, "gebco": {"min": 51.0, "max": 343.0}, "srtm90": {"min": 44.0, "max": 347.0}, "waterbodies": {"min": 1.0, "max": 2.0}, "gwa-enercon-e44-50": {"min": 0.06597729027271271, "max": 0.2803291976451874}, "gwa-enercon-e48-50": {"min": 0.08663874119520187, "max": 0.34231600165367126}, "gwa-enercon-e53-50": {"min": 0.11133403331041336, "max": 0.38931068778038025}, "gwa-offshore-dtu-10mw-119": {"min": 0.21055272221565247, "max": 0.4804167151451111}, "gwa-offshore-iea-15mw-150": {"min": 0.3478606343269348, "max": 0.5981636643409729}, "gwa-offshore-leanwind-8mw-110": {"min": 0.19786079227924347, "max": 0.47062456607818604}, "gwa-vestas-v100-mode0-100": {"min": 0.28094911575317383, "max": 0.5764155387878418}, "gwa-vestas-v100-mode0-120": {"min": 0.3371916115283966, "max": 0.614136815071106}, "gwa-vestas-v100-mode0-150": {"min": 0.42146310210227966, "max": 0.6654515862464905}, "gwa-vestas-v100-mode0-80": {"min": 0.23671670258045197, "max": 0.5393548011779785}, "gwa-vestas-v110-mode0-100": {"min": 0.3282806873321533, "max": 0.6215699911117554}, "gwa-vestas-v110-mode0-120": {"min": 0.3872906565666199, "max": 0.6577160358428955}, "gwa-vestas-v110-mode0-150": {"min": 0.47092553973197937, "max": 0.7071083784103394}, "gwa-vestas-v110-mode0-80": {"min": 0.2795296609401703, "max": 0.5840128064155579}, "gwa-vestas-v112-mode0-100": {"min": 0.2025592029094696, "max": 0.4833194315433502}, "gwa-vestas-v112-mode0-120": {"min": 0.24969807267189026, "max": 0.5222040414810181}, "gwa-vestas-v112-mode0-150": {"min": 0.32804104685783386, "max": 0.5749675631523132}, "gwa-vestas-v112-mode0-80": {"min": 0.1681123524904251, "max": 0.4492100775241852}, "gwa-vestas-v120-mode0-100": {"min": 0.34838032722473145, "max": 0.6380248069763184}, "gwa-vestas-v120-mode0-120": {"min": 0.4087356626987457, "max": 0.6725713610649109}, "gwa-vestas-v120-mode0-150": {"min": 0.4903523027896881, "max": 0.7207311987876892}, "gwa-vestas-v120-mode0-80": {"min": 0.2976001501083374, "max": 0.6003589630126953}, "gwa-vestas-v126-mode0-100": {"min": 0.2511891722679138, "max": 0.5429700016975403}, "gwa-vestas-v126-mode0-120": {"min": 0.3040600121021271, "max": 0.581317663192749}, "gwa-vestas-v126-mode0-150": {"min": 0.38675886392593384, "max": 0.6335999369621277}, "gwa-vestas-v126-mode0-80": {"min": 0.21070197224617004, "max": 0.5068256258964539}, "gwa-vestas-v136-mode0-100": {"min": 0.2882784903049469, "max": 0.5827385187149048}, "gwa-vestas-v136-mode0-120": {"min": 0.3445989191532135, "max": 0.6202082633972168}, "gwa-vestas-v136-mode0-150": {"min": 0.4285402297973633, "max": 0.6713512539863586}, "gwa-vestas-v136-mode0-80": {"min": 0.24352969229221344, "max": 0.5457248687744141}, "air-density": {"min": 1.2011351585388184, "max": 1.2331478595733643}, "lcoe": {"gwa-vestas-v100-mode0-120": {"lg": {"min": 60.597747802734375, "max": 107.08311462402344}, "li": {"min": 1.6936471462249756, "max": 3.470125436782837}, "lr": {"min": 0.0, "max": 0.5430262088775635}, "total": {"min": 62.3105583190918, "max": 110.4598617553711}}, "gwa-vestas-v110-mode0-120": {"lg": {"min": 56.84767150878906, "max": 93.7485122680664}, "li": {"min": 1.5814287662506104, "max": 3.030451536178589}, "lr": {"min": 0.0, "max": 0.4753109812736511}, "total": {"min": 58.44699478149414, "max": 96.68844604492188}}, "gwa-vestas-v112-mode0-120": {"lg": {"min": 70.56163787841797, "max": 143.20315551757812}, "li": {"min": 1.9918094873428345, "max": 4.665306091308594}, "lr": {"min": 0.0, "max": 0.7267508506774902}, "total": {"min": 72.57598114013672, "max": 147.76309204101562}}, "gwa-vestas-v112-mode0-100": {"lg": {"min": 75.91674041748047, "max": 175.5980224609375}, "li": {"min": 2.15205717086792, "max": 5.738266468048096}, "lr": {"min": 0.0, "max": 0.8922259211540222}, "total": {"min": 78.09314727783203, "max": 181.21914672851562}}, "gwa-offshore-dtu-10mw-119": {"lg": {"min": 76.35127258300781, "max": 169.08340454101562}, "li": {"min": 2.165060043334961, "max": 5.532232761383057}, "lr": {"min": 0.0, "max": 0.8561593890190125}, "total": {"min": 78.54083251953125, "max": 174.49111938476562}}, "gwa-vestas-v126-mode0-150": {"lg": {"min": 58.859161376953125, "max": 93.87191009521484}, "li": {"min": 1.6419715881347656, "max": 3.079566240310669}, "lr": {"min": 0.0, "max": 0.480954110622406}, "total": {"min": 60.526222229003906, "max": 96.99840545654297}}, "gwa-vestas-v120-mode0-80": {"lg": {"min": 61.896629333496094, "max": 120.79684448242188}, "li": {"min": 1.7325152158737183, "max": 3.8913965225219727}, "lr": {"min": 0.0, "max": 0.6194175481796265}, "total": {"min": 63.648746490478516, "max": 124.62281036376953}}, "gsa-pvout": {"lg": {"min": 245.15660994856083, "max": 275.98832370741746}, "li": {"min": 7.147893612473829, "max": 9.57560228873772}, "lr": {"min": 0.0, "max": 1.4134855243445292}, "total": {"min": 252.48954365503047, "max": 284.431010958484}}, "gwa-vestas-v126-mode0-80": {"lg": {"min": 72.581298828125, "max": 168.96646118164062}, "li": {"min": 2.052246332168579, "max": 5.490004062652588}, "lr": {"min": 0.0, "max": 0.8684180378913879}, "total": {"min": 74.65676879882812, "max": 174.37034606933594}}, "gwa-offshore-leanwind-8mw-110": {"lg": {"min": 77.85665893554688, "max": 179.67282104492188}, "li": {"min": 2.2101075649261475, "max": 5.892013072967529}, "lr": {"min": 0.0, "max": 0.9112886190414429}, "total": {"min": 80.0917739868164, "max": 185.42742919921875}}, "gwa-vestas-v110-mode0-100": {"lg": {"min": 59.92091369628906, "max": 109.88121032714844}, "li": {"min": 1.6733932495117188, "max": 3.553664207458496}, "lr": {"min": 0.0, "max": 0.5585935115814209}, "total": {"min": 61.613243103027344, "max": 113.349609375}}, "gwa-vestas-v136-mode0-100": {"lg": {"min": 63.64727020263672, "max": 124.57353973388672}, "li": {"min": 1.7849018573760986, "max": 4.039497375488281}, "lr": {"min": 0.0, "max": 0.6334680914878845}, "total": {"min": 65.4523696899414, "max": 128.52322387695312}}, "gwa-vestas-v126-mode0-100": {"lg": {"min": 68.01598358154297, "max": 142.37681579589844},