{"worldpop": {"min": -3.4028234663852886e+38, "max": 1508.704833984375}, "slope": {"min": 0.0, "max": 20.27528953552246}, "land-cover": {"min": 10.0, "max": 210.0}, "airports": {"min": 0.0, "max": 94501.3203125}, "ports": {"min": 1581.1387939453125, "max": 125730.8671875}, "anchorages": {"min": 0.0, "max": 125532.8671875}, "grid": {"min": 0.0, "max": 40049.96875}, "roads": {"min": 0.0, "max": 39528.46875}, "pp-whs": {"min": 0.0, "max": 88285.046875}, "unep-coral": {"min": 0.0, "max": 97970.65625}, "unesco": {"min": 45500.0, "max": 171856.046875}, "unesco-ramsar": {"min": 500.0, "max": 146377.078125}, "wwf-glw-1": {"min": 15976.544921875, "max": 155622.9375}, "wwf-glw-2": {"min": 0.0, "max": 56949.5390625}, "jrc-gsw": {"min": 0.0, "max": 1.0}, "pp-marine-protected": {"min": 0.0, "max": 1.0}, "unep-tidal": {"min": 0.0, "max": 1.0}, "wwf-glw-3": {"min": 1.0, "max": 255.0}, "gsa-pvout": {"min": 3.5740745067596436, "max": 4.6275506019592285}, "gsa-ghi": {"min": 4.404320240020752, "max": 5.64697265625}, "gsa-gti": {"min": 4.49421501159668, "max": 5.889806747436523}, "gsa-temp": {"min": 19.469654083251953, "max": 27.086326599121094}, "gwa-iec1": {"min": 0.008921189233660698, "max": 0.32004109025001526}, "gwa-iec2": {"min": 0.013357738964259624, "max": 0.37536799907684326}, "gwa-iec3": {"min": 0.016257885843515396, "max": 0.41971850395202637}, "gwa-power-10": {"min": 0.5735165476799011, "max": 481.9514465332031}, "gwa-speed-10": {"min": 0.633583128452301, "max": 5.36284065246582}, "gwa-power-50": {"min": 4.488977432250977, "max": 239.42637634277344}, "gwa-speed-50": {"min": 1.4060944318771362, "max": 6.219249248504639}, "gwa-power-100": {"min": 13.534749031066895, "max": 301.5538330078125}, "gwa-speed-100": {"min": 2.2483081817626953, "max": 6.992337703704834}, "gwa-power-150": {"min": 26.661924362182617, "max": 379.292236328125}, "gwa-speed-150": {"min": 2.8255105018615723, "max": 7.523531913757324}, "gwa-power-200": {"min": 49.12338638305664, "max": 450.9462585449219}, "gwa-speed-200": {"min": 3.530736207962036, "max": 7.884243965148926}, "gebco": {"min": -205.0, "max": 1054.0}, "srtm90": {"min": -2.0, "max": 1060.0}, "waterbodies": {"min": 0.0, "max": 2.0}, "gwa-enercon-e44-50": {"min": 0.0006312277400866151, "max": 0.18618501722812653}, "gwa-enercon-e48-50": {"min": 0.0008691275143064559, "max": 0.2314128577709198}, "gwa-enercon-e53-50": {"min": 0.002534157130867243, "max": 0.26979583501815796}, "gwa-offshore-dtu-10mw-119": {"min": 0.006748830899596214, "max": 0.30568456649780273}, "gwa-offshore-iea-15mw-150": {"min": 0.026035906746983528, "max": 0.39187026023864746}, "gwa-offshore-leanwind-8mw-110": {"min": 0.005933752749115229, "max": 0.31071120500564575}, "gwa-vestas-v100-mode0-100": {"min": 0.013897751457989216, "max": 0.417519748210907}, "gwa-vestas-v100-mode0-120": {"min": 0.020664073526859283, "max": 0.439541220664978}, "gwa-vestas-v100-mode0-150": {"min": 0.03687053918838501, "max": 0.4675441086292267}, "gwa-vestas-v100-mode0-80": {"min": 0.006636651698499918, "max": 0.39996907114982605}, "gwa-vestas-v110-mode0-100": {"min": 0.018091320991516113, "max": 0.46767231822013855}, "gwa-vestas-v110-mode0-120": {"min": 0.026555582880973816, "max": 0.48609787225723267}, "gwa-vestas-v110-mode0-150": {"min": 0.04644380509853363, "max": 0.512739896774292}, "gwa-vestas-v110-mode0-80": {"min": 0.008844026364386082, "max": 0.4521391689777374}, "gwa-vestas-v112-mode0-100": {"min": 0.008476221933960915, "max": 0.3252660930156708}, "gwa-vestas-v112-mode0-120": {"min": 0.01289487723261118, "max": 0.3457842171192169}, "gwa-vestas-v112-mode0-150": {"min": 0.023743631318211555, "max": 0.37466949224472046}, "gwa-vestas-v112-mode0-80": {"min": 0.003932363353669643, "max": 0.30504536628723145}, "gwa-vestas-v120-mode0-100": {"min": 0.01930118352174759, "max": 0.4897041618824005}, "gwa-vestas-v120-mode0-120": {"min": 0.028407741338014603, "max": 0.5043485760688782}, "gwa-vestas-v120-mode0-150": {"min": 0.04983825981616974, "max": 0.5297830700874329}, "gwa-vestas-v120-mode0-80": {"min": 0.009382653050124645, "max": 0.4738736152648926}, "gwa-vestas-v126-mode0-100": {"min": 0.01226575206965208, "max": 0.38148829340934753}, "gwa-vestas-v126-mode0-120": {"min": 0.018175838515162468, "max": 0.40298017859458923}, "gwa-vestas-v126-mode0-150": {"min": 0.03234781324863434, "max": 0.4314984083175659}, "gwa-vestas-v126-mode0-80": {"min": 0.005906036589294672, "max": 0.3627147078514099}, "gwa-vestas-v136-mode0-100": {"min": 0.014834066852927208, "max": 0.4216654896736145}, "gwa-vestas-v136-mode0-120": {"min": 0.02189503237605095, "max": 0.4435270428657532}, "gwa-vestas-v136-mode0-150": {"min": 0.03868342563509941, "max": 0.47127336263656616}, "gwa-vestas-v136-mode0-80": {"min": 0.007193577941507101, "max": 0.406431645154953}, "air-density": {"min": 1.054840326309204, "max": 1.1632165908813477}, "lcoe": {"gwa-vestas-v100-mode0-120": {"lg": {"min": 83.07963562011719, "max": 1686.08642578125}, "li": {"min": 2.5617032051086426, "max": 60.50533676147461}, "lr": {"min": 0.0, "max": 4.015623092651367}, "total": {"min": 85.7924575805664, "max": 1749.2174072265625}}, "gwa-vestas-v110-mode0-120": {"lg": {"min": 75.50568389892578, "max": 1312.906005859375}, "li": {"min": 2.2702345848083496, "max": 47.081878662109375}, "lr": {"min": 0.0, "max": 3.2016983032226562}, "total": {"min": 77.95867919921875, "max": 1362.031005859375}}, "gwa-vestas-v112-mode0-120": {"lg": {"min": 104.52154541015625, "max": 2699.548095703125}, "li": {"min": 3.3590285778045654, "max": 96.9599609375}, "lr": {"min": 0.0, "max": 6.191267013549805}, "total": {"min": 107.96993255615234, "max": 2800.715576171875}}, "gwa-vestas-v112-mode0-100": {"lg": {"min": 110.86253356933594, "max": 4104.7373046875}, "li": {"min": 3.4557130336761475, "max": 147.055908203125}, "lr": {"min": 0.0, "max": 8.939558029174805}, "total": {"min": 114.52845001220703, "max": 4252.650390625}}, "gwa-offshore-dtu-10mw-119": {"lg": {"min": 117.70792388916016, "max": 5154.337890625}, "li": {"min": 3.8608603477478027, "max": 185.25975036621094}, "lr": {"min": 0.0, "max": 10.140626907348633}, "total": {"min": 121.6086654663086, "max": 5347.63720703125}}, "gwa-vestas-v126-mode0-150": {"lg": {"min": 84.55361938476562, "max": 1078.5318603515625}, "li": {"min": 2.6804144382476807, "max": 38.65135192871094}, "lr": {"min": 0.0, "max": 2.8628783226013184}, "total": {"min": 87.32438659667969, "max": 1118.8604736328125}}, "gwa-vestas-v120-mode0-80": {"lg": {"min": 77.35026550292969, "max": 3708.576904296875}, "li": {"min": 2.2598323822021484, "max": 125.96735382080078}, "lr": {"min": 0.0, "max": 7.656169414520264}, "total": {"min": 79.85523986816406, "max": 3842.200439453125}}, "gsa-pvout": {"lg": {"min": 167.1446708987245, "max": 215.23236759501725}, "li": {"min": 4.859411345103355, "max": 8.493278425941336}, "lr": {"min": 0.0, "max": 2.219855347407505}, "total": {"min": 172.59380007200977, "max": 224.61310993662568}}, "gwa-vestas-v126-mode0-80": {"lg": {"min": 99.82948303222656, "max": 5889.2939453125}, "li": {"min": 2.9996085166931152, "max": 200.11863708496094}, "lr": {"min": 0.0, "max": 12.163008689880371}, "total": {"min": 103.10214233398438, "max": 6101.57568359375}}, "gwa-offshore-leanwind-8mw-110": {"lg": {"min": 115.86837768554688, "max": 5861.8037109375}, "li": {"min": 3.747856378555298, "max": 210.7075958251953}, "lr": {"min": 0.0, "max": 11.534249305725098}, "total": {"min": 119.70601654052734, "max": 6081.65478515625}}, "gwa-vestas-v110-mode0-100": {"lg": {"min": 78.32289123535156, "max": 1925.2947998046875}, "li": {"min": 2.3269217014312744, "max": 69.10975646972656}, "lr": {"min": 0.0, "max": 4.527113914489746}, "total": {"min": 80.84976959228516, "max": 1997.403564453125}}, "gwa-vestas-v136-mode0-100": {"lg": {"min": 86.43207550048828, "max": 2347.171142578125}, "li": {"min": 2.5839734077453613, "max": 84.28482055664062}, "lr": {"min": 0.0, "max": 5.441570281982422}, "total": {"min": 89.25990295410156, "max": 2435.113525390625}},