{"worldpop": {"min": -3.4028234663852886e+38, "max": 1483.2855224609375}, "slope": {"min": 0.0, "max": 49.06391906738281}, "land-cover": {"min": 10.0, "max": 210.0}, "airports": {"min": 0.0, "max": 173194.984375}, "ports": {"min": 0.0, "max": 177916.40625}, "anchorages": {"min": 0.0, "max": 181676.21875}, "grid": {"min": 0.0, "max": 162490.765625}, "roads": {"min": 0.0, "max": 165608.71875}, "pp-whs": {"min": 0.0, "max": 141089.515625}, "unep-coral": {"min": 0.0, "max": 128865.234375}, "unesco": {"min": 707.1067504882812, "max": 171791.296875}, "unesco-ramsar": {"min": 34713.109375, "max": 288458.84375}, "wwf-glw-1": {"min": 13500.0, "max": 241115.109375}, "wwf-glw-2": {"min": 0.0, "max": 168092.984375}, "jrc-gsw": {"min": 0.0, "max": 255.0}, "pp-marine-protected": {"min": 0.0, "max": 1.0}, "unep-tidal": {"min": 0.0, "max": 1.0}, "wwf-glw-3": {"min": 1.0, "max": 255.0}, "gsa-pvout": {"min": 3.5740745067596436, "max": 4.643864631652832}, "gsa-ghi": {"min": 4.404320240020752, "max": 5.667255401611328}, "gsa-gti": {"min": 4.49421501159668, "max": 5.909547805786133}, "gsa-temp": {"min": 19.73784828186035, "max": 26.700000762939453}, "gwa-iec1": {"min": 0.008921189233660698, "max": 0.3790018558502197}, "gwa-iec2": {"min": 0.013357738964259624, "max": 0.4349256455898285}, "gwa-iec3": {"min": 0.016257885843515396, "max": 0.47421884536743164}, "gwa-power-10": {"min": 0.5261410474777222, "max": 199.20909118652344}, "gwa-speed-10": {"min": 0.5994082093238831, "max": 5.66593599319458}, "gwa-power-50": {"min": 6.2830305099487305, "max": 309.54736328125}, "gwa-speed-50": {"min": 1.5248980522155762, "max": 6.718820571899414}, "gwa-power-100": {"min": 13.534749031066895, "max": 375.7217712402344}, "gwa-speed-100": {"min": 2.2483081817626953, "max": 7.332662105560303}, "gwa-power-150": {"min": 26.661924362182617, "max": 397.88311767578125}, "gwa-speed-150": {"min": 2.8255105018615723, "max": 7.44089412689209}, "gwa-power-200": {"min": 49.12338638305664, "max": 414.53076171875}, "gwa-speed-200": {"min": 3.530736207962036, "max": 7.58372688293457}, "gebco": {"min": -4464.0, "max": 969.0}, "srtm90": {"min": -3.0, "max": 970.0}, "waterbodies": {"min": 0.0, "max": 2.0}, "gwa-enercon-e44-50": {"min": 0.0010384521447122097, "max": 0.2219943255186081}, "gwa-enercon-e48-50": {"min": 0.0014191108057275414, "max": 0.2769469916820526}, "gwa-enercon-e53-50": {"min": 0.0036059909034520388, "max": 0.321671724319458}, "gwa-offshore-dtu-10mw-119": {"min": 0.006748830899596214, "max": 0.3391609787940979}, "gwa-offshore-iea-15mw-150": {"min": 0.026035906746983528, "max": 0.4012247323989868}, "gwa-offshore-leanwind-8mw-110": {"min": 0.005933752749115229, "max": 0.3481658101081848}, "gwa-vestas-v100-mode0-100": {"min": 0.013572730123996735, "max": 0.4694507122039795}, "gwa-vestas-v100-mode0-120": {"min": 0.020664073526859283, "max": 0.47680315375328064}, "gwa-vestas-v100-mode0-150": {"min": 0.03687053918838501, "max": 0.4792061448097229}, "gwa-vestas-v100-mode0-80": {"min": 0.006967243738472462, "max": 0.45203086733818054}, "gwa-vestas-v110-mode0-100": {"min": 0.017853030934929848, "max": 0.5197359919548035}, "gwa-vestas-v110-mode0-120": {"min": 0.026555582880973816, "max": 0.5270088911056519}, "gwa-vestas-v110-mode0-150": {"min": 0.04644380509853363, "max": 0.5287607312202454}, "gwa-vestas-v110-mode0-80": {"min": 0.009249059483408928, "max": 0.5016850233078003}, "gwa-vestas-v112-mode0-100": {"min": 0.008180617354810238, "max": 0.37167465686798096}, "gwa-vestas-v112-mode0-120": {"min": 0.01289487723261118, "max": 0.3786275386810303}, "gwa-vestas-v112-mode0-150": {"min": 0.023743631318211555, "max": 0.38250014185905457}, "gwa-vestas-v112-mode0-80": {"min": 0.00414749002084136, "max": 0.35721826553344727}, "gwa-vestas-v120-mode0-100": {"min": 0.018997928127646446, "max": 0.5401784181594849}, "gwa-vestas-v120-mode0-120": {"min": 0.028407741338014603, "max": 0.5473616719245911}, "gwa-vestas-v120-mode0-150": {"min": 0.04983825981616974, "max": 0.548758864402771}, "gwa-vestas-v120-mode0-80": {"min": 0.009819707833230495, "max": 0.5219213962554932}, "gwa-vestas-v126-mode0-100": {"min": 0.012014106847345829, "max": 0.43199220299720764}, "gwa-vestas-v126-mode0-120": {"min": 0.018175838515162468, "max": 0.4392126202583313}, "gwa-vestas-v126-mode0-150": {"min": 0.03234781324863434, "max": 0.44199469685554504}, "gwa-vestas-v126-mode0-80": {"min": 0.006192868575453758, "max": 0.41540491580963135}, "gwa-vestas-v136-mode0-100": {"min": 0.014576745219528675, "max": 0.4753651022911072}, "gwa-vestas-v136-mode0-120": {"min": 0.02189503237605095, "max": 0.4826519191265106}, "gwa-vestas-v136-mode0-150": {"min": 0.03868342563509941, "max": 0.4849317669868469}, "gwa-vestas-v136-mode0-80": {"min": 0.0075346799567341805, "max": 0.45796746015548706}, "air-density": {"min": 1.0622214078903198, "max": 1.162355899810791}}