{"worldpop":{"min":-3.4028234663852886e+38,"max":1179.4586181640625},"slope":{"min":0.0,"max":61.199283599853516},"land-cover":{"min":24.352134704589844,"max":210.0},"airports":{"min":500.0,"max":407757.90625},"ports":{"min":0.0,"max":398742.09375},"anchorages":{"min":0.0,"max":392790.65625},"grid":{"min":0.0,"max":65535.0},"roads":{"min":0.0,"max":390610.40625},"pp-whs":{"min":959000.0,"max":1617789.625},"unep-coral":{"min":0.0,"max":375566.90625},"unesco":{"min":0.0,"max":408834.0},"unesco-ramsar":{"min":65535.0,"max":65535.0},"wwf-glw-1":{"min":65535.0,"max":65535.0},"wwf-glw-2":{"min":65535.0,"max":65535.0},"jrc-gsw":{"min":0.0,"max":255.0},"pp-marine-protected":{"min":0.0,"max":0.0},"unep-tidal":{"min":0.0,"max":0.0},"wwf-glw-3":{"min":255.0,"max":255.0},"gsa-pvout":{"min":4.135751247406006,"max":4.228000164031982},"gsa-ghi":{"min":4.690000057220459,"max":4.798999786376953},"gsa-gti":{"min":5.105137825012207,"max":5.223999977111816},"gsa-temp":{"min":20.200000762939453,"max":23.299999237060547},"gwa-iec1":{"min":0.35045233368873596,"max":0.5000668168067932},"gwa-iec2":{"min":0.39670905470848083,"max":0.548593282699585},"gwa-iec3":{"min":0.42926254868507385,"max":0.5824716091156006},"gwa-power-10":{"min":96.54327392578125,"max":398.03497314453125},"gwa-speed-10":{"min":3.8065237998962402,"max":6.781302452087402},"gwa-power-50":{"min":350.630859375,"max":599.2386474609375},"gwa-speed-50":{"min":6.416187763214111,"max":8.019613265991211},"gwa-power-100":{"min":412.22216796875,"max":704.8985595703125},"gwa-speed-100":{"min":7.0024333000183105,"max":8.729146003723145},"gwa-power-150":{"min":441.055908203125,"max":757.9111328125},"gwa-speed-150":{"min":7.1222381591796875,"max":8.880868911743164},"gwa-power-200":{"min":461.0485534667969,"max":797.1932373046875},"gwa-speed-200":{"min":7.21116304397583,"max":8.983576774597168},"gebco":{"min":-5661.0,"max":2249.0},"srtm90":{"min":0.0,"max":39.0},"waterbodies":{"min":0.0,"max":1.0},"gwa-enercon-e44-50":{"min":0.22144842147827148,"max":0.3356689214706421},"gwa-enercon-e48-50":{"min":0.2693733274936676,"max":0.3986693322658539},"gwa-enercon-e53-50":{"min":0.30734556913375854,"max":0.4428955316543579},"gwa-offshore-dtu-10mw-119":{"min":0.3224993348121643,"max":0.4703768789768219},"gwa-offshore-iea-15mw-150":{"min":0.3745138943195343,"max":0.525619387626648},"gwa-offshore-leanwind-8mw-110":{"min":0.32887083292007446,"max":0.4773930609226227},"gwa-vestas-v100-mode0-100":{"min":0.42362505197525024,"max":0.5772110223770142},"gwa-vestas-v100-mode0-120":{"min":0.4297378361225128,"max":0.5834434032440186},"gwa-vestas-v100-mode0-150":{"min":0.4311722218990326,"max":0.5819247961044312},"gwa-vestas-v100-mode0-80":{"min":0.40902671217918396,"max":0.5614396929740906},"gwa-vestas-v110-mode0-100":{"min":0.4618825614452362,"max":0.6147226691246033},"gwa-vestas-v110-mode0-120":{"min":0.4679711163043976,"max":0.6210294365882874},"gwa-vestas-v110-mode0-150":{"min":0.46871912479400635,"max":0.6186333298683167},"gwa-vestas-v110-mode0-80":{"min":0.4465194344520569,"max":0.5990026593208313},"gwa-vestas-v112-mode0-100":{"min":0.34971654415130615,"max":0.5002774596214294},"gwa-vestas-v112-mode0-120":{"min":0.3557058274745941,"max":0.5061343908309937},"gwa-vestas-v112-mode0-150":{"min":0.3585945963859558,"max":0.5073046088218689},"gwa-vestas-v112-mode0-80":{"min":0.3371058404445648,"max":0.485003262758255},"gwa-vestas-v120-mode0-100":{"min":0.4742472469806671,"max":0.6215119361877441},"gwa-vestas-v120-mode0-120":{"min":0.4800603985786438,"max":0.6269319653511047},"gwa-vestas-v120-mode0-150":{"min":0.47989657521247864,"max":0.62260502576828},"gwa-vestas-v120-mode0-80":{"min":0.45861372351646423,"max":0.6056101322174072},"gwa-vestas-v126-mode0-100":{"min":0.3962525725364685,"max":0.5491317510604858},"gwa-vestas-v126-mode0-120":{"min":0.402305006980896,"max":0.5552229285240173},"gwa-vestas-v126-mode0-150":{"min":0.40424636006355286,"max":0.554546594619751},"gwa-vestas-v126-mode0-80":{"min":0.38238000869750977,"max":0.5335105061531067},"gwa-vestas-v136-mode0-100":{"min":0.428926020860672,"max":0.5829585790634155},"gwa-vestas-v136-mode0-120":{"min":0.4350294768810272,"max":0.5891537666320801},"gwa-vestas-v136-mode0-150":{"min":0.43642792105674744,"max":0.5877397060394287},"gwa-vestas-v136-mode0-80":{"min":0.4142909049987793,"max":0.5672106146812439},"air-density":{"min":1.177232265472412,"max":1.1842325925827026}}