{"worldpop": {"min": -3.4028234663852886e+38, "max": 5370.53759765625}, "slope": {"min": 0.0, "max": 44.244136810302734}, "land-cover": {"min": 10.0, "max": 220.0}, "airports": {"min": 0.0, "max": 500000.0}, "ports": {"min": 707.1067504882812, "max": 500000.0}, "anchorages": {"min": 65535.0, "max": 500000.0}, "grid": {"min": 0.0, "max": 179268.640625}, "roads": {"min": 0.0, "max": 64017.578125}, "pp-whs": {"min": 0.0, "max": 1002097.75}, "unep-coral": {"min": 65535.0, "max": 65535.0}, "unesco": {"min": 0.0, "max": 500000.0}, "unesco-ramsar": {"min": 65535.0, "max": 499993.25}, "wwf-glw-1": {"min": 0.0, "max": 445017.125}, "wwf-glw-2": {"min": 0.0, "max": 178090.5625}, "jrc-gsw": {"min": 0.0, "max": 1.0}, "pp-marine-protected": {"min": 0.0, "max": 0.0}, "unep-tidal": {"min": 0.0, "max": 0.0}, "wwf-glw-3": {"min": 1.0, "max": 255.0}, "gsa-pvout": {"min": 2.554007053375244, "max": 6.637876987457275}, "gsa-ghi": {"min": 3.085632085800171, "max": 7.420238971710205}, "gsa-gti": {"min": 3.0565898418426514, "max": 8.128616333007812}, "gsa-temp": {"min": -8.009082794189453, "max": 26.799999237060547}, "gwa-iec1": {"min": 5.809591311844997e-05, "max": 0.647576630115509}, "gwa-iec2": {"min": 0.00010656008817022666, "max": 0.6532469987869263}, "gwa-iec3": {"min": 0.00013404742639977485, "max": 0.682539165019989}, "gwa-power-10": {"min": 0.11131308227777481, "max": 7191.46044921875}, "gwa-speed-10": {"min": 0.2656267583370209, "max": 16.003170013427734}, "gwa-power-50": {"min": 0.21935425698757172, "max": 5515.03125}, "gwa-speed-50": {"min": 0.3754928708076477, "max": 15.996856689453125}, "gwa-power-100": {"min": 0.41548672318458557, "max": 4937.2041015625}, "gwa-speed-100": {"min": 0.4308096766471863, "max": 16.109329223632812}, "gwa-power-150": {"min": 0.5122326612472534, "max": 4384.1259765625}, "gwa-speed-150": {"min": 0.4925408363342285, "max": 15.788116455078125}, "gwa-power-200": {"min": 0.5491712093353271, "max": 3884.95654296875}, "gwa-speed-200": {"min": 0.49049678444862366, "max": 15.576869010925293}, "gebco": {"min": 77.0, "max": 6279.0}, "srtm90": {"min": 77.0, "max": 6318.0}, "waterbodies": {"min": 1.0, "max": 2.0}, "gwa-enercon-e44-50": {"min": 5.468215476867044e-06, "max": 0.5219908356666565}, "gwa-enercon-e48-50": {"min": 7.572643426101422e-06, "max": 0.5761249661445618}, "gwa-enercon-e53-50": {"min": 3.966105214203708e-05, "max": 0.613683819770813}, "gwa-offshore-dtu-10mw-119": {"min": 2.7112350835523102e-06, "max": 0.6433478593826294}, "gwa-offshore-iea-15mw-150": {"min": 3.205042958143167e-05, "max": 0.6872420310974121}, "gwa-offshore-leanwind-8mw-110": {"min": 2.2343879209074657e-06, "max": 0.650230884552002}, "gwa-vestas-v100-mode0-100": {"min": 2.4650387786095962e-05, "max": 0.6883825063705444}, "gwa-vestas-v100-mode0-120": {"min": 2.622219835757278e-05, "max": 0.6885824799537659}, "gwa-vestas-v100-mode0-150": {"min": 4.891444041277282e-05, "max": 0.6851303577423096}, "gwa-vestas-v100-mode0-80": {"min": 4.414609065861441e-05, "max": 0.6699763536453247}, "gwa-vestas-v110-mode0-100": {"min": 3.002478479174897e-05, "max": 0.7437350153923035}, "gwa-vestas-v110-mode0-120": {"min": 3.130503318971023e-05, "max": 0.7513285279273987}, "gwa-vestas-v110-mode0-150": {"min": 6.377221870934591e-05, "max": 0.7652828097343445}, "gwa-vestas-v110-mode0-80": {"min": 5.799029895570129e-05, "max": 0.7239962816238403}, "gwa-vestas-v112-mode0-100": {"min": 1.2608008546521887e-05, "max": 0.6565080285072327}, "gwa-vestas-v112-mode0-120": {"min": 1.4053937775315717e-05, "max": 0.6682880520820618}, "gwa-vestas-v112-mode0-150": {"min": 2.6728452212410048e-05, "max": 0.6764165759086609}, "gwa-vestas-v112-mode0-80": {"min": 2.3516551664215513e-05, "max": 0.6409509181976318}, "gwa-vestas-v120-mode0-100": {"min": 3.002478479174897e-05, "max": 0.7131499648094177}, "gwa-vestas-v120-mode0-120": {"min": 3.4256991057191044e-05, "max": 0.7170811295509338}, "gwa-vestas-v120-mode0-150": {"min": 6.690888403682038e-05, "max": 0.7311217784881592}, "gwa-vestas-v120-mode0-80": {"min": 5.995957326376811e-05, "max": 0.698616087436676}, "gwa-vestas-v126-mode0-100": {"min": 2.305304406036157e-05, "max": 0.6530239582061768}, "gwa-vestas-v126-mode0-120": {"min": 1.8262539015267976e-05, "max": 0.6578109264373779}, "gwa-vestas-v126-mode0-150": {"min": 4.479045674088411e-05, "max": 0.6644032001495361}, "gwa-vestas-v126-mode0-80": {"min": 3.581875716918148e-05, "max": 0.6448720693588257}, "gwa-vestas-v136-mode0-100": {"min": 2.8988526537432335e-05, "max": 0.6882334351539612}, "gwa-vestas-v136-mode0-120": {"min": 3.0103597964625806e-05, "max": 0.6889042258262634}, "gwa-vestas-v136-mode0-150": {"min": 5.561006037169136e-05, "max": 0.6920726299285889}, "gwa-vestas-v136-mode0-80": {"min": 5.0803508202079684e-05, "max": 0.6699808239936829}, "air-density": {"min": 0.6184918880462646, "max": 1.1443363428115845}, "lcoe": {"gwa-vestas-v100-mode0-120": {"lg": {"min": 54.47871017456055, "max": 10000.0}, "li": {"min": 1.5193970203399658, "max": 10000.0}, "lr": {"min": 0.0, "max": 5084.20947265625}, "total": {"min": 56.022281646728516, "max": 10000.0}}, "gwa-vestas-v110-mode0-120": {"lg": {"min": 50.263065338134766, "max": 10000.0}, "li": {"min": 1.4029959440231323, "max": 10000.0}, "lr": {"min": 0.0, "max": 3672.965576171875}, "total": {"min": 52.0368537902832, "max": 10000.0}}, "gwa-vestas-v112-mode0-120": {"lg": {"min": 56.01164627075195, "max": 10000.0}, "li": {"min": 1.719753623008728, "max": 10000.0}, "lr": {"min": 0.0, "max": 9730.37109375}, "total": {"min": 59.824729919433594, "max": 10000.0}}, "gwa-vestas-v112-mode0-100": {"lg": {"min": 56.944908142089844, "max": 10000.0}, "li": {"min": 1.7303996086120605, "max": 10000.0}, "lr": {"min": 0.0, "max": 10000.0}, "total": {"min": 60.214576721191406, "max": 10000.0}}, "gwa-offshore-dtu-10mw-119": {"lg": {"min": 58.02793884277344, "max": 10000.0}, "li": {"min": 1.822428822517395, "max": 10000.0}, "lr": {"min": 0.0, "max": 10000.0}, "total": {"min": 61.98883819580078, "max": 10000.0}}, "gwa-vestas-v126-mode0-150": {"lg": {"min": 56.315765380859375, "max": 10000.0}, "li": {"min": 1.5643939971923828, "max": 10000.0}, "lr": {"min": 0.0, "max": 2449.591796875}, "total": {"min": 58.17982864379883, "max": 10000.0}}, "gwa-vestas-v120-mode0-80": {"lg": {"min": 53.75374221801758, "max": 10000.0}, "li": {"min": 1.4975754022598267, "max": 10000.0}, "lr": {"min": 0.0, "max": 2487.000244140625}, "total": {"min": 55.275142669677734, "max": 10000.0}}, "gsa-pvout": {"lg": {"min": 117.73519296160234, "max": 299.5983300931438}, "li": {"min": 3.5419001636039216, "max": 19.28806503493469}, "lr": {"min": 0.0, "max": 4.114959036616541}, "total": {"min": 124.54351603551883, "max": 312.3833316337582}}, "gwa-vestas-v126-mode0-80": {"lg": {"min": 57.900238037109375, "max": 10000.0}, "li": {"min": 1.658951759338379, "max": 10000.0}, "lr": {"min": 0.0, "max": 4190.4970703125}, "total": {"min": 60.21501541137695, "max": 10000.0}}, "gwa-offshore-leanwind-8mw-110": {"lg": {"min": 57.45602798461914, "max": 10000.0}, "li": {"min": 1.7399898767471313, "max": 10000.0}, "lr": {"min": 0.0, "max": 10000.0}, "total": {"min": 61.375, "max": 10000.0}}, "gwa-vestas-v110-mode0-100": {"lg": {"min": 50.735408782958984, "max": 10000.0}, "li": {"min": 1.406724452972412, "max": 10000.0}, "lr": {"min": 0.0, "max": 4884.3623046875}, "total": {"min": 52.164512634277344, "max": 10000.0}}, "gwa-vestas-v136-mode0-100": {"lg": {"min": 54.50431442260742, "max": 10000.0}, "li": {"min": 1.520167589187622, "max": 10000.0}, "lr": {"min": 0.0, "max": 5869.84716796875}, "total": {"min": 56.048667907714844, "max": 10000.0}}, "gwa-vestas-v126-mode0-100": {"lg": {"min": 57.227394104003906, "max": 10000.0}, "li": {"min": 1.6091586351394653, "max": 10000.0}, "lr": {"min": 0.0, "max": 7322.609375}, "total": {"min": 59.09560775756836, "max": 10000.0}}, "gwa-vestas-v126-mode0-120": {"lg": {"min": 56.84004592895508, "max": 10000.0}, "li": {"min": 1.60599684715271, "max": 10000.0}, "lr": {"min": 0.0, "max": 5875.056640625},