{"worldpop": {"min": -3.4028234663852886e+38, "max": 23012.013671875}, "slope": {"min": 0.0, "max": 30.137495040893555}, "land-cover": {"min": 10.0, "max": 210.0}, "airports": {"min": 0.0, "max": 499999.25}, "ports": {"min": 500.0, "max": 499996.5}, "anchorages": {"min": 0.0, "max": 499990.25}, "grid": {"min": 0.0, "max": 499984.25}, "roads": {"min": 0.0, "max": 476097.6875}, "pp-whs": {"min": 0.0, "max": 1246310.5}, "unep-coral": {"min": 1000.0, "max": 500000.0}, "unesco": {"min": 707.1067504882812, "max": 500000.0}, "unesco-ramsar": {"min": 0.0, "max": 500000.0}, "wwf-glw-1": {"min": 0.0, "max": 499993.25}, "wwf-glw-2": {"min": 0.0, "max": 340312.34375}, "jrc-gsw": {"min": 0.0, "max": 1.0}, "pp-marine-protected": {"min": 0.0, "max": 1.0}, "unep-tidal": {"min": 0.0, "max": 1.0}, "wwf-glw-3": {"min": 1.0, "max": 255.0}, "gsa-pvout": {"min": 0.0, "max": 5.225388526916504}, "gsa-ghi": {"min": 0.0, "max": 6.559566974639893}, "gsa-gti": {"min": 0.0, "max": 6.703000068664551}, "gsa-temp": {"min": 10.403010368347168, "max": 29.76195526123047}, "gwa-iec1": {"min": 0.00036082303267903626, "max": 0.7898709177970886}, "gwa-iec2": {"min": 0.0006237935740500689, "max": 0.8116011619567871}, "gwa-iec3": {"min": 0.0007789676310494542, "max": 0.8317773342132568}, "gwa-power-10": {"min": 0.10564078390598297, "max": 3346.88037109375}, "gwa-speed-10": {"min": 0.2852227985858917, "max": 13.077970504760742}, "gwa-power-50": {"min": 0.8241263031959534, "max": 3163.404052734375}, "gwa-speed-50": {"min": 0.69569993019104, "max": 13.563200950622559}, "gwa-power-100": {"min": 1.8849211931228638, "max": 3143.070556640625}, "gwa-speed-100": {"min": 0.9842237234115601, "max": 14.021738052368164}, "gwa-power-150": {"min": 2.0058157444000244, "max": 2836.685791015625}, "gwa-speed-150": {"min": 0.9654940962791443, "max": 14.248233795166016}, "gwa-power-200": {"min": 2.2508509159088135, "max": 2613.744873046875}, "gwa-speed-200": {"min": 0.9957864284515381, "max": 14.417293548583984}, "gebco": {"min": -315.0, "max": 2576.0}, "srtm90": {"min": -14.0, "max": 2487.0}, "waterbodies": {"min": 0.0, "max": 2.0}, "gwa-enercon-e44-50": {"min": 4.835542131331749e-05, "max": 0.5921303629875183}, "gwa-enercon-e48-50": {"min": 6.699426012346521e-05, "max": 0.6727429628372192}, "gwa-enercon-e53-50": {"min": 0.0003043717588298023, "max": 0.7179848551750183}, "gwa-offshore-dtu-10mw-119": {"min": 0.00011934521171497181, "max": 0.787356972694397}, "gwa-offshore-iea-15mw-150": {"min": 0.0006469956133514643, "max": 0.848766028881073}, "gwa-offshore-leanwind-8mw-110": {"min": 0.00012446985056158155, "max": 0.7923459410667419}, "gwa-vestas-v100-mode0-100": {"min": 0.0005933037609793246, "max": 0.834650456905365}, "gwa-vestas-v100-mode0-120": {"min": 0.0007495497120544314, "max": 0.8459185361862183}, "gwa-vestas-v100-mode0-150": {"min": 0.0009624846279621124, "max": 0.8568281531333923}, "gwa-vestas-v100-mode0-80": {"min": 0.0003988976823166013, "max": 0.8186672925949097}, "gwa-vestas-v110-mode0-100": {"min": 0.0008080794359557331, "max": 0.859106719493866}, "gwa-vestas-v110-mode0-120": {"min": 0.0010155269410461187, "max": 0.8708743453025818}, "gwa-vestas-v110-mode0-150": {"min": 0.0012859223643317819, "max": 0.8837679624557495}, "gwa-vestas-v110-mode0-80": {"min": 0.0005419891094788909, "max": 0.8447948098182678}, "gwa-vestas-v112-mode0-100": {"min": 0.0003359660622663796, "max": 0.7964812517166138}, "gwa-vestas-v112-mode0-120": {"min": 0.0004295984690543264, "max": 0.8165121674537659}, "gwa-vestas-v112-mode0-150": {"min": 0.0005642755422741175, "max": 0.8362883925437927}, "gwa-vestas-v112-mode0-80": {"min": 0.0002244942879769951, "max": 0.7713824510574341}, "gwa-vestas-v120-mode0-100": {"min": 0.0008533534128218889, "max": 0.8523926138877869}, "gwa-vestas-v120-mode0-120": {"min": 0.0010713428491726518, "max": 0.8672394156455994}, "gwa-vestas-v120-mode0-150": {"min": 0.0013589855516329408, "max": 0.8845482468605042}, "gwa-vestas-v120-mode0-80": {"min": 0.0005740381311625242, "max": 0.8331778645515442}, "gwa-vestas-v126-mode0-100": {"min": 0.0005350502906367183, "max": 0.8187511563301086}, "gwa-vestas-v126-mode0-120": {"min": 0.0006646242109127343, "max": 0.8328338265419006}, "gwa-vestas-v126-mode0-150": {"min": 0.0008600893197581172, "max": 0.8442872762680054}, "gwa-vestas-v126-mode0-80": {"min": 0.0003604481171350926, "max": 0.7997369170188904}, "gwa-vestas-v136-mode0-100": {"min": 0.0006577685126103461, "max": 0.8418729305267334}, "gwa-vestas-v136-mode0-120": {"min": 0.0008261306211352348, "max": 0.8541673421859741}, "gwa-vestas-v136-mode0-150": {"min": 0.0010499856434762478, "max": 0.8635783791542053}, "gwa-vestas-v136-mode0-80": {"min": 0.0004436639428604394, "max": 0.8249160051345825}, "air-density": {"min": 0.9128557443618774, "max": 1.198510766029358}, "lcoe": {"gwa-vestas-v100-mode0-120": {"lg": {"min": 45.08995819091797, "max": 10000.0}, "li": {"min": 1.2510086297988892, "max": 5878.63134765625}, "lr": {"min": 0.0, "max": 3574.94580078125}, "total": {"min": 46.44807815551758, "max": 10000.0}}, "gwa-vestas-v110-mode0-120": {"lg": {"min": 43.91248321533203, "max": 10000.0}, "li": {"min": 1.2130262851715088, "max": 4338.95556640625}, "lr": {"min": 0.0, "max": 2638.629638671875}, "total": {"min": 45.159297943115234, "max": 10000.0}}, "gwa-vestas-v112-mode0-120": {"lg": {"min": 46.569801330566406, "max": 10000.0}, "li": {"min": 1.355146050453186, "max": 10000.0}, "lr": {"min": 0.0, "max": 6237.451171875}, "total": {"min": 48.1332893371582, "max": 10000.0}}, "gwa-vestas-v112-mode0-100": {"lg": {"min": 47.64039611816406, "max": 10000.0}, "li": {"min": 1.3948593139648438, "max": 10000.0}, "lr": {"min": 0.0, "max": 7975.80419921875}, "total": {"min": 49.243202209472656, "max": 10000.0}}, "gwa-offshore-dtu-10mw-119": {"lg": {"min": 48.1461296081543, "max": 10000.0}, "li": {"min": 1.4178959131240845, "max": 10000.0}, "lr": {"min": 0.0, "max": 10000.0}, "total": {"min": 49.76750946044922, "max": 10000.0}}, "gwa-vestas-v126-mode0-150": {"lg": {"min": 45.16935348510742, "max": 10000.0}, "li": {"min": 1.261716365814209, "max": 5123.10302734375}, "lr": {"min": 0.0, "max": 3115.489990234375}, "total": {"min": 46.68140411376953, "max": 10000.0}}, "gwa-vestas-v120-mode0-80": {"lg": {"min": 45.718292236328125, "max": 10000.0}, "li": {"min": 1.271163821220398, "max": 7676.01708984375}, "lr": {"min": 0.0, "max": 4667.98193359375}, "total": {"min": 47.064456939697266, "max": 10000.0}}, "gsa-pvout": {"lg": {"min": 148.47925089875264, "max": 10000.0}, "li": {"min": 4.285823922727348, "max": 10000.0}, "lr": {"min": 0.0, "max": 10000.0}, "total": {"min": 153.94401126324394, "max": 10000.0}}, "gwa-vestas-v126-mode0-80": {"lg": {"min": 47.46274185180664, "max": 10000.0}, "li": {"min": 1.3662705421447754, "max": 10000.0}, "lr": {"min": 0.0, "max": 7434.07861328125}, "total": {"min": 49.059024810791016, "max": 10000.0}}, "gwa-offshore-leanwind-8mw-110": {"lg": {"min": 47.86815643310547, "max": 10000.0}, "li": {"min": 1.4100977182388306, "max": 10000.0}, "lr": {"min": 0.0, "max": 10000.0}, "total": {"min": 49.47932815551758, "max": 10000.0}}, "gwa-vestas-v110-mode0-100": {"lg": {"min": 44.45918655395508, "max": 10000.0}, "li": {"min": 1.2321404218673706, "max": 5452.837890625}, "lr": {"min": 0.0, "max": 3316.009765625}, "total": {"min": 45.807861328125, "max": 10000.0}}, "gwa-vestas-v136-mode0-100": {"lg": {"min": 45.287418365478516, "max": 10000.0}, "li": {"min": 1.270073413848877, "max": 6698.9013671875}, "lr": {"min": 0.0, "max": 4073.772705078125}, "total": {"min": 46.80380630493164, "max": 10000.0}}, "gwa-vestas-v126-mode0-100": {"lg": {"min": 46.45338821411133, "max": 10000.0}, "li": {"min": 1.315212368965149, "max": 8235.349609375}, "lr": {"min": 0.0, "max": 5008.12646484375}, "total": {"min": 48.012596130371094, "max": 10000.0}}, "gwa-vestas-v126-mode0-120": {"lg": {"min": 45.735530853271484, "max": 10000.0}, "li": {"min": 1.2859917879104614, "max": 6629.80029296875}, "lr": {"min": 0.0, "max": 4031.7509765625},