{"worldpop": {"min": -3.4028234663852886e+38, "max": 26392.3203125}, "slope": {"min": 0.0, "max": 42.1107292175293}, "land-cover": {"min": 10.0, "max": 210.0}, "airports": {"min": 0.0, "max": 499996.5}, "ports": {"min": 0.0, "max": 500000.0}, "anchorages": {"min": 0.0, "max": 499996.5}, "grid": {"min": 0.0, "max": 499995.25}, "roads": {"min": 0.0, "max": 499990.5}, "pp-whs": {"min": 0.0, "max": 1428576.625}, "unep-coral": {"min": 0.0, "max": 500000.0}, "unesco": {"min": 707.1067504882812, "max": 499990.5}, "unesco-ramsar": {"min": 0.0, "max": 500000.0}, "wwf-glw-1": {"min": 0.0, "max": 500000.0}, "wwf-glw-2": {"min": 0.0, "max": 500000.0}, "jrc-gsw": {"min": 0.0, "max": 255.0}, "pp-marine-protected": {"min": 0.0, "max": 1.0}, "unep-tidal": {"min": 0.0, "max": 1.0}, "wwf-glw-3": {"min": 1.0, "max": 255.0}, "gsa-pvout": {"min": 0.0, "max": 5.225388526916504}, "gsa-ghi": {"min": 0.0, "max": 6.559566974639893}, "gsa-gti": {"min": 0.0, "max": 6.703000068664551}, "gsa-temp": {"min": 10.403010368347168, "max": 29.76195526123047}, "gwa-iec1": {"min": 0.0, "max": 0.7898709177970886}, "gwa-iec2": {"min": 0.0, "max": 0.8116011619567871}, "gwa-iec3": {"min": 0.0, "max": 0.8317773342132568}, "gwa-power-10": {"min": 0.0, "max": 4870.22119140625}, "gwa-speed-10": {"min": 0.11994098126888, "max": 13.327889442443848}, "gwa-power-50": {"min": 0.0, "max": 3674.048095703125}, "gwa-speed-50": {"min": 0.18117314577103, "max": 13.563200950622559}, "gwa-power-100": {"min": 0.0, "max": 3398.3798828125}, "gwa-speed-100": {"min": 0.26562494039536, "max": 14.021738052368164}, "gwa-power-150": {"min": 0.0, "max": 2836.685791015625}, "gwa-speed-150": {"min": 0.28240531682968, "max": 14.248233795166016}, "gwa-power-200": {"min": 0.0, "max": 2613.744873046875}, "gwa-speed-200": {"min": 0.29232773184776, "max": 14.49067211151123}, "gebco": {"min": -5685.0, "max": 2576.0}, "srtm90": {"min": -14.0, "max": 2488.0}, "waterbodies": {"min": 0.0, "max": 2.0}, "gwa-enercon-e44-50": {"min": 0.0009901627199724317, "max": 0.5921303629875183}, "gwa-enercon-e48-50": {"min": 0.0013145303819328547, "max": 0.6727429628372192}, "gwa-enercon-e53-50": {"min": 0.002208577934652567, "max": 0.7179848551750183}, "gwa-offshore-dtu-10mw-119": {"min": 0.0036111401859670877, "max": 0.787356972694397}, "gwa-offshore-iea-15mw-150": {"min": 0.011325282976031303, "max": 0.848766028881073}, "gwa-offshore-leanwind-8mw-110": {"min": 0.0033668072428554296, "max": 0.7923459410667419}, "gwa-vestas-v100-mode0-100": {"min": 0.007953813299536705, "max": 0.834650456905365}, "gwa-vestas-v100-mode0-120": {"min": 0.010381738655269146, "max": 0.8459185361862183}, "gwa-vestas-v100-mode0-150": {"min": 0.015125010162591934, "max": 0.8568281531333923}, "gwa-vestas-v100-mode0-80": {"min": 0.005581516772508621, "max": 0.8186672925949097}, "gwa-vestas-v110-mode0-100": {"min": 0.010150285437703133, "max": 0.859106719493866}, "gwa-vestas-v110-mode0-120": {"min": 0.013329603709280491, "max": 0.8708743453025818}, "gwa-vestas-v110-mode0-150": {"min": 0.018230712041258812, "max": 0.8837679624557495}, "gwa-vestas-v110-mode0-80": {"min": 0.0069123548455536366, "max": 0.8447948098182678}, "gwa-vestas-v112-mode0-100": {"min": 0.004936399403959513, "max": 0.7964812517166138}, "gwa-vestas-v112-mode0-120": {"min": 0.006508371327072382, "max": 0.8165121674537659}, "gwa-vestas-v112-mode0-150": {"min": 0.010490747168660164, "max": 0.8362883925437927}, "gwa-vestas-v112-mode0-80": {"min": 0.0037012018729001284, "max": 0.7713824510574341}, "gwa-vestas-v120-mode0-100": {"min": 0.010829264298081398, "max": 0.8523926138877869}, "gwa-vestas-v120-mode0-120": {"min": 0.014240892603993416, "max": 0.8672394156455994}, "gwa-vestas-v120-mode0-150": {"min": 0.01937682367861271, "max": 0.8845482468605042}, "gwa-vestas-v120-mode0-80": {"min": 0.007374762091785669, "max": 0.8333791494369507}, "gwa-vestas-v126-mode0-100": {"min": 0.007022801786661148, "max": 0.8187511563301086}, "gwa-vestas-v126-mode0-120": {"min": 0.009143011644482613, "max": 0.8328338265419006}, "gwa-vestas-v126-mode0-150": {"min": 0.01347032655030489, "max": 0.8442872762680054}, "gwa-vestas-v126-mode0-80": {"min": 0.004933611955493689, "max": 0.7997369170188904}, "gwa-vestas-v136-mode0-100": {"min": 0.00846910197287798, "max": 0.8418729305267334}, "gwa-vestas-v136-mode0-120": {"min": 0.011013549752533436, "max": 0.8541673421859741}, "gwa-vestas-v136-mode0-150": {"min": 0.01567026972770691, "max": 0.8635783791542053}, "gwa-vestas-v136-mode0-80": {"min": 0.005839485675096512, "max": 0.8249160051345825}, "air-density": {"min": 0.9128557443618774, "max": 1.199046015739441}}