{"worldpop":{"min":-3.4028234663852886e+38,"max":2268.067138671875},"slope":{"min":0.0,"max":36.73743438720703},"land-cover":{"min":10.0,"max":210.0},"airports":{"min":0.0,"max":393906.71875},"ports":{"min":0.0,"max":398714.5},"anchorages":{"min":0.0,"max":381106.59375},"grid":{"min":65535.0,"max":499999.25},"roads":{"min":0.0,"max":376959.53125},"pp-whs":{"min":81043.1953125,"max":546835.4375},"unep-coral":{"min":0.0,"max":374000.34375},"unesco":{"min":0.0,"max":398810.71875},"unesco-ramsar":{"min":65535.0,"max":65535.0},"wwf-glw-1":{"min":65535.0,"max":65535.0},"wwf-glw-2":{"min":65535.0,"max":500000.0},"jrc-gsw":{"min":0.0,"max":255.0},"pp-marine-protected":{"min":0.0,"max":1.0},"unep-tidal":{"min":0.0,"max":1.0},"wwf-glw-3":{"min":255.0,"max":255.0},"gsa-pvout":{"min":4.491901874542236,"max":4.936999797821045},"gsa-ghi":{"min":5.510702133178711,"max":6.073999881744385},"gsa-gti":{"min":5.644023418426514,"max":6.242000102996826},"gsa-temp":{"min":23.321413040161133,"max":26.600000381469727},"gwa-iec1":{"min":0.1756301075220108,"max":0.5716484189033508},"gwa-iec2":{"min":0.22332517802715302,"max":0.6449965238571167},"gwa-iec3":{"min":0.26219287514686584,"max":0.6922876834869385},"gwa-power-10":{"min":12.154356956481934,"max":214.64698791503906},"gwa-speed-10":{"min":2.212919235229492,"max":6.4288811683654785},"gwa-power-50":{"min":72.7603988647461,"max":417.88995361328125},"gwa-speed-50":{"min":4.54050874710083,"max":8.114715576171875},"gwa-power-100":{"min":141.7042236328125,"max":549.364990234375},"gwa-speed-100":{"min":5.839320182800293,"max":8.332836151123047},"gwa-power-150":{"min":217.53561401367188,"max":653.9769897460938},"gwa-speed-150":{"min":6.7524213790893555,"max":9.734063148498535},"gwa-power-200":{"min":289.4249572753906,"max":772.0143432617188},"gwa-speed-200":{"min":7.344798564910889,"max":10.307738304138184},"gebco":{"min":-5814.0,"max":317.0},"srtm90":{"min":6.0,"max":324.0},"waterbodies":{"min":0.0,"max":1.0},"gwa-enercon-e44-50":{"min":0.048161618411540985,"max":0.31773069500923157},"gwa-enercon-e48-50":{"min":0.06362766772508621,"max":0.3985557556152344},"gwa-enercon-e53-50":{"min":0.08594445139169693,"max":0.4586986005306244},"gwa-offshore-dtu-10mw-119":{"min":0.1690140962600708,"max":0.537979245185852},"gwa-offshore-iea-15mw-150":{"min":0.28262585401535034,"max":0.6604930758476257},"gwa-offshore-leanwind-8mw-110":{"min":0.1605643630027771,"max":0.5506738424301147},"gwa-vestas-v100-mode0-100":{"min":0.24252772331237793,"max":0.6911391019821167},"gwa-vestas-v100-mode0-120":{"min":0.29550838470458984,"max":0.7093212604522705},"gwa-vestas-v100-mode0-150":{"min":0.3735705614089966,"max":0.7437617182731628},"gwa-vestas-v100-mode0-80":{"min":0.19186700880527496,"max":0.6573678851127625},"gwa-vestas-v110-mode0-100":{"min":0.293056458234787,"max":0.7423115968704224},"gwa-vestas-v110-mode0-120":{"min":0.35338523983955383,"max":0.7587260603904724},"gwa-vestas-v110-mode0-150":{"min":0.43779897689819336,"max":0.788021445274353},"gwa-vestas-v110-mode0-80":{"min":0.23402832448482513,"max":0.7078991532325745},"gwa-vestas-v112-mode0-100":{"min":0.16665983200073242,"max":0.5715702772140503},"gwa-vestas-v112-mode0-120":{"min":0.20513348281383514,"max":0.591866135597229},"gwa-vestas-v112-mode0-150":{"min":0.2647705376148224,"max":0.6350743770599365},"gwa-vestas-v112-mode0-80":{"min":0.1303790807723999,"max":0.5433453321456909},"gwa-vestas-v120-mode0-100":{"min":0.31557583808898926,"max":0.7620654106140137},"gwa-vestas-v120-mode0-120":{"min":0.3790355920791626,"max":0.7776075005531311},"gwa-vestas-v120-mode0-150":{"min":0.4656101167201996,"max":0.8042907118797302},"gwa-vestas-v120-mode0-80":{"min":0.25270524621009827,"max":0.727496862411499},"gwa-vestas-v126-mode0-100":{"min":0.2125960737466812,"max":0.6472134590148926},"gwa-vestas-v126-mode0-120":{"min":0.25947678089141846,"max":0.6663945317268372},"gwa-vestas-v126-mode0-150":{"min":0.3301492929458618,"max":0.7045812010765076},"gwa-vestas-v126-mode0-80":{"min":0.1679755598306656,"max":0.6154279112815857},"gwa-vestas-v136-mode0-100":{"min":0.25024327635765076,"max":0.6957252621650696},"gwa-vestas-v136-mode0-120":{"min":0.3038021922111511,"max":0.7136390209197998},"gwa-vestas-v136-mode0-150":{"min":0.3817668557167053,"max":0.7474883794784546},"gwa-vestas-v136-mode0-80":{"min":0.1986095905303955,"max":0.6623111367225647},"air-density":{"min":1.1188955307006836,"max":1.153228759765625}}