{"worldpop": {"min": 0.10982880741357803, "max": 5226.08251953125}, "slope": {"min": 0.0, "max": 53.59111785888672}, "land-cover": {"min": 10.0, "max": 220.0}, "airports": {"min": 0.0, "max": 204030.03125}, "ports": {"min": 316484.1875, "max": 495025.25}, "anchorages": {"min": 65535.0, "max": 65535.0}, "grid": {"min": 0.0, "max": 50717.35546875}, "roads": {"min": 0.0, "max": 45310.04296875}, "pp-whs": {"min": 500.0, "max": 166106.140625}, "unep-coral": {"min": 65535.0, "max": 65535.0}, "unesco": {"min": 7017.833984375, "max": 181124.953125}, "unesco-ramsar": {"min": 0.0, "max": 192905.40625}, "wwf-glw-1": {"min": 9192.388671875, "max": 208629.453125}, "wwf-glw-2": {"min": 0.0, "max": 84584.2734375}, "jrc-gsw": {"min": 0.0, "max": 1.0}, "pp-marine-protected": {"min": 0.0, "max": 0.0}, "unep-tidal": {"min": 0.0, "max": 0.0}, "wwf-glw-3": {"min": 1.0, "max": 255.0}, "gsa-pvout": {"min": 2.192676544189453, "max": 5.604520797729492}, "gsa-ghi": {"min": 2.702080249786377, "max": 5.495760917663574}, "gsa-gti": {"min": 2.6382436752319336, "max": 6.353033542633057}, "gsa-temp": {"min": -17.00341796875, "max": 25.299999237060547}, "gwa-iec1": {"min": 1.6385019989684224e-05, "max": 0.49817055463790894}, "gwa-iec2": {"min": 3.131511402898468e-05, "max": 0.5117978453636169}, "gwa-iec3": {"min": 3.9754722820362076e-05, "max": 0.5408815145492554}, "gwa-power-10": {"min": 0.04110255092382431, "max": 9988.306640625}, "gwa-speed-10": {"min": 0.1988905966281891, "max": 17.89881134033203}, "gwa-power-50": {"min": 0.12642471492290497, "max": 5829.30126953125}, "gwa-speed-50": {"min": 0.2699648141860962, "max": 16.72568130493164}, "gwa-power-100": {"min": 0.24820277094841003, "max": 4609.8212890625}, "gwa-speed-100": {"min": 0.34530138969421387, "max": 16.728307723999023}, "gwa-power-150": {"min": 0.32865220308303833, "max": 4384.66162109375}, "gwa-speed-150": {"min": 0.41176337003707886, "max": 17.070659637451172}, "gwa-power-200": {"min": 0.4203200340270996, "max": 4408.0732421875}, "gwa-speed-200": {"min": 0.43144491314888, "max": 17.19502067565918}, "gebco": {"min": 114.0, "max": 7019.0}, "srtm90": {"min": 114.0, "max": 6937.0}, "waterbodies": {"min": 1.0, "max": 2.0}, "gwa-enercon-e44-50": {"min": 1.7315660443273373e-06, "max": 0.36288103461265564}, "gwa-enercon-e48-50": {"min": 2.408959062449867e-06, "max": 0.4103339910507202}, "gwa-enercon-e53-50": {"min": 1.591637010278646e-05, "max": 0.45089977979660034}, "gwa-offshore-dtu-10mw-119": {"min": 1.4547661066899309e-06, "max": 0.47799888253211975}, "gwa-offshore-iea-15mw-150": {"min": 1.1517851817188784e-05, "max": 0.5510408878326416}, "gwa-offshore-leanwind-8mw-110": {"min": 1.1846331062770332e-06, "max": 0.5157556533813477}, "gwa-vestas-v100-mode0-100": {"min": 5.793055606773123e-06, "max": 0.5575276613235474}, "gwa-vestas-v100-mode0-120": {"min": 9.89929412753554e-06, "max": 0.5776707530021667}, "gwa-vestas-v100-mode0-150": {"min": 1.7756177840055898e-05, "max": 0.59714674949646}, "gwa-vestas-v100-mode0-80": {"min": 7.509315764764324e-06, "max": 0.5337045192718506}, "gwa-vestas-v110-mode0-100": {"min": 5.876320301467786e-06, "max": 0.6566472053527832}, "gwa-vestas-v110-mode0-120": {"min": 1.061657167156227e-05, "max": 0.6771754026412964}, "gwa-vestas-v110-mode0-150": {"min": 1.9380999219720252e-05, "max": 0.6972823739051819}, "gwa-vestas-v110-mode0-80": {"min": 5.549392426473787e-06, "max": 0.6319182515144348}, "gwa-vestas-v112-mode0-100": {"min": 3.082688635913655e-06, "max": 0.5071907639503479}, "gwa-vestas-v112-mode0-120": {"min": 5.257320935925236e-06, "max": 0.5259531736373901}, "gwa-vestas-v112-mode0-150": {"min": 9.416763532499317e-06, "max": 0.5445811748504639}, "gwa-vestas-v112-mode0-80": {"min": 4.005634309578454e-06, "max": 0.4850407838821411}, "gwa-vestas-v120-mode0-100": {"min": 5.876320301467786e-06, "max": 0.5703979134559631}, "gwa-vestas-v120-mode0-120": {"min": 1.135556522058323e-05, "max": 0.5917693972587585}, "gwa-vestas-v120-mode0-150": {"min": 1.9380999219720252e-05, "max": 0.6128732562065125}, "gwa-vestas-v120-mode0-80": {"min": 5.549392426473787e-06, "max": 0.5469317436218262}, "gwa-vestas-v126-mode0-100": {"min": 5.3499779824051075e-06, "max": 0.5257700681686401}, "gwa-vestas-v126-mode0-120": {"min": 5.790091108792694e-06, "max": 0.5451906323432922}, "gwa-vestas-v126-mode0-150": {"min": 1.6415237041655928e-05, "max": 0.5639739036560059}, "gwa-vestas-v126-mode0-80": {"min": 6.942571417312138e-06, "max": 0.5028615593910217}, "gwa-vestas-v136-mode0-100": {"min": 6.676144494122127e-06, "max": 0.5601114630699158}, "gwa-vestas-v136-mode0-120": {"min": 1.1281686056463514e-05, "max": 0.5801557302474976}, "gwa-vestas-v136-mode0-150": {"min": 2.0508425222942606e-05, "max": 0.5993780493736267}, "gwa-vestas-v136-mode0-80": {"min": 8.669582712172996e-06, "max": 0.5363889336585999}, "air-density": {"min": 0.5611711740493774, "max": 1.1537903547286987}, "lcoe": {"gwa-vestas-v100-mode0-120": {"lg": {"min": 64.17053985595703, "max": 10000.0}, "li": {"min": 2.249851703643799, "max": 10000.0}, "lr": {"min": 0.0, "max": 10000.0}, "total": {"min": 66.84173583984375, "max": 10000.0}}, "gwa-vestas-v110-mode0-120": {"lg": {"min": 55.329036712646484, "max": 10000.0}, "li": {"min": 1.8012287616729736, "max": 10000.0}, "lr": {"min": 0.0, "max": 9423.4228515625}, "total": {"min": 57.60771942138672, "max": 10000.0}}, "gwa-vestas-v112-mode0-120": {"lg": {"min": 70.0871810913086, "max": 10000.0}, "li": {"min": 2.4808998107910156, "max": 10000.0}, "lr": {"min": 0.0, "max": 10000.0}, "total": {"min": 73.02103424072266, "max": 10000.0}}, "gwa-vestas-v112-mode0-100": {"lg": {"min": 72.53192901611328, "max": 10000.0}, "li": {"min": 2.4474661350250244, "max": 10000.0}, "lr": {"min": 0.0, "max": 10000.0}, "total": {"min": 75.5743179321289, "max": 10000.0}}, "gwa-offshore-dtu-10mw-119": {"lg": {"min": 76.71723175048828, "max": 10000.0}, "li": {"min": 2.6892244815826416, "max": 10000.0}, "lr": {"min": 0.0, "max": 10000.0}, "total": {"min": 79.94541931152344, "max": 10000.0}}, "gwa-vestas-v126-mode0-150": {"lg": {"min": 65.63185119628906, "max": 10000.0}, "li": {"min": 2.3733696937561035, "max": 10000.0}, "lr": {"min": 0.0, "max": 4894.5654296875}, "total": {"min": 68.36791229248047, "max": 10000.0}}, "gwa-vestas-v120-mode0-80": {"lg": {"min": 67.55228424072266, "max": 10000.0}, "li": {"min": 2.2111294269561768, "max": 10000.0}, "lr": {"min": 0.0, "max": 10000.0}, "total": {"min": 70.37360382080078, "max": 10000.0}}, "gsa-pvout": {"lg": {"min": 138.70557916917414, "max": 348.3098901315206}, "li": {"min": 4.405088340633375, "max": 11.847216441996958}, "lr": {"min": 0.0, "max": 3.8212357927844502}, "total": {"min": 143.37761488367113, "max": 360.0701905307466}}, "gwa-vestas-v126-mode0-80": {"lg": {"min": 73.1219253540039, "max": 10000.0}, "li": {"min": 2.3624510765075684, "max": 10000.0}, "lr": {"min": 0.0, "max": 10000.0}, "total": {"min": 76.19050598144531, "max": 10000.0}}, "gwa-offshore-leanwind-8mw-110": {"lg": {"min": 71.39384460449219, "max": 10000.0}, "li": {"min": 2.5246810913085938, "max": 10000.0}, "lr": {"min": 0.0, "max": 10000.0}, "total": {"min": 74.38570404052734, "max": 10000.0}}, "gwa-vestas-v110-mode0-100": {"lg": {"min": 56.93368911743164, "max": 10000.0}, "li": {"min": 1.816580891609192, "max": 10000.0}, "lr": {"min": 0.0, "max": 10000.0}, "total": {"min": 59.28361129760742, "max": 10000.0}}, "gwa-vestas-v136-mode0-100": {"lg": {"min": 66.05685424804688, "max": 10000.0}, "li": {"min": 2.217721462249756, "max": 10000.0}, "lr": {"min": 0.0, "max": 10000.0}, "total": {"min": 68.81178283691406, "max": 10000.0}}, "gwa-vestas-v126-mode0-100": {"lg": {"min": 70.11019134521484, "max": 10000.0}, "li": {"min": 2.354896306991577, "max": 10000.0}, "lr": {"min": 0.0, "max": 10000.0}, "total": {"min": 73.0450668334961, "max": 10000.0}}, "gwa-vestas-v126-mode0-120": {"lg": {"min": 67.7552490234375, "max": 10000.0}, "li": {"min": 2.369034767150879, "max": 10000.0}, "lr": {"min": 0.0, "max": 10000.0},