{"worldpop": {"min": -3.4028234663852886e+38, "max": 2005.03125}, "slope": {"min": 0.0, "max": 13.036832809448242}, "land-cover": {"min": 10.0, "max": 210.0}, "airports": {"min": 0.0, "max": 432702.28125}, "ports": {"min": 65535.0, "max": 499993.25}, "anchorages": {"min": 65535.0, "max": 65535.0}, "grid": {"min": 0.0, "max": 149159.3125}, "roads": {"min": 0.0, "max": 100509.9453125}, "pp-whs": {"min": 0.0, "max": 572015.0625}, "unep-coral": {"min": 65535.0, "max": 65535.0}, "unesco": {"min": 0.0, "max": 481691.03125}, "unesco-ramsar": {"min": 45392.73046875, "max": 500000.0}, "wwf-glw-1": {"min": 0.0, "max": 500000.0}, "wwf-glw-2": {"min": 0.0, "max": 397883.46875}, "jrc-gsw": {"min": 0.0, "max": 1.0}, "pp-marine-protected": {"min": 0.0, "max": 0.0}, "unep-tidal": {"min": 0.0, "max": 0.0}, "wwf-glw-3": {"min": 1.0, "max": 255.0}, "gsa-pvout": {"min": 4.6540141105651855, "max": 5.505414962768555}, "gsa-ghi": {"min": 5.515866756439209, "max": 6.376645088195801}, "gsa-gti": {"min": 5.94916296005249, "max": 7.092177867889404}, "gsa-temp": {"min": 17.877153396606445, "max": 23.899999618530273}, "gwa-iec1": {"min": 0.06710995733737946, "max": 0.4243733882904053}, "gwa-iec2": {"min": 0.08636820316314697, "max": 0.4821188151836395}, "gwa-iec3": {"min": 0.10106547176837921, "max": 0.5216713547706604}, "gwa-power-10": {"min": 6.110372066497803, "max": 542.342041015625}, "gwa-speed-10": {"min": 1.4762506484985352, "max": 6.175416469573975}, "gwa-power-50": {"min": 35.92125701904297, "max": 576.8428955078125}, "gwa-speed-50": {"min": 2.954906940460205, "max": 7.122839450836182}, "gwa-power-100": {"min": 59.74819564819336, "max": 589.4784545898438}, "gwa-speed-100": {"min": 3.7463479042053223, "max": 7.991932392120361}, "gwa-power-150": {"min": 99.52645111083984, "max": 702.1968383789062}, "gwa-speed-150": {"min": 4.475907802581787, "max": 9.264996528625488}, "gwa-power-200": {"min": 152.0511932373047, "max": 900.3189086914062}, "gwa-speed-200": {"min": 5.031209468841553, "max": 10.166953086853027}, "gebco": {"min": 517.0, "max": 1437.0}, "srtm90": {"min": 517.0, "max": 1470.0}, "waterbodies": {"min": 1.0, "max": 2.0}, "gwa-enercon-e44-50": {"min": 0.02254536934196949, "max": 0.26437124609947205}, "gwa-enercon-e48-50": {"min": 0.029792945832014084, "max": 0.3102143108844757}, "gwa-enercon-e53-50": {"min": 0.0419108010828495, "max": 0.34481436014175415}, "gwa-offshore-dtu-10mw-119": {"min": 0.06529533118009567, "max": 0.40890219807624817}, "gwa-offshore-iea-15mw-150": {"min": 0.12086323648691177, "max": 0.5379858613014221}, "gwa-offshore-leanwind-8mw-110": {"min": 0.06167132407426834, "max": 0.4046499729156494}, "gwa-vestas-v100-mode0-100": {"min": 0.09732653200626373, "max": 0.5079371929168701}, "gwa-vestas-v100-mode0-120": {"min": 0.11904167383909225, "max": 0.5546555519104004}, "gwa-vestas-v100-mode0-150": {"min": 0.15922512114048004, "max": 0.615508496761322}, "gwa-vestas-v100-mode0-80": {"min": 0.08189244568347931, "max": 0.4640618562698364}, "gwa-vestas-v110-mode0-100": {"min": 0.11734460294246674, "max": 0.5570236444473267}, "gwa-vestas-v110-mode0-120": {"min": 0.1423545628786087, "max": 0.6014567613601685}, "gwa-vestas-v110-mode0-150": {"min": 0.18709665536880493, "max": 0.6587122678756714}, "gwa-vestas-v110-mode0-80": {"min": 0.09917459636926651, "max": 0.5130622386932373}, "gwa-vestas-v112-mode0-100": {"min": 0.06668360531330109, "max": 0.4069833755493164}, "gwa-vestas-v112-mode0-120": {"min": 0.08251145482063293, "max": 0.4539245665073395}, "gwa-vestas-v112-mode0-150": {"min": 0.1132657527923584, "max": 0.5195217132568359}, "gwa-vestas-v112-mode0-80": {"min": 0.05578235164284706, "max": 0.37298962473869324}, "gwa-vestas-v120-mode0-100": {"min": 0.1252540796995163, "max": 0.5761793255805969}, "gwa-vestas-v120-mode0-120": {"min": 0.15167738497257233, "max": 0.6189318299293518}, "gwa-vestas-v120-mode0-150": {"min": 0.1983269602060318, "max": 0.6725031137466431}, "gwa-vestas-v120-mode0-80": {"min": 0.10590434074401855, "max": 0.5324711203575134}, "gwa-vestas-v126-mode0-100": {"min": 0.08573365211486816, "max": 0.46791452169418335}, "gwa-vestas-v126-mode0-120": {"min": 0.10504047572612762, "max": 0.5152313709259033}, "gwa-vestas-v126-mode0-150": {"min": 0.1413937509059906, "max": 0.5782105326652527}, "gwa-vestas-v126-mode0-80": {"min": 0.07209454476833344, "max": 0.4251331686973572}, "gwa-vestas-v136-mode0-100": {"min": 0.10036130249500275, "max": 0.5115295648574829}, "gwa-vestas-v136-mode0-120": {"min": 0.12239886820316315, "max": 0.5578258037567139}, "gwa-vestas-v136-mode0-150": {"min": 0.16285531222820282, "max": 0.6183257102966309}, "gwa-vestas-v136-mode0-80": {"min": 0.08460506051778793, "max": 0.4679567217826843}, "air-density": {"min": 1.0119880437850952, "max": 1.1070836782455444}, "lcoe": {"gwa-vestas-v100-mode0-120": {"lg": {"min": 66.66729736328125, "max": 295.9881591796875}, "li": {"min": 2.0236403942108154, "max": 11.01897144317627}, "lr": {"min": 0.0, "max": 3.9898006916046143}, "total": {"min": 69.0212631225586, "max": 304.7480773925781}}, "gwa-vestas-v110-mode0-120": {"lg": {"min": 61.790958404541016, "max": 248.17031860351562}, "li": {"min": 1.8459298610687256, "max": 9.568018913269043}, "lr": {"min": 0.0, "max": 3.4903042316436768}, "total": {"min": 64.07198333740234, "max": 255.4956512451172}}, "gwa-vestas-v112-mode0-120": {"lg": {"min": 80.57386016845703, "max": 425.25982666015625}, "li": {"min": 2.539884567260742, "max": 15.069907188415527}, "lr": {"min": 0.0, "max": 5.389507293701172}, "total": {"min": 83.22021484375, "max": 437.89801025390625}}, "gwa-vestas-v112-mode0-100": {"lg": {"min": 89.40583801269531, "max": 525.2490234375}, "li": {"min": 2.7972447872161865, "max": 17.846006393432617}, "lr": {"min": 0.0, "max": 6.33590030670166}, "total": {"min": 92.357421875, "max": 540.886962890625}}, "gwa-offshore-dtu-10mw-119": {"lg": {"min": 89.00506591796875, "max": 536.3314819335938}, "li": {"min": 2.841188430786133, "max": 17.922971725463867}, "lr": {"min": 0.0, "max": 6.350374221801758}, "total": {"min": 91.94279479980469, "max": 552.3019409179688}}, "gwa-vestas-v126-mode0-150": {"lg": {"min": 64.11437225341797, "max": 249.8295440673828}, "li": {"min": 1.917851209640503, "max": 9.992042541503906}, "lr": {"min": 0.0, "max": 3.682070016860962}, "total": {"min": 66.343017578125, "max": 257.2046813964844}}, "gwa-vestas-v120-mode0-80": {"lg": {"min": 69.27821350097656, "max": 332.2090148925781}, "li": {"min": 2.128713846206665, "max": 11.699149131774902}, "lr": {"min": 0.0, "max": 4.253678798675537}, "total": {"min": 71.69480895996094, "max": 342.0569763183594}}, "gsa-pvout": {"lg": {"min": 141.130484283092, "max": 166.21700280409124}, "li": {"min": 4.074924821623209, "max": 13.260612519018375}, "lr": {"min": 0.0, "max": 4.972922760936701}, "total": {"min": 145.58778545757417, "max": 172.48256814694787}}, "gwa-vestas-v126-mode0-80": {"lg": {"min": 85.75970458984375, "max": 486.1274719238281}, "li": {"min": 2.657700300216675, "max": 16.614757537841797}, "lr": {"min": 0.0, "max": 5.864551544189453}, "total": {"min": 88.58528137207031, "max": 500.59173583984375}}, "gwa-offshore-leanwind-8mw-110": {"lg": {"min": 89.89833068847656, "max": 567.6129760742188}, "li": {"min": 2.871044635772705, "max": 18.586950302124023}, "lr": {"min": 0.0, "max": 6.521296977996826}, "total": {"min": 92.86693572998047, "max": 584.5219116210938}}, "gwa-vestas-v110-mode0-100": {"lg": {"min": 66.40087127685547, "max": 300.2109680175781}, "li": {"min": 2.022717237472534, "max": 10.975717544555664}, "lr": {"min": 0.0, "max": 3.987527847290039}, "total": {"min": 69.04328918457031, "max": 309.09881591796875}}, "gwa-vestas-v136-mode0-100": {"lg": {"min": 71.95063781738281, "max": 350.3362731933594}, "li": {"min": 2.22330904006958, "max": 12.548659324645996}, "lr": {"min": 0.0, "max": 4.529033184051514}, "total": {"min": 74.59251403808594, "max": 360.7281188964844}}, "gwa-vestas-v126-mode0-100": {"lg": {"min": 78.28441619873047, "max": 409.4272766113281},