{"worldpop": {"min": -3.4028234663852886e+38, "max": 26657.671875}, "slope": {"min": 0.0, "max": 16.81934928894043}, "land-cover": {"min": 10.0, "max": 210.0}, "airports": {"min": 500.0, "max": 500000.0}, "ports": {"min": 0.0, "max": 500000.0}, "anchorages": {"min": 65535.0, "max": 499990.5}, "grid": {"min": 0.0, "max": 479815.0625}, "roads": {"min": 0.0, "max": 102822.6640625}, "pp-whs": {"min": 0.0, "max": 543069.5}, "unep-coral": {"min": 65535.0, "max": 65535.0}, "unesco": {"min": 707.1067504882812, "max": 499999.25}, "unesco-ramsar": {"min": 65535.0, "max": 499993.25}, "wwf-glw-1": {"min": 65535.0, "max": 500000.0}, "wwf-glw-2": {"min": 0.0, "max": 360794.25}, "jrc-gsw": {"min": 0.0, "max": 1.0}, "pp-marine-protected": {"min": 0.0, "max": 0.0}, "unep-tidal": {"min": 0.0, "max": 0.0}, "wwf-glw-3": {"min": 1.0, "max": 255.0}, "gsa-pvout": {"min": 4.038867950439453, "max": 4.876867294311523}, "gsa-ghi": {"min": 5.128545761108398, "max": 6.1838459968566895}, "gsa-gti": {"min": 5.1434736251831055, "max": 6.394408226013184}, "gsa-temp": {"min": 21.0894775390625, "max": 28.022045135498047}, "gwa-iec1": {"min": 0.0036611887626349926, "max": 0.3250730633735657}, "gwa-iec2": {"min": 0.005476417485624552, "max": 0.36614593863487244}, "gwa-iec3": {"min": 0.006671241018921137, "max": 0.3967283070087433}, "gwa-power-10": {"min": 0.3800975978374481, "max": 371.63482666015625}, "gwa-speed-10": {"min": 0.5177188515663147, "max": 5.1345295906066895}, "gwa-power-50": {"min": 3.75430965423584, "max": 409.4120788574219}, "gwa-speed-50": {"min": 1.1480278968811035, "max": 6.6071343421936035}, "gwa-power-100": {"min": 6.350728988647461, "max": 480.4245910644531}, "gwa-speed-100": {"min": 1.426491379737854, "max": 7.192631721496582}, "gwa-power-150": {"min": 12.10804557800293, "max": 612.2626953125}, "gwa-speed-150": {"min": 1.7626324892044067, "max": 7.652124881744385}, "gwa-power-200": {"min": 19.751140594482422, "max": 738.367431640625}, "gwa-speed-200": {"min": 2.1784331798553467, "max": 8.044713020324707}, "gebco": {"min": 335.0, "max": 1337.0}, "srtm90": {"min": 336.0, "max": 1324.0}, "waterbodies": {"min": 1.0, "max": 2.0}, "gwa-enercon-e44-50": {"min": 0.0010567476274445653, "max": 0.222020223736763}, "gwa-enercon-e48-50": {"min": 0.0014402726665139198, "max": 0.263327956199646}, "gwa-enercon-e53-50": {"min": 0.003164471359923482, "max": 0.29573386907577515}, "gwa-offshore-dtu-10mw-119": {"min": 0.0027062231674790382, "max": 0.332034170627594}, "gwa-offshore-iea-15mw-150": {"min": 0.010664944536983967, "max": 0.3959662914276123}, "gwa-offshore-leanwind-8mw-110": {"min": 0.002404480706900358, "max": 0.33682987093925476}, "gwa-vestas-v100-mode0-100": {"min": 0.005765723064541817, "max": 0.42059603333473206}, "gwa-vestas-v100-mode0-120": {"min": 0.00830149371176958, "max": 0.43626245856285095}, "gwa-vestas-v100-mode0-150": {"min": 0.015222784131765366, "max": 0.4473811089992523}, "gwa-vestas-v100-mode0-80": {"min": 0.004663289990276098, "max": 0.3978939652442932}, "gwa-vestas-v110-mode0-100": {"min": 0.0075203184969723225, "max": 0.4575912356376648}, "gwa-vestas-v110-mode0-120": {"min": 0.010746009647846222, "max": 0.47277671098709106}, "gwa-vestas-v110-mode0-150": {"min": 0.01939232461154461, "max": 0.48228323459625244}, "gwa-vestas-v110-mode0-80": {"min": 0.006087822839617729, "max": 0.43420499563217163}, "gwa-vestas-v112-mode0-100": {"min": 0.0035319121088832617, "max": 0.34796807169914246}, "gwa-vestas-v112-mode0-120": {"min": 0.005141494330018759, "max": 0.36516034603118896}, "gwa-vestas-v112-mode0-150": {"min": 0.00965905748307705, "max": 0.38250115513801575}, "gwa-vestas-v112-mode0-80": {"min": 0.0028526668902486563, "max": 0.32715094089508057}, "gwa-vestas-v120-mode0-100": {"min": 0.00800741370767355, "max": 0.467691034078598}, "gwa-vestas-v120-mode0-120": {"min": 0.011467227712273598, "max": 0.4812299907207489}, "gwa-vestas-v120-mode0-150": {"min": 0.020738832652568817, "max": 0.4872777760028839}, "gwa-vestas-v120-mode0-80": {"min": 0.006483698729425669, "max": 0.44460493326187134}, "gwa-vestas-v126-mode0-100": {"min": 0.005103609524667263, "max": 0.39227914810180664}, "gwa-vestas-v126-mode0-120": {"min": 0.007326012477278709, "max": 0.40840208530426025}, "gwa-vestas-v126-mode0-150": {"min": 0.013405446894466877, "max": 0.42149174213409424}, "gwa-vestas-v126-mode0-80": {"min": 0.004129939246922731, "max": 0.3703323006629944}, "gwa-vestas-v136-mode0-100": {"min": 0.00617360370233655, "max": 0.4243934154510498}, "gwa-vestas-v136-mode0-120": {"min": 0.008849282748997211, "max": 0.4401934742927551}, "gwa-vestas-v136-mode0-150": {"min": 0.016083598136901855, "max": 0.451754093170166}, "gwa-vestas-v136-mode0-80": {"min": 0.0049972087144851685, "max": 0.4016672670841217}, "air-density": {"min": 1.0090943574905396, "max": 1.1094245910644531}, "lcoe": {"gwa-vestas-v100-mode0-120": {"lg": {"min": 83.67395782470703, "max": 4191.04931640625}, "li": {"min": 4.802605628967285, "max": 358.2609558105469}, "lr": {"min": 0.0, "max": 52.47050857543945}, "total": {"min": 99.86328887939453, "max": 4555.3251953125}}, "gwa-vestas-v110-mode0-120": {"lg": {"min": 77.52046203613281, "max": 3238.57373046875}, "li": {"min": 4.183194637298584, "max": 276.7632751464844}, "lr": {"min": 0.0, "max": 40.535682678222656}, "total": {"min": 92.45943450927734, "max": 3519.98388671875}}, "gwa-vestas-v112-mode0-120": {"lg": {"min": 99.18766784667969, "max": 6764.439453125}, "li": {"min": 6.511109352111816, "max": 578.45068359375}, "lr": {"min": 0.0, "max": 84.81417083740234}, "total": {"min": 118.529296875, "max": 7352.6025390625}}, "gwa-vestas-v112-mode0-100": {"lg": {"min": 103.8906478881836, "max": 9845.3427734375}, "li": {"min": 6.915609359741211, "max": 842.0653076171875}, "lr": {"min": 0.0, "max": 118.92133331298828}, "total": {"min": 124.18789672851562, "max": 10000.0}}, "gwa-offshore-dtu-10mw-119": {"lg": {"min": 108.68428802490234, "max": 10000.0}, "li": {"min": 7.682693958282471, "max": 1098.9857177734375}, "lr": {"min": 0.0, "max": 162.79444885253906}, "total": {"min": 129.95558166503906, "max": 10000.0}}, "gwa-vestas-v126-mode0-150": {"lg": {"min": 86.46604919433594, "max": 2596.88330078125}, "li": {"min": 4.779587745666504, "max": 222.60723876953125}, "lr": {"min": 0.0, "max": 36.20214080810547}, "total": {"min": 103.22271728515625, "max": 2822.466064453125}}, "gwa-vestas-v120-mode0-80": {"lg": {"min": 82.1789779663086, "max": 5364.9462890625}, "li": {"min": 4.392552852630615, "max": 458.7043762207031}, "lr": {"min": 0.0, "max": 65.2435073852539}, "total": {"min": 98.06453704833984, "max": 5831.3525390625}}, "gsa-pvout": {"lg": {"min": 158.80433943823604, "max": 190.92371953920616}, "li": {"min": 4.7919973693045765, "max": 38.214482377439325}, "lr": {"min": 0.0, "max": 5.722367256183091}, "total": {"min": 170.41127899296652, "max": 212.50623852827445}}, "gwa-vestas-v126-mode0-80": {"lg": {"min": 97.85829162597656, "max": 8420.2880859375}, "li": {"min": 5.937047958374023, "max": 720.1318969726562}, "lr": {"min": 0.0, "max": 102.94109344482422}, "total": {"min": 116.9298095703125, "max": 9152.5107421875}}, "gwa-offshore-leanwind-8mw-110": {"lg": {"min": 107.19380950927734, "max": 10000.0}, "li": {"min": 7.5100202560424805, "max": 1236.8995361328125}, "lr": {"min": 0.0, "max": 180.33384704589844}, "total": {"min": 128.16224670410156, "max": 10000.0}}, "gwa-vestas-v110-mode0-100": {"lg": {"min": 79.96028900146484, "max": 4625.97900390625}, "li": {"min": 4.4064202308654785, "max": 395.4753723144531}, "lr": {"min": 0.0, "max": 55.41777038574219}, "total": {"min": 95.39501953125, "max": 5028.0947265625}}, "gwa-vestas-v136-mode0-100": {"lg": {"min": 85.90221405029297, "max": 5634.2216796875}, "li": {"min": 4.990757465362549, "max": 481.74468994140625}, "lr": {"min": 0.0, "max": 67.6606674194336}, "total": {"min": 102.5443115234375, "max": 6124.0546875}}, "gwa-vestas-v126-mode0-100": {"lg": {"min": 92.60721588134766, "max": 6814.62255859375}, "li": {"min": 5.666833877563477,