{"worldpop": {"min": -3.4028234663852886e+38, "max": 10692.13671875}, "slope": {"min": 0.0, "max": 51.75303268432617}, "land-cover": {"min": 10.0, "max": 220.0}, "airports": {"min": 0.0, "max": 100411.6484375}, "ports": {"min": 0.0, "max": 245532.578125}, "anchorages": {"min": 128140.546875, "max": 319102.25}, "grid": {"min": 0.0, "max": 11011.357421875}, "roads": {"min": 0.0, "max": 14866.068359375}, "pp-whs": {"min": 0.0, "max": 165880.234375}, "unep-coral": {"min": 65535.0, "max": 65535.0}, "unesco": {"min": 0.0, "max": 72183.7890625}, "unesco-ramsar": {"min": 0.0, "max": 78294.3203125}, "wwf-glw-1": {"min": 0.0, "max": 91078.265625}, "wwf-glw-2": {"min": 0.0, "max": 47929.6328125}, "jrc-gsw": {"min": 0.0, "max": 1.0}, "pp-marine-protected": {"min": 0.0, "max": 0.0}, "unep-tidal": {"min": 0.0, "max": 0.0}, "wwf-glw-3": {"min": 1.0, "max": 255.0}, "gsa-pvout": {"min": 1.6992913484573364, "max": 4.400034427642822}, "gsa-ghi": {"min": 2.0794410705566406, "max": 3.9646518230438232}, "gsa-gti": {"min": 2.0403177738189697, "max": 4.935489177703857}, "gsa-temp": {"min": -14.14745044708252, "max": 14.29993724822998}, "gwa-iec1": {"min": 0.0024900268763303757, "max": 0.5296774506568909}, "gwa-iec2": {"min": 0.003378362860530615, "max": 0.5391756296157837}, "gwa-iec3": {"min": 0.003998934291303158, "max": 0.5640941262245178}, "gwa-power-10": {"min": 1.5929334163665771, "max": 20869.23046875}, "gwa-speed-10": {"min": 0.39816197752952576, "max": 16.202959060668945}, "gwa-power-50": {"min": 1.9934442043304443, "max": 9174.1728515625}, "gwa-speed-50": {"min": 0.5820962190628052, "max": 16.095487594604492}, "gwa-power-100": {"min": 3.7261998653411865, "max": 6184.2705078125}, "gwa-speed-100": {"min": 0.7510479688644409, "max": 16.226802825927734}, "gwa-power-150": {"min": 6.689245223999023, "max": 5519.56201171875}, "gwa-speed-150": {"min": 0.7815819382667542, "max": 16.731739044189453}, "gwa-power-200": {"min": 9.062273979187012, "max": 5182.7783203125}, "gwa-speed-200": {"min": 0.8666447401046753, "max": 16.94165802001953}, "gebco": {"min": 174.0, "max": 4355.0}, "srtm90": {"min": 191.0, "max": 4412.0}, "waterbodies": {"min": 1.0, "max": 2.0}, "gwa-enercon-e44-50": {"min": 0.0007554756593890488, "max": 0.402388334274292}, "gwa-enercon-e48-50": {"min": 0.0010016115847975016, "max": 0.4494034945964813}, "gwa-enercon-e53-50": {"min": 0.001744722481817007, "max": 0.4796668589115143}, "gwa-offshore-dtu-10mw-119": {"min": 0.002147052204236388, "max": 0.5071467757225037}, "gwa-offshore-iea-15mw-150": {"min": 0.004475940950214863, "max": 0.5665721297264099}, "gwa-offshore-leanwind-8mw-110": {"min": 0.001905517652630806, "max": 0.5229660272598267}, "gwa-vestas-v100-mode0-100": {"min": 0.0032110533211380243, "max": 0.5557072758674622}, "gwa-vestas-v100-mode0-120": {"min": 0.004692153073847294, "max": 0.5714442133903503}, "gwa-vestas-v100-mode0-150": {"min": 0.00585576007142663, "max": 0.5870476961135864}, "gwa-vestas-v100-mode0-80": {"min": 0.0022658261004835367, "max": 0.5358970761299133}, "gwa-vestas-v110-mode0-100": {"min": 0.003978145308792591, "max": 0.6022707223892212}, "gwa-vestas-v110-mode0-120": {"min": 0.005712583195418119, "max": 0.6154342293739319}, "gwa-vestas-v110-mode0-150": {"min": 0.0069707357324659824, "max": 0.6323823928833008}, "gwa-vestas-v110-mode0-80": {"min": 0.002812392544001341, "max": 0.5825582146644592}, "gwa-vestas-v112-mode0-100": {"min": 0.0021275996696203947, "max": 0.5256380438804626}, "gwa-vestas-v112-mode0-120": {"min": 0.003135471371933818, "max": 0.5399237871170044}, "gwa-vestas-v112-mode0-150": {"min": 0.004168463405221701, "max": 0.5556703209877014}, "gwa-vestas-v112-mode0-80": {"min": 0.0014962565619498491, "max": 0.5094640851020813}, "gwa-vestas-v120-mode0-100": {"min": 0.00423656590282917, "max": 0.5683785676956177}, "gwa-vestas-v120-mode0-120": {"min": 0.0060477470979094505, "max": 0.5792403221130371}, "gwa-vestas-v120-mode0-150": {"min": 0.007360334508121014, "max": 0.5991560816764832}, "gwa-vestas-v120-mode0-80": {"min": 0.002995081013068557, "max": 0.5480859279632568}, "gwa-vestas-v126-mode0-100": {"min": 0.0028450489044189453, "max": 0.5358505845069885}, "gwa-vestas-v126-mode0-120": {"min": 0.004152283538132906, "max": 0.5502809882164001}, "gwa-vestas-v126-mode0-150": {"min": 0.00525460671633482, "max": 0.5668110251426697}, "gwa-vestas-v126-mode0-80": {"min": 0.0020081237889826298, "max": 0.5167726278305054}, "gwa-vestas-v136-mode0-100": {"min": 0.0033624216448515654, "max": 0.5630039572715759}, "gwa-vestas-v136-mode0-120": {"min": 0.004901370499283075, "max": 0.5786607265472412}, "gwa-vestas-v136-mode0-150": {"min": 0.006052880082279444, "max": 0.5948111414909363}, "gwa-vestas-v136-mode0-80": {"min": 0.002375636249780655, "max": 0.543578565120697}, "air-density": {"min": 0.7856475114822388, "max": 1.1981648206710815}, "lcoe": {"gwa-vestas-v100-mode0-120": {"lg": {"min": 64.826171875, "max": 7411.84814453125}, "li": {"min": 1.8598926067352295, "max": 221.01942443847656}, "lr": {"min": 0.0, "max": 12.325017929077148}, "total": {"min": 66.73755645751953, "max": 7642.9013671875}}, "gwa-vestas-v110-mode0-120": {"lg": {"min": 60.478431701660156, "max": 6088.59619140625}, "li": {"min": 1.7269511222839355, "max": 181.5390625}, "lr": {"min": 0.0, "max": 10.321318626403809}, "total": {"min": 62.25319290161133, "max": 6271.16552734375}}, "gwa-vestas-v112-mode0-120": {"lg": {"min": 68.37715911865234, "max": 10000.0}, "li": {"min": 1.9757274389266968, "max": 330.74993896484375}, "lr": {"min": 0.0, "max": 17.491945266723633}, "total": {"min": 70.41455078125, "max": 10000.0}}, "gwa-vestas-v112-mode0-100": {"lg": {"min": 70.12680053710938, "max": 10000.0}, "li": {"min": 2.0301835536956787, "max": 487.4305419921875}, "lr": {"min": 0.0, "max": 22.128101348876953}, "total": {"min": 72.2450942993164, "max": 10000.0}}, "gwa-offshore-dtu-10mw-119": {"lg": {"min": 72.53787231445312, "max": 10000.0}, "li": {"min": 2.103419065475464, "max": 483.0143127441406}, "lr": {"min": 0.0, "max": 23.14069175720215}, "total": {"min": 74.7069320678711, "max": 10000.0}}, "gwa-vestas-v126-mode0-150": {"lg": {"min": 65.3233642578125, "max": 6618.91162109375}, "li": {"min": 1.8750953674316406, "max": 197.36148071289062}, "lr": {"min": 0.0, "max": 11.585996627807617}, "total": {"min": 67.2503662109375, "max": 6817.39306640625}}, "gwa-vestas-v120-mode0-80": {"lg": {"min": 67.41845703125, "max": 10000.0}, "li": {"min": 1.9030845165252686, "max": 346.25341796875}, "lr": {"min": 0.0, "max": 15.71902084350586}, "total": {"min": 69.41130065917969, "max": 10000.0}}, "gsa-pvout": {"lg": {"min": 175.58052566154095, "max": 448.27944667005266}, "li": {"min": 5.407700368629554, "max": 14.481807890157931}, "lr": {"min": 0.0, "max": 1.505772906530231}, "total": {"min": 181.73785918802145, "max": 462.9869159551111}}, "gwa-vestas-v126-mode0-80": {"lg": {"min": 71.26122283935547, "max": 10000.0}, "li": {"min": 2.0502820014953613, "max": 516.4307861328125}, "lr": {"min": 0.0, "max": 23.44464111328125}, "total": {"min": 73.38988494873047, "max": 10000.0}}, "gwa-offshore-leanwind-8mw-110": {"lg": {"min": 70.46466064453125, "max": 10000.0}, "li": {"min": 2.0476367473602295, "max": 544.2389526367188}, "lr": {"min": 0.0, "max": 24.707059860229492}, "total": {"min": 72.76605987548828, "max": 10000.0}}, "gwa-vestas-v110-mode0-100": {"lg": {"min": 61.71284866333008, "max": 8741.4287109375}, "li": {"min": 1.7749550342559814, "max": 260.6885681152344}, "lr": {"min": 0.0, "max": 12.231465339660645}, "total": {"min": 63.70989227294922, "max": 9013.9521484375}}, "gwa-vestas-v136-mode0-100": {"lg": {"min": 65.73804473876953, "max": 10000.0}, "li": {"min": 1.8876093626022339, "max": 308.42559814453125}, "lr": {"min": 0.0, "max": 14.217312812805176}, "total": {"min": 67.69190216064453, "max": 10000.0}}, "gwa-vestas-v126-mode0-100": {"lg": {"min": 68.86651611328125, "max": 10000.0}, "li": {"min": 1.9888896942138672, "max": 364.51287841796875}, "lr": {"min": 0.0, "max": 16.54795265197754},