{"worldpop": {"min": -3.4028234663852886e+38, "max": 68437.921875}, "slope": {"min": 0.0, "max": 51.448150634765625}, "land-cover": {"min": 10.0, "max": 220.0}, "airports": {"min": 500.0, "max": 499999.25}, "ports": {"min": 500.0, "max": 500000.0}, "anchorages": {"min": 0.0, "max": 499999.25}, "grid": {"min": 0.0, "max": 266225.9375}, "roads": {"min": 0.0, "max": 297086.6875}, "pp-whs": {"min": 0.0, "max": 1016537.5}, "unep-coral": {"min": 0.0, "max": 499987.25}, "unesco": {"min": 500.0, "max": 499995.25}, "unesco-ramsar": {"min": 0.0, "max": 499993.25}, "wwf-glw-1": {"min": 0.0, "max": 498615.09375}, "wwf-glw-2": {"min": 0.0, "max": 244517.90625}, "jrc-gsw": {"min": 0.0, "max": 1.0}, "pp-marine-protected": {"min": 0.0, "max": 1.0}, "unep-tidal": {"min": 0.0, "max": 1.0}, "wwf-glw-3": {"min": 1.0, "max": 255.0}, "gsa-pvout": {"min": 1.6833627223968506, "max": 6.24294900894165}, "gsa-ghi": {"min": 1.9758644104003906, "max": 6.363244533538818}, "gsa-gti": {"min": 2.0117850303649902, "max": 7.384461402893066}, "gsa-temp": {"min": -30.186521530151367, "max": 26.987743377685547}, "gwa-iec1": {"min": 0.0003444058238528669, "max": 0.6885262727737427}, "gwa-iec2": {"min": 0.0005047759623266757, "max": 0.6999725699424744}, "gwa-iec3": {"min": 0.000607212248723954, "max": 0.7273315787315369}, "gwa-power-10": {"min": 0.4068118929862976, "max": 20430.70703125}, "gwa-speed-10": {"min": 0.376323938369751, "max": 24.949363708496094}, "gwa-power-50": {"min": 0.7329903244972229, "max": 14036.759765625}, "gwa-speed-50": {"min": 0.5744737386703491, "max": 23.684545516967773}, "gwa-power-100": {"min": 0.9949227571487427, "max": 11144.01171875}, "gwa-speed-100": {"min": 0.6508539915084839, "max": 23.07085609436035}, "gwa-power-150": {"min": 1.1261603832244873, "max": 9765.3017578125}, "gwa-speed-150": {"min": 0.6948150992393494, "max": 22.45166015625}, "gwa-power-200": {"min": 1.3987435102462769, "max": 8704.5087890625}, "gwa-speed-200": {"min": 0.7748830914497375, "max": 21.617603302001953}, "gebco": {"min": -155.0, "max": 7235.0}, "srtm90": {"min": -155.0, "max": 7227.0}, "waterbodies": {"min": 0.0, "max": 2.0}, "gwa-enercon-e44-50": {"min": 6.975144788157195e-05, "max": 0.5426406860351562}, "gwa-enercon-e48-50": {"min": 9.66207662713714e-05, "max": 0.6065614223480225}, "gwa-enercon-e53-50": {"min": 0.0003938938316423446, "max": 0.6446394324302673}, "gwa-offshore-dtu-10mw-119": {"min": 0.00015055571566335857, "max": 0.6822423934936523}, "gwa-offshore-iea-15mw-150": {"min": 0.0002756890607997775, "max": 0.7312923669815063}, "gwa-offshore-leanwind-8mw-110": {"min": 0.00016296864487230778, "max": 0.6899351477622986}, "gwa-vestas-v100-mode0-100": {"min": 0.0006416005780920386, "max": 0.7600682973861694}, "gwa-vestas-v100-mode0-120": {"min": 0.0006588964606635273, "max": 0.7688108682632446}, "gwa-vestas-v100-mode0-150": {"min": 0.0004124776169192046, "max": 0.7822271585464478}, "gwa-vestas-v100-mode0-80": {"min": 0.0004476891190279275, "max": 0.7481961846351624}, "gwa-vestas-v110-mode0-100": {"min": 0.0008876131614670157, "max": 0.8026978373527527}, "gwa-vestas-v110-mode0-120": {"min": 0.0009087360231205821, "max": 0.8104677200317383}, "gwa-vestas-v110-mode0-150": {"min": 0.0005563327576965094, "max": 0.824172854423523}, "gwa-vestas-v110-mode0-80": {"min": 0.0006042752647772431, "max": 0.7917308211326599}, "gwa-vestas-v112-mode0-100": {"min": 0.00036338772042654455, "max": 0.6973918676376343}, "gwa-vestas-v112-mode0-120": {"min": 0.00037384292227216065, "max": 0.7094640731811523}, "gwa-vestas-v112-mode0-150": {"min": 0.00023791503917891532, "max": 0.7200028896331787}, "gwa-vestas-v112-mode0-80": {"min": 0.00025737861869856715, "max": 0.6809874773025513}, "gwa-vestas-v120-mode0-100": {"min": 0.0009297188953496516, "max": 0.7780080437660217}, "gwa-vestas-v120-mode0-120": {"min": 0.0009507079957984388, "max": 0.7887039184570312}, "gwa-vestas-v120-mode0-150": {"min": 0.0005854490445926785, "max": 0.8022416830062866}, "gwa-vestas-v120-mode0-80": {"min": 0.0006387153407558799, "max": 0.7647193670272827}, "gwa-vestas-v126-mode0-100": {"min": 0.0005817146738991141, "max": 0.7294266223907471}, "gwa-vestas-v126-mode0-120": {"min": 0.000589504896197468, "max": 0.73734450340271}, "gwa-vestas-v126-mode0-150": {"min": 0.00037096571759320796, "max": 0.7497955560684204}, "gwa-vestas-v126-mode0-80": {"min": 0.0004029811534564942, "max": 0.7182002067565918}, "gwa-vestas-v136-mode0-100": {"min": 0.0007173009216785431, "max": 0.7624934315681458}, "gwa-vestas-v136-mode0-120": {"min": 0.0007362207397818565, "max": 0.770674467086792}, "gwa-vestas-v136-mode0-150": {"min": 0.000454836233984679, "max": 0.7833133935928345}, "gwa-vestas-v136-mode0-80": {"min": 0.0004944996326230466, "max": 0.751133382320404}, "air-density": {"min": 0.560786783695221, "max": 1.2593860626220703}, "lcoe": {"gwa-vestas-v100-mode0-120": {"lg": {"min": 49.2110710144043, "max": 10000.0}, "li": {"min": 1.426668643951416, "max": 2046.46142578125}, "lr": {"min": 0.0, "max": 305.95147705078125}, "total": {"min": 50.6760139465332, "max": 10000.0}}, "gwa-vestas-v110-mode0-120": {"lg": {"min": 46.88728713989258, "max": 10000.0}, "li": {"min": 1.3533400297164917, "max": 1483.8260498046875}, "lr": {"min": 0.0, "max": 225.79055786132812}, "total": {"min": 48.27693176269531, "max": 10000.0}}, "gwa-vestas-v112-mode0-120": {"lg": {"min": 52.992984771728516, "max": 10000.0}, "li": {"min": 1.5561562776565552, "max": 3606.87890625}, "lr": {"min": 0.0, "max": 525.7935180664062}, "total": {"min": 54.82412338256836, "max": 10000.0}}, "gwa-vestas-v112-mode0-100": {"lg": {"min": 53.8410758972168, "max": 10000.0}, "li": {"min": 1.5935338735580444, "max": 3710.654296875}, "lr": {"min": 0.0, "max": 532.5020141601562}, "total": {"min": 55.70391082763672, "max": 10000.0}}, "gwa-offshore-dtu-10mw-119": {"lg": {"min": 54.94781494140625, "max": 10000.0}, "li": {"min": 1.6357710361480713, "max": 7898.64208984375}, "lr": {"min": 0.0, "max": 1179.7081298828125}, "total": {"min": 56.85201644897461, "max": 10000.0}}, "gwa-vestas-v126-mode0-150": {"lg": {"min": 50.35764694213867, "max": 10000.0}, "li": {"min": 1.4464222192764282, "max": 2917.01416015625}, "lr": {"min": 0.0, "max": 237.099853515625}, "total": {"min": 51.8597412109375, "max": 10000.0}}, "gwa-vestas-v120-mode0-80": {"lg": {"min": 49.452964782714844, "max": 10000.0}, "li": {"min": 1.4343018531799316, "max": 1653.934814453125}, "lr": {"min": 0.0, "max": 305.7489013671875}, "total": {"min": 50.92574691772461, "max": 10000.0}}, "gsa-pvout": {"lg": {"min": 124.93006349123124, "max": 452.48338981208127}, "li": {"min": 3.6447953865301668, "max": 25.164733678907165}, "lr": {"min": 0.0, "max": 19.71899125109394}, "total": {"min": 128.93925748002167, "max": 468.00792829146803}}, "gwa-vestas-v126-mode0-80": {"lg": {"min": 52.39703369140625, "max": 10000.0}, "li": {"min": 1.527204155921936, "max": 2621.446533203125}, "lr": {"min": 0.0, "max": 482.244384765625}, "total": {"min": 53.965206146240234, "max": 10000.0}}, "gwa-offshore-leanwind-8mw-110": {"lg": {"min": 54.3797492980957, "max": 10000.0}, "li": {"min": 1.6120054721832275, "max": 8274.021484375}, "lr": {"min": 0.0, "max": 1108.4720458984375}, "total": {"min": 56.26272201538086, "max": 10000.0}}, "gwa-vestas-v110-mode0-100": {"lg": {"min": 47.302425384521484, "max": 10000.0}, "li": {"min": 1.366439938545227, "max": 1519.13720703125}, "lr": {"min": 0.0, "max": 247.01007080078125}, "total": {"min": 48.70552444458008, "max": 10000.0}}, "gwa-vestas-v136-mode0-100": {"lg": {"min": 49.58565139770508, "max": 10000.0}, "li": {"min": 1.4384888410568237, "max": 1879.833251953125}, "lr": {"min": 0.0, "max": 298.8835144042969}, "total": {"min": 51.06272888183594, "max": 10000.0}}, "gwa-vestas-v126-mode0-100": {"lg": {"min": 51.65216827392578, "max": 10000.0}, "li": {"min": 1.5036994218826294, "max": 2317.985107421875}, "lr": {"min": 0.0, "max": 362.1778259277344}, "total": {"min": 53.19620895385742, "max": 10000.0}},