{"worldpop": {"min": -3.4028234663852886e+38, "max": 130204.9765625}, "slope": {"min": 0.0, "max": 65.82816314697266}, "land-cover": {"min": 10.0, "max": 210.0}, "airports": {"min": 500.0, "max": 499993.25}, "ports": {"min": 0.0, "max": 500000.0}, "anchorages": {"min": 0.0, "max": 499993.25}, "grid": {"min": 0.0, "max": 499990.5}, "roads": {"min": 0.0, "max": 499995.25}, "pp-whs": {"min": 0.0, "max": 977841.0}, "unep-coral": {"min": 0.0, "max": 499985.0}, "unesco": {"min": 1000.0, "max": 499990.5}, "unesco-ramsar": {"min": 0.0, "max": 500000.0}, "wwf-glw-1": {"min": 0.0, "max": 500000.0}, "wwf-glw-2": {"min": 0.0, "max": 499989.0}, "jrc-gsw": {"min": 0.0, "max": 255.0}, "pp-marine-protected": {"min": 0.0, "max": 1.0}, "unep-tidal": {"min": 0.0, "max": 1.0}, "wwf-glw-3": {"min": 1.0, "max": 255.0}, "gsa-pvout": {"min": 0.0, "max": 4.565890312194824}, "gsa-ghi": {"min": 0.0, "max": 5.719954490661621}, "gsa-gti": {"min": 0.0, "max": 5.827122688293457}, "gsa-temp": {"min": 6.2352800369262695, "max": 27.299999237060547}, "gwa-iec1": {"min": 0.0, "max": 0.716216504573822}, "gwa-iec2": {"min": 0.0, "max": 0.7413262128829956}, "gwa-iec3": {"min": 0.0, "max": 0.7660952210426331}, "gwa-power-10": {"min": 0.0, "max": 1603.7772216796875}, "gwa-speed-10": {"min": 0.11994098126888, "max": 9.419751167297363}, "gwa-power-50": {"min": 0.0, "max": 2681.243896484375}, "gwa-speed-50": {"min": 0.18117314577103, "max": 11.508758544921875}, "gwa-power-100": {"min": 0.0, "max": 2304.09130859375}, "gwa-speed-100": {"min": 0.26562494039536, "max": 12.153895378112793}, "gwa-power-150": {"min": 0.0, "max": 1920.7833251953125}, "gwa-speed-150": {"min": 0.28240531682968, "max": 13.10531234741211}, "gwa-power-200": {"min": 0.0, "max": 2188.990966796875}, "gwa-speed-200": {"min": 0.29232773184776, "max": 14.006025314331055}, "gebco": {"min": -5498.0, "max": 3606.0}, "srtm90": {"min": -4.0, "max": 3585.0}, "waterbodies": {"min": 0.0, "max": 2.0}, "gwa-enercon-e44-50": {"min": 0.0007229921757243574, "max": 0.5657845139503479}, "gwa-enercon-e48-50": {"min": 0.0009532569092698395, "max": 0.6350445747375488}, "gwa-enercon-e53-50": {"min": 0.0015742022078484297, "max": 0.6751697063446045}, "gwa-offshore-dtu-10mw-119": {"min": 0.0013124519027769566, "max": 0.7050183415412903}, "gwa-offshore-iea-15mw-150": {"min": 0.0038062543608248234, "max": 0.7616345286369324}, "gwa-offshore-leanwind-8mw-110": {"min": 0.0012027149787172675, "max": 0.7096502184867859}, "gwa-vestas-v100-mode0-100": {"min": 0.0024525115732103586, "max": 0.7644728422164917}, "gwa-vestas-v100-mode0-120": {"min": 0.003270326182246208, "max": 0.7732536792755127}, "gwa-vestas-v100-mode0-150": {"min": 0.005298126023262739, "max": 0.786773681640625}, "gwa-vestas-v100-mode0-80": {"min": 0.0023035199847072363, "max": 0.7537854313850403}, "gwa-vestas-v110-mode0-100": {"min": 0.003110489109531045, "max": 0.7893545627593994}, "gwa-vestas-v110-mode0-120": {"min": 0.004130364861339331, "max": 0.8013431429862976}, "gwa-vestas-v110-mode0-150": {"min": 0.006605489179491997, "max": 0.8142657279968262}, "gwa-vestas-v110-mode0-80": {"min": 0.0028981012292206287, "max": 0.7781128287315369}, "gwa-vestas-v112-mode0-100": {"min": 0.0015685711987316608, "max": 0.726751446723938}, "gwa-vestas-v112-mode0-120": {"min": 0.0021055510733276606, "max": 0.7344090938568115}, "gwa-vestas-v112-mode0-150": {"min": 0.0034784232266247272, "max": 0.7458742260932922}, "gwa-vestas-v112-mode0-80": {"min": 0.0014924113638699055, "max": 0.7197761535644531}, "gwa-vestas-v120-mode0-100": {"min": 0.003308872226625681, "max": 0.7640942931175232}, "gwa-vestas-v120-mode0-120": {"min": 0.004398704506456852, "max": 0.777493417263031}, "gwa-vestas-v120-mode0-150": {"min": 0.007038954645395279, "max": 0.7894586324691772}, "gwa-vestas-v120-mode0-80": {"min": 0.0030800129752606153, "max": 0.7529996633529663}, "gwa-vestas-v126-mode0-100": {"min": 0.0021729585714638233, "max": 0.7486686110496521}, "gwa-vestas-v126-mode0-120": {"min": 0.0028895174618810415, "max": 0.7571696043014526}, "gwa-vestas-v126-mode0-150": {"min": 0.0046884347684681416, "max": 0.7692536115646362}, "gwa-vestas-v126-mode0-80": {"min": 0.002041735453531146, "max": 0.738743245601654}, "gwa-vestas-v136-mode0-100": {"min": 0.0025962251238524914, "max": 0.7734618782997131}, "gwa-vestas-v136-mode0-120": {"min": 0.0034530952107161283, "max": 0.7818408608436584}, "gwa-vestas-v136-mode0-150": {"min": 0.0055585140362381935, "max": 0.794521689414978}, "gwa-vestas-v136-mode0-80": {"min": 0.002429611049592495, "max": 0.7633147835731506}, "air-density": {"min": 0.8186018466949463, "max": 1.237478256225586}}