{"worldpop": {"min": -3.4028234663852886e+38, "max": 44902.4140625}, "slope": {"min": 0.0, "max": 24.859336853027344}, "land-cover": {"min": 10.0, "max": 210.0}, "airports": {"min": 0.0, "max": 379037.25}, "ports": {"min": 500.0, "max": 500000.0}, "anchorages": {"min": 0.0, "max": 500000.0}, "grid": {"min": 0.0, "max": 52201.53515625}, "roads": {"min": 0.0, "max": 39054.44921875}, "pp-whs": {"min": 0.0, "max": 403128.375}, "unep-coral": {"min": 65535.0, "max": 65535.0}, "unesco": {"min": 0.0, "max": 372307.6875}, "unesco-ramsar": {"min": 65535.0, "max": 500000.0}, "wwf-glw-1": {"min": 0.0, "max": 286003.9375}, "wwf-glw-2": {"min": 0.0, "max": 289415.34375}, "jrc-gsw": {"min": 0.0, "max": 1.0}, "pp-marine-protected": {"min": 0.0, "max": 0.0}, "unep-tidal": {"min": 0.0, "max": 1.0}, "wwf-glw-3": {"min": 1.0, "max": 255.0}, "gsa-pvout": {"min": 3.5012567043304443, "max": 4.541589260101318}, "gsa-ghi": {"min": 4.415722846984863, "max": 5.732666015625}, "gsa-gti": {"min": 4.43196964263916, "max": 5.8688883781433105}, "gsa-temp": {"min": 20.110517501831055, "max": 28.099925994873047}, "gwa-iec1": {"min": 0.011799314990639687, "max": 0.43024909496307373}, "gwa-iec2": {"min": 0.016347751021385193, "max": 0.4885939657688141}, "gwa-iec3": {"min": 0.019537346437573433, "max": 0.5283371210098267}, "gwa-power-10": {"min": 1.3082499504089355, "max": 637.920654296875}, "gwa-speed-10": {"min": 0.745895266532898, "max": 6.58307409286499}, "gwa-power-50": {"min": 7.923478126525879, "max": 540.9893798828125}, "gwa-speed-50": {"min": 1.5870219469070435, "max": 7.354743003845215}, "gwa-power-100": {"min": 14.440106391906738, "max": 581.46533203125}, "gwa-speed-100": {"min": 2.087885618209839, "max": 7.961121559143066}, "gwa-power-150": {"min": 25.177316665649414, "max": 629.4239501953125}, "gwa-speed-150": {"min": 2.614716053009033, "max": 8.293827056884766}, "gwa-power-200": {"min": 40.10188293457031, "max": 620.1026000976562}, "gwa-speed-200": {"min": 3.0467495918273926, "max": 8.328584671020508}, "gebco": {"min": -6.0, "max": 1322.0}, "srtm90": {"min": 0.0, "max": 1351.0}, "waterbodies": {"min": 0.0, "max": 2.0}, "gwa-enercon-e44-50": {"min": 0.0020623188465833664, "max": 0.2842405438423157}, "gwa-enercon-e48-50": {"min": 0.0028033326379954815, "max": 0.33964625000953674}, "gwa-enercon-e53-50": {"min": 0.005858524702489376, "max": 0.38105636835098267}, "gwa-offshore-dtu-10mw-119": {"min": 0.008910060860216618, "max": 0.41194185614585876}, "gwa-offshore-iea-15mw-150": {"min": 0.024501413106918335, "max": 0.48454657196998596}, "gwa-offshore-leanwind-8mw-110": {"min": 0.008206617087125778, "max": 0.4186450242996216}, "gwa-vestas-v100-mode0-100": {"min": 0.01637575775384903, "max": 0.5306435227394104}, "gwa-vestas-v100-mode0-120": {"min": 0.021956417709589005, "max": 0.5490735769271851}, "gwa-vestas-v100-mode0-150": {"min": 0.0342896394431591, "max": 0.5568844079971313}, "gwa-vestas-v100-mode0-80": {"min": 0.011597896926105022, "max": 0.5010519027709961}, "gwa-vestas-v110-mode0-100": {"min": 0.020784910768270493, "max": 0.5763412117958069}, "gwa-vestas-v110-mode0-120": {"min": 0.027697129175066948, "max": 0.5939517021179199}, "gwa-vestas-v110-mode0-150": {"min": 0.04275545850396156, "max": 0.5998963713645935}, "gwa-vestas-v110-mode0-80": {"min": 0.015067363157868385, "max": 0.5463964939117432}, "gwa-vestas-v112-mode0-100": {"min": 0.010443499311804771, "max": 0.43496173620224}, "gwa-vestas-v112-mode0-120": {"min": 0.014127876609563828, "max": 0.4540913701057434}, "gwa-vestas-v112-mode0-150": {"min": 0.022444449365139008, "max": 0.46594229340553284}, "gwa-vestas-v112-mode0-80": {"min": 0.007136563304811716, "max": 0.407815545797348}, "gwa-vestas-v120-mode0-100": {"min": 0.022235536947846413, "max": 0.5932592153549194}, "gwa-vestas-v120-mode0-120": {"min": 0.02965705096721649, "max": 0.6099364757537842}, "gwa-vestas-v120-mode0-150": {"min": 0.04580692574381828, "max": 0.6149923205375671}, "gwa-vestas-v120-mode0-80": {"min": 0.016073986887931824, "max": 0.5633922815322876}, "gwa-vestas-v126-mode0-100": {"min": 0.014414320699870586, "max": 0.49460259079933167}, "gwa-vestas-v126-mode0-120": {"min": 0.01930372603237629, "max": 0.5133526921272278}, "gwa-vestas-v126-mode0-150": {"min": 0.03013337031006813, "max": 0.5227096080780029}, "gwa-vestas-v126-mode0-80": {"min": 0.010243574157357216, "max": 0.46586692333221436}, "gwa-vestas-v136-mode0-100": {"min": 0.017269723117351532, "max": 0.5352153182029724}, "gwa-vestas-v136-mode0-120": {"min": 0.023082932457327843, "max": 0.5534937381744385}, "gwa-vestas-v136-mode0-150": {"min": 0.03585246950387955, "max": 0.5611928701400757}, "gwa-vestas-v136-mode0-80": {"min": 0.012377834878861904, "max": 0.5057530403137207}, "air-density": {"min": 1.0218452215194702, "max": 1.157340168952942}, "lcoe": {"gwa-vestas-v100-mode0-120": {"lg": {"min": 67.30436706542969, "max": 1587.07958984375}, "li": {"min": 2.0214216709136963, "max": 47.23251724243164}, "lr": {"min": 0.0, "max": 6.558631420135498}, "total": {"min": 69.48655700683594, "max": 1636.244873046875}}, "gwa-vestas-v110-mode0-120": {"lg": {"min": 62.52119064331055, "max": 1258.9588623046875}, "li": {"min": 1.8686860799789429, "max": 37.4427604675293}, "lr": {"min": 0.0, "max": 5.229184150695801}, "total": {"min": 64.53849792480469, "max": 1297.933837890625}}, "gwa-vestas-v112-mode0-120": {"lg": {"min": 80.54573822021484, "max": 2464.296142578125}, "li": {"min": 2.444242000579834, "max": 73.40501403808594}, "lr": {"min": 0.0, "max": 10.121570587158203}, "total": {"min": 83.18437957763672, "max": 2540.705078125}}, "gwa-vestas-v112-mode0-100": {"lg": {"min": 83.91222381591797, "max": 3332.267578125}, "li": {"min": 2.5517399311065674, "max": 99.30167388916016}, "lr": {"min": 0.0, "max": 13.693831443786621}, "total": {"min": 86.66691589355469, "max": 3435.6328125}}, "gwa-offshore-dtu-10mw-119": {"lg": {"min": 88.37782287597656, "max": 3905.069091796875}, "li": {"min": 2.6943347454071045, "max": 116.39169311523438}, "lr": {"min": 0.0, "max": 15.544405937194824}, "total": {"min": 91.28644561767578, "max": 4026.2236328125}}, "gwa-vestas-v126-mode0-150": {"lg": {"min": 70.49726867675781, "max": 1157.4971923828125}, "li": {"min": 2.1141560077667236, "max": 34.415565490722656}, "lr": {"min": 0.0, "max": 4.907758712768555}, "total": {"min": 72.78952026367188, "max": 1193.321044921875}}, "gwa-vestas-v120-mode0-80": {"lg": {"min": 65.69548797607422, "max": 2166.423095703125}, "li": {"min": 1.9700469970703125, "max": 64.70896911621094}, "lr": {"min": 0.0, "max": 7.997566223144531}, "total": {"min": 67.82221984863281, "max": 2237.092041015625}}, "gsa-pvout": {"lg": {"min": 170.2326064261898, "max": 219.62549786483194}, "li": {"min": 4.939764404554726, "max": 9.579447086322862}, "lr": {"min": 0.0, "max": 2.4492472453275136}, "total": {"min": 175.3251687196431, "max": 226.39169367061896}}, "gwa-vestas-v126-mode0-80": {"lg": {"min": 78.61091613769531, "max": 3397.22607421875}, "li": {"min": 2.382459878921509, "max": 101.53986358642578}, "lr": {"min": 0.0, "max": 12.438237190246582}, "total": {"min": 81.182861328125, "max": 3508.1181640625}}, "gwa-offshore-leanwind-8mw-110": {"lg": {"min": 87.02680969238281, "max": 4239.455078125}, "li": {"min": 2.6511940956115723, "max": 126.3683853149414}, "lr": {"min": 0.0, "max": 17.061975479125977}, "total": {"min": 89.88886260986328, "max": 4370.994140625}}, "gwa-vestas-v110-mode0-100": {"lg": {"min": 64.30934143066406, "max": 1676.3074951171875}, "li": {"min": 1.9257848262786865, "max": 49.894710540771484}, "lr": {"min": 0.0, "max": 6.908848285675049}, "total": {"min": 66.3882827758789, "max": 1728.243896484375}}, "gwa-vestas-v136-mode0-100": {"lg": {"min": 68.9435043334961, "max": 2016.6993408203125}, "li": {"min": 2.0737621784210205, "max": 60.05058288574219}, "lr": {"min": 0.0, "max": 8.32415771484375}, "total": {"min": 71.18219757080078, "max": 2079.207275390625}}, "gwa-vestas-v126-mode0-100": {"lg": {"min": 74.27613830566406, "max": 2415.404541015625},