{"worldpop":{"min":-3.4028234663852886e+38,"max":44902.4140625},"slope":{"min":0.0,"max":37.62083435058594},"land-cover":{"min":10.0,"max":210.0},"airports":{"min":500.0,"max":500000.0},"ports":{"min":0.0,"max":445293.46875},"anchorages":{"min":0.0,"max":474195.09375},"grid":{"min":0.0,"max":445760.59375},"roads":{"min":0.0,"max":445539.0},"pp-whs":{"min":0.0,"max":532965.75},"unep-coral":{"min":65535.0,"max":65535.0},"unesco":{"min":65535.0,"max":500000.0},"unesco-ramsar":{"min":65535.0,"max":65535.0},"wwf-glw-1":{"min":0.0,"max":500000.0},"wwf-glw-2":{"min":0.0,"max":445785.8125},"jrc-gsw":{"min":0.0,"max":255.0},"pp-marine-protected":{"min":0.0,"max":0.0},"unep-tidal":{"min":0.0,"max":1.0},"wwf-glw-3":{"min":1.0,"max":255.0},"gsa-pvout":{"min":3.5114240646362305,"max":4.160999774932861},"gsa-ghi":{"min":4.419501304626465,"max":5.23199987411499},"gsa-gti":{"min":4.4366230964660645,"max":5.264962196350098},"gsa-temp":{"min":23.771198272705078,"max":26.600000381469727},"gwa-iec1":{"min":0.030984818935394287,"max":0.27026158571243286},"gwa-iec2":{"min":0.04375689849257469,"max":0.3256397545337677},"gwa-iec3":{"min":0.052753154188394547,"max":0.3668409287929535},"gwa-power-10":{"min":2.5556492805480957,"max":160.78897094726562},"gwa-speed-10":{"min":1.3251879215240479,"max":4.759211540222168},"gwa-power-50":{"min":17.521379470825195,"max":190.42910766601562},"gwa-speed-50":{"min":2.703580617904663,"max":5.762185096740723},"gwa-power-100":{"min":33.50508117675781,"max":229.5763397216797},"gwa-speed-100":{"min":3.509549856185913,"max":5.432369232177734},"gwa-power-150":{"min":55.521915435791016,"max":292.4021301269531},"gwa-speed-150":{"min":4.182897567749023,"max":7.131590843200684},"gwa-power-200":{"min":76.78983306884766,"max":346.20733642578125},"gwa-speed-200":{"min":4.366242408752441,"max":7.6135687828063965},"gebco":{"min":-5433.0,"max":336.0},"srtm90":{"min":-1.0,"max":374.0},"waterbodies":{"min":0.0,"max":2.0},"gwa-enercon-e44-50":{"min":0.006735670380294323,"max":0.17274880409240723},"gwa-enercon-e48-50":{"min":0.009288502857089043,"max":0.21918591856956482},"gwa-enercon-e53-50":{"min":0.019298240542411804,"max":0.2606651186943054},"gwa-offshore-dtu-10mw-119":{"min":0.024129008874297142,"max":0.283050000667572},"gwa-offshore-iea-15mw-150":{"min":0.06514468789100647,"max":0.3817496597766876},"gwa-offshore-leanwind-8mw-110":{"min":0.02287747710943222,"max":0.2854272723197937},"gwa-vestas-v100-mode0-100":{"min":0.04894939437508583,"max":0.4005551338195801},"gwa-vestas-v100-mode0-120":{"min":0.06332424283027649,"max":0.4296361804008484},"gwa-vestas-v100-mode0-150":{"min":0.0917891412973404,"max":0.4685314893722534},"gwa-vestas-v100-mode0-80":{"min":0.038664255291223526,"max":0.3736827075481415},"gwa-vestas-v110-mode0-100":{"min":0.062350161373615265,"max":0.4531553089618683},"gwa-vestas-v110-mode0-120":{"min":0.08002177625894547,"max":0.48377859592437744},"gwa-vestas-v110-mode0-150":{"min":0.11447981745004654,"max":0.5227741599082947},"gwa-vestas-v110-mode0-80":{"min":0.04959702119231224,"max":0.4235081970691681},"gwa-vestas-v112-mode0-100":{"min":0.030811617150902748,"max":0.30235567688941956},"gwa-vestas-v112-mode0-120":{"min":0.040328249335289,"max":0.32651737332344055},"gwa-vestas-v112-mode0-150":{"min":0.05977995693683624,"max":0.3617652356624603},"gwa-vestas-v112-mode0-80":{"min":0.02408592589199543,"max":0.2818656861782074},"gwa-vestas-v120-mode0-100":{"min":0.06684527546167374,"max":0.47499796748161316},"gwa-vestas-v120-mode0-120":{"min":0.08594369143247604,"max":0.5061748623847961},"gwa-vestas-v120-mode0-150":{"min":0.12332314997911453,"max":0.5449739694595337},"gwa-vestas-v120-mode0-80":{"min":0.05309751257300377,"max":0.4441899061203003},"gwa-vestas-v126-mode0-100":{"min":0.04284517094492912,"max":0.36256906390190125},"gwa-vestas-v126-mode0-120":{"min":0.05531296879053116,"max":0.3897783160209656},"gwa-vestas-v126-mode0-150":{"min":0.0801069587469101,"max":0.42749089002609253},"gwa-vestas-v126-mode0-80":{"min":0.03390755504369736,"max":0.33824071288108826},"gwa-vestas-v136-mode0-100":{"min":0.05148203670978546,"max":0.40667083859443665},"gwa-vestas-v136-mode0-120":{"min":0.06630707532167435,"max":0.4357256293296814},"gwa-vestas-v136-mode0-150":{"min":0.09557899832725525,"max":0.4743448495864868},"gwa-vestas-v136-mode0-80":{"min":0.040833983570337296,"max":0.3796386122703552},"air-density":{"min":1.123901128768921,"max":1.1575119495391846}}