{"worldpop": {"min": -3.4028234663852886e+38, "max": 23993.646484375}, "slope": {"min": 0.0, "max": 31.556781768798828}, "land-cover": {"min": 10.0, "max": 210.0}, "airports": {"min": 0.0, "max": 352507.09375}, "ports": {"min": 500.0, "max": 483767.75}, "anchorages": {"min": 0.0, "max": 499993.25}, "grid": {"min": 0.0, "max": 170847.890625}, "roads": {"min": 0.0, "max": 67911.703125}, "pp-whs": {"min": 0.0, "max": 736691.25}, "unep-coral": {"min": 65535.0, "max": 65535.0}, "unesco": {"min": 707.1067504882812, "max": 500000.0}, "unesco-ramsar": {"min": 0.0, "max": 500000.0}, "wwf-glw-1": {"min": 0.0, "max": 499999.25}, "wwf-glw-2": {"min": 0.0, "max": 265000.0}, "jrc-gsw": {"min": 0.0, "max": 1.0}, "pp-marine-protected": {"min": 0.0, "max": 1.0}, "unep-tidal": {"min": 0.0, "max": 1.0}, "wwf-glw-3": {"min": 1.0, "max": 255.0}, "gsa-pvout": {"min": 2.7863056659698486, "max": 4.896484851837158}, "gsa-ghi": {"min": 3.355319023132324, "max": 6.023898601531982}, "gsa-gti": {"min": 3.348069190979004, "max": 6.235682487487793}, "gsa-temp": {"min": 5.595968723297119, "max": 29.600000381469727}, "gwa-iec1": {"min": 5.213316035224125e-05, "max": 0.5224303007125854}, "gwa-iec2": {"min": 9.210930875269696e-05, "max": 0.5538221597671509}, "gwa-iec3": {"min": 0.00011546864698175341, "max": 0.5825532674789429}, "gwa-power-10": {"min": 0.09166397899389267, "max": 865.8689575195312}, "gwa-speed-10": {"min": 0.23533456027507782, "max": 7.108992099761963}, "gwa-power-50": {"min": 0.26824161410331726, "max": 887.8187866210938}, "gwa-speed-50": {"min": 0.42159050703048706, "max": 9.561498641967773}, "gwa-power-100": {"min": 0.6358840465545654, "max": 927.1685180664062}, "gwa-speed-100": {"min": 0.670673131942749, "max": 10.316441535949707}, "gwa-power-150": {"min": 0.7471038699150085, "max": 1025.406982421875}, "gwa-speed-150": {"min": 0.7033081650733948, "max": 11.097001075744629}, "gwa-power-200": {"min": 0.8370845317840576, "max": 1241.699951171875}, "gwa-speed-200": {"min": 0.7043513655662537, "max": 11.85744857788086}, "gebco": {"min": -41.0, "max": 3904.0}, "srtm90": {"min": -8.0, "max": 3951.0}, "waterbodies": {"min": 0.0, "max": 2.0}, "gwa-enercon-e44-50": {"min": 5.757248345616972e-06, "max": 0.34434717893600464}, "gwa-enercon-e48-50": {"min": 7.997262400749605e-06, "max": 0.40468770265579224}, "gwa-enercon-e53-50": {"min": 4.827805605600588e-05, "max": 0.44821813702583313}, "gwa-offshore-dtu-10mw-119": {"min": 5.040400537836831e-06, "max": 0.46294185519218445}, "gwa-offshore-iea-15mw-150": {"min": 6.187298276927322e-05, "max": 0.5375933647155762}, "gwa-offshore-leanwind-8mw-110": {"min": 5.84716917728656e-06, "max": 0.4905845522880554}, "gwa-vestas-v100-mode0-100": {"min": 5.365745528251864e-05, "max": 0.5666945576667786}, "gwa-vestas-v100-mode0-120": {"min": 7.16095237294212e-05, "max": 0.5754322409629822}, "gwa-vestas-v100-mode0-150": {"min": 9.443105955142528e-05, "max": 0.6020564436912537}, "gwa-vestas-v100-mode0-80": {"min": 3.9053080399753526e-05, "max": 0.5571529865264893}, "gwa-vestas-v110-mode0-100": {"min": 7.070622086757794e-05, "max": 0.6230357885360718}, "gwa-vestas-v110-mode0-120": {"min": 9.427173063158989e-05, "max": 0.6336804628372192}, "gwa-vestas-v110-mode0-150": {"min": 0.00012340732791926712, "max": 0.6505988240242004}, "gwa-vestas-v110-mode0-80": {"min": 4.680239362642169e-05, "max": 0.6139696836471558}, "gwa-vestas-v112-mode0-100": {"min": 2.8771382858394645e-05, "max": 0.4953484535217285}, "gwa-vestas-v112-mode0-120": {"min": 3.8431371649494395e-05, "max": 0.5066547393798828}, "gwa-vestas-v112-mode0-150": {"min": 5.153414895175956e-05, "max": 0.5272987484931946}, "gwa-vestas-v112-mode0-80": {"min": 2.110977584379725e-05, "max": 0.4883493483066559}, "gwa-vestas-v120-mode0-100": {"min": 7.477184408344328e-05, "max": 0.6029558181762695}, "gwa-vestas-v120-mode0-120": {"min": 0.0001001081254798919, "max": 0.6330798864364624}, "gwa-vestas-v120-mode0-150": {"min": 0.00013264943845570087, "max": 0.6685616374015808}, "gwa-vestas-v120-mode0-80": {"min": 4.776705100084655e-05, "max": 0.580957293510437}, "gwa-vestas-v126-mode0-100": {"min": 4.929487477056682e-05, "max": 0.533143937587738}, "gwa-vestas-v126-mode0-120": {"min": 5.776037505711429e-05, "max": 0.5425278544425964}, "gwa-vestas-v126-mode0-150": {"min": 8.623483154224232e-05, "max": 0.5605405569076538}, "gwa-vestas-v126-mode0-80": {"min": 3.578355608624406e-05, "max": 0.5244722962379456}, "gwa-vestas-v136-mode0-100": {"min": 6.128958921181038e-05, "max": 0.5685166716575623}, "gwa-vestas-v136-mode0-120": {"min": 8.175761468010023e-05, "max": 0.5775778293609619}, "gwa-vestas-v136-mode0-150": {"min": 0.00010684126755222678, "max": 0.6052523255348206}, "gwa-vestas-v136-mode0-80": {"min": 4.442056888365187e-05, "max": 0.559285044670105}, "air-density": {"min": 0.7924749255180359, "max": 1.1543760299682617}, "lcoe": {"gwa-vestas-v100-mode0-120": {"lg": {"min": 64.40460205078125, "max": 10000.0}, "li": {"min": 1.8514127731323242, "max": 10000.0}, "lr": {"min": 0.0, "max": 464.33538818359375}, "total": {"min": 66.59254455566406, "max": 10000.0}}, "gwa-vestas-v110-mode0-120": {"lg": {"min": 58.85218811035156, "max": 10000.0}, "li": {"min": 1.737260341644287, "max": 10000.0}, "lr": {"min": 0.0, "max": 335.3690490722656}, "total": {"min": 60.83901596069336, "max": 10000.0}}, "gwa-vestas-v112-mode0-120": {"lg": {"min": 72.60443115234375, "max": 10000.0}, "li": {"min": 2.112744092941284, "max": 10000.0}, "lr": {"min": 0.0, "max": 853.11865234375}, "total": {"min": 75.08938598632812, "max": 10000.0}}, "gwa-vestas-v112-mode0-100": {"lg": {"min": 74.17031860351562, "max": 10000.0}, "li": {"min": 2.211146831512451, "max": 10000.0}, "lr": {"min": 0.0, "max": 1629.649169921875}, "total": {"min": 76.71199035644531, "max": 10000.0}}, "gwa-offshore-dtu-10mw-119": {"lg": {"min": 79.08234405517578, "max": 10000.0}, "li": {"min": 2.2754602432250977, "max": 10000.0}, "lr": {"min": 0.0, "max": 4739.7392578125}, "total": {"min": 81.4653091430664, "max": 10000.0}}, "gwa-vestas-v126-mode0-150": {"lg": {"min": 66.00936126708984, "max": 10000.0}, "li": {"min": 1.8805495500564575, "max": 10000.0}, "lr": {"min": 0.0, "max": 431.6098327636719}, "total": {"min": 68.01791381835938, "max": 10000.0}}, "gwa-vestas-v120-mode0-80": {"lg": {"min": 63.830142974853516, "max": 10000.0}, "li": {"min": 1.8661670684814453, "max": 10000.0}, "lr": {"min": 0.0, "max": 897.815673828125}, "total": {"min": 65.99727630615234, "max": 10000.0}}, "gsa-pvout": {"lg": {"min": 158.18412246094712, "max": 274.95384014913844}, "li": {"min": 4.641490723011898, "max": 18.00282248667065}, "lr": {"min": 0.0, "max": 4.2906616420397965}, "total": {"min": 163.39205596586325, "max": 284.3697504153639}}, "gwa-vestas-v126-mode0-80": {"lg": {"min": 70.27377319335938, "max": 10000.0}, "li": {"min": 2.1192359924316406, "max": 10000.0}, "lr": {"min": 0.0, "max": 1317.2147216796875}, "total": {"min": 72.67430877685547, "max": 10000.0}}, "gwa-offshore-leanwind-8mw-110": {"lg": {"min": 74.85172271728516, "max": 10000.0}, "li": {"min": 2.2582409381866455, "max": 10000.0}, "lr": {"min": 0.0, "max": 5318.83056640625}, "total": {"min": 77.41807556152344, "max": 10000.0}}, "gwa-vestas-v110-mode0-100": {"lg": {"min": 59.789344787597656, "max": 10000.0}, "li": {"min": 1.7946066856384277, "max": 10000.0}, "lr": {"min": 0.0, "max": 649.2047119140625}, "total": {"min": 61.810115814208984, "max": 10000.0}}, "gwa-vestas-v136-mode0-100": {"lg": {"min": 65.13938903808594, "max": 10000.0}, "li": {"min": 1.9018045663833618, "max": 10000.0}, "lr": {"min": 0.0, "max": 780.00830078125}, "total": {"min": 67.35395050048828, "max": 10000.0}}, "gwa-vestas-v126-mode0-100": {"lg": {"min": 69.19583129882812, "max": 10000.0}, "li": {"min": 2.022547721862793, "max": 10000.0}, "lr": {"min": 0.0, "max": 967.6714477539062}, "total": {"min": 71.55731964111328, "max": 10000.0}}, "gwa-vestas-v126-mode0-120": {"lg": {"min": 68.06816101074219, "max": 10000.0}, "li": {"min": 1.9462133646011353,