{"worldpop":{"min":-3.4028234663852886e+38,"max":9446.1181640625},"slope":{"min":0.0,"max":29.1545352935791},"land-cover":{"min":10.0,"max":210.0},"airports":{"min":23162.470703125,"max":352079.90625},"ports":{"min":0.0,"max":315779.21875},"anchorages":{"min":0.0,"max":187072.84375},"grid":{"min":0.0,"max":329076.34375},"roads":{"min":0.0,"max":332794.21875},"pp-whs":{"min":595653.0,"max":796902.3125},"unep-coral":{"min":65535.0,"max":65535.0},"unesco":{"min":65535.0,"max":499995.25},"unesco-ramsar":{"min":65535.0,"max":65535.0},"wwf-glw-1":{"min":214970.9375,"max":462335.90625},"wwf-glw-2":{"min":0.0,"max":343513.09375},"jrc-gsw":{"min":0.0,"max":255.0},"pp-marine-protected":{"min":0.0,"max":0.0},"unep-tidal":{"min":0.0,"max":1.0},"wwf-glw-3":{"min":1.0,"max":255.0},"gsa-pvout":{"min":3.3404390811920166,"max":4.125999927520752},"gsa-ghi":{"min":4.186473846435547,"max":5.131999969482422},"gsa-gti":{"min":4.192512035369873,"max":5.1579999923706055},"gsa-temp":{"min":22.704618453979492,"max":25.5},"gwa-iec1":{"min":0.010552032850682735,"max":0.23220348358154297},"gwa-iec2":{"min":0.01571999490261078,"max":0.2707042098045349},"gwa-iec3":{"min":0.01913975551724434,"max":0.2983446419239044},"gwa-power-10":{"min":1.0872846841812134,"max":250.8924102783203},"gwa-speed-10":{"min":0.7667251825332642,"max":4.399718284606934},"gwa-power-50":{"min":7.308986663818359,"max":234.2973175048828},"gwa-speed-50":{"min":1.557494044303894,"max":5.006103515625},"gwa-power-100":{"min":15.103049278259277,"max":230.91551208496094},"gwa-speed-100":{"min":1.9813705682754517,"max":4.670186996459961},"gwa-power-150":{"min":22.141489028930664,"max":280.4975891113281},"gwa-speed-150":{"min":2.172910690307617,"max":6.119485855102539},"gwa-power-200":{"min":31.301706314086914,"max":335.8516540527344},"gwa-speed-200":{"min":2.4618566036224365,"max":6.555447578430176},"gebco":{"min":-3999.0,"max":543.0},"srtm90":{"min":-2.0,"max":557.0},"waterbodies":{"min":0.0,"max":2.0},"gwa-enercon-e44-50":{"min":0.0015923144528642297,"max":0.15281060338020325},"gwa-enercon-e48-50":{"min":0.0021857849787920713,"max":0.1870725303888321},"gwa-enercon-e53-50":{"min":0.005573167931288481,"max":0.2168973833322525},"gwa-offshore-dtu-10mw-119":{"min":0.006994091439992189,"max":0.2272680550813675},"gwa-offshore-iea-15mw-150":{"min":0.018587935715913773,"max":0.29287320375442505},"gwa-offshore-leanwind-8mw-110":{"min":0.006349535658955574,"max":0.2296692281961441},"gwa-vestas-v100-mode0-100":{"min":0.01528386864811182,"max":0.30506372451782227},"gwa-vestas-v100-mode0-120":{"min":0.020100541412830353,"max":0.32307904958724976},"gwa-vestas-v100-mode0-150":{"min":0.02588179148733616,"max":0.34920498728752136},"gwa-vestas-v100-mode0-80":{"min":0.010494745336472988,"max":0.28803756833076477},"gwa-vestas-v110-mode0-100":{"min":0.0199092086404562,"max":0.3389827311038971},"gwa-vestas-v110-mode0-120":{"min":0.025235425680875778,"max":0.3582988977432251},"gwa-vestas-v110-mode0-150":{"min":0.032155852764844894,"max":0.38571855425834656},"gwa-vestas-v110-mode0-80":{"min":0.01380040030926466,"max":0.32033103704452515},"gwa-vestas-v112-mode0-100":{"min":0.009338288567960262,"max":0.2420661449432373},"gwa-vestas-v112-mode0-120":{"min":0.01302418950945139,"max":0.256947785615921},"gwa-vestas-v112-mode0-150":{"min":0.017038078978657722,"max":0.27971309423446655},"gwa-vestas-v112-mode0-80":{"min":0.0063266633078455925,"max":0.22877328097820282},"gwa-vestas-v120-mode0-100":{"min":0.021239453926682472,"max":0.3511611521244049},"gwa-vestas-v120-mode0-120":{"min":0.02701655961573124,"max":0.37104475498199463},"gwa-vestas-v120-mode0-150":{"min":0.03441626951098442,"max":0.3987000584602356},"gwa-vestas-v120-mode0-80":{"min":0.014692961238324642,"max":0.3315783441066742},"gwa-vestas-v126-mode0-100":{"min":0.013491151854395866,"max":0.28103065490722656},"gwa-vestas-v126-mode0-120":{"min":0.017680181190371513,"max":0.29781943559646606},"gwa-vestas-v126-mode0-150":{"min":0.02278662845492363,"max":0.32264846563339233},"gwa-vestas-v126-mode0-80":{"min":0.009285418316721916,"max":0.26544612646102905},"gwa-vestas-v136-mode0-100":{"min":0.016320286318659782,"max":0.30920466780662537},"gwa-vestas-v136-mode0-120":{"min":0.021093642339110374,"max":0.3272915482521057},"gwa-vestas-v136-mode0-150":{"min":0.02704286202788353,"max":0.35345548391342163},"gwa-vestas-v136-mode0-80":{"min":0.011274561285972595,"max":0.2920722961425781},"air-density":{"min":1.096082091331482,"max":1.1576136350631714}}