{"worldpop":{"min":-3.4028234663852886e+38,"max":2011.8172607421875},"slope":{"min":0.0,"max":11.869285583496094},"land-cover":{"min":10.0,"max":210.0},"airports":{"min":0.0,"max":335205.15625},"ports":{"min":0.0,"max":317539.375},"anchorages":{"min":0.0,"max":176638.046875},"grid":{"min":0.0,"max":330306.65625},"roads":{"min":0.0,"max":333150.46875},"pp-whs":{"min":364605.25,"max":756731.4375},"unep-coral":{"min":65535.0,"max":65535.0},"unesco":{"min":65535.0,"max":500000.0},"unesco-ramsar":{"min":65535.0,"max":500000.0},"wwf-glw-1":{"min":23194.826171875,"max":424462.3125},"wwf-glw-2":{"min":0.0,"max":333492.125},"jrc-gsw":{"min":0.0,"max":255.0},"pp-marine-protected":{"min":0.0,"max":1.0},"unep-tidal":{"min":0.0,"max":1.0},"wwf-glw-3":{"min":1.0,"max":255.0},"gsa-pvout":{"min":3.2813451290130615,"max":3.9700000286102295},"gsa-ghi":{"min":4.110147953033447,"max":4.953000068664551},"gsa-gti":{"min":4.112427234649658,"max":4.9679999351501465},"gsa-temp":{"min":24.465839385986328,"max":25.5},"gwa-iec1":{"min":0.012759276665747166,"max":0.11559351533651352},"gwa-iec2":{"min":0.01850009709596634,"max":0.14690716564655304},"gwa-iec3":{"min":0.02241404913365841,"max":0.171524778008461},"gwa-power-10":{"min":1.2213594913482666,"max":37.21886444091797},"gwa-speed-10":{"min":0.9022732973098755,"max":3.235536575317383},"gwa-power-50":{"min":8.92837142944336,"max":70.89080810546875},"gwa-speed-50":{"min":1.870587944984436,"max":3.9684836864471436},"gwa-power-100":{"min":16.54663848876953,"max":96.24566650390625},"gwa-speed-100":{"min":3.033386468887329,"max":4.219533920288086},"gwa-power-150":{"min":23.78886604309082,"max":106.97649383544922},"gwa-speed-150":{"min":2.806966781616211,"max":4.720479488372803},"gwa-power-200":{"min":32.65369415283203,"max":113.26821899414062},"gwa-speed-200":{"min":3.0770156383514404,"max":4.8408331871032715},"gebco":{"min":-3935.0,"max":145.0},"srtm90":{"min":1.0,"max":148.0},"waterbodies":{"min":0.0,"max":2.0},"gwa-enercon-e44-50":{"min":0.003070350270718336,"max":0.05902927741408348},"gwa-enercon-e48-50":{"min":0.004176123533397913,"max":0.07725746929645538},"gwa-enercon-e53-50":{"min":0.008544308133423328,"max":0.10008517652750015},"gwa-offshore-dtu-10mw-119":{"min":0.00856687966734171,"max":0.09914066642522812},"gwa-offshore-iea-15mw-150":{"min":0.02275112457573414,"max":0.13793234527111053},"gwa-offshore-leanwind-8mw-110":{"min":0.008550410158932209,"max":0.10197892040014267},"gwa-vestas-v100-mode0-100":{"min":0.020009171217679977,"max":0.16575181484222412},"gwa-vestas-v100-mode0-120":{"min":0.024366088211536407,"max":0.17333269119262695},"gwa-vestas-v100-mode0-150":{"min":0.03247210383415222,"max":0.18161778151988983},"gwa-vestas-v100-mode0-80":{"min":0.015971379354596138,"max":0.16334082186222076},"gwa-vestas-v110-mode0-100":{"min":0.025671672075986862,"max":0.19675563275814056},"gwa-vestas-v110-mode0-120":{"min":0.031139018014073372,"max":0.20547795295715332},"gwa-vestas-v110-mode0-150":{"min":0.041198644787073135,"max":0.21503101289272308},"gwa-vestas-v110-mode0-80":{"min":0.020591335371136665,"max":0.1945505291223526},"gwa-vestas-v112-mode0-100":{"min":0.012517120689153671,"max":0.11641651391983032},"gwa-vestas-v112-mode0-120":{"min":0.015336294658482075,"max":0.12221183627843857},"gwa-vestas-v112-mode0-150":{"min":0.020670898258686066,"max":0.1288291960954666},"gwa-vestas-v112-mode0-80":{"min":0.009919773787260056,"max":0.1141255721449852},"gwa-vestas-v120-mode0-100":{"min":0.02747463993728161,"max":0.20965655148029327},"gwa-vestas-v120-mode0-120":{"min":0.03334420919418335,"max":0.2191169112920761},"gwa-vestas-v120-mode0-150":{"min":0.04417954757809639,"max":0.22899073362350464},"gwa-vestas-v120-mode0-80":{"min":0.022010868415236473,"max":0.2075689285993576},"gwa-vestas-v126-mode0-100":{"min":0.017601795494556427,"max":0.1468336433172226},"gwa-vestas-v126-mode0-120":{"min":0.02140476554632187,"max":0.1536984145641327},"gwa-vestas-v126-mode0-150":{"min":0.02849886380136013,"max":0.16115523874759674},"gwa-vestas-v126-mode0-80":{"min":0.014057855121791363,"max":0.14445476233959198},"gwa-vestas-v136-mode0-100":{"min":0.021187085658311844,"max":0.17033012211322784},"gwa-vestas-v136-mode0-120":{"min":0.025741394609212875,"max":0.17798922955989838},"gwa-vestas-v136-mode0-150":{"min":0.03417447581887245,"max":0.18646025657653809},"gwa-vestas-v136-mode0-80":{"min":0.01695983298122883,"max":0.16799230873584747},"air-density":{"min":1.1423062086105347,"max":1.1574788093566895}}