{"worldpop": {"min": -3.4028234663852886e+38, "max": 363.54583740234375}, "slope": {"min": 0.0, "max": 67.00984191894531}, "land-cover": {"min": 10.0, "max": 210.0}, "airports": {"min": 1414.2135009765625, "max": 499999.25}, "ports": {"min": 707.1067504882812, "max": 499996.5}, "anchorages": {"min": 0.0, "max": 500000.0}, "grid": {"min": 65535.0, "max": 65535.0}, "roads": {"min": 0.0, "max": 500000.0}, "pp-whs": {"min": 277622.03125, "max": 2606687.0}, "unep-coral": {"min": 0.0, "max": 493432.875}, "unesco": {"min": 65535.0, "max": 499999.25}, "unesco-ramsar": {"min": 65535.0, "max": 65535.0}, "wwf-glw-1": {"min": 65535.0, "max": 65535.0}, "wwf-glw-2": {"min": 65535.0, "max": 499999.25}, "jrc-gsw": {"min": 0.0, "max": 255.0}, "pp-marine-protected": {"min": 0.0, "max": 1.0}, "unep-tidal": {"min": 0.0, "max": 0.0}, "wwf-glw-3": {"min": 255.0, "max": 255.0}, "gsa-pvout": {"min": 0.0, "max": 4.837519645690918}, "gsa-ghi": {"min": 0.0, "max": 6.039000034332275}, "gsa-gti": {"min": 0.0, "max": 6.128942966461182}, "gsa-temp": {"min": 21.17072868347168, "max": 27.299999237060547}, "gwa-iec1": {"min": 0.0, "max": 0.4223945140838623}, "gwa-iec2": {"min": 0.0, "max": 0.48510313034057617}, "gwa-iec3": {"min": 0.0, "max": 0.5278276801109314}, "gwa-power-10": {"min": 0.0, "max": 216.70643615722656}, "gwa-speed-10": {"min": 0.11994098126888, "max": 5.975618362426758}, "gwa-power-50": {"min": 0.0, "max": 333.6696472167969}, "gwa-speed-50": {"min": 0.18117314577103, "max": 7.085860252380371}, "gwa-power-100": {"min": 0.0, "max": 403.2181396484375}, "gwa-speed-100": {"min": 0.26562494039536, "max": 7.733318328857422}, "gwa-power-150": {"min": 0.0, "max": 446.60662841796875}, "gwa-speed-150": {"min": 0.28240531682968, "max": 7.888063430786133}, "gwa-power-200": {"min": 0.0, "max": 516.2463989257812}, "gwa-speed-200": {"min": 0.29232773184776, "max": 8.236702919006348}, "gebco": {"min": -6657.0, "max": 1827.0}, "srtm90": {"min": 4.0, "max": 325.0}, "waterbodies": {"min": 0.0, "max": 1.0}, "gwa-enercon-e44-50": {"min": 0.03557124733924866, "max": 0.2432188093662262}, "gwa-enercon-e48-50": {"min": 0.04672405123710632, "max": 0.30546078085899353}, "gwa-enercon-e53-50": {"min": 0.06300986558198929, "max": 0.35518354177474976}, "gwa-offshore-dtu-10mw-119": {"min": 0.1525425761938095, "max": 0.37810808420181274}, "gwa-offshore-iea-15mw-150": {"min": 0.19549427926540375, "max": 0.44970107078552246}, "gwa-offshore-leanwind-8mw-110": {"min": 0.15896713733673096, "max": 0.3878715932369232}, "gwa-vestas-v100-mode0-100": {"min": 0.22315385937690735, "max": 0.5139628648757935}, "gwa-vestas-v100-mode0-120": {"min": 0.2572854459285736, "max": 0.5242465138435364}, "gwa-vestas-v100-mode0-150": {"min": 0.2547905147075653, "max": 0.5307178497314453}, "gwa-vestas-v100-mode0-80": {"min": 0.16906680166721344, "max": 0.49515679478645325}, "gwa-vestas-v110-mode0-100": {"min": 0.2606458365917206, "max": 0.5639982223510742}, "gwa-vestas-v110-mode0-120": {"min": 0.3017635643482208, "max": 0.5741250514984131}, "gwa-vestas-v110-mode0-150": {"min": 0.2974207401275635, "max": 0.5807321071624756}, "gwa-vestas-v110-mode0-80": {"min": 0.1999610960483551, "max": 0.5448471903800964}, "gwa-vestas-v112-mode0-100": {"min": 0.16088196635246277, "max": 0.4131709337234497}, "gwa-vestas-v112-mode0-120": {"min": 0.18328985571861267, "max": 0.42220696806907654}, "gwa-vestas-v112-mode0-150": {"min": 0.1830204576253891, "max": 0.42788639664649963}, "gwa-vestas-v112-mode0-80": {"min": 0.11969129741191864, "max": 0.39640092849731445}, "gwa-vestas-v120-mode0-100": {"min": 0.2763538062572479, "max": 0.5841121673583984}, "gwa-vestas-v120-mode0-120": {"min": 0.32007455825805664, "max": 0.594033420085907}, "gwa-vestas-v120-mode0-150": {"min": 0.31537681818008423, "max": 0.6006656885147095}, "gwa-vestas-v120-mode0-80": {"min": 0.21279694139957428, "max": 0.5648555755615234}, "gwa-vestas-v126-mode0-100": {"min": 0.19918985664844513, "max": 0.4762933552265167}, "gwa-vestas-v126-mode0-120": {"min": 0.22843918204307556, "max": 0.4861193597316742}, "gwa-vestas-v126-mode0-150": {"min": 0.22692826390266418, "max": 0.4922953248023987}, "gwa-vestas-v126-mode0-80": {"min": 0.1501818597316742, "max": 0.45812296867370605}, "gwa-vestas-v136-mode0-100": {"min": 0.2284296751022339, "max": 0.5197133421897888}, "gwa-vestas-v136-mode0-120": {"min": 0.26336127519607544, "max": 0.5299551486968994}, "gwa-vestas-v136-mode0-150": {"min": 0.2605579197406769, "max": 0.5363653302192688}, "gwa-vestas-v136-mode0-80": {"min": 0.17364148795604706, "max": 0.5010328888893127}, "air-density": {"min": 1.1313620805740356, "max": 1.171107292175293}}