{"worldpop":{"min":-3.4028234663852886e+38,"max":28133.669921875},"slope":{"min":0.0,"max":52.580074310302734},"land-cover":{"min":10.0,"max":220.0},"airports":{"min":0.0,"max":499999.25},"ports":{"min":0.0,"max":499988.25},"anchorages":{"min":0.0,"max":500000.0},"grid":{"min":0.0,"max":500000.0},"roads":{"min":0.0,"max":229157.15625},"pp-whs":{"min":0.0,"max":763856.6875},"unep-coral":{"min":0.0,"max":499990.5},"unesco":{"min":0.0,"max":499993.25},"unesco-ramsar":{"min":65535.0,"max":499999.25},"wwf-glw-1":{"min":0.0,"max":499993.25},"wwf-glw-2":{"min":0.0,"max":208265.453125},"jrc-gsw":{"min":0.0,"max":1.0},"pp-marine-protected":{"min":0.0,"max":1.0},"unep-tidal":{"min":0.0,"max":1.0},"wwf-glw-3":{"min":1.0,"max":255.0},"gsa-pvout":{"min":2.1862142086029053,"max":5.213053226470947},"gsa-ghi":{"min":2.6662399768829346,"max":6.397414207458496},"gsa-gti":{"min":2.665196180343628,"max":6.570800304412842},"gsa-temp":{"min":-1.6470543146133423,"max":31.78619956970215},"gwa-iec1":{"min":1.3376155038713478e-05,"max":0.8604874610900879},"gwa-iec2":{"min":2.5846191419987008e-05,"max":0.8824023604393005},"gwa-iec3":{"min":3.282310353824869e-05,"max":0.898312509059906},"gwa-power-10":{"min":0.02758818119764328,"max":4497.5849609375},"gwa-speed-10":{"min":0.1803726702928543,"max":11.48434829711914},"gwa-power-50":{"min":0.13019727170467377,"max":3567.48876953125},"gwa-speed-50":{"min":0.32637059688568115,"max":12.674210548400879},"gwa-power-100":{"min":0.1878562867641449,"max":3232.851806640625},"gwa-speed-100":{"min":0.3702104091644287,"max":13.518610954284668},"gwa-power-150":{"min":0.26254260540008545,"max":2759.503173828125},"gwa-speed-150":{"min":0.47461503744125366,"max":14.545171737670898},"gwa-power-200":{"min":0.3369694948196411,"max":2431.50244140625},"gwa-speed-200":{"min":0.4821435809135437,"max":15.316527366638184},"gebco":{"min":-826.0,"max":5172.0},"srtm90":{"min":-66.0,"max":5226.0},"waterbodies":{"min":0.0,"max":2.0},"gwa-enercon-e44-50":{"min":6.030593908690207e-07,"max":0.6766355037689209},"gwa-enercon-e48-50":{"min":8.392279369218159e-07,"max":0.760673999786377},"gwa-enercon-e53-50":{"min":6.000803750794148e-06,"max":0.8030996918678284},"gwa-offshore-dtu-10mw-119":{"min":2.673677954589948e-07,"max":0.8636078834533691},"gwa-offshore-iea-15mw-150":{"min":3.897006990882801e-06,"max":0.914535641670227},"gwa-offshore-leanwind-8mw-110":{"min":2.4934308839874575e-07,"max":0.8649638295173645},"gwa-vestas-v100-mode0-100":{"min":4.885127054876648e-06,"max":0.9025790095329285},"gwa-vestas-v100-mode0-120":{"min":4.7695189095975365e-06,"max":0.910025954246521},"gwa-vestas-v100-mode0-150":{"min":6.09601056567044e-06,"max":0.92693030834198},"gwa-vestas-v100-mode0-80":{"min":1.08053163785371e-05,"max":0.8919401168823242},"gwa-vestas-v110-mode0-100":{"min":1.24265068279783e-06,"max":0.9202842116355896},"gwa-vestas-v110-mode0-120":{"min":1.3061420531812473e-06,"max":0.9285481572151184},"gwa-vestas-v110-mode0-150":{"min":6.401753125828691e-06,"max":0.9456227421760559},"gwa-vestas-v110-mode0-80":{"min":1.3454015061142854e-05,"max":0.9115617871284485},"gwa-vestas-v112-mode0-100":{"min":2.3752149900246877e-06,"max":0.8699192404747009},"gwa-vestas-v112-mode0-120":{"min":2.325337163711083e-06,"max":0.8864155411720276},"gwa-vestas-v112-mode0-150":{"min":3.07627101392427e-06,"max":0.9042073488235474},"gwa-vestas-v112-mode0-80":{"min":5.70063366467366e-06,"max":0.8519022464752197},"gwa-vestas-v120-mode0-100":{"min":1.24265068279783e-06,"max":0.9199399352073669},"gwa-vestas-v120-mode0-120":{"min":1.3061420531812473e-06,"max":0.9346778392791748},"gwa-vestas-v120-mode0-150":{"min":7.150144938350422e-06,"max":0.9469802975654602},"gwa-vestas-v120-mode0-80":{"min":1.3644319551531225e-05,"max":0.9089956283569336},"gwa-vestas-v126-mode0-100":{"min":4.647939022106584e-06,"max":0.8910963535308838},"gwa-vestas-v126-mode0-120":{"min":6.179461138344777e-07,"max":0.9015704393386841},"gwa-vestas-v126-mode0-150":{"min":5.728490123146912e-06,"max":0.908394992351532},"gwa-vestas-v126-mode0-80":{"min":9.842078725341707e-06,"max":0.87786465883255},"gwa-vestas-v136-mode0-100":{"min":5.9073777265439276e-06,"max":0.9086366891860962},"gwa-vestas-v136-mode0-120":{"min":5.759922714787535e-06,"max":0.9171689748764038},"gwa-vestas-v136-mode0-150":{"min":7.228001322800992e-06,"max":0.9285208582878113},"gwa-vestas-v136-mode0-80":{"min":1.2175004485470708e-05,"max":0.8973481059074402},"air-density":{"min":0.6947243213653564,"max":1.1571218967437744},"lcoe":{"gwa-vestas-v100-mode0-120":{"lg":{"min":42.19535446166992,"max":10000.0},"li":{"min":1.253475308418274,"max":10000.0},"lr":{"min":0.0,"max":10000.0},"total":{"min":43.66299819946289,"max":10000.0}},"gwa-vestas-v110-mode0-120":{"lg":{"min":41.43345260620117,"max":10000.0},"li":{"min":1.2067056894302368,"max":10000.0},"lr":{"min":0.0,"max":10000.0},"total":{"min":42.81911087036133,"max":10000.0}},"gwa-vestas-v112-mode0-120":{"lg":{"min":43.21271514892578,"max":10000.0},"li":{"min":1.3936502933502197,"max":10000.0},"lr":{"min":0.0,"max":10000.0},"total":{"min":44.719451904296875,"max":10000.0}},"gwa-vestas-v112-mode0-100":{"lg":{"min":43.95630645751953,"max":10000.0},"li":{"min":1.4408814907073975,"max":10000.0},"lr":{"min":0.0,"max":10000.0},"total":{"min":45.491615295410156,"max":10000.0}},"gwa-offshore-dtu-10mw-119":{"lg":{"min":44.248313903808594,"max":10000.0},"li":{"min":1.4660747051239014,"max":10000.0},"lr":{"min":0.0,"max":10000.0},"total":{"min":45.79484176635742,"max":10000.0}},"gwa-vestas-v126-mode0-150":{"lg":{"min":42.26392364501953,"max":10000.0},"li":{"min":1.2697389125823975,"max":10000.0},"lr":{"min":0.0,"max":10000.0},"total":{"min":43.65739059448242,"max":10000.0}},"gwa-vestas-v120-mode0-80":{"lg":{"min":42.238643646240234,"max":10000.0},"li":{"min":1.2571908235549927,"max":10000.0},"lr":{"min":0.0,"max":10000.0},"total":{"min":43.69797897338867,"max":10000.0}},"gsa-pvout":{"lg":{"min":148.82112252188037,"max":349.3276522735109},"li":{"min":4.347698903070273,"max":49.59757146801005},"lr":{"min":0.0,"max":15.540619700608579},"total":{"min":154.4692074253414,"max":360.5183920283421}},"gwa-vestas-v126-mode0-80":{"lg":{"min":43.594669342041016,"max":10000.0},"li":{"min":1.4010363817214966,"max":10000.0},"lr":{"min":0.0,"max":10000.0},"total":{"min":45.116085052490234,"max":10000.0}},"gwa-offshore-leanwind-8mw-110":{"lg":{"min":44.18521499633789,"max":10000.0},"li":{"min":1.4626893997192383,"max":10000.0},"lr":{"min":0.0,"max":10000.0},"total":{"min":45.72932052612305,"max":10000.0}},"gwa-vestas-v110-mode0-100":{"lg":{"min":41.76959228515625,"max":10000.0},"li":{"min":1.2301949262619019,"max":10000.0},"lr":{"min":0.0,"max":10000.0},"total":{"min":43.22087478637695,"max":10000.0}},"gwa-vestas-v136-mode0-100":{"lg":{"min":42.25374984741211,"max":10000.0},"li":{"min":1.277938961982727,"max":10000.0},"lr":{"min":0.0,"max":10000.0},"total":{"min":43.723636627197266,"max":10000.0}},"gwa-vestas-v126-mode0-100":{"lg":{"min":43.006736755371094,"max":10000.0},"li":{"min":1.3341456651687622,"max":10000.0},"lr":{"min":0.0,"max":10000.0},"total":{"min":44.505558013916016,"max":10000.0}},"gwa-vestas-v126-mode0-120":{"lg":{"min":42.55356979370117,"max":10000.0},"li":{"min":1.298841118812561,"max":10000.0},"lr":{"min":0.0,"max":10000.0},"total":{"min":44.03498077392578,"max":10000.0}},"gwa-vestas-v120-mode0-120":{"lg":{"min":41.187957763671875,"max":10000.0},"li":{"min":1.195899486541748,"max":10000.0},"lr":{"min":0.0,"max":10000.0},"total":{"min":42.56904983520508,"max":10000.0}},"gwa-vestas-v120-mode0-150":{"lg":{"min":40.704837799072266,"max":10000.0},"li":{"min":1.1832088232040405,"max":10000.0},"lr":{"min":0.0,"max":10000.0},"total":{"min":41.998104095458984,"max":10000.0}},"gwa-enercon-e53-50":{"lg":{"min":47.28075408935547,"max":10000.0},"li":{"min":1.5765702724456787,"max":10000.0},"lr":{"min":0.0,"max":10000.0},"total":{"min":48.94380187988281,"max":10000.0}},"gwa-vestas-v120-mode0-100":{"lg":{"min":41.78372573852539,"max":10000.0},