{"worldpop": {"min": -3.4028234663852886e+38, "max": 30085.12109375}, "slope": {"min": 0.0, "max": 57.85996627807617}, "land-cover": {"min": 10.0, "max": 213.36251831054688}, "airports": {"min": 500.0, "max": 499999.25}, "ports": {"min": 0.0, "max": 499992.5}, "anchorages": {"min": 0.0, "max": 483090.3125}, "grid": {"min": 0.0, "max": 499990.25}, "roads": {"min": 0.0, "max": 499988.25}, "pp-whs": {"min": 0.0, "max": 844126.1875}, "unep-coral": {"min": 0.0, "max": 499993.25}, "unesco": {"min": 500.0, "max": 499999.25}, "unesco-ramsar": {"min": 65535.0, "max": 500000.0}, "wwf-glw-1": {"min": 0.0, "max": 500000.0}, "wwf-glw-2": {"min": 0.0, "max": 499990.5}, "jrc-gsw": {"min": 0.0, "max": 255.0}, "pp-marine-protected": {"min": 0.0, "max": 1.0}, "unep-tidal": {"min": 0.0, "max": 1.0}, "wwf-glw-3": {"min": 1.0, "max": 255.0}, "gsa-pvout": {"min": 2.0118460655212402, "max": 5.208748817443848}, "gsa-ghi": {"min": 2.4816038608551025, "max": 6.413739204406738}, "gsa-gti": {"min": 2.481611967086792, "max": 6.588054180145264}, "gsa-temp": {"min": -1.8528276681900024, "max": 31.799999237060547}, "gwa-iec1": {"min": -999.0, "max": 0.8746553659439087}, "gwa-iec2": {"min": -999.0, "max": 0.8981330394744873}, "gwa-iec3": {"min": -999.0, "max": 0.9155429005622864}, "gwa-power-10": {"min": 0.08102615922689438, "max": 3220.23095703125}, "gwa-speed-10": {"min": 0.22138899564743042, "max": 10.795953750610352}, "gwa-power-50": {"min": 0.1738535761833191, "max": 2518.894775390625}, "gwa-speed-50": {"min": 0.34155768156051636, "max": 14.046655654907227}, "gwa-power-100": {"min": 0.18945565819740295, "max": 2184.1337890625}, "gwa-speed-100": {"min": 0.4233981966972351, "max": 14.563278198242188}, "gwa-power-150": {"min": 0.26995232701301575, "max": 2272.060302734375}, "gwa-speed-150": {"min": 0.4898219704627991, "max": 15.031658172607422}, "gwa-power-200": {"min": 0.30566802620887756, "max": 2597.63720703125}, "gwa-speed-200": {"min": 0.5029001235961914, "max": 15.716984748840332}, "gebco": {"min": -5058.0, "max": 5339.0}, "srtm90": {"min": -64.0, "max": 5411.0}, "waterbodies": {"min": 0.0, "max": 2.0}, "gwa-enercon-e44-50": {"min": 1.1819633982668165e-06, "max": 0.7474836707115173}, "gwa-enercon-e48-50": {"min": 1.6473255755045102e-06, "max": 0.8099810481071472}, "gwa-enercon-e53-50": {"min": 1.6581079762545414e-05, "max": 0.839655339717865}, "gwa-offshore-dtu-10mw-119": {"min": 4.472088832585541e-08, "max": 0.8737409114837646}, "gwa-offshore-iea-15mw-150": {"min": 1.3630912008011364e-06, "max": 0.9195337891578674}, "gwa-offshore-leanwind-8mw-110": {"min": 4.7456602203510556e-08, "max": 0.8765566945075989}, "gwa-vestas-v100-mode0-100": {"min": 6.189380883370177e-07, "max": 0.9149045944213867}, "gwa-vestas-v100-mode0-120": {"min": 1.041684981828439e-06, "max": 0.9185280799865723}, "gwa-vestas-v100-mode0-150": {"min": 2.1530624962906586e-06, "max": 0.935325026512146}, "gwa-vestas-v100-mode0-80": {"min": 1.3133603715687059e-06, "max": 0.9030889868736267}, "gwa-vestas-v110-mode0-100": {"min": 0.0, "max": 0.9357894062995911}, "gwa-vestas-v110-mode0-120": {"min": 0.0, "max": 0.9383140802383423}, "gwa-vestas-v110-mode0-150": {"min": 0.0, "max": 0.95158851146698}, "gwa-vestas-v110-mode0-80": {"min": 0.0, "max": 0.926361620426178}, "gwa-vestas-v112-mode0-100": {"min": 3.0558550179193844e-07, "max": 0.8828404545783997}, "gwa-vestas-v112-mode0-120": {"min": 5.10122674768354e-07, "max": 0.8945649862289429}, "gwa-vestas-v112-mode0-150": {"min": 1.0404762633697828e-06, "max": 0.9100984930992126}, "gwa-vestas-v112-mode0-80": {"min": 6.431257020267367e-07, "max": 0.8722540736198425}, "gwa-vestas-v120-mode0-100": {"min": 0.0, "max": 0.9379294514656067}, "gwa-vestas-v120-mode0-120": {"min": 0.0, "max": 0.9384945034980774}, "gwa-vestas-v120-mode0-150": {"min": 0.0, "max": 0.947621762752533}, "gwa-vestas-v120-mode0-80": {"min": 0.0, "max": 0.9306323528289795}, "gwa-vestas-v126-mode0-100": {"min": 5.858339022779546e-07, "max": 0.8946014046669006}, "gwa-vestas-v126-mode0-120": {"min": 0.0, "max": 0.8992807865142822}, "gwa-vestas-v126-mode0-150": {"min": 2.0522356862784363e-06, "max": 0.9189739227294922}, "gwa-vestas-v126-mode0-80": {"min": 1.24628775211022e-06, "max": 0.8807023167610168}, "gwa-vestas-v136-mode0-100": {"min": 7.418898348987568e-07, "max": 0.9167467355728149}, "gwa-vestas-v136-mode0-120": {"min": 1.2539268254840863e-06, "max": 0.9202830195426941}, "gwa-vestas-v136-mode0-150": {"min": 2.609397142805392e-06, "max": 0.9367077350616455}, "gwa-vestas-v136-mode0-80": {"min": 1.580478965479415e-06, "max": 0.9051628112792969}, "air-density": {"min": 0.6863798499107361, "max": 1.157871127128601}}