{"worldpop": {"min": -3.4028234663852886e+38, "max": 3805.71728515625}, "slope": {"min": 0.4343251883983612, "max": 64.82723236083984}, "land-cover": {"min": 11.0, "max": 210.0}, "airports": {"min": 0.0, "max": 36830.69140625}, "ports": {"min": 0.0, "max": 43660.62109375}, "anchorages": {"min": 0.0, "max": 75329.2734375}, "grid": {"min": 0.0, "max": 131673.84375}, "roads": {"min": 0.0, "max": 8500.0}, "pp-whs": {"min": 362932.5, "max": 436870.96875}, "unep-coral": {"min": 0.0, "max": 10124.228515625}, "unesco": {"min": 381429.21875, "max": 445948.96875}, "unesco-ramsar": {"min": 65535.0, "max": 65535.0}, "wwf-glw-1": {"min": 339547.125, "max": 425383.625}, "wwf-glw-2": {"min": 263158.6875, "max": 383004.25}, "jrc-gsw": {"min": 0.0, "max": 1.0}, "pp-marine-protected": {"min": 0.0, "max": 1.0}, "unep-tidal": {"min": 0.0, "max": 1.0}, "wwf-glw-3": {"min": 255.0, "max": 255.0}, "gsa-pvout": {"min": 3.314608335494995, "max": 4.737420082092285}, "gsa-ghi": {"min": 4.035842418670654, "max": 5.827366352081299}, "gsa-gti": {"min": 4.102120876312256, "max": 5.965012550354004}, "gsa-temp": {"min": 12.102104187011719, "max": 26.95688247680664}, "gwa-iec1": {"min": 0.010221588425338268, "max": 0.33944860100746155}, "gwa-iec2": {"min": 0.01384528074413538, "max": 0.3742988407611847}, "gwa-iec3": {"min": 0.016392596065998077, "max": 0.4043574631214142}, "gwa-power-10": {"min": 1.0583189725875854, "max": 748.8501586914062}, "gwa-speed-10": {"min": 0.5822504758834839, "max": 6.67512321472168}, "gwa-power-50": {"min": 5.757482051849365, "max": 639.6430053710938}, "gwa-speed-50": {"min": 1.2893251180648804, "max": 7.184540271759033}, "gwa-power-100": {"min": 12.537996292114258, "max": 511.1089172363281}, "gwa-speed-100": {"min": 1.8117295503616333, "max": 7.255485534667969}, "gwa-power-150": {"min": 19.2512264251709, "max": 524.239501953125}, "gwa-speed-150": {"min": 2.0828423500061035, "max": 7.457147598266602}, "gwa-power-200": {"min": 28.520368576049805, "max": 575.6359252929688}, "gwa-speed-200": {"min": 2.3458640575408936, "max": 7.694989204406738}, "gebco": {"min": -1785.0, "max": 2313.0}, "srtm90": {"min": 6.0, "max": 2327.0}, "waterbodies": {"min": 0.0, "max": 2.0}, "gwa-enercon-e44-50": {"min": 0.0021898120176047087, "max": 0.25688621401786804}, "gwa-enercon-e48-50": {"min": 0.0029341643676161766, "max": 0.29929816722869873}, "gwa-enercon-e53-50": {"min": 0.005155382677912712, "max": 0.3313556909561157}, "gwa-offshore-dtu-10mw-119": {"min": 0.007916547358036041, "max": 0.33894675970077515}, "gwa-offshore-iea-15mw-150": {"min": 0.018181007355451584, "max": 0.40113362669944763}, "gwa-offshore-leanwind-8mw-110": {"min": 0.007609956432133913, "max": 0.3451758027076721}, "gwa-vestas-v100-mode0-100": {"min": 0.014634478837251663, "max": 0.43165281414985657}, "gwa-vestas-v100-mode0-120": {"min": 0.018136274069547653, "max": 0.44396793842315674}, "gwa-vestas-v100-mode0-150": {"min": 0.025014156475663185, "max": 0.4605637788772583}, "gwa-vestas-v100-mode0-80": {"min": 0.010880538262426853, "max": 0.41536858677864075}, "gwa-vestas-v110-mode0-100": {"min": 0.018304651603102684, "max": 0.4686011075973511}, "gwa-vestas-v110-mode0-120": {"min": 0.022570962086319923, "max": 0.4811622202396393}, "gwa-vestas-v110-mode0-150": {"min": 0.030775265768170357, "max": 0.49947240948677063}, "gwa-vestas-v110-mode0-80": {"min": 0.013735324144363403, "max": 0.4513334631919861}, "gwa-vestas-v112-mode0-100": {"min": 0.00954204611480236, "max": 0.3604225516319275}, "gwa-vestas-v112-mode0-120": {"min": 0.011913587339222431, "max": 0.3720400631427765}, "gwa-vestas-v112-mode0-150": {"min": 0.016725845634937286, "max": 0.38650640845298767}, "gwa-vestas-v112-mode0-80": {"min": 0.006997799500823021, "max": 0.34686189889907837}, "gwa-vestas-v120-mode0-100": {"min": 0.019577573984861374, "max": 0.4769202768802643}, "gwa-vestas-v120-mode0-120": {"min": 0.024145644158124924, "max": 0.48911252617836}, "gwa-vestas-v120-mode0-150": {"min": 0.032884981483221054, "max": 0.5086955428123474}, "gwa-vestas-v120-mode0-80": {"min": 0.014686486683785915, "max": 0.45940667390823364}, "gwa-vestas-v126-mode0-100": {"min": 0.012895669788122177, "max": 0.4042142927646637}, "gwa-vestas-v126-mode0-120": {"min": 0.015974555164575577, "max": 0.41622430086135864}, "gwa-vestas-v126-mode0-150": {"min": 0.02207682654261589, "max": 0.4309537708759308}, "gwa-vestas-v126-mode0-80": {"min": 0.009579764679074287, "max": 0.38893792033195496}, "gwa-vestas-v136-mode0-100": {"min": 0.015343108214437962, "max": 0.4361150562763214}, "gwa-vestas-v136-mode0-120": {"min": 0.018973346799612045, "max": 0.4484313726425171}, "gwa-vestas-v136-mode0-150": {"min": 0.026051901280879974, "max": 0.4647512435913086}, "gwa-vestas-v136-mode0-80": {"min": 0.011454555206000805, "max": 0.4198691248893738}, "air-density": {"min": 0.9315366744995117, "max": 1.153520107269287}, "lcoe": {"gwa-vestas-v100-mode0-120": {"lg": {"min": 82.29114532470703, "max": 1920.53271484375}, "li": {"min": 2.5193145275115967, "max": 117.6159896850586}, "lr": {"min": 0.0, "max": 1.243655800819397}, "total": {"min": 85.21876525878906, "max": 2038.47314453125}}, "gwa-vestas-v110-mode0-120": {"lg": {"min": 76.23917388916016, "max": 1543.976806640625}, "li": {"min": 2.328531265258789, "max": 94.507080078125}, "lr": {"min": 0.0, "max": 1.039900541305542}, "total": {"min": 78.94049072265625, "max": 1638.74462890625}}, "gwa-vestas-v112-mode0-120": {"lg": {"min": 97.42747497558594, "max": 2921.572998046875}, "li": {"min": 2.9518373012542725, "max": 179.04898071289062}, "lr": {"min": 0.0, "max": 1.7830063104629517}, "total": {"min": 100.92110443115234, "max": 3101.115966796875}}, "gwa-vestas-v112-mode0-100": {"lg": {"min": 100.43891143798828, "max": 3646.694580078125}, "li": {"min": 2.9904932975769043, "max": 223.549072265625}, "lr": {"min": 0.0, "max": 2.080176830291748}, "total": {"min": 104.04515075683594, "max": 3870.8603515625}}, "gwa-offshore-dtu-10mw-119": {"lg": {"min": 106.54932403564453, "max": 4394.646484375}, "li": {"min": 3.2238337993621826, "max": 269.45025634765625}, "lr": {"min": 0.0, "max": 2.285109043121338}, "total": {"min": 110.38406372070312, "max": 4664.83984375}}, "gwa-vestas-v126-mode0-150": {"lg": {"min": 84.65542602539062, "max": 1578.4454345703125}, "li": {"min": 2.6239774227142334, "max": 96.62238311767578}, "lr": {"min": 0.0, "max": 1.1507304906845093}, "total": {"min": 87.59906005859375, "max": 1675.33447265625}}, "gwa-vestas-v120-mode0-80": {"lg": {"min": 79.66011047363281, "max": 2370.717041015625}, "li": {"min": 2.46193265914917, "max": 147.0649871826172}, "lr": {"min": 0.0, "max": 1.312423586845398}, "total": {"min": 82.48934936523438, "max": 2518.1826171875}}, "gsa-pvout": {"lg": {"min": 163.36104608447647, "max": 231.7675500719723}, "li": {"min": 4.778026253948905, "max": 15.308626245364131}, "lr": {"min": 0.0, "max": 0.5292305612144144}, "total": {"min": 169.92572894081115, "max": 239.13536635331727}}, "gwa-vestas-v126-mode0-80": {"lg": {"min": 93.36840057373047, "max": 3632.3525390625}, "li": {"min": 2.814380645751953, "max": 225.4615020751953}, "lr": {"min": 0.0, "max": 1.893614411354065}, "total": {"min": 96.71025085449219, "max": 3858.42822265625}}, "gwa-offshore-leanwind-8mw-110": {"lg": {"min": 104.69871520996094, "max": 4571.537109375}, "li": {"min": 3.127032995223999, "max": 280.305908203125}, "lr": {"min": 0.0, "max": 2.339046001434326}, "total": {"min": 108.46424865722656, "max": 4852.6162109375}}, "gwa-vestas-v110-mode0-100": {"lg": {"min": 78.17558288574219, "max": 1902.9033203125}, "li": {"min": 2.3715744018554688, "max": 116.53408813476562}, "lr": {"min": 0.0, "max": 1.1992018222808838}, "total": {"min": 80.94931030273438, "max": 2019.7589111328125}}, "gwa-vestas-v136-mode0-100": {"lg": {"min": 83.70089721679688, "max": 2269.431396484375}, "li": {"min": 2.5364065170288086, "max": 139.02760314941406}, "lr": {"min": 0.0, "max": 1.3959611654281616}, "total": {"min": 86.68123626708984, "max": 2408.842529296875}},