{"worldpop":{"min":-3.4028234663852886e+38,"max":3415.528564453125},"slope":{"min":0.0,"max":64.82723236083984},"land-cover":{"min":11.0,"max":210.0},"airports":{"min":0.0,"max":402025.1875},"ports":{"min":0.0,"max":390308.84375},"anchorages":{"min":0.0,"max":393677.84375},"grid":{"min":0.0,"max":408746.84375},"roads":{"min":0.0,"max":362016.90625},"pp-whs":{"min":151726.734375,"max":625254.5625},"unep-coral":{"min":0.0,"max":325017.3125},"unesco":{"min":170711.015625,"max":461578.28125},"unesco-ramsar":{"min":65535.0,"max":500000.0},"wwf-glw-1":{"min":65535.0,"max":500000.0},"wwf-glw-2":{"min":127119.0390625,"max":446274.5625},"jrc-gsw":{"min":0.0,"max":255.0},"pp-marine-protected":{"min":0.0,"max":1.0},"unep-tidal":{"min":0.0,"max":1.0},"wwf-glw-3":{"min":255.0,"max":255.0},"gsa-pvout":{"min":3.3529767990112305,"max":4.8737053871154785},"gsa-ghi":{"min":4.132439136505127,"max":5.9957051277160645},"gsa-gti":{"min":4.163241386413574,"max":6.139705181121826},"gsa-temp":{"min":12.11340618133545,"max":26.991127014160156},"gwa-iec1":{"min":0.010221588425338268,"max":0.34204980731010437},"gwa-iec2":{"min":0.01384528074413538,"max":0.3878471553325653},"gwa-iec3":{"min":0.016392596065998077,"max":0.4200372099876404},"gwa-power-10":{"min":1.0583189725875854,"max":748.8501586914062},"gwa-speed-10":{"min":0.5822504758834839,"max":6.67512321472168},"gwa-power-50":{"min":5.757482051849365,"max":639.6430053710938},"gwa-speed-50":{"min":1.2893251180648804,"max":7.184540271759033},"gwa-power-100":{"min":12.537996292114258,"max":511.1089172363281},"gwa-speed-100":{"min":1.846221685409546,"max":6.183831214904785},"gwa-power-150":{"min":19.548538208007812,"max":520.2562255859375},"gwa-speed-150":{"min":2.100766181945801,"max":7.457147598266602},"gwa-power-200":{"min":29.330394744873047,"max":551.8047485351562},"gwa-speed-200":{"min":2.3760132789611816,"max":7.783308506011963},"gebco":{"min":-4049.0,"max":2311.0},"srtm90":{"min":5.0,"max":2327.0},"waterbodies":{"min":0.0,"max":1.0},"gwa-enercon-e44-50":{"min":0.0021898120176047087,"max":0.25688621401786804},"gwa-enercon-e48-50":{"min":0.0029341643676161766,"max":0.29929816722869873},"gwa-enercon-e53-50":{"min":0.005155382677912712,"max":0.3313556909561157},"gwa-offshore-dtu-10mw-119":{"min":0.008361946791410446,"max":0.3290700316429138},"gwa-offshore-iea-15mw-150":{"min":0.019231440499424934,"max":0.39914602041244507},"gwa-offshore-leanwind-8mw-110":{"min":0.007895775139331818,"max":0.33521395921707153},"gwa-vestas-v100-mode0-100":{"min":0.014949876815080643,"max":0.4271346926689148},"gwa-vestas-v100-mode0-120":{"min":0.01927919313311577,"max":0.43975943326950073},"gwa-vestas-v100-mode0-150":{"min":0.026523545384407043,"max":0.4605637788772583},"gwa-vestas-v100-mode0-80":{"min":0.010880538262426853,"max":0.4162144362926483},"gwa-vestas-v110-mode0-100":{"min":0.018779207020998,"max":0.46543511748313904},"gwa-vestas-v110-mode0-120":{"min":0.02405226230621338,"max":0.47844716906547546},"gwa-vestas-v110-mode0-150":{"min":0.03267638012766838,"max":0.49947240948677063},"gwa-vestas-v110-mode0-80":{"min":0.013735324144363403,"max":0.4533690810203552},"gwa-vestas-v112-mode0-100":{"min":0.009683072566986084,"max":0.3520110845565796},"gwa-vestas-v112-mode0-120":{"min":0.012614278122782707,"max":0.36337244510650635},"gwa-vestas-v112-mode0-150":{"min":0.017690541222691536,"max":0.3839136064052582},"gwa-vestas-v112-mode0-80":{"min":0.006997799500823021,"max":0.3441811800003052},"gwa-vestas-v120-mode0-100":{"min":0.020087068900465965,"max":0.47618138790130615},"gwa-vestas-v120-mode0-120":{"min":0.025732623413205147,"max":0.48914769291877747},"gwa-vestas-v120-mode0-150":{"min":0.03492090106010437,"max":0.5086955428123474},"gwa-vestas-v120-mode0-80":{"min":0.014686486683785915,"max":0.46330225467681885},"gwa-vestas-v126-mode0-100":{"min":0.013166517950594425,"max":0.39830899238586426},"gwa-vestas-v126-mode0-120":{"min":0.01696992665529251,"max":0.4104319214820862},"gwa-vestas-v126-mode0-150":{"min":0.02339271456003189,"max":0.4309537708759308},"gwa-vestas-v126-mode0-80":{"min":0.009579764679074287,"max":0.38854101300239563},"gwa-vestas-v136-mode0-100":{"min":0.015700092539191246,"max":0.4313944876194},"gwa-vestas-v136-mode0-120":{"min":0.020185397937893867,"max":0.4439884424209595},"gwa-vestas-v136-mode0-150":{"min":0.027631601318717003,"max":0.4647512435913086},"gwa-vestas-v136-mode0-80":{"min":0.011454555206000805,"max":0.4205378592014313},"air-density":{"min":0.9315366744995117,"max":1.1538293361663818}}