{"worldpop": {"min": -3.4028234663852886e+38, "max": 5918.48291015625}, "slope": {"min": 0.004514744039624929, "max": 44.17953109741211}, "land-cover": {"min": 10.0, "max": 210.0}, "airports": {"min": 0.0, "max": 120799.421875}, "ports": {"min": 0.0, "max": 119676.6484375}, "anchorages": {"min": 0.0, "max": 57030.69140625}, "grid": {"min": 65535.0, "max": 65535.0}, "roads": {"min": 0.0, "max": 9656.603515625}, "pp-whs": {"min": 612810.125, "max": 874945.75}, "unep-coral": {"min": 65535.0, "max": 65535.0}, "unesco": {"min": 500.0, "max": 315673.875}, "unesco-ramsar": {"min": 0.0, "max": 311024.5}, "wwf-glw-1": {"min": 65535.0, "max": 65535.0}, "wwf-glw-2": {"min": 65535.0, "max": 65535.0}, "jrc-gsw": {"min": 0.0, "max": 1.0}, "pp-marine-protected": {"min": 0.0, "max": 0.0}, "unep-tidal": {"min": 0.0, "max": 1.0}, "wwf-glw-3": {"min": 255.0, "max": 255.0}, "gsa-pvout": {"min": 3.930879592895508, "max": 5.289416790008545}, "gsa-ghi": {"min": 4.783782958984375, "max": 6.2599687576293945}, "gsa-gti": {"min": 4.870306491851807, "max": 6.442038059234619}, "gsa-temp": {"min": 13.378203392028809, "max": 24.1204891204834}, "gwa-iec1": {"min": 0.014021643437445164, "max": 0.7920487523078918}, "gwa-iec2": {"min": 0.017841102555394173, "max": 0.8068848252296448}, "gwa-iec3": {"min": 0.020538805052638054, "max": 0.8250249624252319}, "gwa-power-10": {"min": 3.631509780883789, "max": 3720.136474609375}, "gwa-speed-10": {"min": 1.0265467166900635, "max": 12.713659286499023}, "gwa-power-50": {"min": 15.735060691833496, "max": 2896.38671875}, "gwa-speed-50": {"min": 1.530892014503479, "max": 13.413717269897461}, "gwa-power-100": {"min": 19.233083724975586, "max": 2891.364501953125}, "gwa-speed-100": {"min": 1.8475849628448486, "max": 14.434135437011719}, "gwa-power-150": {"min": 19.484573364257812, "max": 3002.99658203125}, "gwa-speed-150": {"min": 1.823137640953064, "max": 15.134709358215332}, "gwa-power-200": {"min": 20.22100830078125, "max": 3170.403076171875}, "gwa-speed-200": {"min": 1.7911354303359985, "max": 15.724651336669922}, "gebco": {"min": -827.0, "max": 2634.0}, "srtm90": {"min": 0.0, "max": 2659.0}, "waterbodies": {"min": 0.0, "max": 2.0}, "gwa-enercon-e44-50": {"min": 0.004705756437033415, "max": 0.6745975017547607}, "gwa-enercon-e48-50": {"min": 0.00625657569617033, "max": 0.7297142148017883}, "gwa-enercon-e53-50": {"min": 0.00994347408413887, "max": 0.7578478455543518}, "gwa-offshore-dtu-10mw-119": {"min": 0.014081193134188652, "max": 0.7995228171348572}, "gwa-offshore-iea-15mw-150": {"min": 0.01987238973379135, "max": 0.8586103916168213}, "gwa-offshore-leanwind-8mw-110": {"min": 0.01491012703627348, "max": 0.7986025810241699}, "gwa-vestas-v100-mode0-100": {"min": 0.026711761951446533, "max": 0.8287074565887451}, "gwa-vestas-v100-mode0-120": {"min": 0.026876870542764664, "max": 0.8373945951461792}, "gwa-vestas-v100-mode0-150": {"min": 0.0265385489910841, "max": 0.8476569056510925}, "gwa-vestas-v100-mode0-80": {"min": 0.019184358417987823, "max": 0.810484766960144}, "gwa-vestas-v110-mode0-100": {"min": 0.032185472548007965, "max": 0.853996992111206}, "gwa-vestas-v110-mode0-120": {"min": 0.03239353746175766, "max": 0.860787034034729}, "gwa-vestas-v110-mode0-150": {"min": 0.031899984925985336, "max": 0.8683072924613953}, "gwa-vestas-v110-mode0-80": {"min": 0.02398568205535412, "max": 0.8367603421211243}, "gwa-vestas-v112-mode0-100": {"min": 0.018489748239517212, "max": 0.8060058951377869}, "gwa-vestas-v112-mode0-120": {"min": 0.018592868000268936, "max": 0.8246017694473267}, "gwa-vestas-v112-mode0-150": {"min": 0.018445421010255814, "max": 0.8473435640335083}, "gwa-vestas-v112-mode0-80": {"min": 0.012510676868259907, "max": 0.7930396199226379}, "gwa-vestas-v120-mode0-100": {"min": 0.034232236444950104, "max": 0.8359381556510925}, "gwa-vestas-v120-mode0-120": {"min": 0.034452326595783234, "max": 0.8414087295532227}, "gwa-vestas-v120-mode0-150": {"min": 0.033901408314704895, "max": 0.8528221845626831}, "gwa-vestas-v120-mode0-80": {"min": 0.025653379037976265, "max": 0.8206582069396973}, "gwa-vestas-v126-mode0-100": {"min": 0.02374168671667576, "max": 0.8115179538726807}, "gwa-vestas-v126-mode0-120": {"min": 0.023875471204519272, "max": 0.8244428038597107}, "gwa-vestas-v126-mode0-150": {"min": 0.02361059933900833, "max": 0.8365064859390259}, "gwa-vestas-v126-mode0-80": {"min": 0.016904037445783615, "max": 0.7934567332267761}, "gwa-vestas-v136-mode0-100": {"min": 0.027644341811537743, "max": 0.8352767825126648}, "gwa-vestas-v136-mode0-120": {"min": 0.027816692367196083, "max": 0.8439789414405823}, "gwa-vestas-v136-mode0-150": {"min": 0.027446182444691658, "max": 0.8566412329673767}, "gwa-vestas-v136-mode0-80": {"min": 0.02011007070541382, "max": 0.818390965461731}, "air-density": {"min": 0.9221100211143494, "max": 1.1697901487350464}, "lcoe": {"gwa-vestas-v100-mode0-120": {"lg": {"min": 45.50822067260742, "max": 1297.2591552734375}, "li": {"min": 2.3911609649658203, "max": 74.50068664550781}, "lr": {"min": 0.0, "max": 0.999474048614502}, "total": {"min": 47.915096282958984, "max": 1371.7598876953125}}, "gwa-vestas-v110-mode0-120": {"lg": {"min": 44.380210876464844, "max": 1077.0152587890625}, "li": {"min": 2.3261797428131104, "max": 61.813114166259766}, "lr": {"min": 0.0, "max": 0.8330020308494568}, "total": {"min": 46.721675872802734, "max": 1138.828369140625}}, "gwa-vestas-v112-mode0-120": {"lg": {"min": 46.15217971801758, "max": 1873.467529296875}, "li": {"min": 2.428257703781128, "max": 107.69427490234375}, "lr": {"min": 0.0, "max": 1.4336040019989014}, "total": {"min": 48.58757400512695, "max": 1981.161865234375}}, "gwa-vestas-v112-mode0-100": {"lg": {"min": 47.124698638916016, "max": 1883.8936767578125}, "li": {"min": 2.484281301498413, "max": 108.2948989868164}, "lr": {"min": 0.0, "max": 1.5726468563079834}, "total": {"min": 49.64829635620117, "max": 1992.1885986328125}}, "gwa-offshore-dtu-10mw-119": {"lg": {"min": 47.47438430786133, "max": 2472.452880859375}, "li": {"min": 2.5044257640838623, "max": 142.1999969482422}, "lr": {"min": 0.0, "max": 1.8891798257827759}, "total": {"min": 49.98617172241211, "max": 2614.65283203125}}, "gwa-vestas-v126-mode0-150": {"lg": {"min": 45.55228805541992, "max": 1476.167724609375}, "li": {"min": 2.3936996459960938, "max": 84.80706024169922}, "lr": {"min": 0.0, "max": 0.9893868565559387}, "total": {"min": 47.96005630493164, "max": 1560.9747314453125}}, "gwa-vestas-v120-mode0-80": {"lg": {"min": 46.354732513427734, "max": 1358.9388427734375}, "li": {"min": 2.4399259090423584, "max": 78.05386352539062}, "lr": {"min": 0.0, "max": 0.9176129102706909}, "total": {"min": 48.810691833496094, "max": 1437.9102783203125}}, "gsa-pvout": {"lg": {"min": 146.73033303972505, "max": 196.0588515070046}, "li": {"min": 8.22225628776849, "max": 11.063920792404712}, "lr": {"min": 0.0, "max": 0.5030060681314816}, "total": {"min": 155.22276800023423, "max": 207.1687586664357}}, "gwa-vestas-v126-mode0-80": {"lg": {"min": 47.8067512512207, "max": 2060.240234375}, "li": {"min": 2.5235722064971924, "max": 118.45368194580078}, "lr": {"min": 0.0, "max": 1.3925590515136719}, "total": {"min": 50.34690856933594, "max": 2180.08642578125}}, "gwa-offshore-leanwind-8mw-110": {"lg": {"min": 47.524478912353516, "max": 2335.21826171875}, "li": {"min": 2.5073113441467285, "max": 134.29432678222656}, "lr": {"min": 0.0, "max": 1.8722575902938843}, "total": {"min": 50.071475982666016, "max": 2469.5126953125}}, "gwa-vestas-v110-mode0-100": {"lg": {"min": 44.701271057128906, "max": 1083.951904296875}, "li": {"min": 2.344675064086914, "max": 62.21270751953125}, "lr": {"min": 0.0, "max": 0.9059387445449829}, "total": {"min": 47.06135177612305, "max": 1146.16455078125}}, "gwa-vestas-v136-mode0-100": {"lg": {"min": 45.613460540771484, "max": 1261.3553466796875}, "li": {"min": 2.397223711013794, "max": 72.43238067626953}, "lr": {"min": 0.0, "max": 1.0539424419403076}, "total": {"min": 48.02643966674805, "max": 1333.7877197265625}},