{"worldpop":{"min":-3.4028234663852886e+38,"max":10032.3310546875},"slope":{"min":0.0,"max":35.91960144042969},"land-cover":{"min":10.0,"max":210.0},"airports":{"min":0.0,"max":128352.046875},"ports":{"min":0.0,"max":136485.34375},"anchorages":{"min":0.0,"max":130362.9609375},"grid":{"min":0.0,"max":65535.0},"roads":{"min":0.0,"max":65535.0},"pp-whs":{"min":0.0,"max":123501.015625},"unep-coral":{"min":0.0,"max":143010.484375},"unesco":{"min":500.0,"max":192505.84375},"unesco-ramsar":{"min":65535.0,"max":65535.0},"wwf-glw-1":{"min":0.0,"max":114928.234375},"wwf-glw-2":{"min":0.0,"max":92962.359375},"jrc-gsw":{"min":0.0,"max":1.0},"pp-marine-protected":{"min":0.0,"max":1.0},"unep-tidal":{"min":0.0,"max":1.0},"wwf-glw-3":{"min":1.0,"max":255.0},"gsa-pvout":{"min":2.4509706497192383,"max":4.667628765106201},"gsa-ghi":{"min":3.0091724395751953,"max":5.811637878417969},"gsa-gti":{"min":2.9991214275360107,"max":5.957705497741699},"gsa-temp":{"min":7.23867130279541,"max":28.195268630981445},"gwa-iec1":{"min":3.504142296151258e-05,"max":0.7132128477096558},"gwa-iec2":{"min":5.750857962993905e-05,"max":0.714065670967102},"gwa-iec3":{"min":7.110955630196258e-05,"max":0.734574556350708},"gwa-power-10":{"min":0.07266830652952194,"max":3239.392333984375},"gwa-speed-10":{"min":0.22138899564743042,"max":11.713451385498047},"gwa-power-50":{"min":0.2037980556488037,"max":4892.44921875},"gwa-speed-50":{"min":0.34566643834114075,"max":16.756061553955078},"gwa-power-100":{"min":0.45072484016418457,"max":4609.6435546875},"gwa-speed-100":{"min":0.5432553291320801,"max":16.814498901367188},"gwa-power-150":{"min":0.6894375085830688,"max":4340.84423828125},"gwa-speed-150":{"min":0.6680289506912231,"max":16.69786834716797},"gwa-power-200":{"min":0.8842088580131531,"max":4158.4375},"gwa-speed-200":{"min":0.7131892442703247,"max":16.579761505126953},"gebco":{"min":-318.0,"max":3684.0},"srtm90":{"min":-1.0,"max":3706.0},"waterbodies":{"min":0.0,"max":2.0},"gwa-enercon-e44-50":{"min":1.5805668454049737e-06,"max":0.575758159160614},"gwa-enercon-e48-50":{"min":2.189249016737449e-06,"max":0.6351193189620972},"gwa-enercon-e53-50":{"min":1.2461611731851008e-05,"max":0.6690258979797363},"gwa-offshore-dtu-10mw-119":{"min":1.4217025636753533e-06,"max":0.6899006366729736},"gwa-offshore-iea-15mw-150":{"min":2.2390970116248354e-05,"max":0.7385168671607971},"gwa-offshore-leanwind-8mw-110":{"min":1.7417200979252812e-06,"max":0.6961504817008972},"gwa-vestas-v100-mode0-100":{"min":1.5759685993543826e-05,"max":0.7233088612556458},"gwa-vestas-v100-mode0-120":{"min":1.9912597053917125e-05,"max":0.7359873056411743},"gwa-vestas-v100-mode0-150":{"min":3.44416948792059e-05,"max":0.7572267055511475},"gwa-vestas-v100-mode0-80":{"min":9.169773875328247e-06,"max":0.713807225227356},"gwa-vestas-v110-mode0-100":{"min":1.7808706616051495e-05,"max":0.7540278434753418},"gwa-vestas-v110-mode0-120":{"min":2.3519523892900907e-05,"max":0.7655265927314758},"gwa-vestas-v110-mode0-150":{"min":4.26574370067101e-05,"max":0.7895516753196716},"gwa-vestas-v110-mode0-80":{"min":8.98763300938299e-06,"max":0.7431057095527649},"gwa-vestas-v112-mode0-100":{"min":8.466417966701556e-06,"max":0.7065144777297974},"gwa-vestas-v112-mode0-120":{"min":1.0587579708953854e-05,"max":0.7146669626235962},"gwa-vestas-v112-mode0-150":{"min":1.8274477042723447e-05,"max":0.7267062664031982},"gwa-vestas-v112-mode0-80":{"min":4.95755739393644e-06,"max":0.6976950764656067},"gwa-vestas-v120-mode0-100":{"min":1.8306769561604597e-05,"max":0.7385547161102295},"gwa-vestas-v120-mode0-120":{"min":2.401758865744341e-05,"max":0.7591862082481384},"gwa-vestas-v120-mode0-150":{"min":4.358480146038346e-05,"max":0.7810471653938293},"gwa-vestas-v120-mode0-80":{"min":1.0993687283189502e-05,"max":0.7276618480682373},"gwa-vestas-v126-mode0-100":{"min":1.4479031960945576e-05,"max":0.7039098143577576},"gwa-vestas-v126-mode0-120":{"min":1.0968468814098742e-05,"max":0.7150484919548035},"gwa-vestas-v126-mode0-150":{"min":3.177078906446695e-05,"max":0.7349282503128052},"gwa-vestas-v126-mode0-80":{"min":8.405853805015795e-06,"max":0.6942842602729797},"gwa-vestas-v136-mode0-100":{"min":1.80037477548467e-05,"max":0.730864942073822},"gwa-vestas-v136-mode0-120":{"min":2.2870894099469297e-05,"max":0.7431468963623047},"gwa-vestas-v136-mode0-150":{"min":3.960148387704976e-05,"max":0.7622494101524353},"gwa-vestas-v136-mode0-80":{"min":1.0436402590130456e-05,"max":0.7218342423439026},"air-density":{"min":0.8139316439628601,"max":1.1575777530670166},"lcoe":{"gwa-vestas-v100-mode0-120":{"lg":{"min":51.22739028930664,"max":10000.0},"li":{"min":1.4046616554260254,"max":10000.0},"lr":{"min":0.0,"max":10000.0},"total":{"min":52.64776611328125,"max":10000.0}},"gwa-vestas-v110-mode0-120":{"lg":{"min":49.405029296875,"max":10000.0},"li":{"min":1.3502347469329834,"max":10000.0},"lr":{"min":0.0,"max":8931.00390625},"total":{"min":50.770599365234375,"max":10000.0}},"gwa-vestas-v112-mode0-120":{"lg":{"min":52.63630676269531,"max":10000.0},"li":{"min":1.440721035003662,"max":10000.0},"lr":{"min":0.0,"max":10000.0},"total":{"min":54.0770263671875,"max":10000.0}},"gwa-vestas-v112-mode0-100":{"lg":{"min":53.1975212097168,"max":10000.0},"li":{"min":1.4573454856872559,"max":10000.0},"lr":{"min":0.0,"max":10000.0},"total":{"min":54.65486526489258,"max":10000.0}},"gwa-offshore-dtu-10mw-119":{"lg":{"min":54.382266998291016,"max":10000.0},"li":{"min":1.492814064025879,"max":10000.0},"lr":{"min":0.0,"max":10000.0},"total":{"min":55.88546371459961,"max":10000.0}},"gwa-vestas-v126-mode0-150":{"lg":{"min":51.29544448852539,"max":10000.0},"li":{"min":1.4082707166671753,"max":10000.0},"lr":{"min":0.0,"max":6611.51171875},"total":{"min":52.71786880493164,"max":10000.0}},"gwa-vestas-v120-mode0-80":{"lg":{"min":51.767730712890625,"max":10000.0},"li":{"min":1.4331239461898804,"max":10000.0},"lr":{"min":0.0,"max":10000.0},"total":{"min":53.236419677734375,"max":10000.0}},"gsa-pvout":{"lg":{"min":165.74384425507233,"max":312.024994142755},"li":{"min":4.824666732122992,"max":12.100540053033734},"lr":{"min":0.0,"max":4.661365365489906},"total":{"min":170.79112795193905,"max":322.8769489387211}},"gwa-vestas-v126-mode0-80":{"lg":{"min":54.06416320800781,"max":10000.0},"li":{"min":1.4833987951278687,"max":10000.0},"lr":{"min":0.0,"max":10000.0},"total":{"min":55.56891632080078,"max":10000.0}},"gwa-offshore-leanwind-8mw-110":{"lg":{"min":53.92995071411133,"max":10000.0},"li":{"min":1.4790418148040771,"max":10000.0},"lr":{"min":0.0,"max":10000.0},"total":{"min":55.408992767333984,"max":10000.0}},"gwa-vestas-v110-mode0-100":{"lg":{"min":50.097450256347656,"max":10000.0},"li":{"min":1.370496153831482,"max":10000.0},"lr":{"min":0.0,"max":10000.0},"total":{"min":51.504722595214844,"max":10000.0}},"gwa-vestas-v136-mode0-100":{"lg":{"min":51.55839157104492,"max":10000.0},"li":{"min":1.4126782417297363,"max":10000.0},"lr":{"min":0.0,"max":10000.0},"total":{"min":52.99929428100586,"max":10000.0}},"gwa-vestas-v126-mode0-100":{"lg":{"min":53.37956619262695,"max":10000.0},"li":{"min":1.463905930519104,"max":10000.0},"lr":{"min":0.0,"max":10000.0},"total":{"min":54.87564468383789,"max":10000.0}},"gwa-vestas-v126-mode0-120":{"lg":{"min":52.610355377197266,"max":10000.0},"li":{"min":1.4416618347167969,"max":10000.0},"lr":{"min":0.0,"max":10000.0},"total":{"min":54.07232666015625,"max":10000.0}},"gwa-vestas-v120-mode0-120":{"lg":{"min":49.78423309326172,"max":10000.0},"li":{"min":1.3915265798568726,"max":10000.0},"lr":{"min":0.0,"max":8745.7978515625},"total":{"min":51.2310791015625,"max":10000.0}},"gwa-vestas-v120-mode0-150":{"lg":{"min":48.502769470214844,"max":10000.0},"li":{"min":1.3624879121780396,"max":10000.0},"lr":{"min":0.0,"max":4819.408203125},"total":{"min":49.909122467041016,"max":10000.0}},"gwa-enercon-e53-50":{"lg":{"min":55.954280853271484,"max":10000.0},"li":{"min":1.5516964197158813,"max":10000.0},"lr":{"min":0.0,"max":10000.0},"total":{"min":57.559486389160156,"max":10000.0}},