{"worldpop":{"min":-3.4028234663852886e+38,"max":9604.833984375},"slope":{"min":0.0,"max":64.69316101074219},"land-cover":{"min":10.0,"max":210.0},"airports":{"min":0.0,"max":500000.0},"ports":{"min":0.0,"max":500000.0},"anchorages":{"min":0.0,"max":457034.46875},"grid":{"min":0.0,"max":500000.0},"roads":{"min":0.0,"max":499999.25},"pp-whs":{"min":0.0,"max":437898.6875},"unep-coral":{"min":0.0,"max":438933.375},"unesco":{"min":500.0,"max":466734.40625},"unesco-ramsar":{"min":65535.0,"max":65535.0},"wwf-glw-1":{"min":0.0,"max":500000.0},"wwf-glw-2":{"min":0.0,"max":500000.0},"jrc-gsw":{"min":0.0,"max":255.0},"pp-marine-protected":{"min":0.0,"max":1.0},"unep-tidal":{"min":0.0,"max":1.0},"wwf-glw-3":{"min":1.0,"max":255.0},"gsa-pvout":{"min":2.4734461307525635,"max":4.8460001945495605},"gsa-ghi":{"min":3.0358469486236572,"max":5.978000164031982},"gsa-gti":{"min":3.0346269607543945,"max":6.133999824523926},"gsa-temp":{"min":7.243221759796143,"max":28.183298110961914},"gwa-iec1":{"min":6.508998922072351e-05,"max":0.7046403288841248},"gwa-iec2":{"min":0.00011224055924685672,"max":0.7185806632041931},"gwa-iec3":{"min":0.00013818219304084778,"max":0.7377150654792786},"gwa-power-10":{"min":0.05875822901725769,"max":3205.48291015625},"gwa-speed-10":{"min":0.23027443885803223,"max":11.144047737121582},"gwa-power-50":{"min":0.2907153367996216,"max":4839.58154296875},"gwa-speed-50":{"min":0.36992624402046204,"max":16.8402156829834},"gwa-power-100":{"min":0.5014451146125793,"max":4723.76416015625},"gwa-speed-100":{"min":1.741209626197815,"max":11.169839859008789},"gwa-power-150":{"min":0.7957386374473572,"max":4504.93603515625},"gwa-speed-150":{"min":0.6680289506912231,"max":16.926986694335938},"gwa-power-200":{"min":0.8842088580131531,"max":4319.1513671875},"gwa-speed-200":{"min":0.7131892442703247,"max":16.767675399780273},"gebco":{"min":-5242.0,"max":3658.0},"srtm90":{"min":-1.0,"max":3675.0},"waterbodies":{"min":0.0,"max":2.0},"gwa-enercon-e44-50":{"min":4.375184289528988e-06,"max":0.5794582962989807},"gwa-enercon-e48-50":{"min":6.073672011552844e-06,"max":0.6381791234016418},"gwa-enercon-e53-50":{"min":3.434259269852191e-05,"max":0.6714718341827393},"gwa-offshore-dtu-10mw-119":{"min":4.913300017506117e-06,"max":0.6857487559318542},"gwa-offshore-iea-15mw-150":{"min":4.905659079668112e-05,"max":0.7338021397590637},"gwa-offshore-leanwind-8mw-110":{"min":5.336168669600738e-06,"max":0.6917927265167236},"gwa-vestas-v100-mode0-100":{"min":3.087411823798902e-05,"max":0.7201297879219055},"gwa-vestas-v100-mode0-120":{"min":4.4428616092773154e-05,"max":0.728515088558197},"gwa-vestas-v100-mode0-150":{"min":7.477715553250164e-05,"max":0.7482445240020752},"gwa-vestas-v100-mode0-80":{"min":2.2072110368753783e-05,"max":0.7123653292655945},"gwa-vestas-v110-mode0-100":{"min":3.912176543963142e-05,"max":0.7523092031478882},"gwa-vestas-v110-mode0-120":{"min":5.783807500847615e-05,"max":0.7594290971755981},"gwa-vestas-v110-mode0-150":{"min":9.775215585250407e-05,"max":0.7775397300720215},"gwa-vestas-v110-mode0-80":{"min":2.7342501198290847e-05,"max":0.7446221709251404},"gwa-vestas-v112-mode0-100":{"min":1.705301292531658e-05,"max":0.7021692395210266},"gwa-vestas-v112-mode0-120":{"min":2.4388942620134912e-05,"max":0.709496796131134},"gwa-vestas-v112-mode0-150":{"min":4.095253461855464e-05,"max":0.7221574783325195},"gwa-vestas-v112-mode0-80":{"min":1.2338118722254876e-05,"max":0.695553719997406},"gwa-vestas-v120-mode0-100":{"min":4.1163890273310244e-05,"max":0.7385547161102295},"gwa-vestas-v120-mode0-120":{"min":5.989449346088804e-05,"max":0.7462538480758667},"gwa-vestas-v120-mode0-150":{"min":0.00010176926298299804,"max":0.7556429505348206},"gwa-vestas-v120-mode0-80":{"min":2.8541695428430103e-05,"max":0.7276618480682373},"gwa-vestas-v126-mode0-100":{"min":2.810439582390245e-05,"max":0.7004923820495605},"gwa-vestas-v126-mode0-120":{"min":3.3794207411119714e-05,"max":0.7073760032653809},"gwa-vestas-v126-mode0-150":{"min":6.825278251199052e-05,"max":0.727665364742279},"gwa-vestas-v126-mode0-80":{"min":2.001776738325134e-05,"max":0.6921522617340088},"gwa-vestas-v136-mode0-100":{"min":3.475000994512811e-05,"max":0.7280569076538086},"gwa-vestas-v136-mode0-120":{"min":5.0165857828687876e-05,"max":0.7350399494171143},"gwa-vestas-v136-mode0-150":{"min":8.453726331936195e-05,"max":0.755389392375946},"gwa-vestas-v136-mode0-80":{"min":2.4691704311408103e-05,"max":0.7201212644577026},"air-density":{"min":0.8146175742149353,"max":1.1580408811569214}}