{"worldpop":{"min":-3.4028234663852886e+38,"max":7620.4111328125},"slope":{"min":0.0,"max":25.78441047668457},"land-cover":{"min":10.0,"max":210.0},"airports":{"min":500.0,"max":246446.75},"ports":{"min":0.0,"max":135488.921875},"anchorages":{"min":0.0,"max":223384.203125},"grid":{"min":0.0,"max":77939.078125},"roads":{"min":0.0,"max":73649.5078125},"pp-whs":{"min":0.0,"max":451589.6875},"unep-coral":{"min":0.0,"max":71562.9140625},"unesco":{"min":0.0,"max":171618.765625},"unesco-ramsar":{"min":65535.0,"max":499993.25},"wwf-glw-1":{"min":0.0,"max":341547.21875},"wwf-glw-2":{"min":0.0,"max":93985.375},"jrc-gsw":{"min":0.0,"max":1.0},"pp-marine-protected":{"min":0.0,"max":1.0},"unep-tidal":{"min":0.0,"max":1.0},"wwf-glw-3":{"min":1.0,"max":255.0},"gsa-pvout":{"min":3.5913524627685547,"max":5.042618274688721},"gsa-ghi":{"min":4.362055778503418,"max":5.98882532119751},"gsa-gti":{"min":4.4982590675354,"max":6.371825695037842},"gsa-temp":{"min":16.185575485229492,"max":27.5},"gwa-iec1":{"min":0.010447072796523571,"max":0.5659428238868713},"gwa-iec2":{"min":0.014361181296408176,"max":0.603814423084259},"gwa-iec3":{"min":0.017073029652237892,"max":0.6321457624435425},"gwa-power-10":{"min":1.4723782539367676,"max":731.1707763671875},"gwa-speed-10":{"min":0.6615181565284729,"max":7.519134521484375},"gwa-power-50":{"min":6.303205966949463,"max":924.1613159179688},"gwa-speed-50":{"min":1.2604846954345703,"max":9.240365982055664},"gwa-power-100":{"min":13.606927871704102,"max":942.4227905273438},"gwa-speed-100":{"min":1.8725019693374634,"max":9.78023624420166},"gwa-power-150":{"min":23.386869430541992,"max":1039.837646484375},"gwa-speed-150":{"min":2.2911224365234375,"max":10.36160945892334},"gwa-power-200":{"min":35.29170227050781,"max":1120.9073486328125},"gwa-speed-200":{"min":2.646221399307251,"max":10.664180755615234},"gebco":{"min":-223.0,"max":1691.0},"srtm90":{"min":-3.0,"max":1694.0},"waterbodies":{"min":0.0,"max":2.0},"gwa-enercon-e44-50":{"min":0.001843969221226871,"max":0.41919562220573425},"gwa-enercon-e48-50":{"min":0.0024775913916528225,"max":0.48352739214897156},"gwa-enercon-e53-50":{"min":0.004428703337907791,"max":0.5262746214866638},"gwa-offshore-dtu-10mw-119":{"min":0.00821197871118784,"max":0.553033709526062},"gwa-offshore-iea-15mw-150":{"min":0.021175026893615723,"max":0.6328811049461365},"gwa-offshore-leanwind-8mw-110":{"min":0.0074478029273450375,"max":0.557266891002655},"gwa-vestas-v100-mode0-100":{"min":0.013643721118569374,"max":0.634657621383667},"gwa-vestas-v100-mode0-120":{"min":0.019123954698443413,"max":0.6529121994972229},"gwa-vestas-v100-mode0-150":{"min":0.02913181483745575,"max":0.6785037517547607},"gwa-vestas-v100-mode0-80":{"min":0.009077843278646469,"max":0.6280708312988281},"gwa-vestas-v110-mode0-100":{"min":0.017159070819616318,"max":0.6713603734970093},"gwa-vestas-v110-mode0-120":{"min":0.02386512979865074,"max":0.6880542039871216},"gwa-vestas-v110-mode0-150":{"min":0.03581174835562706,"max":0.7177522778511047},"gwa-vestas-v110-mode0-80":{"min":0.011572047136723995,"max":0.6636434197425842},"gwa-vestas-v112-mode0-100":{"min":0.008823822252452374,"max":0.571524441242218},"gwa-vestas-v112-mode0-120":{"min":0.012508617714047432,"max":0.588845431804657},"gwa-vestas-v112-mode0-150":{"min":0.01949375681579113,"max":0.6160557270050049},"gwa-vestas-v112-mode0-80":{"min":0.00575056578963995,"max":0.5668245553970337},"gwa-vestas-v120-mode0-100":{"min":0.01834838278591633,"max":0.670634925365448},"gwa-vestas-v120-mode0-120":{"min":0.02553587220609188,"max":0.7002415060997009},"gwa-vestas-v120-mode0-150":{"min":0.03827328979969025,"max":0.730837345123291},"gwa-vestas-v120-mode0-80":{"min":0.012372792698442936,"max":0.6531218886375427},"gwa-vestas-v126-mode0-100":{"min":0.012018905952572823,"max":0.6095341444015503},"gwa-vestas-v126-mode0-120":{"min":0.01683611422777176,"max":0.6276616454124451},"gwa-vestas-v126-mode0-150":{"min":0.02569926716387272,"max":0.6538567543029785},"gwa-vestas-v126-mode0-80":{"min":0.008000885136425495,"max":0.6028860807418823},"gwa-vestas-v136-mode0-100":{"min":0.01433641742914915,"max":0.64117830991745},"gwa-vestas-v136-mode0-120":{"min":0.020025134086608887,"max":0.6594059467315674},"gwa-vestas-v136-mode0-150":{"min":0.030323520302772522,"max":0.685025691986084},"gwa-vestas-v136-mode0-80":{"min":0.009600088931620121,"max":0.6340759992599487},"air-density":{"min":0.9953716397285461,"max":1.1639841794967651},"lcoe":{"gwa-vestas-v100-mode0-120":{"lg":{"min":57.23649978637695,"max":1821.5509033203125},"li":{"min":1.6488772630691528,"max":54.22816467285156},"lr":{"min":0.0,"max":3.584364891052246},"total":{"min":58.95402145385742,"max":1878.260009765625}},"gwa-vestas-v110-mode0-120":{"lg":{"min":54.517478942871094,"max":1460.4664306640625},"li":{"min":1.564661979675293,"max":43.45490646362305},"lr":{"min":0.0,"max":2.8951518535614014},"total":{"min":56.147281646728516,"max":1505.909423828125}},"gwa-vestas-v112-mode0-120":{"lg":{"min":63.02867126464844,"max":2782.784912109375},"li":{"min":1.8282763957977295,"max":82.90740203857422},"lr":{"min":0.0,"max":5.594659328460693},"total":{"min":64.93305969238281,"max":2869.4853515625}},"gwa-vestas-v112-mode0-100":{"lg":{"min":64.817626953125,"max":3943.1953125},"li":{"min":1.8836852312088013,"max":121.87410736083984},"lr":{"min":0.0,"max":8.572386741638184},"total":{"min":66.77973175048828,"max":4066.1015625}},"gwa-offshore-dtu-10mw-119":{"lg":{"min":66.85107421875,"max":4236.68994140625},"li":{"min":1.9466663599014282,"max":134.52354431152344},"lr":{"min":0.0,"max":9.46212387084961},"total":{"min":68.87877655029297,"max":4368.75341796875}},"gwa-vestas-v126-mode0-150":{"lg":{"min":57.15959167480469,"max":1356.51953125},"li":{"min":1.6464953422546387,"max":40.35356140136719},"lr":{"min":0.0,"max":2.775799512863159},"total":{"min":58.8746337890625,"max":1398.71923828125}},"gwa-vestas-v120-mode0-80":{"lg":{"min":57.21940612792969,"max":2813.289794921875},"li":{"min":1.641188144683838,"max":96.75000762939453},"lr":{"min":0.0,"max":5.979974746704102},"total":{"min":58.97221755981445,"max":2910.039794921875}},"gsa-pvout":{"lg":{"min":153.71591718796847,"max":214.21613106774765},"li":{"min":4.5417345564071665,"max":9.490708300286425},"lr":{"min":0.0,"max":3.75241717908762},"total":{"min":160.81737182969968,"max":221.37409663298777}},"gwa-vestas-v126-mode0-80":{"lg":{"min":61.6539421081543,"max":4348.3642578125},"li":{"min":1.807807445526123,"max":149.61691284179688},"lr":{"min":0.0,"max":9.336657524108887},"total":{"min":63.55280685424805,"max":4497.98095703125}},"gwa-offshore-leanwind-8mw-110":{"lg":{"min":66.37362670898438,"max":4670.98193359375},"li":{"min":1.9318788051605225,"max":153.44140625},"lr":{"min":0.0,"max":10.792769432067871},"total":{"min":68.38593292236328,"max":4816.595703125}},"gwa-vestas-v110-mode0-100":{"lg":{"min":55.773624420166016,"max":2029.6783447265625},"li":{"min":1.6035680770874023,"max":60.437828063964844},"lr":{"min":0.0,"max":4.197733402252197},"total":{"min":57.44395065307617,"max":2092.88134765625}},"gwa-vestas-v136-mode0-100":{"lg":{"min":58.21075439453125,"max":2428.508056640625},"li":{"min":1.679052710533142,"max":72.44689178466797},"lr":{"min":0.0,"max":5.079092025756836},"total":{"min":59.95970916748047,"max":2504.15478515625}},"gwa-vestas-v126-mode0-100":{"lg":{"min":61.025123596191406,"max":2896.007080078125},"li":{"min":1.7662211656570435,"max":86.84723663330078},"lr":{"min":0.0,"max":6.108665943145752},"total":{"min":62.864871978759766,"max":2986.239990234375}},"gwa-vestas-v126-mode0-120":{"lg":{"min":59.37818908691406,"max":2068.53564453125},"li":{"min":1.7152111530303955,"max":61.59716796875},"lr":{"min":0.0,"max":4.070474147796631},"total":{"min":61.1648063659668,"max":2132.950927734375}},"gwa-vestas-v120-mode0-120":{"lg":{"min":53.638248443603516,"max":1365.1737060546875},"li":{"min":1.5689297914505005,"max":40.61177062988281},"lr":{"min":0.0,"max":2.7075164318084717},"total":{"min":55.25235366821289,"max":1407.6435546875}},