{"worldpop": {"min": 0.0, "max": 2295.111083984375}, "slope": {"min": 0.05010432377457619, "max": 20.140832901000977}, "land-cover": {"min": 10.0, "max": 210.0}, "airports": {"min": 500.0, "max": 30700.162109375}, "ports": {"min": 500.0, "max": 27518.17578125}, "anchorages": {"min": 0.0, "max": 27064.73828125}, "grid": {"min": 0.0, "max": 5700.876953125}, "roads": {"min": 0.0, "max": 5700.876953125}, "pp-whs": {"min": 771584.25, "max": 800275.0625}, "unep-coral": {"min": 0.0, "max": 5500.0}, "unesco": {"min": 0.0, "max": 43266.6171875}, "unesco-ramsar": {"min": 0.0, "max": 20934.421875}, "wwf-glw-1": {"min": 94921.0234375, "max": 111028.15625}, "wwf-glw-2": {"min": 0.0, "max": 39702.015625}, "jrc-gsw": {"min": 0.0, "max": 1.0}, "pp-marine-protected": {"min": 0.0, "max": 1.0}, "unep-tidal": {"min": 0.0, "max": 0.0}, "wwf-glw-3": {"min": 1.0, "max": 255.0}, "gsa-pvout": {"min": 4.584905624389648, "max": 5.005905628204346}, "gsa-ghi": {"min": 5.666570663452148, "max": 6.178678512573242}, "gsa-gti": {"min": 5.776538372039795, "max": 6.321940898895264}, "gsa-temp": {"min": 25.26827049255371, "max": 26.797435760498047}, "gwa-iec1": {"min": 0.2564436197280884, "max": 0.6720516681671143}, "gwa-iec2": {"min": 0.32049560546875, "max": 0.7419655323028564}, "gwa-iec3": {"min": 0.3717809021472931, "max": 0.7834312915802002}, "gwa-power-10": {"min": 17.703454971313477, "max": 301.18817138671875}, "gwa-speed-10": {"min": 2.606127977371216, "max": 7.311049938201904}, "gwa-power-50": {"min": 96.83870697021484, "max": 512.1566162109375}, "gwa-speed-50": {"min": 5.0557780265808105, "max": 8.84887409210205}, "gwa-power-100": {"min": 202.77947998046875, "max": 685.1412353515625}, "gwa-speed-100": {"min": 6.623572826385498, "max": 9.920283317565918}, "gwa-power-150": {"min": 314.0173034667969, "max": 783.2608642578125}, "gwa-speed-150": {"min": 7.696988582611084, "max": 10.355449676513672}, "gwa-power-200": {"min": 431.5358581542969, "max": 889.4284057617188}, "gwa-speed-200": {"min": 8.565587997436523, "max": 10.850701332092285}, "gebco": {"min": -158.0, "max": 212.0}, "srtm90": {"min": 3.0, "max": 238.0}, "waterbodies": {"min": 0.0, "max": 2.0}, "gwa-enercon-e44-50": {"min": 0.06955160200595856, "max": 0.38629859685897827}, "gwa-enercon-e48-50": {"min": 0.09127821028232574, "max": 0.48041945695877075}, "gwa-enercon-e53-50": {"min": 0.11922698467969894, "max": 0.545027494430542}, "gwa-offshore-dtu-10mw-119": {"min": 0.2470695525407791, "max": 0.6469374299049377}, "gwa-offshore-iea-15mw-150": {"min": 0.3949248194694519, "max": 0.7335087060928345}, "gwa-offshore-leanwind-8mw-110": {"min": 0.23707668483257294, "max": 0.6593912243843079}, "gwa-vestas-v100-mode0-100": {"min": 0.3449799418449402, "max": 0.7885438799858093}, "gwa-vestas-v100-mode0-120": {"min": 0.410955548286438, "max": 0.8006331324577332}, "gwa-vestas-v100-mode0-150": {"min": 0.5032076835632324, "max": 0.8042826652526855}, "gwa-vestas-v100-mode0-80": {"min": 0.27864184975624084, "max": 0.7555633187294006}, "gwa-vestas-v110-mode0-100": {"min": 0.40756896138191223, "max": 0.8304135203361511}, "gwa-vestas-v110-mode0-120": {"min": 0.478240430355072, "max": 0.8405932188034058}, "gwa-vestas-v110-mode0-150": {"min": 0.5717579126358032, "max": 0.8439920544624329}, "gwa-vestas-v110-mode0-80": {"min": 0.33348166942596436, "max": 0.8020829558372498}, "gwa-vestas-v112-mode0-100": {"min": 0.2423592507839203, "max": 0.6814081072807312}, "gwa-vestas-v112-mode0-120": {"min": 0.293544739484787, "max": 0.6969824433326721}, "gwa-vestas-v112-mode0-150": {"min": 0.3713386356830597, "max": 0.7090729475021362}, "gwa-vestas-v112-mode0-80": {"min": 0.19322624802589417, "max": 0.6410675048828125}, "gwa-vestas-v120-mode0-100": {"min": 0.4349362850189209, "max": 0.845598578453064}, "gwa-vestas-v120-mode0-120": {"min": 0.5071431398391724, "max": 0.8548052906990051}, "gwa-vestas-v120-mode0-150": {"min": 0.6002848148345947, "max": 0.8592942953109741}, "gwa-vestas-v120-mode0-80": {"min": 0.3577064573764801, "max": 0.8195379972457886}, "gwa-vestas-v126-mode0-100": {"min": 0.3039683699607849, "max": 0.7507384419441223}, "gwa-vestas-v126-mode0-120": {"min": 0.3641336262226105, "max": 0.764241635799408}, "gwa-vestas-v126-mode0-150": {"min": 0.4515070915222168, "max": 0.7708482146263123}, "gwa-vestas-v126-mode0-80": {"min": 0.2447158545255661, "max": 0.7144114375114441}, "gwa-vestas-v136-mode0-100": {"min": 0.35334327816963196, "max": 0.7921819090843201}, "gwa-vestas-v136-mode0-120": {"min": 0.4191894233226776, "max": 0.8040512204170227}, "gwa-vestas-v136-mode0-150": {"min": 0.5106294751167297, "max": 0.8074615597724915}, "gwa-vestas-v136-mode0-80": {"min": 0.28656724095344543, "max": 0.7597582340240479}, "air-density": {"min": 1.1258267164230347, "max": 1.1491352319717407}, "lcoe": {"gwa-vestas-v100-mode0-120": {"lg": {"min": 47.414093017578125, "max": 88.58033752441406}, "li": {"min": 1.299135684967041, "max": 2.5458474159240723}, "lr": {"min": 0.0, "max": 0.0903363972902298}, "total": {"min": 48.7205810546875, "max": 91.14643096923828}}, "gwa-vestas-v110-mode0-120": {"lg": {"min": 45.350276947021484, "max": 76.68051147460938}, "li": {"min": 1.234984278678894, "max": 2.1876657009124756}, "lr": {"min": 0.0, "max": 0.08469061553478241}, "total": {"min": 46.59465408325195, "max": 78.88558197021484}}, "gwa-vestas-v112-mode0-120": {"lg": {"min": 53.87035369873047, "max": 122.41043090820312}, "li": {"min": 1.4923346042633057, "max": 3.5641252994537354}, "lr": {"min": 0.0, "max": 0.10799302160739899}, "total": {"min": 55.371131896972656, "max": 126.0029067993164}}, "gwa-vestas-v112-mode0-100": {"lg": {"min": 55.010196685791016, "max": 147.4183349609375}, "li": {"min": 1.5264434814453125, "max": 4.316856861114502}, "lr": {"min": 0.0, "max": 0.1190507635474205}, "total": {"min": 56.5452766418457, "max": 151.76954650878906}}, "gwa-offshore-dtu-10mw-119": {"lg": {"min": 57.72816467285156, "max": 144.68411254882812}, "li": {"min": 1.6077768802642822, "max": 4.234557628631592}, "lr": {"min": 0.0, "max": 0.11870837211608887}, "total": {"min": 59.34503936767578, "max": 148.95236206054688}}, "gwa-vestas-v126-mode0-150": {"lg": {"min": 49.091575622558594, "max": 80.98387145996094}, "li": {"min": 1.3453452587127686, "max": 2.3171956539154053}, "lr": {"min": 0.0, "max": 0.0943637415766716}, "total": {"min": 50.436920166015625, "max": 83.31949615478516}}, "gwa-vestas-v120-mode0-80": {"lg": {"min": 46.412628173828125, "max": 101.17118835449219}, "li": {"min": 1.2607957124710083, "max": 2.9248290061950684}, "lr": {"min": 0.0, "max": 0.08626364171504974}, "total": {"min": 47.68709945678711, "max": 104.1192855834961}}, "gsa-pvout": {"lg": {"min": 154.81391382414907, "max": 168.662106894367}, "li": {"min": 4.4901781301520645, "max": 5.0680128455619595}, "lr": {"min": 0.0, "max": 0.29790155075669505}, "total": {"min": 159.56497801930036, "max": 173.6759001660706}}, "gwa-vestas-v126-mode0-80": {"lg": {"min": 52.65370178222656, "max": 146.0372314453125}, "li": {"min": 1.4475470781326294, "max": 4.275285720825195}, "lr": {"min": 0.0, "max": 0.11963719874620438}, "total": {"min": 54.11571502685547, "max": 150.34652709960938}}, "gwa-offshore-leanwind-8mw-110": {"lg": {"min": 56.71341323852539, "max": 150.61399841308594}, "li": {"min": 1.57741117477417, "max": 4.413045406341553}, "lr": {"min": 0.0, "max": 0.12051395326852798}, "total": {"min": 58.29975128173828, "max": 155.06214904785156}}, "gwa-vestas-v110-mode0-100": {"lg": {"min": 45.8571662902832, "max": 89.28313446044922}, "li": {"min": 1.250161051750183, "max": 2.5670015811920166}, "lr": {"min": 0.0, "max": 0.08592696487903595}, "total": {"min": 47.116798400878906, "max": 91.87055969238281}}, "gwa-vestas-v136-mode0-100": {"lg": {"min": 47.87724304199219, "max": 102.37108612060547}, "li": {"min": 1.3129950761795044, "max": 2.9609458446502686}, "lr": {"min": 0.0, "max": 0.09143350273370743}, "total": {"min": 49.19766616821289, "max": 105.35558319091797}}, "gwa-vestas-v126-mode0-100": {"lg": {"min": 50.2994270324707,