{"worldpop": {"min": -3.4028234663852886e+38, "max": 2145.858642578125}, "slope": {"min": 0.0, "max": 34.67054748535156}, "land-cover": {"min": 10.0, "max": 210.0}, "airports": {"min": 0.0, "max": 356554.6875}, "ports": {"min": 0.0, "max": 354492.59375}, "anchorages": {"min": 0.0, "max": 347469.78125}, "grid": {"min": 0.0, "max": 356025.28125}, "roads": {"min": 0.0, "max": 345501.4375}, "pp-whs": {"min": 708262.125, "max": 841963.5}, "unep-coral": {"min": 0.0, "max": 342998.90625}, "unesco": {"min": 0.0, "max": 389015.75}, "unesco-ramsar": {"min": 0.0, "max": 354069.5625}, "wwf-glw-1": {"min": 59985.41796875, "max": 449311.71875}, "wwf-glw-2": {"min": 0.0, "max": 366573.65625}, "jrc-gsw": {"min": 0.0, "max": 255.0}, "pp-marine-protected": {"min": 0.0, "max": 1.0}, "unep-tidal": {"min": 0.0, "max": 0.0}, "wwf-glw-3": {"min": 1.0, "max": 255.0}, "gsa-pvout": {"min": 4.569422721862793, "max": 5.020999908447266}, "gsa-ghi": {"min": 5.650598526000977, "max": 6.204999923706055}, "gsa-gti": {"min": 5.760455131530762, "max": 6.3470001220703125}, "gsa-temp": {"min": 25.26827049255371, "max": 26.899999618530273}, "gwa-iec1": {"min": 0.2564436197280884, "max": 0.6720516681671143}, "gwa-iec2": {"min": 0.32049560546875, "max": 0.7419655323028564}, "gwa-iec3": {"min": 0.3717809021472931, "max": 0.7872877717018127}, "gwa-power-10": {"min": 18.112707138061523, "max": 318.54010009765625}, "gwa-speed-10": {"min": 2.606127977371216, "max": 7.550171852111816}, "gwa-power-50": {"min": 96.83870697021484, "max": 512.964111328125}, "gwa-speed-50": {"min": 5.0557780265808105, "max": 8.953277587890625}, "gwa-power-100": {"min": 202.77947998046875, "max": 685.1412353515625}, "gwa-speed-100": {"min": 6.623572826385498, "max": 9.920283317565918}, "gwa-power-150": {"min": 314.0173034667969, "max": 783.2608642578125}, "gwa-speed-150": {"min": 7.696988582611084, "max": 10.355449676513672}, "gwa-power-200": {"min": 431.5358581542969, "max": 896.2726440429688}, "gwa-speed-200": {"min": 8.565587997436523, "max": 10.88558292388916}, "gebco": {"min": -5290.0, "max": 212.0}, "srtm90": {"min": 3.0, "max": 238.0}, "waterbodies": {"min": 0.0, "max": 2.0}, "gwa-enercon-e44-50": {"min": 0.06955160200595856, "max": 0.3897302746772766}, "gwa-enercon-e48-50": {"min": 0.09127821028232574, "max": 0.4876234829425812}, "gwa-enercon-e53-50": {"min": 0.11922698467969894, "max": 0.5553879737854004}, "gwa-offshore-dtu-10mw-119": {"min": 0.2470695525407791, "max": 0.6469374299049377}, "gwa-offshore-iea-15mw-150": {"min": 0.3949248194694519, "max": 0.7335087060928345}, "gwa-offshore-leanwind-8mw-110": {"min": 0.23707668483257294, "max": 0.6593912243843079}, "gwa-vestas-v100-mode0-100": {"min": 0.3449799418449402, "max": 0.7885438799858093}, "gwa-vestas-v100-mode0-120": {"min": 0.410955548286438, "max": 0.8006331324577332}, "gwa-vestas-v100-mode0-150": {"min": 0.5032076835632324, "max": 0.8042826652526855}, "gwa-vestas-v100-mode0-80": {"min": 0.27864184975624084, "max": 0.7555633187294006}, "gwa-vestas-v110-mode0-100": {"min": 0.40756896138191223, "max": 0.8304135203361511}, "gwa-vestas-v110-mode0-120": {"min": 0.478240430355072, "max": 0.8405932188034058}, "gwa-vestas-v110-mode0-150": {"min": 0.5717579126358032, "max": 0.8439920544624329}, "gwa-vestas-v110-mode0-80": {"min": 0.33348166942596436, "max": 0.8125105500221252}, "gwa-vestas-v112-mode0-100": {"min": 0.2423592507839203, "max": 0.6814081072807312}, "gwa-vestas-v112-mode0-120": {"min": 0.293544739484787, "max": 0.6969824433326721}, "gwa-vestas-v112-mode0-150": {"min": 0.3713386356830597, "max": 0.7090729475021362}, "gwa-vestas-v112-mode0-80": {"min": 0.19322624802589417, "max": 0.6410675048828125}, "gwa-vestas-v120-mode0-100": {"min": 0.4349362850189209, "max": 0.8489203453063965}, "gwa-vestas-v120-mode0-120": {"min": 0.5071431398391724, "max": 0.8548052906990051}, "gwa-vestas-v120-mode0-150": {"min": 0.6002848148345947, "max": 0.8592942953109741}, "gwa-vestas-v120-mode0-80": {"min": 0.3577064573764801, "max": 0.8344453573226929}, "gwa-vestas-v126-mode0-100": {"min": 0.3039683699607849, "max": 0.7507384419441223}, "gwa-vestas-v126-mode0-120": {"min": 0.3641336262226105, "max": 0.764241635799408}, "gwa-vestas-v126-mode0-150": {"min": 0.4515070915222168, "max": 0.7708482146263123}, "gwa-vestas-v126-mode0-80": {"min": 0.2447158545255661, "max": 0.7144114375114441}, "gwa-vestas-v136-mode0-100": {"min": 0.35334327816963196, "max": 0.7921819090843201}, "gwa-vestas-v136-mode0-120": {"min": 0.4191894233226776, "max": 0.8040512204170227}, "gwa-vestas-v136-mode0-150": {"min": 0.5106294751167297, "max": 0.8074615597724915}, "gwa-vestas-v136-mode0-80": {"min": 0.28656724095344543, "max": 0.7597582340240479}, "air-density": {"min": 1.1258267164230347, "max": 1.1502509117126465}}