{"worldpop":{"min":-3.4028234663852886e+38,"max":376.5638122558594},"slope":{"min":0.18248938024044037,"max":42.25067901611328},"land-cover":{"min":10.297256469726562,"max":210.0},"airports":{"min":0.0,"max":14221.4619140625},"ports":{"min":464000.0,"max":480920.46875},"anchorages":{"min":0.0,"max":17528.546875},"grid":{"min":387493.5625,"max":406314.25},"roads":{"min":0.0,"max":4609.77197265625},"pp-whs":{"min":446135.625,"max":464607.625},"unep-coral":{"min":0.0,"max":6800.7353515625},"unesco":{"min":463640.46875,"max":482030.34375},"unesco-ramsar":{"min":65535.0,"max":65535.0},"wwf-glw-1":{"min":65535.0,"max":499961.0},"wwf-glw-2":{"min":441017.3125,"max":459375.9375},"jrc-gsw":{"min":0.0,"max":1.0},"pp-marine-protected":{"min":0.0,"max":0.0},"unep-tidal":{"min":0.0,"max":0.0},"wwf-glw-3":{"min":255.0,"max":255.0},"gsa-pvout":{"min":3.863856554031372,"max":4.265565872192383},"gsa-ghi":{"min":4.760191440582275,"max":5.26931095123291},"gsa-gti":{"min":4.814199447631836,"max":5.346827983856201},"gsa-temp":{"min":23.485017776489258,"max":26.54216957092285},"gwa-iec1":{"min":0.1326560229063034,"max":0.5013810396194458},"gwa-iec2":{"min":0.16716137528419495,"max":0.5564983487129211},"gwa-iec3":{"min":0.19424915313720703,"max":0.5924808979034424},"gwa-power-10":{"min":10.82217025756836,"max":198.9397430419922},"gwa-speed-10":{"min":2.088527202606201,"max":5.4846391677856445},"gwa-power-50":{"min":61.78230285644531,"max":455.40472412109375},"gwa-speed-50":{"min":3.8059308528900146,"max":7.608809471130371},"gwa-power-100":{"min":113.58769989013672,"max":570.8348999023438},"gwa-speed-100":{"min":4.950180530548096,"max":8.526755332946777},"gwa-power-150":{"min":157.5028076171875,"max":623.6005249023438},"gwa-speed-150":{"min":5.612513542175293,"max":8.865309715270996},"gwa-power-200":{"min":199.86695861816406,"max":648.8773803710938},"gwa-speed-200":{"min":6.079599857330322,"max":9.02220344543457},"gebco":{"min":-686.0,"max":542.0},"srtm90":{"min":22.0,"max":320.0},"waterbodies":{"min":0.0,"max":1.0},"gwa-enercon-e44-50":{"min":0.036286916583776474,"max":0.3058425188064575},"gwa-enercon-e48-50":{"min":0.04781939089298248,"max":0.37039002776145935},"gwa-enercon-e53-50":{"min":0.06491588056087494,"max":0.417734831571579},"gwa-offshore-dtu-10mw-119":{"min":0.11415518820285797,"max":0.46680715680122375},"gwa-offshore-iea-15mw-150":{"min":0.18497148156166077,"max":0.5383613705635071},"gwa-offshore-leanwind-8mw-110":{"min":0.11074138432741165,"max":0.47777190804481506},"gwa-vestas-v100-mode0-100":{"min":0.17086096107959747,"max":0.5891179442405701},"gwa-vestas-v100-mode0-120":{"min":0.20104296505451202,"max":0.5980656147003174},"gwa-vestas-v100-mode0-150":{"min":0.24224594235420227,"max":0.6081699132919312},"gwa-vestas-v100-mode0-80":{"min":0.1389908641576767,"max":0.570017397403717},"gwa-vestas-v110-mode0-100":{"min":0.2043677121400833,"max":0.631091296672821},"gwa-vestas-v110-mode0-120":{"min":0.23852036893367767,"max":0.6401455402374268},"gwa-vestas-v110-mode0-150":{"min":0.283899188041687,"max":0.6494905352592468},"gwa-vestas-v110-mode0-80":{"min":0.16753476858139038,"max":0.6118963360786438},"gwa-vestas-v112-mode0-100":{"min":0.11856456100940704,"max":0.49997416138648987},"gwa-vestas-v112-mode0-120":{"min":0.14106932282447815,"max":0.5078541040420532},"gwa-vestas-v112-mode0-150":{"min":0.17300236225128174,"max":0.5192647576332092},"gwa-vestas-v112-mode0-80":{"min":0.0954539105296135,"max":0.4823579788208008},"gwa-vestas-v120-mode0-100":{"min":0.2184612900018692,"max":0.6426926851272583},"gwa-vestas-v120-mode0-120":{"min":0.2543528079986572,"max":0.6520559787750244},"gwa-vestas-v120-mode0-150":{"min":0.301481157541275,"max":0.6601903438568115},"gwa-vestas-v120-mode0-80":{"min":0.17940270900726318,"max":0.6233461499214172},"gwa-vestas-v126-mode0-100":{"min":0.15070906281471252,"max":0.5560732483863831},"gwa-vestas-v126-mode0-120":{"min":0.1778060793876648,"max":0.5645933747291565},"gwa-vestas-v126-mode0-150":{"min":0.21536974608898163,"max":0.5751677751541138},"gwa-vestas-v126-mode0-80":{"min":0.12236092984676361,"max":0.5374287962913513},"gwa-vestas-v136-mode0-100":{"min":0.1758723109960556,"max":0.5938133001327515},"gwa-vestas-v136-mode0-120":{"min":0.20645847916603088,"max":0.602599024772644},"gwa-vestas-v136-mode0-150":{"min":0.24798445403575897,"max":0.6125642657279968},"gwa-vestas-v136-mode0-80":{"min":0.14341320097446442,"max":0.574845016002655},"air-density":{"min":1.1157832145690918,"max":1.1480309963226318},"lcoe":{"gwa-vestas-v100-mode0-120":{"lg":{"min":62.118648529052734,"max":176.89219665527344},"li":{"min":11.397488594055176,"max":34.4603157043457},"lr":{"min":0.0,"max":0.17563311755657196},"total":{"min":73.5161361694336,"max":211.52813720703125}},"gwa-vestas-v110-mode0-120":{"lg":{"min":58.298213958740234,"max":149.72659301757812},"li":{"min":10.648173332214355,"max":29.045753479003906},"lr":{"min":0.0,"max":0.14803685247898102},"total":{"min":68.94648742675781,"max":178.92037963867188}},"gwa-vestas-v112-mode0-120":{"lg":{"min":72.44241333007812,"max":250.39486694335938},"li":{"min":13.41565990447998,"max":49.11063003540039},"lr":{"min":0.0,"max":0.2503010630607605},"total":{"min":85.86446380615234,"max":299.75579833984375}},"gwa-vestas-v112-mode0-100":{"lg":{"min":73.52111053466797,"max":297.16314697265625},"li":{"min":13.59497356414795,"max":58.432334899902344},"lr":{"min":0.0,"max":0.29781076312065125},"total":{"min":87.11608123779297,"max":355.893310546875}},"gwa-offshore-dtu-10mw-119":{"lg":{"min":78.46063995361328,"max":308.48687744140625},"li":{"min":14.582633018493652,"max":60.6893424987793},"lr":{"min":0.0,"max":0.3093140125274658},"total":{"min":93.06291198730469,"max":369.48553466796875}},"gwa-vestas-v126-mode0-150":{"lg":{"min":64.43238830566406,"max":165.39109802246094},"li":{"min":11.863821983337402,"max":32.16795349121094},"lr":{"min":0.0,"max":0.16394969820976257},"total":{"min":76.29621124267578,"max":197.72300720214844}},"gwa-vestas-v120-mode0-80":{"lg":{"min":59.761573791503906,"max":197.7471160888672},"li":{"min":10.904272079467773,"max":38.61705017089844},"lr":{"min":0.0,"max":0.19681866466999054},"total":{"min":70.66584777832031,"max":236.5609893798828}},"gsa-pvout":{"lg":{"min":180.98946462074076,"max":199.39033332801702},"li":{"min":34.78059305626852,"max":38.960814990896736},"lr":{"min":0.0,"max":0.2863661763356257},"total":{"min":217.00756292857648,"max":238.41731096421782}},"gwa-vestas-v126-mode0-80":{"lg":{"min":68.676025390625,"max":288.0674743652344},"li":{"min":12.64750862121582,"max":56.619415283203125},"lr":{"min":0.0,"max":0.2885708808898926},"total":{"min":81.32353210449219,"max":344.9754638671875}},"gwa-offshore-leanwind-8mw-110":{"lg":{"min":76.75179290771484,"max":317.8732604980469},"li":{"min":14.226737976074219,"max":62.56020736694336},"lr":{"min":0.0,"max":0.31884923577308655},"total":{"min":90.97853088378906,"max":380.7523193359375}},"gwa-vestas-v110-mode0-100":{"lg":{"min":59.07722854614258,"max":174.0795135498047},"li":{"min":10.77044677734375,"max":33.89970016479492},"lr":{"min":0.0,"max":0.17277584969997406},"total":{"min":69.84767150878906,"max":208.15199279785156}},"gwa-vestas-v136-mode0-100":{"lg":{"min":62.53483200073242,"max":201.63633728027344},"li":{"min":11.446587562561035,"max":39.39223861694336},"lr":{"min":0.0,"max":0.2007695585489273},"total":{"min":73.9814224243164,"max":241.22935485839844}},"gwa-vestas-v126-mode0-100":{"lg":{"min":66.50752258300781,"max":234.63485717773438},"li":{"min":12.2234525680542,"max":45.96939468383789},"lr":{"min":0.0,"max":0.2342911958694458},"total":{"min":78.73097229003906,"max":280.8385314941406}},"gwa-vestas-v126-mode0-120":{"lg":{"min":65.56423950195312,"max":199.48690795898438},"li":{"min":12.070615768432617,"max":38.96382141113281},"lr":{"min":0.0,"max":0.19858604669570923},"total":{"min":77.63743591308594,"max":238.64932250976562}},"gwa-vestas-v120-mode0-120":{"lg":{"min":57.30640411376953,"max":140.6556854248047},"li":{"min":10.453773498535156,