{"worldpop":{"min":-3.4028234663852886e+38,"max":213.93772888183594},"slope":{"min":0.0,"max":64.92681121826172},"land-cover":{"min":10.297256469726562,"max":210.0},"airports":{"min":0.0,"max":432260.34375},"ports":{"min":65535.0,"max":500000.0},"anchorages":{"min":500.0,"max":435709.1875},"grid":{"min":65535.0,"max":500000.0},"roads":{"min":0.0,"max":418658.0},"pp-whs":{"min":234360.84375,"max":882514.1875},"unep-coral":{"min":0.0,"max":417702.34375},"unesco":{"min":65535.0,"max":500000.0},"unesco-ramsar":{"min":65535.0,"max":65535.0},"wwf-glw-1":{"min":65535.0,"max":500000.0},"wwf-glw-2":{"min":65535.0,"max":500000.0},"jrc-gsw":{"min":0.0,"max":255.0},"pp-marine-protected":{"min":0.0,"max":0.0},"unep-tidal":{"min":0.0,"max":0.0},"wwf-glw-3":{"min":255.0,"max":255.0},"gsa-pvout":{"min":3.863856554031372,"max":4.454999923706055},"gsa-ghi":{"min":4.756882667541504,"max":5.519000053405762},"gsa-gti":{"min":4.8109002113342285,"max":5.619999885559082},"gsa-temp":{"min":23.348909378051758,"max":26.700000762939453},"gwa-iec1":{"min":0.1326560229063034,"max":0.49235400557518005},"gwa-iec2":{"min":0.16716137528419495,"max":0.5468509793281555},"gwa-iec3":{"min":0.19424915313720703,"max":0.5831583142280579},"gwa-power-10":{"min":9.724596977233887,"max":193.07318115234375},"gwa-speed-10":{"min":1.9672958850860596,"max":5.9232683181762695},"gwa-power-50":{"min":61.78230285644531,"max":450.51361083984375},"gwa-speed-50":{"min":3.8059308528900146,"max":7.608809471130371},"gwa-power-100":{"min":113.58769989013672,"max":555.9525756835938},"gwa-speed-100":{"min":5.016037464141846,"max":7.786708831787109},"gwa-power-150":{"min":159.9530792236328,"max":609.1197509765625},"gwa-speed-150":{"min":5.612513542175293,"max":8.803140640258789},"gwa-power-200":{"min":202.67410278320312,"max":640.9432983398438},"gwa-speed-200":{"min":6.077614784240723,"max":8.996313095092773},"gebco":{"min":-8224.0,"max":1174.0},"srtm90":{"min":22.0,"max":333.0},"waterbodies":{"min":0.0,"max":1.0},"gwa-enercon-e44-50":{"min":0.036286916583776474,"max":0.29532289505004883},"gwa-enercon-e48-50":{"min":0.04781939089298248,"max":0.3578781485557556},"gwa-enercon-e53-50":{"min":0.06491588056087494,"max":0.4055297076702118},"gwa-offshore-dtu-10mw-119":{"min":0.11415518820285797,"max":0.46458008885383606},"gwa-offshore-iea-15mw-150":{"min":0.18497148156166077,"max":0.5383613705635071},"gwa-offshore-leanwind-8mw-110":{"min":0.11074138432741165,"max":0.47269606590270996},"gwa-vestas-v100-mode0-100":{"min":0.17086096107959747,"max":0.5847760438919067},"gwa-vestas-v100-mode0-120":{"min":0.20104296505451202,"max":0.5967859029769897},"gwa-vestas-v100-mode0-150":{"min":0.24224594235420227,"max":0.6081699132919312},"gwa-vestas-v100-mode0-80":{"min":0.1389908641576767,"max":0.5637285709381104},"gwa-vestas-v110-mode0-100":{"min":0.2043677121400833,"max":0.627240777015686},"gwa-vestas-v110-mode0-120":{"min":0.23852036893367767,"max":0.6390520334243774},"gwa-vestas-v110-mode0-150":{"min":0.283899188041687,"max":0.6494905352592468},"gwa-vestas-v110-mode0-80":{"min":0.16753476858139038,"max":0.606254518032074},"gwa-vestas-v112-mode0-100":{"min":0.11856456100940704,"max":0.4942958652973175},"gwa-vestas-v112-mode0-120":{"min":0.14106932282447815,"max":0.5059004426002502},"gwa-vestas-v112-mode0-150":{"min":0.17300236225128174,"max":0.5192647576332092},"gwa-vestas-v112-mode0-80":{"min":0.0954539105296135,"max":0.4743301272392273},"gwa-vestas-v120-mode0-100":{"min":0.2184612900018692,"max":0.6398451924324036},"gwa-vestas-v120-mode0-120":{"min":0.2543528079986572,"max":0.6514236330986023},"gwa-vestas-v120-mode0-150":{"min":0.301481157541275,"max":0.6601903438568115},"gwa-vestas-v120-mode0-80":{"min":0.17940270900726318,"max":0.6190946102142334},"gwa-vestas-v126-mode0-100":{"min":0.15070906281471252,"max":0.5511824488639832},"gwa-vestas-v126-mode0-120":{"min":0.1778060793876648,"max":0.5630214810371399},"gwa-vestas-v126-mode0-150":{"min":0.21536974608898163,"max":0.5751677751541138},"gwa-vestas-v126-mode0-80":{"min":0.12236092984676361,"max":0.5304631590843201},"gwa-vestas-v136-mode0-100":{"min":0.1758723109960556,"max":0.5893769860267639},"gwa-vestas-v136-mode0-120":{"min":0.20645847916603088,"max":0.6012372970581055},"gwa-vestas-v136-mode0-150":{"min":0.24798445403575897,"max":0.6125642657279968},"gwa-vestas-v136-mode0-80":{"min":0.14341320097446442,"max":0.5684394240379333},"air-density":{"min":1.1157832145690918,"max":1.1515460014343262}}