{"worldpop":{"min":-3.4028234663852886e+38,"max":1721.4107666015625},"slope":{"min":0.0,"max":56.041236877441406},"land-cover":{"min":10.0,"max":210.0},"airports":{"min":0.0,"max":227270.765625},"ports":{"min":500.0,"max":227758.65625},"anchorages":{"min":0.0,"max":224447.09375},"grid":{"min":105187.9296875,"max":379584.3125},"roads":{"min":0.0,"max":223743.71875},"pp-whs":{"min":103562.78125,"max":466617.625},"unep-coral":{"min":0.0,"max":209843.40625},"unesco":{"min":115596.28125,"max":435139.34375},"unesco-ramsar":{"min":65535.0,"max":65535.0},"wwf-glw-1":{"min":160300.5,"max":447983.5625},"wwf-glw-2":{"min":83177.5234375,"max":401143.375},"jrc-gsw":{"min":0.0,"max":255.0},"pp-marine-protected":{"min":0.0,"max":1.0},"unep-tidal":{"min":0.0,"max":0.0},"wwf-glw-3":{"min":6.0,"max":255.0},"gsa-pvout":{"min":4.4602203369140625,"max":4.862975597381592},"gsa-ghi":{"min":5.390808582305908,"max":5.846963405609131},"gsa-gti":{"min":5.6271185874938965,"max":6.146975040435791},"gsa-temp":{"min":26.399999618530273,"max":26.899999618530273},"gwa-iec1":{"min":0.15252520143985748,"max":0.35782021284103394},"gwa-iec2":{"min":0.1903357356786728,"max":0.41932302713394165},"gwa-iec3":{"min":0.21947839856147766,"max":0.4631115198135376},"gwa-power-10":{"min":10.600196838378906,"max":189.01393127441406},"gwa-speed-10":{"min":2.0525431632995605,"max":5.593778610229492},"gwa-power-50":{"min":69.929443359375,"max":288.1367492675781},"gwa-speed-50":{"min":4.008443355560303,"max":6.633222579956055},"gwa-power-100":{"min":130.2139434814453,"max":343.9156494140625},"gwa-speed-100":{"min":5.3560919761657715,"max":7.239211082458496},"gwa-power-150":{"min":184.63870239257812,"max":358.1683349609375},"gwa-speed-150":{"min":5.873903751373291,"max":7.330864906311035},"gwa-power-200":{"min":227.9328155517578,"max":367.1911926269531},"gwa-speed-200":{"min":6.355989933013916,"max":7.4130730628967285},"gebco":{"min":-7318.0,"max":169.0},"srtm90":{"min":1.0,"max":48.0},"waterbodies":{"min":0.0,"max":1.0},"gwa-enercon-e44-50":{"min":0.05114664509892464,"max":0.20531904697418213},"gwa-enercon-e48-50":{"min":0.06713445484638214,"max":0.2607566714286804},"gwa-enercon-e53-50":{"min":0.08828017860651016,"max":0.30791229009628296},"gwa-offshore-dtu-10mw-119":{"min":0.14790743589401245,"max":0.3218051493167877},"gwa-offshore-iea-15mw-150":{"min":0.16437840461730957,"max":0.3878073990345001},"gwa-offshore-leanwind-8mw-110":{"min":0.14547696709632874,"max":0.3326037526130676},"gwa-vestas-v100-mode0-100":{"min":0.21814826130867004,"max":0.459429532289505},"gwa-vestas-v100-mode0-120":{"min":0.24868133664131165,"max":0.4667324125766754},"gwa-vestas-v100-mode0-150":{"min":0.29334715008735657,"max":0.46954572200775146},"gwa-vestas-v100-mode0-80":{"min":0.1852487325668335,"max":0.4425199031829834},"gwa-vestas-v110-mode0-100":{"min":0.2566845118999481,"max":0.5126637816429138},"gwa-vestas-v110-mode0-120":{"min":0.29049086570739746,"max":0.5203238129615784},"gwa-vestas-v110-mode0-150":{"min":0.3385791778564453,"max":0.5223953723907471},"gwa-vestas-v110-mode0-80":{"min":0.21930618584156036,"max":0.49390825629234314},"gwa-vestas-v112-mode0-100":{"min":0.15504243969917297,"max":0.35899388790130615},"gwa-vestas-v112-mode0-120":{"min":0.17860640585422516,"max":0.36438190937042236},"gwa-vestas-v112-mode0-150":{"min":0.21465426683425903,"max":0.36767223477363586},"gwa-vestas-v112-mode0-80":{"min":0.1305861622095108,"max":0.3445397913455963},"gwa-vestas-v120-mode0-100":{"min":0.27293288707733154,"max":0.5346716046333313},"gwa-vestas-v120-mode0-120":{"min":0.3081302344799042,"max":0.5423423647880554},"gwa-vestas-v120-mode0-150":{"min":0.3575858473777771,"max":0.5441445708274841},"gwa-vestas-v120-mode0-80":{"min":0.23358802497386932,"max":0.5156019330024719},"gwa-vestas-v126-mode0-100":{"min":0.1937558799982071,"max":0.4214023947715759},"gwa-vestas-v126-mode0-120":{"min":0.2215481549501419,"max":0.4269735813140869},"gwa-vestas-v126-mode0-150":{"min":0.26292821764945984,"max":0.43008020520210266},"gwa-vestas-v126-mode0-80":{"min":0.16422076523303986,"max":0.40538960695266724},"gwa-vestas-v136-mode0-100":{"min":0.2236178070306778,"max":0.4654839038848877},"gwa-vestas-v136-mode0-120":{"min":0.2544422447681427,"max":0.4729723632335663},"gwa-vestas-v136-mode0-150":{"min":0.29930925369262695,"max":0.4756447672843933},"gwa-vestas-v136-mode0-80":{"min":0.19022907316684723,"max":0.44857263565063477},"air-density":{"min":1.1479694843292236,"max":1.1550837755203247}}