{"worldpop": {"min": -3.4028234663852886e+38, "max": 3107.4775390625}, "slope": {"min": 0.0, "max": 21.739608764648438}, "land-cover": {"min": 10.0, "max": 210.0}, "airports": {"min": 0.0, "max": 106303.8125}, "ports": {"min": 188663.734375, "max": 444486.78125}, "anchorages": {"min": 198910.15625, "max": 442242.59375}, "grid": {"min": 0.0, "max": 8062.2578125}, "roads": {"min": 0.0, "max": 22770.595703125}, "pp-whs": {"min": 61294.37109375, "max": 304500.0}, "unep-coral": {"min": 65535.0, "max": 65535.0}, "unesco": {"min": 0.0, "max": 105320.9375}, "unesco-ramsar": {"min": 0.0, "max": 194967.9375}, "wwf-glw-1": {"min": 60848.171875, "max": 270500.0}, "wwf-glw-2": {"min": 0.0, "max": 47100.95703125}, "jrc-gsw": {"min": 0.0, "max": 1.0}, "pp-marine-protected": {"min": 0.0, "max": 0.0}, "unep-tidal": {"min": 0.0, "max": 0.0}, "wwf-glw-3": {"min": 1.0, "max": 255.0}, "gsa-pvout": {"min": 2.431370258331299, "max": 3.2413086891174316}, "gsa-ghi": {"min": 2.6273789405822754, "max": 3.3010001182556152}, "gsa-gti": {"min": 2.868863821029663, "max": 3.883692741394043}, "gsa-temp": {"min": 2.3951573371887207, "max": 11.0}, "gwa-iec1": {"min": 0.08668026328086853, "max": 0.5280190706253052}, "gwa-iec2": {"min": 0.10483583062887192, "max": 0.5503450036048889}, "gwa-iec3": {"min": 0.11828356236219406, "max": 0.5845785737037659}, "gwa-power-10": {"min": 4.733520984649658, "max": 1162.168212890625}, "gwa-speed-10": {"min": 1.1313570737838745, "max": 8.578627586364746}, "gwa-power-50": {"min": 33.58738327026367, "max": 1400.9976806640625}, "gwa-speed-50": {"min": 2.533360242843628, "max": 9.848358154296875}, "gwa-power-100": {"min": 82.35765075683594, "max": 1497.5999755859375}, "gwa-speed-100": {"min": 3.4126977920532227, "max": 10.266833305358887}, "gwa-power-150": {"min": 133.21217346191406, "max": 1633.36279296875}, "gwa-speed-150": {"min": 3.9435651302337646, "max": 10.636930465698242}, "gwa-power-200": {"min": 175.0268096923828, "max": 1724.0921630859375}, "gwa-speed-200": {"min": 4.250678062438965, "max": 11.086944580078125}, "gebco": {"min": 87.0, "max": 1498.0}, "srtm90": {"min": 77.0, "max": 1504.0}, "waterbodies": {"min": 1.0, "max": 2.0}, "gwa-enercon-e44-50": {"min": 0.02132272534072399, "max": 0.4110909700393677}, "gwa-enercon-e48-50": {"min": 0.027691427618265152, "max": 0.4669561982154846}, "gwa-enercon-e53-50": {"min": 0.03676489368081093, "max": 0.503772497177124}, "gwa-offshore-dtu-10mw-119": {"min": 0.08578011393547058, "max": 0.515414297580719}, "gwa-offshore-iea-15mw-150": {"min": 0.13098573684692383, "max": 0.5906358957290649}, "gwa-offshore-leanwind-8mw-110": {"min": 0.0823274552822113, "max": 0.5245627164840698}, "gwa-vestas-v100-mode0-100": {"min": 0.11472269892692566, "max": 0.5909043550491333}, "gwa-vestas-v100-mode0-120": {"min": 0.13504405319690704, "max": 0.6145243644714355}, "gwa-vestas-v100-mode0-150": {"min": 0.15969756245613098, "max": 0.6421136856079102}, "gwa-vestas-v100-mode0-80": {"min": 0.08224240690469742, "max": 0.5697485208511353}, "gwa-vestas-v110-mode0-100": {"min": 0.13191738724708557, "max": 0.6290501356124878}, "gwa-vestas-v110-mode0-120": {"min": 0.15457159280776978, "max": 0.6515326499938965}, "gwa-vestas-v110-mode0-150": {"min": 0.18074862658977509, "max": 0.6775014996528625}, "gwa-vestas-v110-mode0-80": {"min": 0.09697073698043823, "max": 0.6049046516418457}, "gwa-vestas-v112-mode0-100": {"min": 0.08615035563707352, "max": 0.53872150182724}, "gwa-vestas-v112-mode0-120": {"min": 0.10218759626150131, "max": 0.5460364818572998}, "gwa-vestas-v112-mode0-150": {"min": 0.1237180083990097, "max": 0.5725597143173218}, "gwa-vestas-v112-mode0-80": {"min": 0.05884341150522232, "max": 0.5292531847953796}, "gwa-vestas-v120-mode0-100": {"min": 0.138595849275589, "max": 0.6329805850982666}, "gwa-vestas-v120-mode0-120": {"min": 0.16214624047279358, "max": 0.6543624401092529}, "gwa-vestas-v120-mode0-150": {"min": 0.18872949481010437, "max": 0.6761049032211304}, "gwa-vestas-v120-mode0-80": {"min": 0.10281882435083389, "max": 0.6090582609176636}, "gwa-vestas-v126-mode0-100": {"min": 0.10409056395292282, "max": 0.56285560131073}, "gwa-vestas-v126-mode0-120": {"min": 0.12278275191783905, "max": 0.5868471264839172}, "gwa-vestas-v126-mode0-150": {"min": 0.1463930755853653, "max": 0.616030216217041}, "gwa-vestas-v126-mode0-80": {"min": 0.07351790368556976, "max": 0.5501537919044495}, "gwa-vestas-v136-mode0-100": {"min": 0.11736126244068146, "max": 0.5966025590896606}, "gwa-vestas-v136-mode0-120": {"min": 0.1379954218864441, "max": 0.6202625036239624}, "gwa-vestas-v136-mode0-150": {"min": 0.16301052272319794, "max": 0.6481673121452332}, "gwa-vestas-v136-mode0-80": {"min": 0.08453124016523361, "max": 0.5775826573371887}, "air-density": {"min": 1.0627059936523438, "max": 1.2205990552902222}, "lcoe": {"gwa-vestas-v100-mode0-120": {"lg": {"min": 60.562049865722656, "max": 261.3883361816406}, "li": {"min": 1.7190425395965576, "max": 7.624443531036377}, "lr": {"min": 0.0, "max": 1.3427196741104126}, "total": {"min": 62.33693313598633, "max": 269.0127868652344}}, "gwa-vestas-v110-mode0-120": {"lg": {"min": 57.34922790527344, "max": 228.87161254882812}, "li": {"min": 1.621397852897644, "max": 6.661222457885742}, "lr": {"min": 0.0, "max": 1.1721781492233276}, "total": {"min": 59.02329635620117, "max": 235.5328369140625}}, "gwa-vestas-v112-mode0-120": {"lg": {"min": 67.65647888183594, "max": 344.1465759277344}, "li": {"min": 1.955710530281067, "max": 10.075936317443848}, "lr": {"min": 0.0, "max": 1.7850555181503296}, "total": {"min": 69.85012817382812, "max": 354.2225036621094}}, "gwa-vestas-v112-mode0-100": {"lg": {"min": 68.52082824707031, "max": 407.46624755859375}, "li": {"min": 2.0161707401275635, "max": 11.951613426208496}, "lr": {"min": 0.0, "max": 2.2513463497161865}, "total": {"min": 70.74427032470703, "max": 419.4178466796875}}, "gwa-offshore-dtu-10mw-119": {"lg": {"min": 71.43849182128906, "max": 409.2076721191406}, "li": {"min": 2.1010613441467285, "max": 12.00319766998291}, "lr": {"min": 0.0, "max": 2.1294922828674316}, "total": {"min": 73.7624740600586, "max": 421.21087646484375}}, "gwa-vestas-v126-mode0-150": {"lg": {"min": 60.42378616333008, "max": 241.4344482421875}, "li": {"min": 1.7148404121398926, "max": 7.105055809020996}, "lr": {"min": 0.0, "max": 1.133110761642456}, "total": {"min": 62.19432830810547, "max": 248.880615234375}}, "gwa-vestas-v120-mode0-80": {"lg": {"min": 61.069679260253906, "max": 342.0583190917969}, "li": {"min": 1.7344703674316406, "max": 10.014077186584473}, "lr": {"min": 0.0, "max": 1.7466331720352173}, "total": {"min": 62.86048889160156, "max": 352.9309387207031}}, "gsa-pvout": {"lg": {"min": 236.91833405395252, "max": 314.50812497064027}, "li": {"min": 6.91172051403993, "max": 9.479247576049683}, "lr": {"min": 0.0, "max": 1.884248068747199}, "total": {"min": 244.18870645242302, "max": 324.2224807434706}}, "gwa-vestas-v126-mode0-80": {"lg": {"min": 67.18008422851562, "max": 476.7930908203125}, "li": {"min": 1.9587821960449219, "max": 14.005236625671387}, "lr": {"min": 0.0, "max": 2.3622164726257324}, "total": {"min": 69.35731506347656, "max": 491.9990539550781}}, "gwa-offshore-leanwind-8mw-110": {"lg": {"min": 70.26235961914062, "max": 426.2012939453125}, "li": {"min": 2.0705904960632324, "max": 12.506589889526367}, "lr": {"min": 0.0, "max": 2.270411729812622}, "total": {"min": 72.54580688476562, "max": 438.7078857421875}}, "gwa-vestas-v110-mode0-100": {"lg": {"min": 59.25594711303711, "max": 267.4888610839844}, "li": {"min": 1.6793471574783325, "max": 7.805155277252197}, "lr": {"min": 0.0, "max": 1.449821949005127}, "total": {"min": 60.989845275878906, "max": 275.29400634765625}}, "gwa-vestas-v136-mode0-100": {"lg": {"min": 62.261165618896484, "max": 300.1689453125}, "li": {"min": 1.7706823348999023, "max": 8.773216247558594}, "lr": {"min": 0.0, "max": 1.636138677597046}, "total": {"min": 64.08936309814453, "max": 308.9421691894531}}, "gwa-vestas-v126-mode0-100": {"lg": {"min": 65.75430297851562,