{"worldpop": {"min": -3.4028234663852886e+38, "max": 2302.43359375}, "slope": {"min": 0.0, "max": 6.658668518066406}, "land-cover": {"min": 10.0, "max": 210.0}, "airports": {"min": 0.0, "max": 262835.03125}, "ports": {"min": 0.0, "max": 249824.9375}, "anchorages": {"min": 0.0, "max": 107912.0}, "grid": {"min": 0.0, "max": 250611.75}, "roads": {"min": 0.0, "max": 250464.0625}, "pp-whs": {"min": 0.0, "max": 247493.4375}, "unep-coral": {"min": 65535.0, "max": 65535.0}, "unesco": {"min": 0.0, "max": 294124.125}, "unesco-ramsar": {"min": 0.0, "max": 241294.9375}, "wwf-glw-1": {"min": 0.0, "max": 277215.1875}, "wwf-glw-2": {"min": 0.0, "max": 265889.5625}, "jrc-gsw": {"min": 0.0, "max": 255.0}, "pp-marine-protected": {"min": 0.0, "max": 1.0}, "unep-tidal": {"min": 0.0, "max": 1.0}, "wwf-glw-3": {"min": 1.0, "max": 255.0}, "gsa-pvout": {"min": 2.703174591064453, "max": 3.091951370239258}, "gsa-ghi": {"min": 2.706073522567749, "max": 3.0029540061950684}, "gsa-gti": {"min": 3.195443630218506, "max": 3.6391794681549072}, "gsa-temp": {"min": 8.53305435180664, "max": 10.5}, "gwa-iec1": {"min": 0.2793979346752167, "max": 0.6249693036079407}, "gwa-iec2": {"min": 0.33460095524787903, "max": 0.6747894287109375}, "gwa-iec3": {"min": 0.37493738532066345, "max": 0.7081610560417175}, "gwa-power-10": {"min": 19.600353240966797, "max": 634.9375610351562}, "gwa-speed-10": {"min": 2.4474432468414307, "max": 8.02322006225586}, "gwa-power-50": {"min": 134.8622283935547, "max": 946.9702758789062}, "gwa-speed-50": {"min": 5.027351379394531, "max": 9.415611267089844}, "gwa-power-100": {"min": 242.7283172607422, "max": 1118.74560546875}, "gwa-speed-100": {"min": 6.331112384796143, "max": 10.169755935668945}, "gwa-power-150": {"min": 432.4391174316406, "max": 1264.72021484375}, "gwa-speed-150": {"min": 7.792786598205566, "max": 10.670520782470703}, "gwa-power-200": {"min": 624.0751953125, "max": 1395.001220703125}, "gwa-speed-200": {"min": 8.55626392364502, "max": 11.123190879821777}, "gebco": {"min": -70.0, "max": 159.0}, "srtm90": {"min": -53.0, "max": 154.0}, "waterbodies": {"min": 0.0, "max": 2.0}, "gwa-enercon-e44-50": {"min": 0.10492634773254395, "max": 0.4480123519897461}, "gwa-enercon-e48-50": {"min": 0.1366414874792099, "max": 0.5176706910133362}, "gwa-enercon-e53-50": {"min": 0.16929516196250916, "max": 0.5616344809532166}, "gwa-offshore-dtu-10mw-119": {"min": 0.2999012768268585, "max": 0.6079496145248413}, "gwa-offshore-iea-15mw-150": {"min": 0.45858293771743774, "max": 0.691525399684906}, "gwa-offshore-leanwind-8mw-110": {"min": 0.2789880335330963, "max": 0.604644238948822}, "gwa-vestas-v100-mode0-100": {"min": 0.3693762719631195, "max": 0.7010546326637268}, "gwa-vestas-v100-mode0-120": {"min": 0.43711718916893005, "max": 0.7136156558990479}, "gwa-vestas-v100-mode0-150": {"min": 0.531147301197052, "max": 0.7462916970252991}, "gwa-vestas-v100-mode0-80": {"min": 0.3191419243812561, "max": 0.6806365847587585}, "gwa-vestas-v110-mode0-100": {"min": 0.41857975721359253, "max": 0.7362844347953796}, "gwa-vestas-v110-mode0-120": {"min": 0.4883670508861542, "max": 0.7467077970504761}, "gwa-vestas-v110-mode0-150": {"min": 0.578239381313324, "max": 0.7795174717903137}, "gwa-vestas-v110-mode0-80": {"min": 0.3651747703552246, "max": 0.7164033055305481}, "gwa-vestas-v112-mode0-100": {"min": 0.28120526671409607, "max": 0.6249976754188538}, "gwa-vestas-v112-mode0-120": {"min": 0.3411746621131897, "max": 0.6407029032707214}, "gwa-vestas-v112-mode0-150": {"min": 0.43656402826309204, "max": 0.670234203338623}, "gwa-vestas-v112-mode0-80": {"min": 0.2390838861465454, "max": 0.6034149527549744}, "gwa-vestas-v120-mode0-100": {"min": 0.4391449987888336, "max": 0.7393465042114258}, "gwa-vestas-v120-mode0-120": {"min": 0.5096082091331482, "max": 0.7480384111404419}, "gwa-vestas-v120-mode0-150": {"min": 0.5966526865959167, "max": 0.7809557318687439}, "gwa-vestas-v120-mode0-80": {"min": 0.3844244182109833, "max": 0.7200081944465637}, "gwa-vestas-v126-mode0-100": {"min": 0.3366502523422241, "max": 0.6743962168693542}, "gwa-vestas-v126-mode0-120": {"min": 0.4018276631832123, "max": 0.6882782578468323}, "gwa-vestas-v126-mode0-150": {"min": 0.49687743186950684, "max": 0.7201247215270996}, "gwa-vestas-v126-mode0-80": {"min": 0.2893640697002411, "max": 0.6537332534790039}, "gwa-vestas-v136-mode0-100": {"min": 0.37685757875442505, "max": 0.707205057144165}, "gwa-vestas-v136-mode0-120": {"min": 0.4447416067123413, "max": 0.7198930382728577}, "gwa-vestas-v136-mode0-150": {"min": 0.5377642512321472, "max": 0.7518718242645264}, "gwa-vestas-v136-mode0-80": {"min": 0.3262854218482971, "max": 0.6869529485702515}, "air-density": {"min": 1.2146270275115967, "max": 1.2344223260879517}}