{"worldpop":{"min":-3.4028234663852886e+38,"max":10841.59765625},"slope":{"min":0.0,"max":30.098722457885742},"land-cover":{"min":20.0,"max":210.0},"airports":{"min":500.0,"max":150721.609375},"ports":{"min":1500.0,"max":152565.5625},"anchorages":{"min":500.0,"max":146290.796875},"grid":{"min":0.0,"max":44384.68359375},"roads":{"min":0.0,"max":12854.9599609375},"pp-whs":{"min":399402.6875,"max":540181.6875},"unep-coral":{"min":0.0,"max":98398.421875},"unesco":{"min":114500.0,"max":277654.90625},"unesco-ramsar":{"min":65535.0,"max":65535.0},"wwf-glw-1":{"min":0.0,"max":142977.265625},"wwf-glw-2":{"min":0.0,"max":132831.671875},"jrc-gsw":{"min":0.0,"max":1.0},"pp-marine-protected":{"min":0.0,"max":1.0},"unep-tidal":{"min":0.0,"max":1.0},"wwf-glw-3":{"min":1.0,"max":255.0},"gsa-pvout":{"min":4.291637420654297,"max":5.162307262420654},"gsa-ghi":{"min":5.471446990966797,"max":6.356442928314209},"gsa-gti":{"min":5.584155559539795,"max":6.557950019836426},"gsa-temp":{"min":21.287569046020508,"max":32.0},"gwa-iec1":{"min":0.0675806924700737,"max":0.7504140138626099},"gwa-iec2":{"min":0.07922548055648804,"max":0.7813851833343506},"gwa-iec3":{"min":0.08740760385990143,"max":0.8055912256240845},"gwa-power-10":{"min":10.796026229858398,"max":1224.708984375},"gwa-speed-10":{"min":1.4559040069580078,"max":10.039008140563965},"gwa-power-50":{"min":48.83357238769531,"max":1618.1103515625},"gwa-speed-50":{"min":2.402573823928833,"max":11.777750968933105},"gwa-power-100":{"min":68.85857391357422,"max":1899.1842041015625},"gwa-speed-100":{"min":2.997448444366455,"max":13.061528205871582},"gwa-power-150":{"min":85.4466323852539,"max":2107.397705078125},"gwa-speed-150":{"min":3.4493417739868164,"max":13.587983131408691},"gwa-power-200":{"min":105.19902038574219,"max":2281.32177734375},"gwa-speed-200":{"min":3.6593117713928223,"max":14.142813682556152},"gebco":{"min":-171.0,"max":1799.0},"srtm90":{"min":-154.0,"max":1814.0},"waterbodies":{"min":0.0,"max":2.0},"gwa-enercon-e44-50":{"min":0.027253368869423866,"max":0.5796258449554443},"gwa-enercon-e48-50":{"min":0.03432788699865341,"max":0.647983193397522},"gwa-enercon-e53-50":{"min":0.04290924593806267,"max":0.6871505379676819},"gwa-offshore-dtu-10mw-119":{"min":0.06405021995306015,"max":0.7491955757141113},"gwa-offshore-iea-15mw-150":{"min":0.09235581010580063,"max":0.8086086511611938},"gwa-offshore-leanwind-8mw-110":{"min":0.06469102203845978,"max":0.7556338310241699},"gwa-vestas-v100-mode0-100":{"min":0.09554722160100937,"max":0.8217507004737854},"gwa-vestas-v100-mode0-120":{"min":0.10736628621816635,"max":0.8329235315322876},"gwa-vestas-v100-mode0-150":{"min":0.1179264634847641,"max":0.8388089537620544},"gwa-vestas-v100-mode0-80":{"min":0.07915802299976349,"max":0.7956831455230713},"gwa-vestas-v110-mode0-100":{"min":0.1089370995759964,"max":0.8516215085983276},"gwa-vestas-v110-mode0-120":{"min":0.12300984561443329,"max":0.8617127537727356},"gwa-vestas-v110-mode0-150":{"min":0.13652437925338745,"max":0.8658004403114319},"gwa-vestas-v110-mode0-80":{"min":0.0907207578420639,"max":0.8276854753494263},"gwa-vestas-v112-mode0-100":{"min":0.07133186608552933,"max":0.762287974357605},"gwa-vestas-v112-mode0-120":{"min":0.0780329778790474,"max":0.7817282676696777},"gwa-vestas-v112-mode0-150":{"min":0.08690536022186279,"max":0.7939245700836182},"gwa-vestas-v112-mode0-80":{"min":0.05998632311820984,"max":0.7311859130859375},"gwa-vestas-v120-mode0-100":{"min":0.11344147473573685,"max":0.8408694863319397},"gwa-vestas-v120-mode0-120":{"min":0.12720733880996704,"max":0.8506090641021729},"gwa-vestas-v120-mode0-150":{"min":0.14378130435943604,"max":0.8566701412200928},"gwa-vestas-v120-mode0-80":{"min":0.09466968476772308,"max":0.8185353875160217},"gwa-vestas-v126-mode0-100":{"min":0.08698432892560959,"max":0.79930180311203},"gwa-vestas-v126-mode0-120":{"min":0.09628455340862274,"max":0.8132057785987854},"gwa-vestas-v126-mode0-150":{"min":0.10619014501571655,"max":0.8161147236824036},"gwa-vestas-v126-mode0-80":{"min":0.07188977301120758,"max":0.7705867290496826},"gwa-vestas-v136-mode0-100":{"min":0.09739392250776291,"max":0.8264831304550171},"gwa-vestas-v136-mode0-120":{"min":0.10994382202625275,"max":0.8384778499603271},"gwa-vestas-v136-mode0-150":{"min":0.12054271250963211,"max":0.84257972240448},"gwa-vestas-v136-mode0-80":{"min":0.0807914286851883,"max":0.8000994920730591},"air-density":{"min":0.9654235243797302,"max":1.142016887664795},"lcoe":{"gwa-vestas-v100-mode0-120":{"lg":{"min":45.73103332519531,"max":327.739990234375},"li":{"min":1.3028757572174072,"max":10.549713134765625},"lr":{"min":0.0,"max":0.7538794875144958},"total":{"min":47.564212799072266,"max":337.88720703125}},"gwa-vestas-v110-mode0-120":{"lg":{"min":44.33683395385742,"max":286.5689392089844},"li":{"min":1.2559130191802979,"max":9.291543006896973},"lr":{"min":0.0,"max":0.6565032005310059},"total":{"min":46.108768463134766,"max":295.7008972167969}},"gwa-vestas-v112-mode0-120":{"lg":{"min":48.463993072509766,"max":449.4367980957031},"li":{"min":1.391117811203003,"max":14.020755767822266},"lr":{"min":0.0,"max":1.0123382806777954},"total":{"min":50.4172248840332,"max":463.3984375}},"gwa-vestas-v112-mode0-100":{"lg":{"min":49.59793472290039,"max":491.2823486328125},"li":{"min":1.4164382219314575,"max":15.480021476745605},"lr":{"min":0.0,"max":1.0682251453399658},"total":{"min":51.600982666015625,"max":506.8448486328125}},"gwa-offshore-dtu-10mw-119":{"lg":{"min":50.394775390625,"max":546.6798095703125},"li":{"min":1.4513859748840332,"max":17.11374855041504},"lr":{"min":0.0,"max":1.1981924772262573},"total":{"min":52.432823181152344,"max":563.6893920898438}},"gwa-vestas-v126-mode0-150":{"lg":{"min":46.59053421020508,"max":331.3256530761719},"li":{"min":1.3312466144561768,"max":10.903852462768555},"lr":{"min":0.0,"max":0.7834740877151489},"total":{"min":48.263301849365234,"max":341.5852355957031}},"gwa-vestas-v120-mode0-80":{"lg":{"min":46.46458053588867,"max":371.1582946777344},"li":{"min":1.312851071357727,"max":11.709399223327637},"lr":{"min":0.0,"max":0.6926645636558533},"total":{"min":48.296661376953125,"max":382.95562744140625}},"gsa-pvout":{"lg":{"min":150.24472772467732,"max":179.91425976259026},"li":{"min":4.4245851734063235,"max":7.561127341129576},"lr":{"min":0.0,"max":0.691179779537656},"total":{"min":154.87958861362748,"max":185.79197444569897}},"gwa-vestas-v126-mode0-80":{"lg":{"min":49.106876373291016,"max":487.5007629394531},"li":{"min":1.3953031301498413,"max":15.419790267944336},"lr":{"min":0.0,"max":0.9351581931114197},"total":{"min":51.08835220336914,"max":503.0363464355469}},"gwa-offshore-leanwind-8mw-110":{"lg":{"min":49.999481201171875,"max":541.3042602539062},"li":{"min":1.43644118309021,"max":17.06513786315918},"lr":{"min":0.0,"max":1.173895001411438},"total":{"min":52.02016830444336,"max":558.3349609375}},"gwa-vestas-v110-mode0-100":{"lg":{"min":44.814796447753906,"max":323.0718078613281},"li":{"min":1.2718721628189087,"max":10.175827980041504},"lr":{"min":0.0,"max":0.6860324740409851},"total":{"min":46.607723236083984,"max":333.32403564453125}},"gwa-vestas-v136-mode0-100":{"lg":{"min":46.05622482299805,"max":360.8883972167969},"li":{"min":1.3101392984390259,"max":11.381872177124023},"lr":{"min":0.0,"max":0.7746185064315796},"total":{"min":47.903690338134766,"max":372.355712890625}},"gwa-vestas-v126-mode0-100":{"lg":{"min":47.48640060424805,"max":403.59796142578125},"li":{"min":1.3555275201797485,"max":12.743965148925781},"lr":{"min":0.0,"max":0.8775043487548828},"total":{"min":49.396690368652344,"max":416.4375915527344}},"gwa-vestas-v126-mode0-120":{"lg":{"min":46.742881774902344,"max":365.0003662109375},"li":{"min":1.3394453525543213,"max":11.580214500427246},"lr":{"min":0.0,"max":0.835277259349823},"total":{"min":48.62051010131836,"max":376.3154602050781}},"gwa-vestas-v120-mode0-120":{"lg":{"min":44.86337661743164,"max":277.2449035644531},"li":{"min":1.2554868459701538,"max":8.900508880615234},"lr":{"min":0.0,"max":0.6243091225624084},