{"worldpop":{"min":-3.4028234663852886e+38,"max":1739.355712890625},"slope":{"min":1.1824747323989868,"max":27.440786361694336},"land-cover":{"min":39.52777862548828,"max":210.0},"airports":{"min":0.0,"max":20615.52734375},"ports":{"min":0.0,"max":24545.875},"anchorages":{"min":0.0,"max":19697.71484375},"grid":{"min":0.0,"max":8732.1240234375},"roads":{"min":0.0,"max":8944.2724609375},"pp-whs":{"min":0.0,"max":34014.703125},"unep-coral":{"min":0.0,"max":10307.763671875},"unesco":{"min":0.0,"max":48572.11328125},"unesco-ramsar":{"min":65535.0,"max":65535.0},"wwf-glw-1":{"min":65535.0,"max":65535.0},"wwf-glw-2":{"min":227425.8125,"max":277737.28125},"jrc-gsw":{"min":0.0,"max":1.0},"pp-marine-protected":{"min":0.0,"max":0.0},"unep-tidal":{"min":0.0,"max":0.0},"wwf-glw-3":{"min":255.0,"max":255.0},"gsa-pvout":{"min":3.165747880935669,"max":4.735966205596924},"gsa-ghi":{"min":3.8772504329681396,"max":5.757920742034912},"gsa-gti":{"min":3.9108293056488037,"max":5.966894626617432},"gsa-temp":{"min":17.613142013549805,"max":26.700000762939453},"gwa-iec1":{"min":0.060961462557315826,"max":0.8037370443344116},"gwa-iec2":{"min":0.08069946616888046,"max":0.8290250897407532},"gwa-iec3":{"min":0.09575759619474411,"max":0.8544689416885376},"gwa-power-10":{"min":3.6099300384521484,"max":4288.96923828125},"gwa-speed-10":{"min":1.1963870525360107,"max":12.765788078308105},"gwa-power-50":{"min":18.568790435791016,"max":1738.332763671875},"gwa-speed-50":{"min":2.4501686096191406,"max":12.6142578125},"gwa-power-100":{"min":55.59896469116211,"max":1837.4632568359375},"gwa-speed-100":{"min":3.963817834854126,"max":13.185507774353027},"gwa-power-150":{"min":97.18457794189453,"max":1785.6190185546875},"gwa-speed-150":{"min":4.826450824737549,"max":13.641965866088867},"gwa-power-200":{"min":123.60934448242188,"max":1921.198974609375},"gwa-speed-200":{"min":5.270992755889893,"max":14.080511093139648},"gebco":{"min":-412.0,"max":1314.0},"srtm90":{"min":7.0,"max":1318.0},"waterbodies":{"min":0.0,"max":1.0},"gwa-enercon-e44-50":{"min":0.007240433245897293,"max":0.693475067615509},"gwa-enercon-e48-50":{"min":0.009762204252183437,"max":0.7571007013320923},"gwa-enercon-e53-50":{"min":0.017055818811058998,"max":0.7897223234176636},"gwa-offshore-dtu-10mw-119":{"min":0.056159015744924545,"max":0.8432888984680176},"gwa-offshore-iea-15mw-150":{"min":0.11889903247356415,"max":0.8903259038925171},"gwa-offshore-leanwind-8mw-110":{"min":0.05021227151155472,"max":0.8478594422340393},"gwa-vestas-v100-mode0-100":{"min":0.08035734295845032,"max":0.8649886846542358},"gwa-vestas-v100-mode0-120":{"min":0.11301256716251373,"max":0.8843358159065247},"gwa-vestas-v100-mode0-150":{"min":0.16128084063529968,"max":0.9046058654785156},"gwa-vestas-v100-mode0-80":{"min":0.050419148057699203,"max":0.8448824286460876},"gwa-vestas-v110-mode0-100":{"min":0.09967654198408127,"max":0.8891248106956482},"gwa-vestas-v110-mode0-120":{"min":0.1385786086320877,"max":0.9068405032157898},"gwa-vestas-v110-mode0-150":{"min":0.19469524919986725,"max":0.9244770407676697},"gwa-vestas-v110-mode0-80":{"min":0.06334484368562698,"max":0.8698766231536865},"gwa-vestas-v112-mode0-100":{"min":0.05296414718031883,"max":0.8538081049919128},"gwa-vestas-v112-mode0-120":{"min":0.07578756660223007,"max":0.8664819002151489},"gwa-vestas-v112-mode0-150":{"min":0.11048147082328796,"max":0.8790679574012756},"gwa-vestas-v112-mode0-80":{"min":0.03259098902344704,"max":0.8361988663673401},"gwa-vestas-v120-mode0-100":{"min":0.10718407481908798,"max":0.8741965293884277},"gwa-vestas-v120-mode0-120":{"min":0.14901438355445862,"max":0.8860765099525452},"gwa-vestas-v120-mode0-150":{"min":0.20876333117485046,"max":0.8971918225288391},"gwa-vestas-v120-mode0-80":{"min":0.06800532341003418,"max":0.8538535833358765},"gwa-vestas-v126-mode0-100":{"min":0.07037130743265152,"max":0.8534170389175415},"gwa-vestas-v126-mode0-120":{"min":0.09901536256074905,"max":0.8681535124778748},"gwa-vestas-v126-mode0-150":{"min":0.14169983565807343,"max":0.8882102370262146},"gwa-vestas-v126-mode0-80":{"min":0.04419965296983719,"max":0.8291018605232239},"gwa-vestas-v136-mode0-100":{"min":0.08368942141532898,"max":0.8708220720291138},"gwa-vestas-v136-mode0-120":{"min":0.11718890815973282,"max":0.88836270570755},"gwa-vestas-v136-mode0-150":{"min":0.16637206077575684,"max":0.9084262251853943},"gwa-vestas-v136-mode0-80":{"min":0.0528130903840065,"max":0.850783109664917},"air-density":{"min":1.0254873037338257,"max":1.1530519723892212},"lcoe":{"gwa-vestas-v100-mode0-120":{"lg":{"min":43.304935455322266,"max":311.5654296875},"li":{"min":1.183068871498108,"max":9.55132007598877},"lr":{"min":0.0,"max":0.533720076084137},"total":{"min":44.521934509277344,"max":321.30450439453125}},"gwa-vestas-v110-mode0-120":{"lg":{"min":42.32952117919922,"max":254.8234100341797},"li":{"min":1.1537091732025146,"max":7.789220333099365},"lr":{"min":0.0,"max":0.43568316102027893},"total":{"min":43.516319274902344,"max":262.7657470703125}},"gwa-vestas-v112-mode0-120":{"lg":{"min":44.114810943603516,"max":462.6340637207031},"li":{"min":1.207537055015564,"max":14.242696762084961},"lr":{"min":0.0,"max":0.7942169904708862},"total":{"min":45.35328674316406,"max":477.15673828125}},"gwa-vestas-v112-mode0-100":{"lg":{"min":44.71027374267578,"max":660.2696533203125},"li":{"min":1.2204086780548096,"max":20.380189895629883},"lr":{"min":0.0,"max":1.0872788429260254},"total":{"min":45.96713638305664,"max":681.0504760742188}},"gwa-offshore-dtu-10mw-119":{"lg":{"min":45.21809387207031,"max":622.9345703125},"li":{"min":1.2369288206100464,"max":19.22076416015625},"lr":{"min":0.0,"max":1.0578323602676392},"total":{"min":46.49063491821289,"max":642.5331420898438}},"gwa-vestas-v126-mode0-150":{"lg":{"min":43.133480072021484,"max":249.2985382080078},"li":{"min":1.177908182144165,"max":7.662205696105957},"lr":{"min":0.0,"max":0.4430524706840515},"total":{"min":44.34517288208008,"max":257.0659484863281}},"gwa-vestas-v120-mode0-80":{"lg":{"min":44.70810317993164,"max":515.1182250976562},"li":{"min":1.2385846376419067,"max":15.872570037841797},"lr":{"min":0.0,"max":0.8006923198699951},"total":{"min":46.02072525024414,"max":531.3027954101562}},"gsa-pvout":{"lg":{"min":163.40996773406604,"max":242.4776831314491},"li":{"min":4.72869945123555,"max":7.178120315242693},"lr":{"min":0.0,"max":0.5766037594605783},"total":{"min":168.34311666071923,"max":249.7834848213514}},"gwa-vestas-v126-mode0-80":{"lg":{"min":45.92338943481445,"max":790.4035034179688},"li":{"min":1.257675051689148,"max":24.421443939208984},"lr":{"min":0.0,"max":1.2252180576324463},"total":{"min":47.21770477294922,"max":815.3049926757812}},"gwa-offshore-leanwind-8mw-110":{"lg":{"min":44.99589920043945,"max":696.2363891601562},"li":{"min":1.2298328876495361,"max":21.497119903564453},"lr":{"min":0.0,"max":1.1641433238983154},"total":{"min":46.26157760620117,"max":718.1561279296875}},"gwa-vestas-v110-mode0-100":{"lg":{"min":43.093231201171875,"max":352.7155456542969},"li":{"min":1.1766966581344604,"max":10.82922077178955},"lr":{"min":0.0,"max":0.5814034938812256},"total":{"min":44.30367660522461,"max":363.75762939453125}},"gwa-vestas-v136-mode0-100":{"lg":{"min":43.914878845214844,"max":419.33038330078125},"li":{"min":1.2028782367706299,"max":12.897917747497559},"lr":{"min":0.0,"max":0.6914397478103638},"total":{"min":45.14718246459961,"max":432.4818420410156}},"gwa-vestas-v126-mode0-100":{"lg":{"min":44.72892761230469,"max":497.9336853027344},"li":{"min":1.2325738668441772,"max":15.338911056518555},"lr":{"min":0.0,"max":0.8214935064315796},"total":{"min":45.986366271972656,"max":513.5740966796875}},"gwa-vestas-v126-mode0-120":{"lg":{"min":44.03757095336914,"max":355.04412841796875},"li":{"min":1.2087208032608032,"max":10.901534080505371},"lr":{"min":0.0,"max":0.6095106601715088},"total":{"min":45.27366256713867,"max":366.1599426269531}},"gwa-vestas-v120-mode0-120":{"lg":{"min":43.22772216796875,"max":237.25775146484375},"li":{"min":1.1807448863983154,