{"worldpop":{"min":-3.4028234663852886e+38,"max":1739.355712890625},"slope":{"min":0.0,"max":29.484752655029297},"land-cover":{"min":39.52777862548828,"max":210.0},"airports":{"min":0.0,"max":344778.90625},"ports":{"min":0.0,"max":353003.1875},"anchorages":{"min":0.0,"max":311602.71875},"grid":{"min":0.0,"max":341936.03125},"roads":{"min":0.0,"max":303237.53125},"pp-whs":{"min":0.0,"max":350522.8125},"unep-coral":{"min":0.0,"max":300759.84375},"unesco":{"min":0.0,"max":355435.3125},"unesco-ramsar":{"min":65535.0,"max":65535.0},"wwf-glw-1":{"min":65535.0,"max":65535.0},"wwf-glw-2":{"min":212461.765625,"max":476160.6875},"jrc-gsw":{"min":0.0,"max":255.0},"pp-marine-protected":{"min":0.0,"max":1.0},"unep-tidal":{"min":0.0,"max":1.0},"wwf-glw-3":{"min":255.0,"max":255.0},"gsa-pvout":{"min":3.165747880935669,"max":4.985540866851807},"gsa-ghi":{"min":3.8772504329681396,"max":6.0784077644348145},"gsa-gti":{"min":3.9108293056488037,"max":6.305392742156982},"gsa-temp":{"min":17.613142013549805,"max":26.799999237060547},"gwa-iec1":{"min":0.060961462557315826,"max":0.8037370443344116},"gwa-iec2":{"min":0.08069946616888046,"max":0.8290250897407532},"gwa-iec3":{"min":0.09575759619474411,"max":0.8544689416885376},"gwa-power-10":{"min":3.6099300384521484,"max":4288.96923828125},"gwa-speed-10":{"min":1.1963870525360107,"max":12.765788078308105},"gwa-power-50":{"min":18.568790435791016,"max":1738.332763671875},"gwa-speed-50":{"min":2.372014045715332,"max":12.6142578125},"gwa-power-100":{"min":55.59896469116211,"max":1837.4632568359375},"gwa-speed-100":{"min":4.822487831115723,"max":10.937345504760742},"gwa-power-150":{"min":97.18457794189453,"max":1785.6190185546875},"gwa-speed-150":{"min":4.787698745727539,"max":13.641965866088867},"gwa-power-200":{"min":123.60934448242188,"max":1921.198974609375},"gwa-speed-200":{"min":5.221017360687256,"max":14.080511093139648},"gebco":{"min":-5933.0,"max":1314.0},"srtm90":{"min":7.0,"max":1318.0},"waterbodies":{"min":0.0,"max":1.0},"gwa-enercon-e44-50":{"min":0.007240433245897293,"max":0.678381085395813},"gwa-enercon-e48-50":{"min":0.009762204252183437,"max":0.7449204921722412},"gwa-enercon-e53-50":{"min":0.017055818811058998,"max":0.7794915437698364},"gwa-offshore-dtu-10mw-119":{"min":0.056159015744924545,"max":0.8432888984680176},"gwa-offshore-iea-15mw-150":{"min":0.11889903247356415,"max":0.8903259038925171},"gwa-offshore-leanwind-8mw-110":{"min":0.05021227151155472,"max":0.8478594422340393},"gwa-vestas-v100-mode0-100":{"min":0.08035734295845032,"max":0.8649886846542358},"gwa-vestas-v100-mode0-120":{"min":0.11301256716251373,"max":0.8843358159065247},"gwa-vestas-v100-mode0-150":{"min":0.16128084063529968,"max":0.9046058654785156},"gwa-vestas-v100-mode0-80":{"min":0.050419148057699203,"max":0.8448824286460876},"gwa-vestas-v110-mode0-100":{"min":0.09967654198408127,"max":0.8891248106956482},"gwa-vestas-v110-mode0-120":{"min":0.1385786086320877,"max":0.9068405032157898},"gwa-vestas-v110-mode0-150":{"min":0.19469524919986725,"max":0.9244770407676697},"gwa-vestas-v110-mode0-80":{"min":0.06334484368562698,"max":0.8698766231536865},"gwa-vestas-v112-mode0-100":{"min":0.05296414718031883,"max":0.8538081049919128},"gwa-vestas-v112-mode0-120":{"min":0.07578756660223007,"max":0.8664819002151489},"gwa-vestas-v112-mode0-150":{"min":0.11048147082328796,"max":0.8790679574012756},"gwa-vestas-v112-mode0-80":{"min":0.03259098902344704,"max":0.8350762724876404},"gwa-vestas-v120-mode0-100":{"min":0.10718407481908798,"max":0.8741965293884277},"gwa-vestas-v120-mode0-120":{"min":0.14901438355445862,"max":0.8860765099525452},"gwa-vestas-v120-mode0-150":{"min":0.20876333117485046,"max":0.8971918225288391},"gwa-vestas-v120-mode0-80":{"min":0.06800532341003418,"max":0.8538535833358765},"gwa-vestas-v126-mode0-100":{"min":0.07037130743265152,"max":0.8534170389175415},"gwa-vestas-v126-mode0-120":{"min":0.09901536256074905,"max":0.8681535124778748},"gwa-vestas-v126-mode0-150":{"min":0.14169983565807343,"max":0.8882102370262146},"gwa-vestas-v126-mode0-80":{"min":0.04419965296983719,"max":0.8291018605232239},"gwa-vestas-v136-mode0-100":{"min":0.08368942141532898,"max":0.8708220720291138},"gwa-vestas-v136-mode0-120":{"min":0.11718890815973282,"max":0.88836270570755},"gwa-vestas-v136-mode0-150":{"min":0.16637206077575684,"max":0.9084262251853943},"gwa-vestas-v136-mode0-80":{"min":0.0528130903840065,"max":0.850783109664917},"air-density":{"min":1.0254873037338257,"max":1.1544679403305054}}