{"worldpop": {"min": -3.4028234663852886e+38, "max": 13118.046875}, "slope": {"min": 0.0, "max": 6.368130207061768}, "land-cover": {"min": 10.0, "max": 210.0}, "airports": {"min": 0.0, "max": 92769.875}, "ports": {"min": 0.0, "max": 80103.0546875}, "anchorages": {"min": 0.0, "max": 72460.3359375}, "grid": {"min": 0.0, "max": 56100.35546875}, "roads": {"min": 0.0, "max": 57293.10546875}, "pp-whs": {"min": 0.0, "max": 281127.1875}, "unep-coral": {"min": 65535.0, "max": 65535.0}, "unesco": {"min": 0.0, "max": 143793.265625}, "unesco-ramsar": {"min": 0.0, "max": 58995.76171875}, "wwf-glw-1": {"min": 0.0, "max": 187497.328125}, "wwf-glw-2": {"min": 0.0, "max": 79463.828125}, "jrc-gsw": {"min": 0.0, "max": 1.0}, "pp-marine-protected": {"min": 0.0, "max": 1.0}, "unep-tidal": {"min": 0.0, "max": 1.0}, "wwf-glw-3": {"min": 1.0, "max": 255.0}, "gsa-pvout": {"min": 2.631601333618164, "max": 3.1382312774658203}, "gsa-ghi": {"min": 2.6235783100128174, "max": 3.0422067642211914}, "gsa-gti": {"min": 3.1005477905273438, "max": 3.6798062324523926}, "gsa-temp": {"min": 7.907869815826416, "max": 9.600000381469727}, "gwa-iec1": {"min": 0.30002495646476746, "max": 0.6187536716461182}, "gwa-iec2": {"min": 0.35688871145248413, "max": 0.667047917842865}, "gwa-iec3": {"min": 0.3978596031665802, "max": 0.6999080181121826}, "gwa-power-10": {"min": 21.23440170288086, "max": 537.4224853515625}, "gwa-speed-10": {"min": 2.3940322399139404, "max": 7.591738224029541}, "gwa-power-50": {"min": 145.57176208496094, "max": 833.2935791015625}, "gwa-speed-50": {"min": 5.123240947723389, "max": 9.046162605285645}, "gwa-power-100": {"min": 263.84552001953125, "max": 1029.1171875}, "gwa-speed-100": {"min": 6.506931781768799, "max": 10.03466510772705}, "gwa-power-150": {"min": 452.0293884277344, "max": 1234.2838134765625}, "gwa-speed-150": {"min": 7.926867485046387, "max": 10.736003875732422}, "gwa-power-200": {"min": 676.5162963867188, "max": 1447.9892578125}, "gwa-speed-200": {"min": 8.96390151977539, "max": 11.284552574157715}, "gebco": {"min": -22.0, "max": 159.0}, "srtm90": {"min": -7.0, "max": 160.0}, "waterbodies": {"min": 0.0, "max": 2.0}, "gwa-enercon-e44-50": {"min": 0.11344616115093231, "max": 0.4238017499446869}, "gwa-enercon-e48-50": {"min": 0.14711904525756836, "max": 0.4944763481616974}, "gwa-enercon-e53-50": {"min": 0.18059399724006653, "max": 0.5409864187240601}, "gwa-offshore-dtu-10mw-119": {"min": 0.3167586624622345, "max": 0.6080257296562195}, "gwa-offshore-iea-15mw-150": {"min": 0.47533223032951355, "max": 0.6917257905006409}, "gwa-offshore-leanwind-8mw-110": {"min": 0.2968027591705322, "max": 0.6028323173522949}, "gwa-vestas-v100-mode0-100": {"min": 0.39040622115135193, "max": 0.6931617856025696}, "gwa-vestas-v100-mode0-120": {"min": 0.4555511176586151, "max": 0.7106506824493408}, "gwa-vestas-v100-mode0-150": {"min": 0.5499557852745056, "max": 0.7349840402603149}, "gwa-vestas-v100-mode0-80": {"min": 0.33823370933532715, "max": 0.669378399848938}, "gwa-vestas-v110-mode0-100": {"min": 0.44011175632476807, "max": 0.7274055480957031}, "gwa-vestas-v110-mode0-120": {"min": 0.5067610144615173, "max": 0.7426491975784302}, "gwa-vestas-v110-mode0-150": {"min": 0.5985981822013855, "max": 0.7633823156356812}, "gwa-vestas-v110-mode0-80": {"min": 0.38508644700050354, "max": 0.704090416431427}, "gwa-vestas-v112-mode0-100": {"min": 0.30004405975341797, "max": 0.6192251443862915}, "gwa-vestas-v112-mode0-120": {"min": 0.35851597785949707, "max": 0.6407532691955566}, "gwa-vestas-v112-mode0-150": {"min": 0.45204320549964905, "max": 0.6727213859558105}, "gwa-vestas-v112-mode0-80": {"min": 0.2557580769062042, "max": 0.6003192067146301}, "gwa-vestas-v120-mode0-100": {"min": 0.4608258306980133, "max": 0.7290927767753601}, "gwa-vestas-v120-mode0-120": {"min": 0.5278922915458679, "max": 0.741939902305603}, "gwa-vestas-v120-mode0-150": {"min": 0.6177344918251038, "max": 0.7614437937736511}, "gwa-vestas-v120-mode0-80": {"min": 0.40465080738067627, "max": 0.7059680223464966}, "gwa-vestas-v126-mode0-100": {"min": 0.35699039697647095, "max": 0.6672371625900269}, "gwa-vestas-v126-mode0-120": {"min": 0.4199942946434021, "max": 0.6862207055091858}, "gwa-vestas-v126-mode0-150": {"min": 0.5147743225097656, "max": 0.7129411697387695}, "gwa-vestas-v126-mode0-80": {"min": 0.3076060712337494, "max": 0.6445318460464478}, "gwa-vestas-v136-mode0-100": {"min": 0.3979265093803406, "max": 0.6995254158973694}, "gwa-vestas-v136-mode0-120": {"min": 0.46314534544944763, "max": 0.7171745896339417}, "gwa-vestas-v136-mode0-150": {"min": 0.5570238828659058, "max": 0.7418315410614014}, "gwa-vestas-v136-mode0-80": {"min": 0.34547051787376404, "max": 0.6759413480758667}, "air-density": {"min": 1.214843511581421, "max": 1.2350883483886719}, "lcoe": {"gwa-vestas-v100-mode0-120": {"lg": {"min": 52.911170959472656, "max": 80.30046081542969}, "li": {"min": 1.4633657932281494, "max": 2.841061592102051}, "lr": {"min": 0.0, "max": 1.0244078636169434}, "total": {"min": 54.51569747924805, "max": 82.57357788085938}}, "gwa-vestas-v110-mode0-120": {"lg": {"min": 50.80373764038086, "max": 72.59004211425781}, "li": {"min": 1.398900032043457, "max": 2.699118137359619}, "lr": {"min": 0.0, "max": 0.9747142195701599}, "total": {"min": 52.30242156982422, "max": 74.63345336914062}}, "gwa-vestas-v112-mode0-120": {"lg": {"min": 58.24671936035156, "max": 100.95177459716797}, "li": {"min": 1.622515082359314, "max": 3.1945760250091553}, "lr": {"min": 0.0, "max": 1.1470212936401367}, "total": {"min": 60.05992889404297, "max": 103.84013366699219}}, "gwa-vestas-v112-mode0-100": {"lg": {"min": 60.132667541503906, "max": 119.84552001953125}, "li": {"min": 1.6737334728240967, "max": 3.4492740631103516}, "lr": {"min": 0.0, "max": 1.1866925954818726}, "total": {"min": 61.95646286010742, "max": 123.2967529296875}}, "gwa-offshore-dtu-10mw-119": {"lg": {"min": 61.16659164428711, "max": 113.73263549804688}, "li": {"min": 1.7108172178268433, "max": 3.387136220932007}, "lr": {"min": 0.0, "max": 1.2141879796981812}, "total": {"min": 63.11087417602539, "max": 117.00174713134766}}, "gwa-vestas-v126-mode0-150": {"lg": {"min": 52.75403594970703, "max": 71.52232360839844}, "li": {"min": 1.4576979875564575, "max": 2.9006292819976807}, "lr": {"min": 0.0, "max": 1.0470010042190552}, "total": {"min": 54.331336975097656, "max": 73.53691101074219}}, "gwa-vestas-v120-mode0-80": {"lg": {"min": 53.235599517822266, "max": 89.89815521240234}, "li": {"min": 1.4739799499511719, "max": 2.838387966156006}, "lr": {"min": 0.0, "max": 1.0302337408065796}, "total": {"min": 54.98188400268555, "max": 92.48313903808594}}, "gsa-pvout": {"lg": {"min": 244.56870041569312, "max": 290.8824431646891}, "li": {"min": 7.129302651567309, "max": 13.409848720385897}, "lr": {"min": 0.0, "max": 4.857743853354744}, "total": {"min": 251.74627112215916, "max": 299.8986498197761}}, "gwa-vestas-v126-mode0-80": {"lg": {"min": 57.92869186401367, "max": 116.99764251708984}, "li": {"min": 1.5974938869476318, "max": 3.381373643875122}, "lr": {"min": 0.0, "max": 1.1540807485580444}, "total": {"min": 59.535316467285156, "max": 120.39814758300781}}, "gwa-offshore-leanwind-8mw-110": {"lg": {"min": 61.65908432006836, "max": 121.11062622070312}, "li": {"min": 1.7240070104599, "max": 3.4799163341522217}, "lr": {"min": 0.0, "max": 1.2215576171875}, "total": {"min": 63.57188415527344, "max": 124.59954833984375}}, "gwa-vestas-v110-mode0-100": {"lg": {"min": 51.784568786621094, "max": 82.97711944580078}, "li": {"min": 1.4320621490478516, "max": 2.7509419918060303}, "lr": {"min": 0.0, "max": 0.995491087436676}, "total": {"min": 53.47786331176758, "max": 85.3299789428711}}, "gwa-vestas-v136-mode0-100": {"lg": {"min": 53.68906021118164, "max": 91.34970092773438}, "li": {"min": 1.4875853061676025, "max": 2.8757190704345703}, "lr": {"min": 0.0, "max": 1.0393050909042358}, "total": {"min": 55.39793395996094, "max": 93.95198822021484}}, "gwa-vestas-v126-mode0-100": {"lg": {"min": 56.09355926513672, "max": 101.36609649658203},