{"worldpop": {"min": -3.4028234663852886e+38, "max": 13118.046875}, "slope": {"min": 0.0, "max": 8.578312873840332}, "land-cover": {"min": 10.0, "max": 210.0}, "airports": {"min": 0.0, "max": 278462.28125}, "ports": {"min": 0.0, "max": 265514.59375}, "anchorages": {"min": 0.0, "max": 128150.296875}, "grid": {"min": 0.0, "max": 266269.125}, "roads": {"min": 0.0, "max": 266124.5}, "pp-whs": {"min": 0.0, "max": 312500.0}, "unep-coral": {"min": 65535.0, "max": 65535.0}, "unesco": {"min": 0.0, "max": 309726.5}, "unesco-ramsar": {"min": 0.0, "max": 256965.453125}, "wwf-glw-1": {"min": 0.0, "max": 292913.40625}, "wwf-glw-2": {"min": 0.0, "max": 281437.84375}, "jrc-gsw": {"min": 0.0, "max": 255.0}, "pp-marine-protected": {"min": 0.0, "max": 1.0}, "unep-tidal": {"min": 0.0, "max": 1.0}, "wwf-glw-3": {"min": 1.0, "max": 255.0}, "gsa-pvout": {"min": 2.6090993881225586, "max": 3.135855197906494}, "gsa-ghi": {"min": 2.594038724899292, "max": 3.0422067642211914}, "gsa-gti": {"min": 3.075578451156616, "max": 3.678959369659424}, "gsa-temp": {"min": 7.040001392364502, "max": 10.199999809265137}, "gwa-iec1": {"min": 0.23565466701984406, "max": 0.6348464488983154}, "gwa-iec2": {"min": 0.28651538491249084, "max": 0.6766048073768616}, "gwa-iec3": {"min": 0.32456174492836, "max": 0.7074075937271118}, "gwa-power-10": {"min": 11.827616691589355, "max": 686.359130859375}, "gwa-speed-10": {"min": 1.9404000043869019, "max": 8.318938255310059}, "gwa-power-50": {"min": 102.45006561279297, "max": 1040.792236328125}, "gwa-speed-50": {"min": 4.576503753662109, "max": 9.732611656188965}, "gwa-power-100": {"min": 200.60711669921875, "max": 1227.956298828125}, "gwa-speed-100": {"min": 5.925066947937012, "max": 10.479263305664062}, "gwa-power-150": {"min": 336.49798583984375, "max": 1361.0860595703125}, "gwa-speed-150": {"min": 7.1473236083984375, "max": 10.803532600402832}, "gwa-power-200": {"min": 484.7476501464844, "max": 1459.146484375}, "gwa-speed-200": {"min": 7.999531269073486, "max": 11.297704696655273}, "gebco": {"min": -508.0, "max": 216.0}, "srtm90": {"min": -7.0, "max": 205.0}, "waterbodies": {"min": 0.0, "max": 2.0}, "gwa-enercon-e44-50": {"min": 0.07274102419614792, "max": 0.46739643812179565}, "gwa-enercon-e48-50": {"min": 0.0952824130654335, "max": 0.5358086824417114}, "gwa-enercon-e53-50": {"min": 0.12115257233381271, "max": 0.5782786011695862}, "gwa-offshore-dtu-10mw-119": {"min": 0.24641981720924377, "max": 0.6146834492683411}, "gwa-offshore-iea-15mw-150": {"min": 0.3858470916748047, "max": 0.6917257905006409}, "gwa-offshore-leanwind-8mw-110": {"min": 0.23131048679351807, "max": 0.6137762069702148}, "gwa-vestas-v100-mode0-100": {"min": 0.3169996440410614, "max": 0.7001639604568481}, "gwa-vestas-v100-mode0-120": {"min": 0.37491175532341003, "max": 0.7130754590034485}, "gwa-vestas-v100-mode0-150": {"min": 0.4616689383983612, "max": 0.7349840402603149}, "gwa-vestas-v100-mode0-80": {"min": 0.26707956194877625, "max": 0.6805049777030945}, "gwa-vestas-v110-mode0-100": {"min": 0.3639923334121704, "max": 0.7348535060882568}, "gwa-vestas-v110-mode0-120": {"min": 0.4248843789100647, "max": 0.7462465763092041}, "gwa-vestas-v110-mode0-150": {"min": 0.5123706459999084, "max": 0.7633823156356812}, "gwa-vestas-v110-mode0-80": {"min": 0.3108975291252136, "max": 0.7158436179161072}, "gwa-vestas-v112-mode0-100": {"min": 0.23574572801589966, "max": 0.6330540776252747}, "gwa-vestas-v112-mode0-120": {"min": 0.28491702675819397, "max": 0.6450801491737366}, "gwa-vestas-v112-mode0-150": {"min": 0.3644832670688629, "max": 0.6727213859558105}, "gwa-vestas-v112-mode0-80": {"min": 0.19423913955688477, "max": 0.6152045130729675}, "gwa-vestas-v120-mode0-100": {"min": 0.3837275505065918, "max": 0.7368247509002686}, "gwa-vestas-v120-mode0-120": {"min": 0.44586682319641113, "max": 0.7455751299858093}, "gwa-vestas-v120-mode0-150": {"min": 0.5333959460258484, "max": 0.7615926265716553}, "gwa-vestas-v120-mode0-80": {"min": 0.32929182052612305, "max": 0.7195610404014587}, "gwa-vestas-v126-mode0-100": {"min": 0.28655317425727844, "max": 0.674538254737854}, "gwa-vestas-v126-mode0-120": {"min": 0.34134963154792786, "max": 0.6876745223999023}, "gwa-vestas-v126-mode0-150": {"min": 0.4258909821510315, "max": 0.7129411697387695}, "gwa-vestas-v126-mode0-80": {"min": 0.23967702686786652, "max": 0.657142698764801}, "gwa-vestas-v136-mode0-100": {"min": 0.32419586181640625, "max": 0.7063801288604736}, "gwa-vestas-v136-mode0-120": {"min": 0.3823539614677429, "max": 0.719342827796936}, "gwa-vestas-v136-mode0-150": {"min": 0.4689218997955322, "max": 0.7418315410614014}, "gwa-vestas-v136-mode0-80": {"min": 0.27396658062934875, "max": 0.6876475214958191}, "air-density": {"min": 1.210918664932251, "max": 1.235704779624939}}