{"worldpop":{"min":-3.4028234663852886e+38,"max":14481.0146484375},"slope":{"min":0.0,"max":32.55070114135742},"land-cover":{"min":10.0,"max":210.0},"airports":{"min":0.0,"max":145113.75},"ports":{"min":0.0,"max":94589.90625},"anchorages":{"min":0.0,"max":94589.90625},"grid":{"min":0.0,"max":33154.9375},"roads":{"min":0.0,"max":22945.587890625},"pp-whs":{"min":291096.1875,"max":650125.0},"unep-coral":{"min":0.0,"max":97867.2578125},"unesco":{"min":0.0,"max":193959.390625},"unesco-ramsar":{"min":0.0,"max":298205.46875},"wwf-glw-1":{"min":0.0,"max":306029.8125},"wwf-glw-2":{"min":0.0,"max":72624.03125},"jrc-gsw":{"min":0.0,"max":1.0},"pp-marine-protected":{"min":0.0,"max":1.0},"unep-tidal":{"min":0.0,"max":1.0},"wwf-glw-3":{"min":1.0,"max":255.0},"gsa-pvout":{"min":3.456613302230835,"max":5.0974531173706055},"gsa-ghi":{"min":4.185962200164795,"max":6.1408305168151855},"gsa-gti":{"min":4.255860328674316,"max":6.497868537902832},"gsa-temp":{"min":9.649288177490234,"max":28.0},"gwa-iec1":{"min":0.0019007109804078937,"max":0.6381489038467407},"gwa-iec2":{"min":0.002698628231883049,"max":0.7014117240905762},"gwa-iec3":{"min":0.003212396753951907,"max":0.7398130297660828},"gwa-power-10":{"min":0.5131977200508118,"max":1847.62158203125},"gwa-speed-10":{"min":0.43076595664024353,"max":10.688420295715332},"gwa-power-50":{"min":1.6855719089508057,"max":2005.4241943359375},"gwa-speed-50":{"min":0.7765102982521057,"max":12.088936805725098},"gwa-power-100":{"min":4.841524600982666,"max":1825.320556640625},"gwa-speed-100":{"min":1.2215458154678345,"max":12.134989738464355},"gwa-power-150":{"min":6.9372878074646,"max":1763.3682861328125},"gwa-speed-150":{"min":1.3418476581573486,"max":12.151896476745605},"gwa-power-200":{"min":9.711088180541992,"max":1687.077880859375},"gwa-speed-200":{"min":1.430158019065857,"max":11.971126556396484},"gebco":{"min":-151.0,"max":2980.0},"srtm90":{"min":-42.0,"max":3013.0},"waterbodies":{"min":0.0,"max":2.0},"gwa-enercon-e44-50":{"min":0.00020078169472981244,"max":0.514835000038147},"gwa-enercon-e48-50":{"min":0.0002748016268014908,"max":0.5758325457572937},"gwa-enercon-e53-50":{"min":0.0007658908725716174,"max":0.6127254962921143},"gwa-offshore-dtu-10mw-119":{"min":0.0016470822738483548,"max":0.6121498346328735},"gwa-offshore-iea-15mw-150":{"min":0.004957407712936401,"max":0.6962512731552124},"gwa-offshore-leanwind-8mw-110":{"min":0.0014733517309650779,"max":0.6264464259147644},"gwa-vestas-v100-mode0-100":{"min":0.0035207110922783613,"max":0.7316688299179077},"gwa-vestas-v100-mode0-120":{"min":0.005003413185477257,"max":0.7373183965682983},"gwa-vestas-v100-mode0-150":{"min":0.0070542204193770885,"max":0.7653294205665588},"gwa-vestas-v100-mode0-80":{"min":0.0017819504719227552,"max":0.7231418490409851},"gwa-vestas-v110-mode0-100":{"min":0.004595789592713118,"max":0.771877110004425},"gwa-vestas-v110-mode0-120":{"min":0.006395043805241585,"max":0.7794004082679749},"gwa-vestas-v110-mode0-150":{"min":0.008970999158918858,"max":0.8030986785888672},"gwa-vestas-v110-mode0-80":{"min":0.002348470501601696,"max":0.7633314728736877},"gwa-vestas-v112-mode0-100":{"min":0.002153072040528059,"max":0.6446341276168823},"gwa-vestas-v112-mode0-120":{"min":0.0031580550130456686,"max":0.642001748085022},"gwa-vestas-v112-mode0-150":{"min":0.004488787613809109,"max":0.6731723546981812},"gwa-vestas-v112-mode0-80":{"min":0.0010759426513686776,"max":0.6426463723182678},"gwa-vestas-v120-mode0-100":{"min":0.00489189475774765,"max":0.7830299735069275},"gwa-vestas-v120-mode0-120":{"min":0.006824843119829893,"max":0.7941796183586121},"gwa-vestas-v120-mode0-150":{"min":0.009580082260072231,"max":0.8143953680992126},"gwa-vestas-v120-mode0-80":{"min":0.002491970546543598,"max":0.7735629081726074},"gwa-vestas-v126-mode0-100":{"min":0.0031201387755572796,"max":0.6938848495483398},"gwa-vestas-v126-mode0-120":{"min":0.0044111269526183605,"max":0.7014479041099548},"gwa-vestas-v126-mode0-150":{"min":0.006223655771464109,"max":0.7325607538223267},"gwa-vestas-v126-mode0-80":{"min":0.0015851634088903666,"max":0.6858502626419067},"gwa-vestas-v136-mode0-100":{"min":0.0037752389907836914,"max":0.7332582473754883},"gwa-vestas-v136-mode0-120":{"min":0.005304583813995123,"max":0.7415040731430054},"gwa-vestas-v136-mode0-150":{"min":0.007456162013113499,"max":0.768937349319458},"gwa-vestas-v136-mode0-80":{"min":0.001923706498928368,"max":0.7249354124069214},"air-density":{"min":0.8768631219863892,"max":1.1628752946853638},"lcoe":{"gwa-vestas-v100-mode0-120":{"lg":{"min":51.142127990722656,"max":6951.009765625},"li":{"min":1.4823726415634155,"max":222.26852416992188},"lr":{"min":0.0,"max":14.877764701843262},"total":{"min":52.8677864074707,"max":7174.640625}},"gwa-vestas-v110-mode0-120":{"lg":{"min":48.59679412841797,"max":5439.26513671875},"li":{"min":1.4063059091567993,"max":172.67393493652344},"lr":{"min":0.0,"max":11.640202522277832},"total":{"min":50.36018371582031,"max":5614.2314453125}},"gwa-vestas-v112-mode0-120":{"lg":{"min":58.14122009277344,"max":10000.0},"li":{"min":1.7136567831039429,"max":355.7323913574219},"lr":{"min":0.0,"max":23.571348190307617},"total":{"min":59.97034454345703,"max":10000.0}},"gwa-vestas-v112-mode0-100":{"lg":{"min":57.92013931274414,"max":10000.0},"li":{"min":1.7212331295013428,"max":622.9844360351562},"lr":{"min":0.0,"max":33.02667999267578},"total":{"min":59.74179458618164,"max":10000.0}},"gwa-offshore-dtu-10mw-119":{"lg":{"min":60.781455993652344,"max":10000.0},"li":{"min":1.8125717639923096,"max":687.7225341796875},"lr":{"min":0.0,"max":46.44854736328125},"total":{"min":62.69977951049805,"max":10000.0}},"gwa-vestas-v126-mode0-150":{"lg":{"min":51.44829559326172,"max":5588.9423828125},"li":{"min":1.5054194927215576,"max":167.82391357421875},"lr":{"min":0.0,"max":12.094115257263184},"total":{"min":53.125450134277344,"max":5768.72705078125}},"gwa-vestas-v120-mode0-80":{"lg":{"min":48.9333381652832,"max":10000.0},"li":{"min":1.4083770513534546,"max":536.2954711914062},"lr":{"min":0.0,"max":27.51759910583496},"total":{"min":50.4284553527832,"max":10000.0}},"gsa-pvout":{"lg":{"min":152.10537785058833,"max":222.41037860283512},"li":{"min":4.412158971985016,"max":7.559094246829237},"lr":{"min":0.0,"max":1.178111037988647},"total":{"min":157.16211808552436,"max":229.9960150718597}},"gwa-vestas-v126-mode0-80":{"lg":{"min":54.6798095703125,"max":10000.0},"li":{"min":1.588492751121521,"max":843.0881958007812},"lr":{"min":0.0,"max":43.544742584228516},"total":{"min":56.36613464355469,"max":10000.0}},"gwa-offshore-leanwind-8mw-110":{"lg":{"min":59.48560333251953,"max":10000.0},"li":{"min":1.7712057828903198,"max":800.4659423828125},"lr":{"min":0.0,"max":51.925533294677734},"total":{"min":61.360145568847656,"max":10000.0}},"gwa-vestas-v110-mode0-100":{"lg":{"min":49.03146743774414,"max":7567.1748046875},"li":{"min":1.4114527702331543,"max":291.8606872558594},"lr":{"min":0.0,"max":15.217110633850098},"total":{"min":50.529850006103516,"max":7872.21923828125}},"gwa-vestas-v136-mode0-100":{"lg":{"min":51.403160095214844,"max":9211.0361328125},"li":{"min":1.485790491104126,"max":355.2967834472656},"lr":{"min":0.0,"max":18.367233276367188},"total":{"min":52.9804573059082,"max":9582.3818359375}},"gwa-vestas-v126-mode0-100":{"lg":{"min":54.09298324584961,"max":10000.0},"li":{"min":1.5700994729995728,"max":429.8944091796875},"lr":{"min":0.0,"max":22.312660217285156},"total":{"min":55.75978088378906,"max":10000.0}},"gwa-vestas-v126-mode0-120":{"lg":{"min":53.552879333496094,"max":7883.79150390625},"li":{"min":1.56184983253479,"max":251.85220336914062},"lr":{"min":0.0,"max":16.875417709350586},"total":{"min":55.48782730102539,"max":8137.44970703125}},"gwa-vestas-v120-mode0-120":{"lg":{"min":47.766876220703125,"max":5096.9755859375},"li":{"min":1.387318730354309,"max":161.81016540527344},"lr":{"min":0.0,"max":10.90715217590332},"total":{"min":49.60387420654297,"max":5260.92333984375}},"gwa-vestas-v120-mode0-150":{"lg":{"min":46.680450439453125,"max":3632.231689453125},