{"worldpop":{"min":-3.4028234663852886e+38,"max":53074.9140625},"slope":{"min":0.0,"max":57.38536834716797},"land-cover":{"min":10.0,"max":210.0},"airports":{"min":0.0,"max":475158.15625},"ports":{"min":0.0,"max":473295.90625},"anchorages":{"min":0.0,"max":474014.78125},"grid":{"min":0.0,"max":500000.0},"roads":{"min":0.0,"max":467701.84375},"pp-whs":{"min":229425.921875,"max":864106.625},"unep-coral":{"min":0.0,"max":462394.3125},"unesco":{"min":500.0,"max":500000.0},"unesco-ramsar":{"min":0.0,"max":499999.25},"wwf-glw-1":{"min":0.0,"max":499999.25},"wwf-glw-2":{"min":0.0,"max":473044.65625},"jrc-gsw":{"min":0.0,"max":255.0},"pp-marine-protected":{"min":0.0,"max":1.0},"unep-tidal":{"min":0.0,"max":1.0},"wwf-glw-3":{"min":1.0,"max":255.0},"gsa-pvout":{"min":3.5240132808685303,"max":5.1246490478515625},"gsa-ghi":{"min":4.163910865783691,"max":6.174400329589844},"gsa-gti":{"min":4.288902282714844,"max":6.557980060577393},"gsa-temp":{"min":9.649288177490234,"max":28.600000381469727},"gwa-iec1":{"min":0.0019007109804078937,"max":0.7063642144203186},"gwa-iec2":{"min":0.002698628231883049,"max":0.758849561214447},"gwa-iec3":{"min":0.003212396753951907,"max":0.7965685129165649},"gwa-power-10":{"min":0.5596155524253845,"max":1913.810302734375},"gwa-speed-10":{"min":0.4330231547355652,"max":9.415722846984863},"gwa-power-50":{"min":1.6855719089508057,"max":1880.5360107421875},"gwa-speed-50":{"min":0.7765102982521057,"max":11.4050931930542},"gwa-power-100":{"min":4.867885112762451,"max":1740.8408203125},"gwa-speed-100":{"min":2.591083526611328,"max":10.68102741241455},"gwa-power-150":{"min":6.955886363983154,"max":1656.151611328125},"gwa-speed-150":{"min":1.3418476581573486,"max":11.649328231811523},"gwa-power-200":{"min":9.476821899414062,"max":1705.5980224609375},"gwa-speed-200":{"min":1.430158019065857,"max":11.522533416748047},"gebco":{"min":-8451.0,"max":2980.0},"srtm90":{"min":-42.0,"max":3013.0},"waterbodies":{"min":0.0,"max":2.0},"gwa-enercon-e44-50":{"min":0.00020078169472981244,"max":0.514835000038147},"gwa-enercon-e48-50":{"min":0.0002748016268014908,"max":0.5758325457572937},"gwa-enercon-e53-50":{"min":0.0007658908725716174,"max":0.6227736473083496},"gwa-offshore-dtu-10mw-119":{"min":0.0013780096778646111,"max":0.658270001411438},"gwa-offshore-iea-15mw-150":{"min":0.005373501218855381,"max":0.7226629257202148},"gwa-offshore-leanwind-8mw-110":{"min":0.0012276292545720935,"max":0.6708428859710693},"gwa-vestas-v100-mode0-100":{"min":0.0033304686658084393,"max":0.7855660915374756},"gwa-vestas-v100-mode0-120":{"min":0.005234683398157358,"max":0.7938116788864136},"gwa-vestas-v100-mode0-150":{"min":0.007662944495677948,"max":0.7941221594810486},"gwa-vestas-v100-mode0-80":{"min":0.0021852198988199234,"max":0.7732180953025818},"gwa-vestas-v110-mode0-100":{"min":0.004410164430737495,"max":0.8261487483978271},"gwa-vestas-v110-mode0-120":{"min":0.006880263797938824,"max":0.8333249688148499},"gwa-vestas-v110-mode0-150":{"min":0.009771611541509628,"max":0.8330011367797852},"gwa-vestas-v110-mode0-80":{"min":0.0028921421617269516,"max":0.8087897896766663},"gwa-vestas-v112-mode0-100":{"min":0.0019896819721907377,"max":0.6967319846153259},"gwa-vestas-v112-mode0-120":{"min":0.003163618501275778,"max":0.698517918586731},"gwa-vestas-v112-mode0-150":{"min":0.0048596966080367565,"max":0.701190710067749},"gwa-vestas-v112-mode0-80":{"min":0.0013044351944699883,"max":0.689439058303833},"gwa-vestas-v120-mode0-100":{"min":0.004688262939453125,"max":0.8406573534011841},"gwa-vestas-v120-mode0-120":{"min":0.0073209404945373535,"max":0.8472608327865601},"gwa-vestas-v120-mode0-150":{"min":0.010431196540594101,"max":0.8465039730072021},"gwa-vestas-v120-mode0-80":{"min":0.003075577551499009,"max":0.8243154883384705},"gwa-vestas-v126-mode0-100":{"min":0.0029604677110910416,"max":0.7513094544410706},"gwa-vestas-v126-mode0-120":{"min":0.004630683455616236,"max":0.7585399746894836},"gwa-vestas-v126-mode0-150":{"min":0.006762270350009203,"max":0.759414792060852},"gwa-vestas-v126-mode0-80":{"min":0.001943840878084302,"max":0.7435466051101685},"gwa-vestas-v136-mode0-100":{"min":0.0035995992366224527,"max":0.7893794178962708},"gwa-vestas-v136-mode0-120":{"min":0.0056286766193807125,"max":0.797472357749939},"gwa-vestas-v136-mode0-150":{"min":0.008110043592751026,"max":0.7976897954940796},"gwa-vestas-v136-mode0-80":{"min":0.002363963285461068,"max":0.7774007320404053},"air-density":{"min":0.8768631219863892,"max":1.1628752946853638}}