{"worldpop":{"min":-3.4028234663852886e+38,"max":22542.82421875},"slope":{"min":0.0,"max":31.133108139038086},"land-cover":{"min":10.0,"max":210.0},"airports":{"min":0.0,"max":499996.5},"ports":{"min":500.0,"max":500000.0},"anchorages":{"min":0.0,"max":499999.25},"grid":{"min":0.0,"max":481130.1875},"roads":{"min":0.0,"max":191419.03125},"pp-whs":{"min":0.0,"max":1074688.5},"unep-coral":{"min":65535.0,"max":65535.0},"unesco":{"min":500.0,"max":500000.0},"unesco-ramsar":{"min":0.0,"max":500000.0},"wwf-glw-1":{"min":0.0,"max":500000.0},"wwf-glw-2":{"min":0.0,"max":499999.25},"jrc-gsw":{"min":0.0,"max":1.0},"pp-marine-protected":{"min":0.0,"max":1.0},"unep-tidal":{"min":0.0,"max":1.0},"wwf-glw-3":{"min":1.0,"max":255.0},"gsa-pvout":{"min":3.3910462856292725,"max":5.689018726348877},"gsa-ghi":{"min":4.007110595703125,"max":6.574741363525391},"gsa-gti":{"min":4.185616493225098,"max":7.229135990142822},"gsa-temp":{"min":8.06346321105957,"max":28.799999237060547},"gwa-iec1":{"min":0.03210505098104477,"max":0.6577873229980469},"gwa-iec2":{"min":0.040437303483486176,"max":0.6794383525848389},"gwa-iec3":{"min":0.04660816863179207,"max":0.7057358026504517},"gwa-power-10":{"min":6.675826549530029,"max":3893.1962890625},"gwa-speed-10":{"min":0.9308028817176819,"max":11.149263381958008},"gwa-power-50":{"min":17.757877349853516,"max":2679.5517578125},"gwa-speed-50":{"min":1.5124897956848145,"max":11.694357872009277},"gwa-power-100":{"min":31.361495971679688,"max":2167.0732421875},"gwa-speed-100":{"min":1.9849035739898682,"max":12.651484489440918},"gwa-power-150":{"min":60.84188461303711,"max":2274.68896484375},"gwa-speed-150":{"min":2.2421092987060547,"max":13.693009376525879},"gwa-power-200":{"min":101.1152114868164,"max":2572.442138671875},"gwa-speed-200":{"min":2.4951822757720947,"max":14.016419410705566},"gebco":{"min":-327.0,"max":2627.0},"srtm90":{"min":-33.0,"max":2622.0},"waterbodies":{"min":0.0,"max":2.0},"gwa-enercon-e44-50":{"min":0.012039637193083763,"max":0.4701380431652069},"gwa-enercon-e48-50":{"min":0.01559989433735609,"max":0.5296388864517212},"gwa-enercon-e53-50":{"min":0.021104104816913605,"max":0.5672874450683594},"gwa-offshore-dtu-10mw-119":{"min":0.03388215973973274,"max":0.6336472034454346},"gwa-offshore-iea-15mw-150":{"min":0.05299432575702667,"max":0.6987654566764832},"gwa-offshore-leanwind-8mw-110":{"min":0.03122267685830593,"max":0.6462142467498779},"gwa-vestas-v100-mode0-100":{"min":0.04442684352397919,"max":0.7052055597305298},"gwa-vestas-v100-mode0-120":{"min":0.05500107258558273,"max":0.7248334288597107},"gwa-vestas-v100-mode0-150":{"min":0.0640018954873085,"max":0.7352160215377808},"gwa-vestas-v100-mode0-80":{"min":0.031832072883844376,"max":0.6715435981750488},"gwa-vestas-v110-mode0-100":{"min":0.052555374801158905,"max":0.7406818866729736},"gwa-vestas-v110-mode0-120":{"min":0.06266037374734879,"max":0.758580207824707},"gwa-vestas-v110-mode0-150":{"min":0.07239304482936859,"max":0.7682579755783081},"gwa-vestas-v110-mode0-80":{"min":0.037951935082674026,"max":0.7086063027381897},"gwa-vestas-v112-mode0-100":{"min":0.03173832595348358,"max":0.6518852710723877},"gwa-vestas-v112-mode0-120":{"min":0.042497288435697556,"max":0.6647121906280518},"gwa-vestas-v112-mode0-150":{"min":0.0502750426530838,"max":0.6836562752723694},"gwa-vestas-v112-mode0-80":{"min":0.02245975099503994,"max":0.6248230934143066},"gwa-vestas-v120-mode0-100":{"min":0.055658549070358276,"max":0.740507185459137},"gwa-vestas-v120-mode0-120":{"min":0.0652260035276413,"max":0.7552403211593628},"gwa-vestas-v120-mode0-150":{"min":0.07500600069761276,"max":0.757407009601593},"gwa-vestas-v120-mode0-80":{"min":0.040257327258586884,"max":0.7082534432411194},"gwa-vestas-v126-mode0-100":{"min":0.03976444527506828,"max":0.6782701015472412},"gwa-vestas-v126-mode0-120":{"min":0.05033298209309578,"max":0.7012584805488586},"gwa-vestas-v126-mode0-150":{"min":0.05885067209601402,"max":0.7112570405006409},"gwa-vestas-v126-mode0-80":{"min":0.028421781957149506,"max":0.6462586522102356},"gwa-vestas-v136-mode0-100":{"min":0.04573974385857582,"max":0.7103765606880188},"gwa-vestas-v136-mode0-120":{"min":0.05622843652963638,"max":0.7310464978218079},"gwa-vestas-v136-mode0-150":{"min":0.06535668671131134,"max":0.7411298751831055},"gwa-vestas-v136-mode0-80":{"min":0.03285256773233414,"max":0.6772838830947876},"air-density":{"min":0.9028672575950623,"max":1.1964186429977417},"lcoe":{"gwa-vestas-v100-mode0-120":{"lg":{"min":51.95413589477539,"max":635.965087890625},"li":{"min":1.4624689817428589,"max":30.875648498535156},"lr":{"min":0.0,"max":4.381307125091553},"total":{"min":54.529441833496094,"max":655.6251220703125}},"gwa-vestas-v110-mode0-120":{"lg":{"min":49.82080841064453,"max":558.7167358398438},"li":{"min":1.387844443321228,"max":27.362802505493164},"lr":{"min":0.0,"max":3.9118592739105225},"total":{"min":51.951107025146484,"max":575.9736328125}},"gwa-vestas-v112-mode0-120":{"lg":{"min":56.29144287109375,"max":821.9053344726562},"li":{"min":1.6601386070251465,"max":39.809730529785156},"lr":{"min":0.0,"max":5.655710220336914},"total":{"min":59.62142562866211,"max":847.349853515625}},"gwa-vestas-v112-mode0-100":{"lg":{"min":57.32036209106445,"max":1099.1666259765625},"li":{"min":1.7347227334976196,"max":46.51763153076172},"lr":{"min":0.0,"max":7.053695201873779},"total":{"min":61.20415115356445,"max":1133.3175048828125}},"gwa-offshore-dtu-10mw-119":{"lg":{"min":58.85506820678711,"max":1029.8720703125},"li":{"min":1.7668044567108154,"max":46.042015075683594},"lr":{"min":0.0,"max":6.538000106811523},"total":{"min":62.705535888671875,"max":1061.862060546875}},"gwa-vestas-v126-mode0-150":{"lg":{"min":52.869476318359375,"max":594.6263427734375},"li":{"min":1.4928594827651978,"max":29.25067901611328},"lr":{"min":0.0,"max":3.9786946773529053},"total":{"min":55.7317008972168,"max":613.0003662109375}},"gwa-vestas-v120-mode0-80":{"lg":{"min":53.07672882080078,"max":867.41455078125},"li":{"min":1.478723406791687,"max":33.39475631713867},"lr":{"min":0.0,"max":5.130066871643066},"total":{"min":55.091041564941406,"max":894.338623046875}},"gsa-pvout":{"lg":{"min":136.70482245509402,"max":226.63341648364906},"li":{"min":4.037951691767404,"max":35.076640491480816},"lr":{"min":0.0,"max":9.553567906165116},"total":{"min":142.27867736855876,"max":233.93231909988572}},"gwa-vestas-v126-mode0-80":{"lg":{"min":57.78459548950195,"max":1226.9620361328125},"li":{"min":1.6934528350830078,"max":44.2483024597168},"lr":{"min":0.0,"max":6.796581745147705},"total":{"min":60.46992874145508,"max":1265.0980224609375}},"gwa-offshore-leanwind-8mw-110":{"lg":{"min":57.788291931152344,"max":1117.253662109375},"li":{"min":1.7614394426345825,"max":47.14420700073242},"lr":{"min":0.0,"max":6.994606018066406},"total":{"min":62.130672454833984,"max":1151.9686279296875}},"gwa-vestas-v110-mode0-100":{"lg":{"min":50.92805480957031,"max":665.3740844726562},"li":{"min":1.4246551990509033,"max":30.729507446289062},"lr":{"min":0.0,"max":4.70314884185791},"total":{"min":53.22294998168945,"max":685.9978637695312}},"gwa-vestas-v136-mode0-100":{"lg":{"min":52.93004608154297,"max":763.9246826171875},"li":{"min":1.5031830072402954,"max":34.422786712646484},"lr":{"min":0.0,"max":5.251179218292236},"total":{"min":55.82902908325195,"max":787.6216430664062}},"gwa-vestas-v126-mode0-100":{"lg":{"min":55.24619674682617,"max":878.1165161132812},"li":{"min":1.593280553817749,"max":38.69224548339844},"lr":{"min":0.0,"max":5.888369083404541},"total":{"min":58.149410247802734,"max":905.3743286132812}},"gwa-vestas-v126-mode0-120":{"lg":{"min":53.56626510620117,"max":694.576171875},"li":{"min":1.533621907234192,"max":33.79826736450195},"lr":{"min":0.0,"max":4.796370029449463},"total":{"min":56.641014099121094,"max":716.0595703125}},"gwa-vestas-v120-mode0-120":{"lg":{"min":50.023441314697266,"max":536.8972778320312},"li":{"min":1.3731482028961182,"max":26.344772338867188},"lr":{"min":0.0,"max":3.752082347869873},"total":{"min":51.44334411621094,