{"worldpop":{"min":-3.4028234663852886e+38,"max":25584.50390625},"slope":{"min":0.0,"max":43.18376922607422},"land-cover":{"min":10.0,"max":210.0},"airports":{"min":0.0,"max":202490.125},"ports":{"min":0.0,"max":197160.46875},"anchorages":{"min":0.0,"max":198396.703125},"grid":{"min":0.0,"max":179892.328125},"roads":{"min":0.0,"max":178040.71875},"pp-whs":{"min":93135.6484375,"max":475329.34375},"unep-coral":{"min":65535.0,"max":65535.0},"unesco":{"min":0.0,"max":314459.875},"unesco-ramsar":{"min":0.0,"max":462558.65625},"wwf-glw-1":{"min":65535.0,"max":500000.0},"wwf-glw-2":{"min":0.0,"max":225424.609375},"jrc-gsw":{"min":0.0,"max":255.0},"pp-marine-protected":{"min":0.0,"max":1.0},"unep-tidal":{"min":0.0,"max":1.0},"wwf-glw-3":{"min":1.0,"max":255.0},"gsa-pvout":{"min":3.226680278778076,"max":4.754434108734131},"gsa-ghi":{"min":3.856234550476074,"max":5.097170352935791},"gsa-gti":{"min":4.006968975067139,"max":5.8797502517700195},"gsa-temp":{"min":8.515694618225098,"max":20.020671844482422},"gwa-iec1":{"min":0.03210505098104477,"max":0.5318567752838135},"gwa-iec2":{"min":0.040437303483486176,"max":0.56458580493927},"gwa-iec3":{"min":0.04660816863179207,"max":0.5923095345497131},"gwa-power-10":{"min":7.019843101501465,"max":3523.5126953125},"gwa-speed-10":{"min":0.7188174724578857,"max":9.77072525024414},"gwa-power-50":{"min":17.757877349853516,"max":2864.167724609375},"gwa-speed-50":{"min":1.429785966873169,"max":10.126479148864746},"gwa-power-100":{"min":31.361495971679688,"max":2255.312255859375},"gwa-speed-100":{"min":2.757760763168335,"max":8.710371017456055},"gwa-power-150":{"min":60.84188461303711,"max":2186.888427734375},"gwa-speed-150":{"min":2.1709961891174316,"max":10.709738731384277},"gwa-power-200":{"min":97.07396697998047,"max":2120.850830078125},"gwa-speed-200":{"min":2.404977560043335,"max":11.005401611328125},"gebco":{"min":-3158.0,"max":1990.0},"srtm90":{"min":-3.0,"max":2045.0},"waterbodies":{"min":0.0,"max":2.0},"gwa-enercon-e44-50":{"min":0.011901714839041233,"max":0.3726594150066376},"gwa-enercon-e48-50":{"min":0.015250258147716522,"max":0.42778292298316956},"gwa-enercon-e53-50":{"min":0.02011416107416153,"max":0.46561381220817566},"gwa-offshore-dtu-10mw-119":{"min":0.03388215973973274,"max":0.5114153623580933},"gwa-offshore-iea-15mw-150":{"min":0.0523717999458313,"max":0.5715322494506836},"gwa-offshore-leanwind-8mw-110":{"min":0.03122267685830593,"max":0.515930712223053},"gwa-vestas-v100-mode0-100":{"min":0.04442684352397919,"max":0.5799100399017334},"gwa-vestas-v100-mode0-120":{"min":0.05500107258558273,"max":0.5945517420768738},"gwa-vestas-v100-mode0-150":{"min":0.06328663975000381,"max":0.6043763756752014},"gwa-vestas-v100-mode0-80":{"min":0.031832072883844376,"max":0.5566648244857788},"gwa-vestas-v110-mode0-100":{"min":0.052555374801158905,"max":0.6129257082939148},"gwa-vestas-v110-mode0-120":{"min":0.06266037374734879,"max":0.6269115209579468},"gwa-vestas-v110-mode0-150":{"min":0.07162126898765564,"max":0.6350234150886536},"gwa-vestas-v110-mode0-80":{"min":0.037951935082674026,"max":0.589528501033783},"gwa-vestas-v112-mode0-100":{"min":0.03173832595348358,"max":0.5275425314903259},"gwa-vestas-v112-mode0-120":{"min":0.042497288435697556,"max":0.5433680415153503},"gwa-vestas-v112-mode0-150":{"min":0.04967060685157776,"max":0.5559213757514954},"gwa-vestas-v112-mode0-80":{"min":0.02245975099503994,"max":0.5055222511291504},"gwa-vestas-v120-mode0-100":{"min":0.055658549070358276,"max":0.6035379767417908},"gwa-vestas-v120-mode0-120":{"min":0.0652260035276413,"max":0.6160452365875244},"gwa-vestas-v120-mode0-150":{"min":0.07421662658452988,"max":0.623325765132904},"gwa-vestas-v120-mode0-80":{"min":0.040257327258586884,"max":0.5818204283714294},"gwa-vestas-v126-mode0-100":{"min":0.03976444527506828,"max":0.5585464239120483},"gwa-vestas-v126-mode0-120":{"min":0.05033298209309578,"max":0.5734876990318298},"gwa-vestas-v126-mode0-150":{"min":0.05818508192896843,"max":0.5840315818786621},"gwa-vestas-v126-mode0-80":{"min":0.028421781957149506,"max":0.5352018475532532},"gwa-vestas-v136-mode0-100":{"min":0.04573974385857582,"max":0.5873614549636841},"gwa-vestas-v136-mode0-120":{"min":0.05622843652963638,"max":0.6021854281425476},"gwa-vestas-v136-mode0-150":{"min":0.06463342905044556,"max":0.6123077869415283},"gwa-vestas-v136-mode0-80":{"min":0.03285256773233414,"max":0.5639293789863586},"air-density":{"min":0.9846147298812866,"max":1.1964186429977417}}