{"worldpop": {"min": -3.4028234663852886e+38, "max": 9390.9189453125}, "slope": {"min": 0.0, "max": 44.78201675415039}, "land-cover": {"min": 10.0, "max": 220.0}, "airports": {"min": 500.0, "max": 348035.1875}, "ports": {"min": 0.0, "max": 453485.375}, "anchorages": {"min": 0.0, "max": 480062.75}, "grid": {"min": 0.0, "max": 89550.265625}, "roads": {"min": 0.0, "max": 152126.59375}, "pp-whs": {"min": 0.0, "max": 359631.0625}, "unep-coral": {"min": 0.0, "max": 500000.0}, "unesco": {"min": 500.0, "max": 309583.59375}, "unesco-ramsar": {"min": 65535.0, "max": 499985.0}, "wwf-glw-1": {"min": 0.0, "max": 413678.625}, "wwf-glw-2": {"min": 0.0, "max": 169093.171875}, "jrc-gsw": {"min": 0.0, "max": 1.0}, "pp-marine-protected": {"min": 0.0, "max": 1.0}, "unep-tidal": {"min": 0.0, "max": 1.0}, "wwf-glw-3": {"min": 1.0, "max": 255.0}, "gsa-pvout": {"min": 2.347795248031616, "max": 4.982982158660889}, "gsa-ghi": {"min": 2.7761919498443604, "max": 6.179972171783447}, "gsa-gti": {"min": 2.7814931869506836, "max": 6.192154884338379}, "gsa-temp": {"min": -3.7935421466827393, "max": 26.84480094909668}, "gwa-iec1": {"min": 2.3154754671850242e-05, "max": 0.6612530946731567}, "gwa-iec2": {"min": 4.477346737985499e-05, "max": 0.6791045665740967}, "gwa-iec3": {"min": 5.691000842489302e-05, "max": 0.7144097685813904}, "gwa-power-10": {"min": 0.04686935245990753, "max": 5540.41162109375}, "gwa-speed-10": {"min": 0.19396495819091797, "max": 15.559637069702148}, "gwa-power-50": {"min": 0.2406543642282486, "max": 8396.2900390625}, "gwa-speed-50": {"min": 0.35217052698135376, "max": 19.998443603515625}, "gwa-power-100": {"min": 0.4330785572528839, "max": 6853.1513671875}, "gwa-speed-100": {"min": 0.48130056262016296, "max": 19.060657501220703}, "gwa-power-150": {"min": 0.3584146797657013, "max": 6224.82177734375}, "gwa-speed-150": {"min": 0.46306291222572327, "max": 18.637218475341797}, "gwa-power-200": {"min": 0.36939775943756104, "max": 5947.6142578125}, "gwa-speed-200": {"min": 0.45633724331855774, "max": 18.488651275634766}, "gebco": {"min": -187.0, "max": 6073.0}, "srtm90": {"min": -5.0, "max": 6152.0}, "waterbodies": {"min": 0.0, "max": 2.0}, "gwa-enercon-e44-50": {"min": 7.071990921758697e-07, "max": 0.5311670899391174}, "gwa-enercon-e48-50": {"min": 9.906167406370514e-07, "max": 0.590641975402832}, "gwa-enercon-e53-50": {"min": 1.3039543773629703e-05, "max": 0.626176118850708}, "gwa-offshore-dtu-10mw-119": {"min": 2.1475420908245724e-06, "max": 0.6274979114532471}, "gwa-offshore-iea-15mw-150": {"min": 3.372593710082583e-05, "max": 0.7032253742218018}, "gwa-offshore-leanwind-8mw-110": {"min": 2.380885689490242e-06, "max": 0.6482640504837036}, "gwa-vestas-v100-mode0-100": {"min": 3.222328450647183e-05, "max": 0.6969398260116577}, "gwa-vestas-v100-mode0-120": {"min": 5.0715792895061895e-05, "max": 0.7204411029815674}, "gwa-vestas-v100-mode0-150": {"min": 5.113532824907452e-05, "max": 0.7651713490486145}, "gwa-vestas-v100-mode0-80": {"min": 1.7006523194140755e-05, "max": 0.6887850761413574}, "gwa-vestas-v110-mode0-100": {"min": 4.0971350244944915e-05, "max": 0.7474561333656311}, "gwa-vestas-v110-mode0-120": {"min": 6.828238838352263e-05, "max": 0.7610321044921875}, "gwa-vestas-v110-mode0-150": {"min": 6.435262184822932e-05, "max": 0.8002815246582031}, "gwa-vestas-v110-mode0-80": {"min": 2.0495439457590692e-05, "max": 0.7394616603851318}, "gwa-vestas-v112-mode0-100": {"min": 1.6661297195241787e-05, "max": 0.6547534465789795}, "gwa-vestas-v112-mode0-120": {"min": 2.627895628393162e-05, "max": 0.6628302335739136}, "gwa-vestas-v112-mode0-150": {"min": 2.846412462531589e-05, "max": 0.6818170547485352}, "gwa-vestas-v112-mode0-80": {"min": 9.033641617861576e-06, "max": 0.6444985270500183}, "gwa-vestas-v120-mode0-100": {"min": 4.306294067646377e-05, "max": 0.7369459867477417}, "gwa-vestas-v120-mode0-120": {"min": 6.85199920553714e-05, "max": 0.7738158106803894}, "gwa-vestas-v120-mode0-150": {"min": 6.888283678563312e-05, "max": 0.8061210513114929}, "gwa-vestas-v120-mode0-80": {"min": 2.0495439457590692e-05, "max": 0.6985428929328918}, "gwa-vestas-v126-mode0-100": {"min": 2.9990904295118526e-05, "max": 0.6715641021728516}, "gwa-vestas-v126-mode0-120": {"min": 3.798651596298441e-05, "max": 0.6866795420646667}, "gwa-vestas-v126-mode0-150": {"min": 4.646093293558806e-05, "max": 0.7357126474380493}, "gwa-vestas-v126-mode0-80": {"min": 6.8432445914368145e-06, "max": 0.6638930439949036}, "gwa-vestas-v136-mode0-100": {"min": 3.756918158615008e-05, "max": 0.7026140093803406}, "gwa-vestas-v136-mode0-120": {"min": 5.905964280827902e-05, "max": 0.7247865796089172}, "gwa-vestas-v136-mode0-150": {"min": 5.737896935897879e-05, "max": 0.7691707015037537}, "gwa-vestas-v136-mode0-80": {"min": 1.9545048417057842e-05, "max": 0.6947222948074341}, "air-density": {"min": 0.6437767744064331, "max": 1.170061707496643}, "lcoe": {"gwa-vestas-v100-mode0-120": {"lg": {"min": 52.246498107910156, "max": 10000.0}, "li": {"min": 1.5142422914505005, "max": 10000.0}, "lr": {"min": 0.0, "max": 3921.070556640625}, "total": {"min": 55.2595100402832, "max": 10000.0}}, "gwa-vestas-v110-mode0-120": {"lg": {"min": 49.67318344116211, "max": 10000.0}, "li": {"min": 1.4133808612823486, "max": 10000.0}, "lr": {"min": 0.0, "max": 2923.4541015625}, "total": {"min": 51.84518814086914, "max": 10000.0}}, "gwa-vestas-v112-mode0-120": {"lg": {"min": 56.43991470336914, "max": 10000.0}, "li": {"min": 1.5937618017196655, "max": 10000.0}, "lr": {"min": 0.0, "max": 7004.3359375}, "total": {"min": 58.104705810546875, "max": 10000.0}}, "gwa-vestas-v112-mode0-100": {"lg": {"min": 57.086788177490234, "max": 10000.0}, "li": {"min": 1.6134217977523804, "max": 10000.0}, "lr": {"min": 0.0, "max": 9702.6630859375}, "total": {"min": 58.77211380004883, "max": 10000.0}}, "gwa-offshore-dtu-10mw-119": {"lg": {"min": 59.39262771606445, "max": 10000.0}, "li": {"min": 1.6835012435913086, "max": 10000.0}, "lr": {"min": 0.0, "max": 10000.0}, "total": {"min": 61.15115737915039, "max": 10000.0}}, "gwa-vestas-v126-mode0-150": {"lg": {"min": 51.24502182006836, "max": 10000.0}, "li": {"min": 1.5581141710281372, "max": 10000.0}, "lr": {"min": 0.0, "max": 2830.20361328125}, "total": {"min": 54.47565460205078, "max": 10000.0}}, "gwa-vestas-v120-mode0-80": {"lg": {"min": 53.758949279785156, "max": 10000.0}, "li": {"min": 1.5156747102737427, "max": 10000.0}, "lr": {"min": 0.0, "max": 6604.11572265625}, "total": {"min": 55.334991455078125, "max": 10000.0}}, "gsa-pvout": {"lg": {"min": 155.50771084171785, "max": 325.5613544906819}, "li": {"min": 4.758605509379805, "max": 13.942824113248072}, "lr": {"min": 0.0, "max": 8.388951647787376}, "total": {"min": 166.46301519767047, "max": 337.8444485872919}}, "gwa-vestas-v126-mode0-80": {"lg": {"min": 56.35596466064453, "max": 10000.0}, "li": {"min": 1.595619797706604, "max": 10000.0}, "lr": {"min": 0.0, "max": 10000.0}, "total": {"min": 58.01426315307617, "max": 10000.0}}, "gwa-offshore-leanwind-8mw-110": {"lg": {"min": 57.61821365356445, "max": 10000.0}, "li": {"min": 1.6295729875564575, "max": 10000.0}, "lr": {"min": 0.0, "max": 10000.0}, "total": {"min": 59.320411682128906, "max": 10000.0}}, "gwa-vestas-v110-mode0-100": {"lg": {"min": 50.50274658203125, "max": 10000.0}, "li": {"min": 1.4172348976135254, "max": 10000.0}, "lr": {"min": 0.0, "max": 4316.4384765625}, "total": {"min": 51.97565460205078, "max": 10000.0}}, "gwa-vestas-v136-mode0-100": {"lg": {"min": 53.470638275146484, "max": 10000.0}, "li": {"min": 1.5076854228973389, "max": 10000.0}, "lr": {"min": 0.0, "max": 4826.01806640625}, "total": {"min": 55.03755187988281, "max": 10000.0}}, "gwa-vestas-v126-mode0-100": {"lg": {"min": 55.75791931152344, "max": 10000.0}, "li": {"min": 1.577393651008606, "max": 10000.0}, "lr": {"min": 0.0, "max": 5961.28662109375}, "total": {"min": 57.39727783203125, "max": 10000.0}}, "gwa-vestas-v126-mode0-120": {"lg": {"min": 54.61860275268555, "max": 10000.0}, "li": {"min": 1.5737791061401367, "max": 10000.0}, "lr": {"min": 0.0,