{"worldpop": {"min": -3.4028234663852886e+38, "max": 9424.98828125}, "slope": {"min": 0.0, "max": 42.88086700439453}, "land-cover": {"min": 10.0, "max": 210.0}, "airports": {"min": 0.0, "max": 471578.75}, "ports": {"min": 0.0, "max": 425307.25}, "anchorages": {"min": 0.0, "max": 415911.65625}, "grid": {"min": 0.0, "max": 390380.875}, "roads": {"min": 0.0, "max": 391280.28125}, "pp-whs": {"min": 93380.9453125, "max": 537500.0}, "unep-coral": {"min": 65535.0, "max": 500000.0}, "unesco": {"min": 57168.609375, "max": 500000.0}, "unesco-ramsar": {"min": 65535.0, "max": 500000.0}, "wwf-glw-1": {"min": 0.0, "max": 495694.46875}, "wwf-glw-2": {"min": 0.0, "max": 413311.625}, "jrc-gsw": {"min": 0.0, "max": 255.0}, "pp-marine-protected": {"min": 0.0, "max": 1.0}, "unep-tidal": {"min": 0.0, "max": 1.0}, "wwf-glw-3": {"min": 1.0, "max": 255.0}, "gsa-pvout": {"min": 2.5983476638793945, "max": 4.425506114959717}, "gsa-ghi": {"min": 3.2609808444976807, "max": 5.505451202392578}, "gsa-gti": {"min": 3.2605936527252197, "max": 5.52445125579834}, "gsa-temp": {"min": 20.81202507019043, "max": 25.995256423950195}, "gwa-iec1": {"min": 0.0007871598354540765, "max": 0.42672044038772583}, "gwa-iec2": {"min": 0.001273025874979794, "max": 0.4851358234882355}, "gwa-iec3": {"min": 0.0015720115043222904, "max": 0.5309873819351196}, "gwa-power-10": {"min": 0.2693190574645996, "max": 200.62921142578125}, "gwa-speed-10": {"min": 0.4159313142299652, "max": 5.8227667808532715}, "gwa-power-50": {"min": 1.215409755706787, "max": 392.31884765625}, "gwa-speed-50": {"min": 0.8645052909851074, "max": 6.925670146942139}, "gwa-power-100": {"min": 3.115696668624878, "max": 436.7737731933594}, "gwa-speed-100": {"min": 1.328898310661316, "max": 7.853799819946289}, "gwa-power-150": {"min": 4.882533550262451, "max": 464.144775390625}, "gwa-speed-150": {"min": 1.5967400074005127, "max": 8.08421516418457}, "gwa-power-200": {"min": 6.6057257652282715, "max": 482.7356262207031}, "gwa-speed-200": {"min": 1.6739810705184937, "max": 8.364230155944824}, "gebco": {"min": -4783.0, "max": 895.0}, "srtm90": {"min": -8.0, "max": 904.0}, "waterbodies": {"min": 0.0, "max": 2.0}, "gwa-enercon-e44-50": {"min": 4.165757491136901e-05, "max": 0.26480406522750854}, "gwa-enercon-e48-50": {"min": 5.8093868574360386e-05, "max": 0.3246186673641205}, "gwa-enercon-e53-50": {"min": 0.0004248287877999246, "max": 0.37072503566741943}, "gwa-offshore-dtu-10mw-119": {"min": 0.00016327775665558875, "max": 0.40673136711120605}, "gwa-offshore-iea-15mw-150": {"min": 0.0015259403735399246, "max": 0.4699897766113281}, "gwa-offshore-leanwind-8mw-110": {"min": 0.0001728642819216475, "max": 0.4173494577407837}, "gwa-vestas-v100-mode0-100": {"min": 0.0009735694038681686, "max": 0.5335755348205566}, "gwa-vestas-v100-mode0-120": {"min": 0.0014449470909312367, "max": 0.5467658638954163}, "gwa-vestas-v100-mode0-150": {"min": 0.0023058855440467596, "max": 0.5486624240875244}, "gwa-vestas-v100-mode0-80": {"min": 0.0005829011788591743, "max": 0.5099901556968689}, "gwa-vestas-v110-mode0-100": {"min": 0.0013486555544659495, "max": 0.5794453620910645}, "gwa-vestas-v110-mode0-120": {"min": 0.0019980950746685266, "max": 0.5929600596427917}, "gwa-vestas-v110-mode0-150": {"min": 0.003165581962093711, "max": 0.5987511873245239}, "gwa-vestas-v110-mode0-80": {"min": 0.000810141209512949, "max": 0.5551550984382629}, "gwa-vestas-v112-mode0-100": {"min": 0.0005423393449746072, "max": 0.4377080202102661}, "gwa-vestas-v112-mode0-120": {"min": 0.0008086326997727156, "max": 0.44925734400749207}, "gwa-vestas-v112-mode0-150": {"min": 0.001306344522163272, "max": 0.4503837525844574}, "gwa-vestas-v112-mode0-80": {"min": 0.00032097569783218205, "max": 0.41703400015830994}, "gwa-vestas-v120-mode0-100": {"min": 0.0014164173044264317, "max": 0.5961968302726746}, "gwa-vestas-v120-mode0-120": {"min": 0.002102465135976672, "max": 0.6098963618278503}, "gwa-vestas-v120-mode0-150": {"min": 0.0033374070189893246, "max": 0.6204467415809631}, "gwa-vestas-v120-mode0-80": {"min": 0.0008522263960912824, "max": 0.5715878009796143}, "gwa-vestas-v126-mode0-100": {"min": 0.0008822669624350965, "max": 0.4973984658718109}, "gwa-vestas-v126-mode0-120": {"min": 0.0012978377053514123, "max": 0.5099673271179199}, "gwa-vestas-v126-mode0-150": {"min": 0.0020777122117578983, "max": 0.5115144848823547}, "gwa-vestas-v126-mode0-80": {"min": 0.0005225413478910923, "max": 0.47487783432006836}, "gwa-vestas-v136-mode0-100": {"min": 0.0010883129434660077, "max": 0.5381646752357483}, "gwa-vestas-v136-mode0-120": {"min": 0.0016110555734485388, "max": 0.5512560606002808}, "gwa-vestas-v136-mode0-150": {"min": 0.0025542371440678835, "max": 0.5530572533607483}, "gwa-vestas-v136-mode0-80": {"min": 0.00065558374626562, "max": 0.5146790742874146}, "air-density": {"min": 1.0575017929077148, "max": 1.1762993335723877}}