{"worldpop": {"min": -3.4028234663852886e+38, "max": 92336.7421875}, "slope": {"min": 0.0, "max": 46.60816955566406}, "land-cover": {"min": 10.0, "max": 210.0}, "airports": {"min": 0.0, "max": 283740.21875}, "ports": {"min": 0.0, "max": 330000.75}, "anchorages": {"min": 0.0, "max": 331596.53125}, "grid": {"min": 0.0, "max": 265520.71875}, "roads": {"min": 0.0, "max": 265586.59375}, "pp-whs": {"min": 0.0, "max": 566328.75}, "unep-coral": {"min": 0.0, "max": 499996.5}, "unesco": {"min": 500.0, "max": 413879.21875}, "unesco-ramsar": {"min": 0.0, "max": 499993.25}, "wwf-glw-1": {"min": 0.0, "max": 457947.59375}, "wwf-glw-2": {"min": 0.0, "max": 284297.40625}, "jrc-gsw": {"min": 0.0, "max": 255.0}, "pp-marine-protected": {"min": 0.0, "max": 0.0}, "unep-tidal": {"min": 0.0, "max": 1.0}, "wwf-glw-3": {"min": 1.0, "max": 255.0}, "gsa-pvout": {"min": 4.621285915374756, "max": 5.958280563354492}, "gsa-ghi": {"min": 5.324385643005371, "max": 6.670880317687988}, "gsa-gti": {"min": 5.788346767425537, "max": 7.481051921844482}, "gsa-temp": {"min": 12.557806968688965, "max": 27.364654541015625}, "gwa-iec1": {"min": 0.058015547692775726, "max": 0.8036259412765503}, "gwa-iec2": {"min": 0.07185033708810806, "max": 0.8266127109527588}, "gwa-iec3": {"min": 0.08212145417928696, "max": 0.8459734916687012}, "gwa-power-10": {"min": 8.05443286895752, "max": 5602.52880859375}, "gwa-speed-10": {"min": 1.523685336112976, "max": 15.679910659790039}, "gwa-power-50": {"min": 40.70453643798828, "max": 4086.794677734375}, "gwa-speed-50": {"min": 2.390183210372925, "max": 15.667183876037598}, "gwa-power-100": {"min": 59.021087646484375, "max": 3927.87060546875}, "gwa-speed-100": {"min": 3.1462841033935547, "max": 16.361572265625}, "gwa-power-150": {"min": 81.11569213867188, "max": 3771.40771484375}, "gwa-speed-150": {"min": 3.5501599311828613, "max": 16.29977035522461}, "gwa-power-200": {"min": 104.61417388916016, "max": 3682.333740234375}, "gwa-speed-200": {"min": 3.799027442932129, "max": 16.260608673095703}, "gebco": {"min": -3291.0, "max": 2411.0}, "srtm90": {"min": -82.0, "max": 2520.0}, "waterbodies": {"min": 0.0, "max": 2.0}, "gwa-enercon-e44-50": {"min": 0.020936256274580956, "max": 0.6551860570907593}, "gwa-enercon-e48-50": {"min": 0.02687949314713478, "max": 0.7202194929122925}, "gwa-enercon-e53-50": {"min": 0.03500805422663689, "max": 0.7549419403076172}, "gwa-offshore-dtu-10mw-119": {"min": 0.04799528419971466, "max": 0.7979415059089661}, "gwa-offshore-iea-15mw-150": {"min": 0.07592412084341049, "max": 0.8402003049850464}, "gwa-offshore-leanwind-8mw-110": {"min": 0.04713129252195358, "max": 0.8015313148498535}, "gwa-vestas-v100-mode0-100": {"min": 0.07199864834547043, "max": 0.8462310433387756}, "gwa-vestas-v100-mode0-120": {"min": 0.08299504965543747, "max": 0.8475043177604675}, "gwa-vestas-v100-mode0-150": {"min": 0.09836791455745697, "max": 0.849495530128479}, "gwa-vestas-v100-mode0-80": {"min": 0.060617052018642426, "max": 0.8340773582458496}, "gwa-vestas-v110-mode0-100": {"min": 0.08509939163923264, "max": 0.8668386340141296}, "gwa-vestas-v110-mode0-120": {"min": 0.09768494963645935, "max": 0.868319571018219}, "gwa-vestas-v110-mode0-150": {"min": 0.11478639394044876, "max": 0.8713642954826355}, "gwa-vestas-v110-mode0-80": {"min": 0.07173682004213333, "max": 0.856316328048706}, "gwa-vestas-v112-mode0-100": {"min": 0.051170364022254944, "max": 0.8116761445999146}, "gwa-vestas-v112-mode0-120": {"min": 0.05934780836105347, "max": 0.8240495920181274}, "gwa-vestas-v112-mode0-150": {"min": 0.07134941220283508, "max": 0.8268802165985107}, "gwa-vestas-v112-mode0-80": {"min": 0.04306439682841301, "max": 0.7935106754302979}, "gwa-vestas-v120-mode0-100": {"min": 0.09009595960378647, "max": 0.850654125213623}, "gwa-vestas-v120-mode0-120": {"min": 0.10331463068723679, "max": 0.8518627882003784}, "gwa-vestas-v120-mode0-150": {"min": 0.12106732279062271, "max": 0.8507521152496338}, "gwa-vestas-v120-mode0-80": {"min": 0.07592841982841492, "max": 0.841591477394104}, "gwa-vestas-v126-mode0-100": {"min": 0.06416253000497818, "max": 0.8329042792320251}, "gwa-vestas-v126-mode0-120": {"min": 0.07404152303934097, "max": 0.8372628092765808}, "gwa-vestas-v126-mode0-150": {"min": 0.08807745575904846, "max": 0.8364662528038025}, "gwa-vestas-v126-mode0-80": {"min": 0.054050467908382416, "max": 0.8187308311462402}, "gwa-vestas-v136-mode0-100": {"min": 0.07391398400068283, "max": 0.8541783690452576}, "gwa-vestas-v136-mode0-120": {"min": 0.08508308231830597, "max": 0.8569536209106445}, "gwa-vestas-v136-mode0-150": {"min": 0.10059862583875656, "max": 0.8569204807281494}, "gwa-vestas-v136-mode0-80": {"min": 0.06227685511112213, "max": 0.8415135145187378}, "air-density": {"min": 0.9194262027740479, "max": 1.186087965965271}}