{"worldpop":{"min":-3.4028234663852886e+38,"max":5596.32421875},"slope":{"min":0.0,"max":33.52751159667969},"land-cover":{"min":10.0,"max":210.0},"airports":{"min":0.0,"max":273231.125},"ports":{"min":0.0,"max":328854.46875},"anchorages":{"min":707.1067504882812,"max":323854.90625},"grid":{"min":0.0,"max":134656.96875},"roads":{"min":0.0,"max":94298.7265625},"pp-whs":{"min":141062.046875,"max":479913.78125},"unep-coral":{"min":0.0,"max":321111.34375},"unesco":{"min":0.0,"max":284395.84375},"unesco-ramsar":{"min":65535.0,"max":65535.0},"wwf-glw-1":{"min":45069.390625,"max":456810.9375},"wwf-glw-2":{"min":0.0,"max":333937.125},"jrc-gsw":{"min":0.0,"max":1.0},"pp-marine-protected":{"min":0.0,"max":0.0},"unep-tidal":{"min":0.0,"max":1.0},"wwf-glw-3":{"min":1.0,"max":255.0},"gsa-pvout":{"min":3.8821775913238525,"max":5.527706146240234},"gsa-ghi":{"min":4.944182395935059,"max":6.503170490264893},"gsa-gti":{"min":5.040065288543701,"max":6.909494876861572},"gsa-temp":{"min":11.825750350952148,"max":33.28775405883789},"gwa-iec1":{"min":0.00775082828477025,"max":0.7830861806869507},"gwa-iec2":{"min":0.010943562723696232,"max":0.7788712382316589},"gwa-iec3":{"min":0.013139712624251842,"max":0.8040409088134766},"gwa-power-10":{"min":1.474679708480835,"max":3588.534423828125},"gwa-speed-10":{"min":0.6759796142578125,"max":13.916739463806152},"gwa-power-50":{"min":5.79986572265625,"max":3121.5234375},"gwa-speed-50":{"min":1.3233816623687744,"max":14.440753936767578},"gwa-power-100":{"min":10.283492088317871,"max":3245.68896484375},"gwa-speed-100":{"min":1.7929365634918213,"max":15.395286560058594},"gwa-power-150":{"min":15.493730545043945,"max":3071.080810546875},"gwa-speed-150":{"min":1.9867522716522217,"max":15.353243827819824},"gwa-power-200":{"min":22.545188903808594,"max":2888.86572265625},"gwa-speed-200":{"min":2.0800113677978516,"max":15.244848251342773},"gebco":{"min":-116.0,"max":2878.0},"srtm90":{"min":-116.0,"max":2888.0},"waterbodies":{"min":0.0,"max":2.0},"gwa-enercon-e44-50":{"min":0.0019237797241657972,"max":0.6322501301765442},"gwa-enercon-e48-50":{"min":0.002585767302662134,"max":0.694244384765625},"gwa-enercon-e53-50":{"min":0.004722472745925188,"max":0.731229305267334},"gwa-offshore-dtu-10mw-119":{"min":0.006684849038720131,"max":0.770684003829956},"gwa-offshore-iea-15mw-150":{"min":0.015042710117995739,"max":0.807441771030426},"gwa-offshore-leanwind-8mw-110":{"min":0.006328589282929897,"max":0.7815344333648682},"gwa-vestas-v100-mode0-100":{"min":0.013103972189128399,"max":0.796284019947052},"gwa-vestas-v100-mode0-120":{"min":0.016053451225161552,"max":0.8051290512084961},"gwa-vestas-v100-mode0-150":{"min":0.02112312614917755,"max":0.8126501441001892},"gwa-vestas-v100-mode0-80":{"min":0.010592617094516754,"max":0.7825496792793274},"gwa-vestas-v110-mode0-100":{"min":0.016703225672245026,"max":0.8255541920661926},"gwa-vestas-v110-mode0-120":{"min":0.020279064774513245,"max":0.8355808854103088},"gwa-vestas-v110-mode0-150":{"min":0.026476863771677017,"max":0.839931309223175},"gwa-vestas-v110-mode0-80":{"min":0.013504882343113422,"max":0.8124868869781494},"gwa-vestas-v112-mode0-100":{"min":0.008323244750499725,"max":0.7922521829605103},"gwa-vestas-v112-mode0-120":{"min":0.010330933146178722,"max":0.7956733703613281},"gwa-vestas-v112-mode0-150":{"min":0.013743529096245766,"max":0.7957133650779724},"gwa-vestas-v112-mode0-80":{"min":0.006728009786456823,"max":0.7776842713356018},"gwa-vestas-v120-mode0-100":{"min":0.017829986289143562,"max":0.8156366348266602},"gwa-vestas-v120-mode0-120":{"min":0.021647248417139053,"max":0.8251032829284668},"gwa-vestas-v120-mode0-150":{"min":0.02827584184706211,"max":0.8408476114273071},"gwa-vestas-v120-mode0-80":{"min":0.014408048242330551,"max":0.7934924364089966},"gwa-vestas-v126-mode0-100":{"min":0.011556441895663738,"max":0.7850357890129089},"gwa-vestas-v126-mode0-120":{"min":0.014138033613562584,"max":0.7859075665473938},"gwa-vestas-v126-mode0-150":{"min":0.01860485039651394,"max":0.801199197769165},"gwa-vestas-v126-mode0-80":{"min":0.009347072802484035,"max":0.7690526247024536},"gwa-vestas-v136-mode0-100":{"min":0.013860579580068588,"max":0.8071087002754211},"gwa-vestas-v136-mode0-120":{"min":0.016904553398489952,"max":0.8091578483581543},"gwa-vestas-v136-mode0-150":{"min":0.022156408056616783,"max":0.8229561448097229},"gwa-vestas-v136-mode0-80":{"min":0.01120859943330288,"max":0.7926293015480042},"air-density":{"min":0.8661153316497803,"max":1.1398842334747314},"lcoe":{"gwa-vestas-v100-mode0-120":{"lg":{"min":47.171661376953125,"max":2169.189208984375},"li":{"min":1.5867785215377808,"max":110.56961059570312},"lr":{"min":0.0,"max":15.772112846374512},"total":{"min":49.66577911376953,"max":2295.107421875}},"gwa-vestas-v110-mode0-120":{"lg":{"min":45.59832000732422,"max":1718.0218505859375},"li":{"min":1.4926494359970093,"max":87.52986145019531},"lr":{"min":0.0,"max":12.418390274047852},"total":{"min":48.063899993896484,"max":1817.7020263671875}},"gwa-vestas-v112-mode0-120":{"lg":{"min":47.68471145629883,"max":3368.53271484375},"li":{"min":1.8459670543670654,"max":171.81640625},"lr":{"min":0.0,"max":24.704376220703125},"total":{"min":49.87550735473633,"max":3564.199462890625}},"gwa-vestas-v112-mode0-100":{"lg":{"min":47.87335205078125,"max":4180.107421875},"li":{"min":1.9781627655029297,"max":212.8874053955078},"lr":{"min":0.0,"max":30.697790145874023},"total":{"min":50.458457946777344,"max":4423.6923828125}},"gwa-offshore-dtu-10mw-119":{"lg":{"min":49.1011848449707,"max":5203.6328125},"li":{"min":2.004446029663086,"max":265.0641784667969},"lr":{"min":0.0,"max":38.221534729003906},"total":{"min":51.36301803588867,"max":5506.91845703125}},"gwa-vestas-v126-mode0-150":{"lg":{"min":47.383419036865234,"max":1872.2633056640625},"li":{"min":1.5806955099105835,"max":95.40650177001953},"lr":{"min":0.0,"max":13.243685722351074},"total":{"min":50.360408782958984,"max":1980.9134521484375}},"gwa-vestas-v120-mode0-80":{"lg":{"min":47.804779052734375,"max":2416.45458984375},"li":{"min":1.6179654598236084,"max":122.98085021972656},"lr":{"min":0.0,"max":17.733505249023438},"total":{"min":50.475914001464844,"max":2557.1689453125}},"gsa-pvout":{"lg":{"min":140.57748803042512,"max":198.46823393939215},"li":{"min":4.140121126659089,"max":14.195321220449914},"lr":{"min":0.0,"max":5.097872303769773},"total":{"min":146.67796395470367,"max":205.47509158146053}},"gwa-vestas-v126-mode0-80":{"lg":{"min":49.19685363769531,"max":3722.678955078125},"li":{"min":1.8743118047714233,"max":189.56887817382812},"lr":{"min":0.0,"max":27.3353214263916},"total":{"min":51.74238586425781,"max":3939.5830078125}},"gwa-offshore-leanwind-8mw-110":{"lg":{"min":48.47502136230469,"max":5496.33935546875},"li":{"min":1.9948686361312866,"max":279.985595703125},"lr":{"min":0.0,"max":40.3731689453125},"total":{"min":50.85081100463867,"max":5816.6982421875}},"gwa-vestas-v110-mode0-100":{"lg":{"min":46.10354232788086,"max":2084.9609375},"li":{"min":1.5683385133743286,"max":106.08213806152344},"lr":{"min":0.0,"max":15.296757698059082},"total":{"min":48.65735626220703,"max":2206.33984375}},"gwa-vestas-v136-mode0-100":{"lg":{"min":47.065773010253906,"max":2511.7421875},"li":{"min":1.6688579320907593,"max":127.83837127685547},"lr":{"min":0.0,"max":18.433948516845703},"total":{"min":49.673973083496094,"max":2658.014404296875}},"gwa-vestas-v126-mode0-100":{"lg":{"min":48.27665710449219,"max":3011.739013671875},"li":{"min":1.7816252708435059,"max":153.3269500732422},"lr":{"min":0.0,"max":22.109333038330078},"total":{"min":50.8662109375,"max":3187.17529296875}},"gwa-vestas-v126-mode0-120":{"lg":{"min":48.2275390625,"max":2462.528564453125},"li":{"min":1.6773834228515625,"max":125.54954528808594},"lr":{"min":0.0,"max":17.91057014465332},"total":{"min":50.750640869140625,"max":2605.506103515625}},"gwa-vestas-v120-mode0-120":{"lg":{"min":46.126556396484375,"max":1609.6895751953125},"li":{"min":1.4788503646850586,"max":81.9976577758789},"lr":{"min":0.0,"max":11.6271390914917},