{"worldpop": {"min": -3.4028234663852886e+38, "max": 2419.441162109375}, "slope": {"min": 0.0, "max": 47.14322280883789}, "land-cover": {"min": 10.0, "max": 210.0}, "airports": {"min": 0.0, "max": 296379.8125}, "ports": {"min": 0.0, "max": 276603.0625}, "anchorages": {"min": 0.0, "max": 269462.4375}, "grid": {"min": 0.0, "max": 187479.34375}, "roads": {"min": 0.0, "max": 149586.921875}, "pp-whs": {"min": 226795.609375, "max": 491741.03125}, "unep-coral": {"min": 0.0, "max": 120617.1640625}, "unesco": {"min": 56002.23046875, "max": 323917.40625}, "unesco-ramsar": {"min": 65535.0, "max": 65535.0}, "wwf-glw-1": {"min": 65535.0, "max": 499996.5}, "wwf-glw-2": {"min": 0.0, "max": 349253.84375}, "jrc-gsw": {"min": 0.0, "max": 255.0}, "pp-marine-protected": {"min": 0.0, "max": 0.0}, "unep-tidal": {"min": 0.0, "max": 1.0}, "wwf-glw-3": {"min": 1.0, "max": 255.0}, "gsa-pvout": {"min": 4.209473133087158, "max": 4.913548469543457}, "gsa-ghi": {"min": 5.352846622467041, "max": 6.104291915893555}, "gsa-gti": {"min": 5.514151096343994, "max": 6.335389614105225}, "gsa-temp": {"min": 23.02275848388672, "max": 32.400001525878906}, "gwa-iec1": {"min": 0.053833186626434326, "max": 0.7348191738128662}, "gwa-iec2": {"min": 0.069069042801857, "max": 0.7666868567466736}, "gwa-iec3": {"min": 0.08059203624725342, "max": 0.7918362617492676}, "gwa-power-10": {"min": 8.89641284942627, "max": 1483.1077880859375}, "gwa-speed-10": {"min": 1.4995580911636353, "max": 10.512351989746094}, "gwa-power-50": {"min": 36.95444107055664, "max": 1579.24072265625}, "gwa-speed-50": {"min": 2.6095216274261475, "max": 11.60608196258545}, "gwa-power-100": {"min": 52.34141159057617, "max": 1760.77294921875}, "gwa-speed-100": {"min": 3.012162685394287, "max": 12.631251335144043}, "gwa-power-150": {"min": 66.25135040283203, "max": 1904.9857177734375}, "gwa-speed-150": {"min": 3.175452947616577, "max": 13.061185836791992}, "gwa-power-200": {"min": 81.63204956054688, "max": 2021.01025390625}, "gwa-speed-200": {"min": 3.245086193084717, "max": 13.228757858276367}, "gebco": {"min": -1720.0, "max": 1480.0}, "srtm90": {"min": -38.0, "max": 1535.0}, "waterbodies": {"min": 0.0, "max": 2.0}, "gwa-enercon-e44-50": {"min": 0.025221334770321846, "max": 0.5198688507080078}, "gwa-enercon-e48-50": {"min": 0.032961104065179825, "max": 0.5963653326034546}, "gwa-enercon-e53-50": {"min": 0.04423367604613304, "max": 0.6424967050552368}, "gwa-offshore-dtu-10mw-119": {"min": 0.049852024763822556, "max": 0.7245799899101257}, "gwa-offshore-iea-15mw-150": {"min": 0.07825300097465515, "max": 0.7840677499771118}, "gwa-offshore-leanwind-8mw-110": {"min": 0.050080619752407074, "max": 0.7279428243637085}, "gwa-vestas-v100-mode0-100": {"min": 0.08314982056617737, "max": 0.7903009653091431}, "gwa-vestas-v100-mode0-120": {"min": 0.09093908965587616, "max": 0.8052045702934265}, "gwa-vestas-v100-mode0-150": {"min": 0.10229936987161636, "max": 0.8255417346954346}, "gwa-vestas-v100-mode0-80": {"min": 0.07399582862854004, "max": 0.7663258910179138}, "gwa-vestas-v110-mode0-100": {"min": 0.09974289685487747, "max": 0.8185324668884277}, "gwa-vestas-v110-mode0-120": {"min": 0.10819148272275925, "max": 0.8350720405578613}, "gwa-vestas-v110-mode0-150": {"min": 0.11784573644399643, "max": 0.8536027669906616}, "gwa-vestas-v110-mode0-80": {"min": 0.08893891423940659, "max": 0.796338677406311}, "gwa-vestas-v112-mode0-100": {"min": 0.05750575661659241, "max": 0.735643744468689}, "gwa-vestas-v112-mode0-120": {"min": 0.06371388584375381, "max": 0.7568309903144836}, "gwa-vestas-v112-mode0-150": {"min": 0.07303223013877869, "max": 0.7690063118934631}, "gwa-vestas-v112-mode0-80": {"min": 0.05117320641875267, "max": 0.7065409421920776}, "gwa-vestas-v120-mode0-100": {"min": 0.10630543529987335, "max": 0.8126964569091797}, "gwa-vestas-v120-mode0-120": {"min": 0.11506088823080063, "max": 0.8354461789131165}, "gwa-vestas-v120-mode0-150": {"min": 0.12342538684606552, "max": 0.8463776111602783}, "gwa-vestas-v120-mode0-80": {"min": 0.0948256328701973, "max": 0.7883008718490601}, "gwa-vestas-v126-mode0-100": {"min": 0.0735781118273735, "max": 0.7693153023719788}, "gwa-vestas-v126-mode0-120": {"min": 0.08079797774553299, "max": 0.7862837314605713}, "gwa-vestas-v126-mode0-150": {"min": 0.09134139865636826, "max": 0.801206111907959}, "gwa-vestas-v126-mode0-80": {"min": 0.06551005691289902, "max": 0.7434698939323425}, "gwa-vestas-v136-mode0-100": {"min": 0.08577533811330795, "max": 0.7966891527175903}, "gwa-vestas-v136-mode0-120": {"min": 0.0936046689748764, "max": 0.8120770454406738}, "gwa-vestas-v136-mode0-150": {"min": 0.10472407191991806, "max": 0.8291742205619812}, "gwa-vestas-v136-mode0-80": {"min": 0.07639109343290329, "max": 0.7724984288215637}, "air-density": {"min": 0.9889559745788574, "max": 1.1399850845336914}}