{"worldpop": {"min": -3.4028234663852886e+38, "max": 7095.14013671875}, "slope": {"min": 0.0, "max": 11.176928520202637}, "land-cover": {"min": 11.0, "max": 210.0}, "airports": {"min": 500.0, "max": 380390.9375}, "ports": {"min": 707.1067504882812, "max": 393434.25}, "anchorages": {"min": 1118.0340576171875, "max": 386998.71875}, "grid": {"min": 0.0, "max": 303295.21875}, "roads": {"min": 0.0, "max": 65517.171875}, "pp-whs": {"min": 29000.0, "max": 797135.6875}, "unep-coral": {"min": 65535.0, "max": 65535.0}, "unesco": {"min": 65535.0, "max": 500000.0}, "unesco-ramsar": {"min": 65535.0, "max": 65535.0}, "wwf-glw-1": {"min": 65535.0, "max": 499996.5}, "wwf-glw-2": {"min": 0.0, "max": 425095.28125}, "jrc-gsw": {"min": 0.0, "max": 1.0}, "pp-marine-protected": {"min": 0.0, "max": 1.0}, "unep-tidal": {"min": 0.0, "max": 1.0}, "wwf-glw-3": {"min": 1.0, "max": 255.0}, "gsa-pvout": {"min": 4.791166305541992, "max": 5.373830318450928}, "gsa-ghi": {"min": 5.4015069007873535, "max": 6.2337446212768555}, "gsa-gti": {"min": 5.904178142547607, "max": 6.867124557495117}, "gsa-temp": {"min": 18.899999618530273, "max": 27.899999618530273}, "gwa-iec1": {"min": 0.22139769792556763, "max": 0.8036001324653625}, "gwa-iec2": {"min": 0.26130321621894836, "max": 0.8456640839576721}, "gwa-iec3": {"min": 0.2901785969734192, "max": 0.8688175082206726}, "gwa-power-10": {"min": 41.63661575317383, "max": 999.1211547851562}, "gwa-speed-10": {"min": 2.771796464920044, "max": 9.342487335205078}, "gwa-power-50": {"min": 152.59942626953125, "max": 1315.9285888671875}, "gwa-speed-50": {"min": 4.599884986877441, "max": 11.36300277709961}, "gwa-power-100": {"min": 211.13623046875, "max": 1704.1949462890625}, "gwa-speed-100": {"min": 5.532765865325928, "max": 12.732577323913574}, "gwa-power-150": {"min": 333.0517578125, "max": 2115.976318359375}, "gwa-speed-150": {"min": 6.6879377365112305, "max": 13.586841583251953}, "gwa-power-200": {"min": 519.42333984375, "max": 2301.40234375}, "gwa-speed-200": {"min": 8.031926155090332, "max": 13.852438926696777}, "gebco": {"min": -111.0, "max": 599.0}, "srtm90": {"min": -61.0, "max": 600.0}, "waterbodies": {"min": 0.0, "max": 1.0}, "gwa-enercon-e44-50": {"min": 0.10817061364650726, "max": 0.6046088337898254}, "gwa-enercon-e48-50": {"min": 0.1365576982498169, "max": 0.6786305904388428}, "gwa-enercon-e53-50": {"min": 0.16348470747470856, "max": 0.7198590040206909}, "gwa-offshore-dtu-10mw-119": {"min": 0.2203199565410614, "max": 0.7857521176338196}, "gwa-offshore-iea-15mw-150": {"min": 0.33313485980033875, "max": 0.865685224533081}, "gwa-offshore-leanwind-8mw-110": {"min": 0.21275830268859863, "max": 0.7852786779403687}, "gwa-vestas-v100-mode0-100": {"min": 0.2822926640510559, "max": 0.8699879050254822}, "gwa-vestas-v100-mode0-120": {"min": 0.32206693291664124, "max": 0.8839154243469238}, "gwa-vestas-v100-mode0-150": {"min": 0.39388689398765564, "max": 0.90168696641922}, "gwa-vestas-v100-mode0-80": {"min": 0.2515523135662079, "max": 0.8426574468612671}, "gwa-vestas-v110-mode0-100": {"min": 0.31714320182800293, "max": 0.8975249528884888}, "gwa-vestas-v110-mode0-120": {"min": 0.3593153655529022, "max": 0.9079863429069519}, "gwa-vestas-v110-mode0-150": {"min": 0.43358272314071655, "max": 0.9215259552001953}, "gwa-vestas-v110-mode0-80": {"min": 0.28360021114349365, "max": 0.8743258118629456}, "gwa-vestas-v112-mode0-100": {"min": 0.21874146163463593, "max": 0.79766446352005}, "gwa-vestas-v112-mode0-120": {"min": 0.2526290714740753, "max": 0.8185608386993408}, "gwa-vestas-v112-mode0-150": {"min": 0.31717392802238464, "max": 0.8492479920387268}, "gwa-vestas-v112-mode0-80": {"min": 0.19395367801189423, "max": 0.7772702574729919}, "gwa-vestas-v120-mode0-100": {"min": 0.3309004008769989, "max": 0.9028147459030151}, "gwa-vestas-v120-mode0-120": {"min": 0.37389445304870605, "max": 0.9126982688903809}, "gwa-vestas-v120-mode0-150": {"min": 0.4475971758365631, "max": 0.9141684770584106}, "gwa-vestas-v120-mode0-80": {"min": 0.2962258756160736, "max": 0.8834447860717773}, "gwa-vestas-v126-mode0-100": {"min": 0.25835612416267395, "max": 0.8451311588287354}, "gwa-vestas-v126-mode0-120": {"min": 0.29604074358940125, "max": 0.8621708750724792}, "gwa-vestas-v126-mode0-150": {"min": 0.3652338683605194, "max": 0.8845358490943909}, "gwa-vestas-v126-mode0-80": {"min": 0.2298768013715744, "max": 0.8147551417350769}, "gwa-vestas-v136-mode0-100": {"min": 0.28706443309783936, "max": 0.8729361295700073}, "gwa-vestas-v136-mode0-120": {"min": 0.3270139992237091, "max": 0.8866219520568848}, "gwa-vestas-v136-mode0-150": {"min": 0.39903247356414795, "max": 0.9047731161117554}, "gwa-vestas-v136-mode0-80": {"min": 0.25603118538856506, "max": 0.8461337685585022}, "air-density": {"min": 1.1096992492675781, "max": 1.187989592552185}, "lcoe": {"gwa-vestas-v100-mode0-120": {"lg": {"min": 43.32362365722656, "max": 111.92402648925781}, "li": {"min": 1.234299659729004, "max": 6.504656791687012}, "lr": {"min": 0.0, "max": 1.2346079349517822}, "total": {"min": 46.35226821899414, "max": 115.78364562988281}}, "gwa-vestas-v110-mode0-120": {"lg": {"min": 42.281150817871094, "max": 100.73609161376953}, "li": {"min": 1.1943937540054321, "max": 6.29653263092041}, "lr": {"min": 0.0, "max": 1.1363216638565063}, "total": {"min": 45.04854202270508, "max": 104.19560241699219}}, "gwa-vestas-v112-mode0-120": {"lg": {"min": 46.463260650634766, "max": 141.58811950683594}, "li": {"min": 1.3476492166519165, "max": 7.115412712097168}, "lr": {"min": 0.0, "max": 1.508905053138733}, "total": {"min": 48.77367401123047, "max": 146.4486846923828}}, "gwa-vestas-v112-mode0-100": {"lg": {"min": 47.57566833496094, "max": 162.90338134765625}, "li": {"min": 1.3995087146759033, "max": 7.517792701721191}, "lr": {"min": 0.0, "max": 1.7470126152038574}, "total": {"min": 49.22772216796875, "max": 168.51693725585938}}, "gwa-offshore-dtu-10mw-119": {"lg": {"min": 48.236289978027344, "max": 161.76492309570312}, "li": {"min": 1.412536382675171, "max": 7.459688186645508}, "lr": {"min": 0.0, "max": 1.683842420578003}, "total": {"min": 50.192501068115234, "max": 167.33827209472656}}, "gwa-vestas-v126-mode0-150": {"lg": {"min": 43.296043395996094, "max": 99.16851043701172}, "li": {"min": 1.245922327041626, "max": 6.619065284729004}, "lr": {"min": 0.0, "max": 1.151375651359558}, "total": {"min": 46.58417892456055, "max": 102.57196807861328}}, "gwa-vestas-v120-mode0-80": {"lg": {"min": 43.34457778930664, "max": 121.33869171142578}, "li": {"min": 1.2470437288284302, "max": 6.533152103424072}, "lr": {"min": 0.0, "max": 1.3459529876708984}, "total": {"min": 46.85782241821289, "max": 125.5350112915039}}, "gsa-pvout": {"lg": {"min": 144.48828773615975, "max": 161.5733697973628}, "li": {"min": 4.207224304647959, "max": 24.22325715020941}, "lr": {"min": 0.0, "max": 3.223570090278651}, "total": {"min": 149.48547350311793, "max": 181.9925951060813}}, "gwa-vestas-v126-mode0-80": {"lg": {"min": 46.66160202026367, "max": 155.20602416992188}, "li": {"min": 1.3692448139190674, "max": 7.417575836181641}, "lr": {"min": 0.0, "max": 1.6995242834091187}, "total": {"min": 48.92170715332031, "max": 160.54766845703125}}, "gwa-offshore-leanwind-8mw-110": {"lg": {"min": 48.262962341308594, "max": 167.37205505371094}, "li": {"min": 1.4192057847976685, "max": 7.5558953285217285}, "lr": {"min": 0.0, "max": 1.7491332292556763}, "total": {"min": 49.94107437133789, "max": 173.14349365234375}}, "gwa-vestas-v110-mode0-100": {"lg": {"min": 42.72734832763672, "max": 113.59957885742188}, "li": {"min": 1.2174077033996582, "max": 6.383327484130859}, "lr": {"min": 0.0, "max": 1.2595669031143188}, "total": {"min": 45.611419677734375, "max": 117.51911926269531}}, "gwa-vestas-v136-mode0-100": {"lg": {"min": 43.818214416503906, "max": 125.08348846435547}, "li": {"min": 1.258764386177063, "max": 6.593366622924805}, "lr": {"min": 0.0, "max": 1.372658133506775}, "total": {"min": 46.529422760009766, "max": 129.39633178710938}},