{"worldpop": {"min": -3.4028234663852886e+38, "max": 3739.077392578125}, "slope": {"min": 0.0, "max": 47.07070541381836}, "land-cover": {"min": 10.0, "max": 210.0}, "airports": {"min": 0.0, "max": 416276.65625}, "ports": {"min": 500.0, "max": 416185.0625}, "anchorages": {"min": 0.0, "max": 409940.5625}, "grid": {"min": 0.0, "max": 500000.0}, "roads": {"min": 0.0, "max": 390164.40625}, "pp-whs": {"min": 23264.779296875, "max": 496415.65625}, "unep-coral": {"min": 65535.0, "max": 65535.0}, "unesco": {"min": 65535.0, "max": 500000.0}, "unesco-ramsar": {"min": 65535.0, "max": 65535.0}, "wwf-glw-1": {"min": 65535.0, "max": 500000.0}, "wwf-glw-2": {"min": 0.0, "max": 499993.25}, "jrc-gsw": {"min": 0.0, "max": 255.0}, "pp-marine-protected": {"min": 0.0, "max": 1.0}, "unep-tidal": {"min": 0.0, "max": 1.0}, "wwf-glw-3": {"min": 1.0, "max": 255.0}, "gsa-pvout": {"min": 4.7770256996154785, "max": 5.3765339851379395}, "gsa-ghi": {"min": 5.392749786376953, "max": 6.166415691375732}, "gsa-gti": {"min": 5.878358840942383, "max": 6.721410274505615}, "gsa-temp": {"min": 19.100000381469727, "max": 23.107877731323242}, "gwa-iec1": {"min": 0.43303972482681274, "max": 0.8089821934700012}, "gwa-iec2": {"min": 0.4943850040435791, "max": 0.8456640839576721}, "gwa-iec3": {"min": 0.5356756448745728, "max": 0.8688175082206726}, "gwa-power-10": {"min": 59.726078033447266, "max": 852.6611328125}, "gwa-speed-10": {"min": 4.138322830200195, "max": 9.544309616088867}, "gwa-power-50": {"min": 271.9508972167969, "max": 1335.92138671875}, "gwa-speed-50": {"min": 6.458813190460205, "max": 11.550272941589355}, "gwa-power-100": {"min": 417.8436279296875, "max": 1725.1802978515625}, "gwa-speed-100": {"min": 7.753450870513916, "max": 12.873430252075195}, "gwa-power-150": {"min": 520.6921997070312, "max": 2118.07958984375}, "gwa-speed-150": {"min": 8.224693298339844, "max": 13.673728942871094}, "gwa-power-200": {"min": 577.740478515625, "max": 2295.966552734375}, "gwa-speed-200": {"min": 8.391056060791016, "max": 13.891334533691406}, "gebco": {"min": -4315.0, "max": 191.0}, "srtm90": {"min": -14.0, "max": 193.0}, "waterbodies": {"min": 0.0, "max": 2.0}, "gwa-enercon-e44-50": {"min": 0.20301002264022827, "max": 0.6269188523292542}, "gwa-enercon-e48-50": {"min": 0.25652992725372314, "max": 0.7033309936523438}, "gwa-enercon-e53-50": {"min": 0.30154141783714294, "max": 0.744700014591217}, "gwa-offshore-dtu-10mw-119": {"min": 0.41856861114501953, "max": 0.7987157702445984}, "gwa-offshore-iea-15mw-150": {"min": 0.48624134063720703, "max": 0.865685224533081}, "gwa-offshore-leanwind-8mw-110": {"min": 0.4231202304363251, "max": 0.8036134839057922}, "gwa-vestas-v100-mode0-100": {"min": 0.519192099571228, "max": 0.8699879050254822}, "gwa-vestas-v100-mode0-120": {"min": 0.5533512830734253, "max": 0.8839154243469238}, "gwa-vestas-v100-mode0-150": {"min": 0.5554953217506409, "max": 0.9018219709396362}, "gwa-vestas-v100-mode0-80": {"min": 0.4632696509361267, "max": 0.8426574468612671}, "gwa-vestas-v110-mode0-100": {"min": 0.5675019025802612, "max": 0.8975249528884888}, "gwa-vestas-v110-mode0-120": {"min": 0.598590075969696, "max": 0.9078804850578308}, "gwa-vestas-v110-mode0-150": {"min": 0.5985199213027954, "max": 0.9222561717033386}, "gwa-vestas-v110-mode0-80": {"min": 0.5106639266014099, "max": 0.8742708563804626}, "gwa-vestas-v112-mode0-100": {"min": 0.42147183418273926, "max": 0.8164246082305908}, "gwa-vestas-v112-mode0-120": {"min": 0.4598384499549866, "max": 0.8226527571678162}, "gwa-vestas-v112-mode0-150": {"min": 0.4657527208328247, "max": 0.8492479920387268}, "gwa-vestas-v112-mode0-80": {"min": 0.37047144770622253, "max": 0.7985293865203857}, "gwa-vestas-v120-mode0-100": {"min": 0.5866280794143677, "max": 0.9028147459030151}, "gwa-vestas-v120-mode0-120": {"min": 0.6152225136756897, "max": 0.9108495712280273}, "gwa-vestas-v120-mode0-150": {"min": 0.6128947138786316, "max": 0.9149171710014343}, "gwa-vestas-v120-mode0-80": {"min": 0.5297125577926636, "max": 0.8831565976142883}, "gwa-vestas-v126-mode0-100": {"min": 0.4830893576145172, "max": 0.8451311588287354}, "gwa-vestas-v126-mode0-120": {"min": 0.5191962122917175, "max": 0.8621708750724792}, "gwa-vestas-v126-mode0-150": {"min": 0.5228040218353271, "max": 0.8845358490943909}, "gwa-vestas-v126-mode0-80": {"min": 0.42876121401786804, "max": 0.8207478523254395}, "gwa-vestas-v136-mode0-100": {"min": 0.5252298712730408, "max": 0.8729361295700073}, "gwa-vestas-v136-mode0-120": {"min": 0.5590713024139404, "max": 0.8866219520568848}, "gwa-vestas-v136-mode0-150": {"min": 0.5610175728797913, "max": 0.9047731161117554}, "gwa-vestas-v136-mode0-80": {"min": 0.46937012672424316, "max": 0.8461337685585022}, "air-density": {"min": 1.152037262916565, "max": 1.188846468925476}}