{"worldpop":{"min":-3.4028234663852886e+38,"max":18500.314453125},"slope":{"min":0.0,"max":66.0584945678711},"land-cover":{"min":10.0,"max":210.0},"airports":{"min":0.0,"max":152974.671875},"ports":{"min":0.0,"max":333045.40625},"anchorages":{"min":0.0,"max":338792.3125},"grid":{"min":0.0,"max":455421.78125},"roads":{"min":0.0,"max":21095.021484375},"pp-whs":{"min":0.0,"max":414557.90625},"unep-coral":{"min":65535.0,"max":65535.0},"unesco":{"min":0.0,"max":250644.171875},"unesco-ramsar":{"min":0.0,"max":357798.8125},"wwf-glw-1":{"min":0.0,"max":348934.4375},"wwf-glw-2":{"min":0.0,"max":432486.125},"jrc-gsw":{"min":0.0,"max":1.0},"pp-marine-protected":{"min":0.0,"max":1.0},"unep-tidal":{"min":0.0,"max":1.0},"wwf-glw-3":{"min":1.0,"max":255.0},"gsa-pvout":{"min":2.4349477291107178,"max":5.847548484802246},"gsa-ghi":{"min":2.811983346939087,"max":6.364599227905273},"gsa-gti":{"min":2.9479174613952637,"max":7.010745525360107},"gsa-temp":{"min":-3.0135700702667236,"max":20.978012084960938},"gwa-iec1":{"min":0.014834810048341751,"max":0.6732676029205322},"gwa-iec2":{"min":0.018946873024106026,"max":0.7139362096786499},"gwa-iec3":{"min":0.021864935755729675,"max":0.7437297701835632},"gwa-power-10":{"min":2.9820499420166016,"max":12643.38671875},"gwa-speed-10":{"min":0.7218606472015381,"max":12.526684761047363},"gwa-power-50":{"min":10.248010635375977,"max":5181.33056640625},"gwa-speed-50":{"min":1.263462781906128,"max":12.940754890441895},"gwa-power-100":{"min":19.048349380493164,"max":4430.11083984375},"gwa-speed-100":{"min":1.7092207670211792,"max":13.266519546508789},"gwa-power-150":{"min":24.258451461791992,"max":4416.529296875},"gwa-speed-150":{"min":1.8598785400390625,"max":13.636557579040527},"gwa-power-200":{"min":29.566240310668945,"max":4424.27685546875},"gwa-speed-200":{"min":2.0503621101379395,"max":13.92693042755127},"gebco":{"min":-230.0,"max":3389.0},"srtm90":{"min":-4.0,"max":3569.0},"waterbodies":{"min":0.0,"max":2.0},"gwa-enercon-e44-50":{"min":0.00619495240971446,"max":0.5617020130157471},"gwa-enercon-e48-50":{"min":0.008001659996807575,"max":0.6221229434013367},"gwa-enercon-e53-50":{"min":0.01103629358112812,"max":0.6573264002799988},"gwa-offshore-dtu-10mw-119":{"min":0.014873547479510307,"max":0.6711417436599731},"gwa-offshore-iea-15mw-150":{"min":0.02559683844447136,"max":0.7284067869186401},"gwa-offshore-leanwind-8mw-110":{"min":0.0148673877120018,"max":0.6787528395652771},"gwa-vestas-v100-mode0-100":{"min":0.025067878887057304,"max":0.7464640140533447},"gwa-vestas-v100-mode0-120":{"min":0.026780053973197937,"max":0.7623777389526367},"gwa-vestas-v100-mode0-150":{"min":0.03322821855545044,"max":0.7686362266540527},"gwa-vestas-v100-mode0-80":{"min":0.01572815328836441,"max":0.7230895757675171},"gwa-vestas-v110-mode0-100":{"min":0.029938414692878723,"max":0.7796056866645813},"gwa-vestas-v110-mode0-120":{"min":0.03182492405176163,"max":0.7937436699867249},"gwa-vestas-v110-mode0-150":{"min":0.03911900147795677,"max":0.7981030941009521},"gwa-vestas-v110-mode0-80":{"min":0.019005317240953445,"max":0.7537778615951538},"gwa-vestas-v112-mode0-100":{"min":0.01764310896396637,"max":0.6936589479446411},"gwa-vestas-v112-mode0-120":{"min":0.01901545561850071,"max":0.7037675380706787},"gwa-vestas-v112-mode0-150":{"min":0.023975087329745293,"max":0.7113465666770935},"gwa-vestas-v112-mode0-80":{"min":0.010885527357459068,"max":0.68310546875},"gwa-vestas-v120-mode0-100":{"min":0.03169830143451691,"max":0.7777044773101807},"gwa-vestas-v120-mode0-120":{"min":0.03364615887403488,"max":0.7886407971382141},"gwa-vestas-v120-mode0-150":{"min":0.04124796390533447,"max":0.7875360250473022},"gwa-vestas-v120-mode0-80":{"min":0.020151128992438316,"max":0.7516360282897949},"gwa-vestas-v126-mode0-100":{"min":0.022370360791683197,"max":0.7223706245422363},"gwa-vestas-v126-mode0-120":{"min":0.023939352482557297,"max":0.7374722957611084},"gwa-vestas-v126-mode0-150":{"min":0.029811307787895203,"max":0.7460654377937317},"gwa-vestas-v126-mode0-80":{"min":0.014015717431902885,"max":0.7031192183494568},"gwa-vestas-v136-mode0-100":{"min":0.025871967896819115,"max":0.7526004910469055},"gwa-vestas-v136-mode0-120":{"min":0.027598658576607704,"max":0.7675763368606567},"gwa-vestas-v136-mode0-150":{"min":0.03414743021130562,"max":0.774571418762207},"gwa-vestas-v136-mode0-80":{"min":0.016311021521687508,"max":0.731155276298523},"air-density":{"min":0.857915461063385,"max":1.2151930332183838},"lcoe":{"gwa-vestas-v100-mode0-120":{"lg":{"min":49.592567443847656,"max":1301.934814453125},"li":{"min":1.4793530702590942,"max":178.4259490966797},"lr":{"min":0.0,"max":3.266570806503296},"total":{"min":53.335289001464844,"max":1343.37158203125}},"gwa-vestas-v110-mode0-120":{"lg":{"min":47.79091262817383,"max":1096.186767578125},"li":{"min":1.4086021184921265,"max":148.3168487548828},"lr":{"min":0.0,"max":2.7658629417419434},"total":{"min":51.385738372802734,"max":1131.0550537109375}},"gwa-vestas-v112-mode0-120":{"lg":{"min":53.38954544067383,"max":1831.9215087890625},"li":{"min":1.645591378211975,"max":260.1338806152344},"lr":{"min":0.0,"max":4.556290626525879},"total":{"min":57.54202651977539,"max":1890.2783203125}},"gwa-vestas-v112-mode0-100":{"lg":{"min":54.10929489135742,"max":1974.10400390625},"li":{"min":1.6708574295043945,"max":280.9007263183594},"lr":{"min":0.0,"max":4.911994457244873},"total":{"min":58.32229232788086,"max":2037.0}},"gwa-offshore-dtu-10mw-119":{"lg":{"min":55.790489196777344,"max":2340.951416015625},"li":{"min":1.7164467573165894,"max":347.5577697753906},"lr":{"min":0.0,"max":5.7209696769714355},"total":{"min":60.144832611083984,"max":2433.983154296875}},"gwa-vestas-v126-mode0-150":{"lg":{"min":50.58942413330078,"max":1169.9588623046875},"li":{"min":1.4995183944702148,"max":185.8440704345703},"lr":{"min":0.0,"max":2.9884002208709717},"total":{"min":54.41398239135742,"max":1307.603271484375}},"gwa-vestas-v120-mode0-80":{"lg":{"min":50.244136810302734,"max":1728.9039306640625},"li":{"min":1.4966338872909546,"max":188.97596740722656},"lr":{"min":0.0,"max":2.9686574935913086},"total":{"min":54.040348052978516,"max":1781.2913818359375}},"gsa-pvout":{"lg":{"min":133.10713301240193,"max":314.051920621539},"li":{"min":4.479837007174069,"max":44.3645853681129},"lr":{"min":0.0,"max":1.1852526667616914},"total":{"min":154.5738936728871,"max":323.8024412903467}},"gwa-vestas-v126-mode0-80":{"lg":{"min":53.43508529663086,"max":2483.984619140625},"li":{"min":1.665003776550293,"max":263.2163391113281},"lr":{"min":0.0,"max":3.928975820541382},"total":{"min":57.59139633178711,"max":2559.304931640625}},"gwa-offshore-leanwind-8mw-110":{"lg":{"min":55.209747314453125,"max":2341.919677734375},"li":{"min":1.708407998085022,"max":339.2196350097656},"lr":{"min":0.0,"max":5.6839728355407715},"total":{"min":59.51526641845703,"max":2416.55810546875}},"gwa-vestas-v110-mode0-100":{"lg":{"min":48.585052490234375,"max":1165.0086669921875},"li":{"min":1.445839285850525,"max":163.0409393310547},"lr":{"min":0.0,"max":2.9935736656188965},"total":{"min":52.09840393066406,"max":1202.0740966796875}},"gwa-vestas-v136-mode0-100":{"lg":{"min":50.18487548828125,"max":1347.4910888671875},"li":{"min":1.5113741159439087,"max":187.13673400878906},"lr":{"min":0.0,"max":3.4338016510009766},"total":{"min":53.78921890258789,"max":1390.38232421875}},"gwa-vestas-v126-mode0-100":{"lg":{"min":52.11762619018555,"max":1557.786376953125},"li":{"min":1.58915376663208,"max":216.98220825195312},"lr":{"min":0.0,"max":3.938822031021118},"total":{"min":55.872806549072266,"max":1607.3912353515625}},"gwa-vestas-v126-mode0-120":{"lg":{"min":51.13228988647461,"max":1455.9508056640625},"li":{"min":1.5390430688858032,"max":201.34019470214844},"lr":{"min":0.0,"max":3.647944450378418},"total":{"min":54.86672592163086,"max":1502.3045654296875}},"gwa-vestas-v120-mode0-120":{"lg":{"min":48.07426071166992,"max":1037.0677490234375},"li":{"min":1.4101616144180298,"max":139.65721130371094},"lr":{"min":0.0,"max":2.619579553604126},