{"worldpop": {"min": -3.4028234663852886e+38, "max": 28978.88671875}, "slope": {"min": 0.0, "max": 43.782615661621094}, "land-cover": {"min": 10.0, "max": 210.0}, "airports": {"min": 0.0, "max": 499995.25}, "ports": {"min": 0.0, "max": 452244.40625}, "anchorages": {"min": 0.0, "max": 445095.75}, "grid": {"min": 0.0, "max": 442005.9375}, "roads": {"min": 0.0, "max": 444491.84375}, "pp-whs": {"min": 0.0, "max": 854442.625}, "unep-coral": {"min": 65535.0, "max": 65535.0}, "unesco": {"min": 0.0, "max": 499993.25}, "unesco-ramsar": {"min": 0.0, "max": 499984.25}, "wwf-glw-1": {"min": 0.0, "max": 499993.25}, "wwf-glw-2": {"min": 0.0, "max": 469749.15625}, "jrc-gsw": {"min": 0.0, "max": 255.0}, "pp-marine-protected": {"min": 0.0, "max": 1.0}, "unep-tidal": {"min": 0.0, "max": 1.0}, "wwf-glw-3": {"min": 1.0, "max": 255.0}, "gsa-pvout": {"min": 0.0, "max": 5.040126800537109}, "gsa-ghi": {"min": 0.0, "max": 5.247640609741211}, "gsa-gti": {"min": 0.0, "max": 6.170327663421631}, "gsa-temp": {"min": -3.0135700702667236, "max": 19.66044807434082}, "gwa-iec1": {"min": 0.0, "max": 0.700888991355896}, "gwa-iec2": {"min": 0.0, "max": 0.7019665837287903}, "gwa-iec3": {"min": 0.0, "max": 0.7239023447036743}, "gwa-power-10": {"min": 0.0, "max": 12643.38671875}, "gwa-speed-10": {"min": 0.0, "max": 14.730746269226074}, "gwa-power-50": {"min": 0.0, "max": 5181.33056640625}, "gwa-speed-50": {"min": 0.0, "max": 13.875845909118652}, "gwa-power-100": {"min": 0.0, "max": 4430.11083984375}, "gwa-speed-100": {"min": 0.0, "max": 13.954954147338867}, "gwa-power-150": {"min": 0.0, "max": 4416.529296875}, "gwa-speed-150": {"min": 0.0, "max": 14.69156265258789}, "gwa-power-200": {"min": 0.0, "max": 4424.27685546875}, "gwa-speed-200": {"min": 0.0, "max": 15.175588607788086}, "gebco": {"min": -5423.0, "max": 3180.0}, "srtm90": {"min": -4.0, "max": 3120.0}, "waterbodies": {"min": 0.0, "max": 2.0}, "gwa-enercon-e44-50": {"min": 0.00619495240971446, "max": 0.5717307925224304}, "gwa-enercon-e48-50": {"min": 0.008001659996807575, "max": 0.6308379769325256}, "gwa-enercon-e53-50": {"min": 0.01103629358112812, "max": 0.6648947596549988}, "gwa-offshore-dtu-10mw-119": {"min": 0.014873547479510307, "max": 0.7141237258911133}, "gwa-offshore-iea-15mw-150": {"min": 0.02559683844447136, "max": 0.7519401907920837}, "gwa-offshore-leanwind-8mw-110": {"min": 0.0148673877120018, "max": 0.7191818356513977}, "gwa-vestas-v100-mode0-100": {"min": 0.025067878887057304, "max": 0.72506183385849}, "gwa-vestas-v100-mode0-120": {"min": 0.026780053973197937, "max": 0.7310470938682556}, "gwa-vestas-v100-mode0-150": {"min": 0.03322821855545044, "max": 0.7325516939163208}, "gwa-vestas-v100-mode0-80": {"min": 0.01572815328836441, "max": 0.7123444080352783}, "gwa-vestas-v110-mode0-100": {"min": 0.029938414692878723, "max": 0.7485736012458801}, "gwa-vestas-v110-mode0-120": {"min": 0.03182492405176163, "max": 0.7570700645446777}, "gwa-vestas-v110-mode0-150": {"min": 0.03911900147795677, "max": 0.7575998306274414}, "gwa-vestas-v110-mode0-80": {"min": 0.019005317240953445, "max": 0.7359771728515625}, "gwa-vestas-v112-mode0-100": {"min": 0.01764310896396637, "max": 0.7288504242897034}, "gwa-vestas-v112-mode0-120": {"min": 0.01901545561850071, "max": 0.7382327914237976}, "gwa-vestas-v112-mode0-150": {"min": 0.023975087329745293, "max": 0.740084171295166}, "gwa-vestas-v112-mode0-80": {"min": 0.010885527357459068, "max": 0.7081945538520813}, "gwa-vestas-v120-mode0-100": {"min": 0.03169830143451691, "max": 0.724668562412262}, "gwa-vestas-v120-mode0-120": {"min": 0.03364615887403488, "max": 0.7313387989997864}, "gwa-vestas-v120-mode0-150": {"min": 0.04124796390533447, "max": 0.7349028587341309}, "gwa-vestas-v120-mode0-80": {"min": 0.020151128992438316, "max": 0.7084750533103943}, "gwa-vestas-v126-mode0-100": {"min": 0.022370360791683197, "max": 0.718396782875061}, "gwa-vestas-v126-mode0-120": {"min": 0.023939352482557297, "max": 0.72303706407547}, "gwa-vestas-v126-mode0-150": {"min": 0.029811307787895203, "max": 0.7202597260475159}, "gwa-vestas-v126-mode0-80": {"min": 0.014015717431902885, "max": 0.7035714983940125}, "gwa-vestas-v136-mode0-100": {"min": 0.025871967896819115, "max": 0.738940954208374}, "gwa-vestas-v136-mode0-120": {"min": 0.027598658576607704, "max": 0.7427374720573425}, "gwa-vestas-v136-mode0-150": {"min": 0.03414743021130562, "max": 0.7423798441886902}, "gwa-vestas-v136-mode0-80": {"min": 0.016311021521687508, "max": 0.7253302335739136}, "air-density": {"min": 0.8778391480445862, "max": 1.2191400527954102}}