{"worldpop":{"min":-3.4028234663852886e+38,"max":11394.0966796875},"slope":{"min":0.0,"max":4.1989641189575195},"land-cover":{"min":10.0,"max":210.0},"airports":{"min":500.0,"max":145748.078125},"ports":{"min":0.0,"max":129865.3125},"anchorages":{"min":0.0,"max":108840.4765625},"grid":{"min":0.0,"max":131115.40625},"roads":{"min":0.0,"max":115553.015625},"pp-whs":{"min":224649.171875,"max":597010.25},"unep-coral":{"min":65535.0,"max":65535.0},"unesco":{"min":500.0,"max":213382.875},"unesco-ramsar":{"min":4000.0,"max":154910.46875},"wwf-glw-1":{"min":1581.1387939453125,"max":250353.75},"wwf-glw-2":{"min":0.0,"max":124807.8515625},"jrc-gsw":{"min":0.0,"max":255.0},"pp-marine-protected":{"min":0.0,"max":1.0},"unep-tidal":{"min":0.0,"max":1.0},"wwf-glw-3":{"min":1.0,"max":255.0},"gsa-pvout":{"min":2.7316670417785645,"max":3.0969998836517334},"gsa-ghi":{"min":2.6282331943511963,"max":2.925692319869995},"gsa-gti":{"min":3.2046360969543457,"max":3.617995500564575},"gsa-temp":{"min":5.5,"max":8.100000381469727},"gwa-iec1":{"min":0.2377152293920517,"max":0.5807381272315979},"gwa-iec2":{"min":0.2893572151660919,"max":0.6305125951766968},"gwa-iec3":{"min":0.3277062773704529,"max":0.6638866662979126},"gwa-power-10":{"min":14.664826393127441,"max":504.52349853515625},"gwa-speed-10":{"min":2.2596099376678467,"max":7.4373908042907715},"gwa-power-50":{"min":106.21671295166016,"max":765.6167602539062},"gwa-speed-50":{"min":4.583946704864502,"max":8.76625919342041},"gwa-power-100":{"min":199.4261932373047,"max":906.12109375},"gwa-speed-100":{"min":6.5691680908203125,"max":9.510056495666504},"gwa-power-150":{"min":347.2895812988281,"max":1032.7257080078125},"gwa-speed-150":{"min":7.135399341583252,"max":9.905620574951172},"gwa-power-200":{"min":495.0540771484375,"max":1154.948974609375},"gwa-speed-200":{"min":7.823392868041992,"max":10.222670555114746},"gebco":{"min":-212.0,"max":151.0},"srtm90":{"min":0.0,"max":157.0},"waterbodies":{"min":0.0,"max":2.0},"gwa-enercon-e44-50":{"min":0.08185745030641556,"max":0.40386176109313965},"gwa-enercon-e48-50":{"min":0.10698563605546951,"max":0.4730316698551178},"gwa-enercon-e53-50":{"min":0.13461807370185852,"max":0.5181375741958618},"gwa-offshore-dtu-10mw-119":{"min":0.2513253390789032,"max":0.5583605766296387},"gwa-offshore-iea-15mw-150":{"min":0.39276424050331116,"max":0.625089168548584},"gwa-offshore-leanwind-8mw-110":{"min":0.23365721106529236,"max":0.5566931366920471},"gwa-vestas-v100-mode0-100":{"min":0.31912630796432495,"max":0.6534871459007263},"gwa-vestas-v100-mode0-120":{"min":0.3795545697212219,"max":0.6646416187286377},"gwa-vestas-v100-mode0-150":{"min":0.4642312824726105,"max":0.674422562122345},"gwa-vestas-v100-mode0-80":{"min":0.2707436680793762,"max":0.6339746713638306},"gwa-vestas-v110-mode0-100":{"min":0.36675044894218445,"max":0.6896005868911743},"gwa-vestas-v110-mode0-120":{"min":0.4297487437725067,"max":0.6992582082748413},"gwa-vestas-v110-mode0-150":{"min":0.5126710534095764,"max":0.7098798155784607},"gwa-vestas-v110-mode0-80":{"min":0.3144255578517914,"max":0.6707723140716553},"gwa-vestas-v112-mode0-100":{"min":0.23712679743766785,"max":0.5777412056922913},"gwa-vestas-v112-mode0-120":{"min":0.2893100678920746,"max":0.5914202332496643},"gwa-vestas-v112-mode0-150":{"min":0.3717360496520996,"max":0.6053527593612671},"gwa-vestas-v112-mode0-80":{"min":0.19791783392429352,"max":0.5619495511054993},"gwa-vestas-v120-mode0-100":{"min":0.38680794835090637,"max":0.6933208703994751},"gwa-vestas-v120-mode0-120":{"min":0.4507513642311096,"max":0.7002672553062439},"gwa-vestas-v120-mode0-150":{"min":0.5322765707969666,"max":0.7132240533828735},"gwa-vestas-v120-mode0-80":{"min":0.33276915550231934,"max":0.675701379776001},"gwa-vestas-v126-mode0-100":{"min":0.2884944677352905,"max":0.6268037557601929},"gwa-vestas-v126-mode0-120":{"min":0.3461158275604248,"max":0.6389442682266235},"gwa-vestas-v126-mode0-150":{"min":0.430649071931839,"max":0.6500705480575562},"gwa-vestas-v126-mode0-80":{"min":0.24348504841327667,"max":0.6082521080970764},"gwa-vestas-v136-mode0-100":{"min":0.3265717625617981,"max":0.6600712537765503},"gwa-vestas-v136-mode0-120":{"min":0.3872467279434204,"max":0.6713276505470276},"gwa-vestas-v136-mode0-150":{"min":0.4715389311313629,"max":0.6813474893569946},"gwa-vestas-v136-mode0-80":{"min":0.27771681547164917,"max":0.6406309604644775},"air-density":{"min":1.2287887334823608,"max":1.2476980686187744}}