{"worldpop":{"min":-3.4028234663852886e+38,"max":2225.29736328125},"slope":{"min":0.0,"max":8.337111473083496},"land-cover":{"min":10.0,"max":210.0},"airports":{"min":0.0,"max":146049.65625},"ports":{"min":0.0,"max":141635.09375},"anchorages":{"min":0.0,"max":157035.03125},"grid":{"min":0.0,"max":129561.765625},"roads":{"min":0.0,"max":101519.6953125},"pp-whs":{"min":0.0,"max":601316.3125},"unep-coral":{"min":65535.0,"max":65535.0},"unesco":{"min":0.0,"max":231417.90625},"unesco-ramsar":{"min":0.0,"max":133514.984375},"wwf-glw-1":{"min":0.0,"max":236596.703125},"wwf-glw-2":{"min":0.0,"max":108584.0703125},"jrc-gsw":{"min":0.0,"max":255.0},"pp-marine-protected":{"min":0.0,"max":1.0},"unep-tidal":{"min":0.0,"max":0.0},"wwf-glw-3":{"min":1.0,"max":255.0},"gsa-pvout":{"min":2.8996706008911133,"max":3.0884101390838623},"gsa-ghi":{"min":2.7181427478790283,"max":2.871000051498413},"gsa-gti":{"min":3.3855745792388916,"max":3.585392951965332},"gsa-temp":{"min":0.0,"max":7.800000190734863},"gwa-iec1":{"min":0.14329570531845093,"max":0.5707180500030518},"gwa-iec2":{"min":0.17737826704978943,"max":0.6211811304092407},"gwa-iec3":{"min":0.20313455164432526,"max":0.6562991738319397},"gwa-power-10":{"min":7.76759147644043,"max":504.4939270019531},"gwa-speed-10":{"min":1.6315826177597046,"max":7.388309955596924},"gwa-power-50":{"min":68.74506378173828,"max":765.5999145507812},"gwa-speed-50":{"min":3.6422011852264404,"max":8.705465316772461},"gwa-power-100":{"min":124.09297180175781,"max":905.715087890625},"gwa-speed-100":{"min":5.214119911193848,"max":9.441123008728027},"gwa-power-150":{"min":224.5476837158203,"max":1037.765869140625},"gwa-speed-150":{"min":5.916561603546143,"max":9.758596420288086},"gwa-power-200":{"min":349.611572265625,"max":1120.415283203125},"gwa-speed-200":{"min":6.874341011047363,"max":10.0841064453125},"gebco":{"min":-294.0,"max":269.0},"srtm90":{"min":2.0,"max":54.0},"waterbodies":{"min":0.0,"max":2.0},"gwa-enercon-e44-50":{"min":0.05079852044582367,"max":0.3987547755241394},"gwa-enercon-e48-50":{"min":0.06642228364944458,"max":0.46655550599098206},"gwa-enercon-e53-50":{"min":0.08509137481451035,"max":0.5109701752662659},"gwa-offshore-dtu-10mw-119":{"min":0.15304264426231384,"max":0.5485982298851013},"gwa-offshore-iea-15mw-150":{"min":0.2657686769962311,"max":0.6226555109024048},"gwa-offshore-leanwind-8mw-110":{"min":0.13975103199481964,"max":0.5482105016708374},"gwa-vestas-v100-mode0-100":{"min":0.19847649335861206,"max":0.650070309638977},"gwa-vestas-v100-mode0-120":{"min":0.24370165169239044,"max":0.6618514657020569},"gwa-vestas-v100-mode0-150":{"min":0.3263067901134491,"max":0.674238383769989},"gwa-vestas-v100-mode0-80":{"min":0.16848596930503845,"max":0.6359063982963562},"gwa-vestas-v110-mode0-100":{"min":0.23254543542861938,"max":0.6883679032325745},"gwa-vestas-v110-mode0-120":{"min":0.28219205141067505,"max":0.6987730264663696},"gwa-vestas-v110-mode0-150":{"min":0.369810551404953,"max":0.7088026404380798},"gwa-vestas-v110-mode0-80":{"min":0.198722243309021,"max":0.6743630766868591},"gwa-vestas-v112-mode0-100":{"min":0.14365166425704956,"max":0.5712447762489319},"gwa-vestas-v112-mode0-120":{"min":0.1797071397304535,"max":0.5832998752593994},"gwa-vestas-v112-mode0-150":{"min":0.24969705939292908,"max":0.6024972200393677},"gwa-vestas-v112-mode0-80":{"min":0.12078633159399033,"max":0.561069667339325},"gwa-vestas-v120-mode0-100":{"min":0.24649572372436523,"max":0.695808470249176},"gwa-vestas-v120-mode0-120":{"min":0.29810428619384766,"max":0.703996479511261},"gwa-vestas-v120-mode0-150":{"min":0.387768417596817,"max":0.7154988050460815},"gwa-vestas-v120-mode0-80":{"min":0.210946187376976,"max":0.6819979548454285},"gwa-vestas-v126-mode0-100":{"min":0.1781894862651825,"max":0.621847927570343},"gwa-vestas-v126-mode0-120":{"min":0.21997807919979095,"max":0.6344740390777588},"gwa-vestas-v126-mode0-150":{"min":0.2980985939502716,"max":0.6490867733955383},"gwa-vestas-v126-mode0-80":{"min":0.15092718601226807,"max":0.6083067655563354},"gwa-vestas-v136-mode0-100":{"min":0.2041597217321396,"max":0.6565713286399841},"gwa-vestas-v136-mode0-120":{"min":0.24996770918369293,"max":0.6683346033096313},"gwa-vestas-v136-mode0-150":{"min":0.33316731452941895,"max":0.6809900999069214},"gwa-vestas-v136-mode0-80":{"min":0.17363812029361725,"max":0.6425462961196899},"air-density":{"min":1.2198100090026855,"max":1.258899450302124}}