{"worldpop":{"min":-3.4028234663852886e+38,"max":79.33409881591797},"slope":{"min":0.28358739614486694,"max":15.990091323852539},"land-cover":{"min":30.0,"max":210.0},"airports":{"min":16278.8203125,"max":478886.46875},"ports":{"min":2828.427001953125,"max":479396.75},"anchorages":{"min":2500.0,"max":98602.734375},"grid":{"min":65535.0,"max":492521.34375},"roads":{"min":500.0,"max":191062.828125},"pp-whs":{"min":1090065.25,"max":1465097.0},"unep-coral":{"min":707.1067504882812,"max":37963.796875},"unesco":{"min":11335.7841796875,"max":176455.390625},"unesco-ramsar":{"min":65535.0,"max":65535.0},"wwf-glw-1":{"min":65535.0,"max":65535.0},"wwf-glw-2":{"min":26400.7578125,"max":415288.4375},"jrc-gsw":{"min":0.0,"max":1.0},"pp-marine-protected":{"min":0.0,"max":1.0},"unep-tidal":{"min":0.0,"max":0.0},"wwf-glw-3":{"min":255.0,"max":255.0},"gsa-pvout":{"min":2.9062554836273193,"max":4.196113586425781},"gsa-ghi":{"min":3.5180277824401855,"max":5.067445278167725},"gsa-gti":{"min":3.5796942710876465,"max":5.2805914878845215},"gsa-temp":{"min":19.598814010620117,"max":26.212709426879883},"gwa-iec1":{"min":0.027677757665514946,"max":0.3901076018810272},"gwa-iec2":{"min":0.03679211065173149,"max":0.4481707513332367},"gwa-iec3":{"min":0.043416090309619904,"max":0.48818373680114746},"gwa-power-10":{"min":4.933865547180176,"max":323.7565612792969},"gwa-speed-10":{"min":1.132331371307373,"max":5.657072067260742},"gwa-power-50":{"min":14.748503684997559,"max":360.065673828125},"gwa-speed-50":{"min":1.9345262050628662,"max":6.747543811798096},"gwa-power-100":{"min":28.95115089416504,"max":405.5160217285156},"gwa-speed-100":{"min":2.7347114086151123,"max":7.4048309326171875},"gwa-power-150":{"min":50.31684112548828,"max":492.9183349609375},"gwa-speed-150":{"min":3.3503811359405518,"max":7.846347808837891},"gwa-power-200":{"min":76.21334838867188,"max":586.1837768554688},"gwa-speed-200":{"min":3.899184226989746,"max":8.452027320861816},"gebco":{"min":-846.0,"max":736.0},"srtm90":{"min":29.0,"max":842.0},"waterbodies":{"min":0.0,"max":1.0},"gwa-enercon-e44-50":{"min":0.006341633852571249,"max":0.22619567811489105},"gwa-enercon-e48-50":{"min":0.008434051647782326,"max":0.2819967269897461},"gwa-enercon-e53-50":{"min":0.013214773498475552,"max":0.32701975107192993},"gwa-offshore-dtu-10mw-119":{"min":0.023374438285827637,"max":0.3485294282436371},"gwa-offshore-iea-15mw-150":{"min":0.0529770590364933,"max":0.4111081659793854},"gwa-offshore-leanwind-8mw-110":{"min":0.021406590938568115,"max":0.35766029357910156},"gwa-vestas-v100-mode0-100":{"min":0.03676881268620491,"max":0.47371962666511536},"gwa-vestas-v100-mode0-120":{"min":0.049362797290086746,"max":0.4812455177307129},"gwa-vestas-v100-mode0-150":{"min":0.07194463908672333,"max":0.48306503891944885},"gwa-vestas-v100-mode0-80":{"min":0.02685241959989071,"max":0.4557836651802063},"gwa-vestas-v110-mode0-100":{"min":0.04564841464161873,"max":0.5200240612030029},"gwa-vestas-v110-mode0-120":{"min":0.06076372042298317,"max":0.5274586081504822},"gwa-vestas-v110-mode0-150":{"min":0.08720403909683228,"max":0.5284771919250488},"gwa-vestas-v110-mode0-80":{"min":0.03348785266280174,"max":0.5014146566390991},"gwa-vestas-v112-mode0-100":{"min":0.02422174997627735,"max":0.38151049613952637},"gwa-vestas-v112-mode0-120":{"min":0.03292103856801987,"max":0.38875213265419006},"gwa-vestas-v112-mode0-150":{"min":0.049074359238147736,"max":0.3919397294521332},"gwa-vestas-v112-mode0-80":{"min":0.017574870958924294,"max":0.3658447265625},"gwa-vestas-v120-mode0-100":{"min":0.04890448972582817,"max":0.5382492542266846},"gwa-vestas-v120-mode0-120":{"min":0.06507682055234909,"max":0.5455395579338074},"gwa-vestas-v120-mode0-150":{"min":0.09318770468235016,"max":0.545989453792572},"gwa-vestas-v120-mode0-80":{"min":0.03585983067750931,"max":0.5194064378738403},"gwa-vestas-v126-mode0-100":{"min":0.03232654184103012,"max":0.4392210841178894},"gwa-vestas-v126-mode0-120":{"min":0.04341088980436325,"max":0.4466533958911896},"gwa-vestas-v126-mode0-150":{"min":0.06346701830625534,"max":0.4490092098712921},"gwa-vestas-v126-mode0-80":{"min":0.023615675047039986,"max":0.4221002459526062},"gwa-vestas-v136-mode0-100":{"min":0.0383802130818367,"max":0.4792429804801941},"gwa-vestas-v136-mode0-120":{"min":0.0513489730656147,"max":0.48671096563339233},"gwa-vestas-v136-mode0-150":{"min":0.07443683594465256,"max":0.48840954899787903},"gwa-vestas-v136-mode0-80":{"min":0.02809293195605278,"max":0.4613134562969208},"air-density":{"min":1.0830028057098389,"max":1.1563869714736938},"lcoe":{"gwa-vestas-v100-mode0-120":{"lg":{"min":76.22666931152344,"max":708.14892578125},"li":{"min":4.195073127746582,"max":40.56385803222656},"lr":{"min":0.01966591738164425,"max":4.672868728637695},"total":{"min":82.8226547241211,"max":753.2681274414062}},"gwa-vestas-v110-mode0-120":{"lg":{"min":69.89855194091797,"max":576.0314331054688},"li":{"min":3.8238470554351807,"max":32.952972412109375},"lr":{"min":0.017783619463443756,"max":4.26345682144165},"total":{"min":75.8475570678711,"max":612.6849975585938}},"gwa-vestas-v112-mode0-120":{"lg":{"min":93.41110229492188,"max":1059.8221435546875},"li":{"min":5.202827453613281,"max":60.82266616821289},"lr":{"min":0.024425137788057327,"max":6.8304123878479},"total":{"min":101.7576904296875,"max":1127.4752197265625}},"gwa-vestas-v112-mode0-100":{"lg":{"min":95.10826110839844,"max":1439.022705078125},"li":{"min":5.305605411529541,"max":82.66725158691406},"lr":{"min":0.026589294895529747,"max":9.2835693359375},"total":{"min":103.68881225585938,"max":1530.9735107421875}},"gwa-offshore-dtu-10mw-119":{"lg":{"min":103.72977447509766,"max":1491.0416259765625},"li":{"min":5.809136867523193,"max":85.66389465332031},"lr":{"min":0.027558332309126854,"max":9.620094299316406},"total":{"min":113.14984130859375,"max":1586.32568359375}},"gwa-vestas-v126-mode0-150":{"lg":{"min":81.41212463378906,"max":551.66650390625},"li":{"min":4.485644817352295,"max":31.54938507080078},"lr":{"min":0.01928732544183731,"max":5.0083537101745605},"total":{"min":88.28229522705078,"max":586.7589111328125}},"gwa-vestas-v120-mode0-80":{"lg":{"min":70.92015075683594,"max":973.295166015625},"li":{"min":3.8796777725219727,"max":55.83811569213867},"lr":{"min":0.019884813576936722,"max":6.270645618438721},"total":{"min":76.89657592773438,"max":1035.4039306640625}},"gsa-pvout":{"lg":{"min":183.9189188934474,"max":263.7707683570755},"li":{"min":10.364576545536565,"max":45.50523791545264},"lr":{"min":0.03236998817368515,"max":12.27013098454109},"total":{"min":194.43580481135004,"max":279.13363427441027}},"gwa-vestas-v126-mode0-80":{"lg":{"min":86.34716796875,"max":1475.8511962890625},"li":{"min":4.78439998626709,"max":84.78882598876953},"lr":{"min":0.02496601641178131,"max":9.521822929382324},"total":{"min":93.89570617675781,"max":1570.161865234375}},"gwa-offshore-leanwind-8mw-110":{"lg":{"min":101.18372344970703,"max":1627.7412109375},"li":{"min":5.663999557495117,"max":93.53874206542969},"lr":{"min":0.027717897668480873,"max":10.50444221496582},"total":{"min":110.42280578613281,"max":1731.7843017578125}},"gwa-vestas-v110-mode0-100":{"lg":{"min":70.8406753540039,"max":765.445068359375},"li":{"min":3.8808257579803467,"max":43.86450958251953},"lr":{"min":0.019085364416241646,"max":4.926003932952881},"total":{"min":76.91815948486328,"max":814.235595703125}},"gwa-vestas-v136-mode0-100":{"lg":{"min":76.52847290039062,"max":909.6427001953125},"li":{"min":4.214423656463623,"max":52.171295166015625},"lr":{"min":0.020890919491648674,"max":5.858860015869141},"total":{"min":83.18623352050781,"max":967.6728515625}},"gwa-vestas-v126-mode0-100":{"lg":{"min":83.13728332519531,"max":1079.2388916015625},"li":{"min":4.602410793304443,"max":61.94121551513672},"lr":{"min":0.02295760065317154,"max":6.956026077270508},"total":{"min":90.47625732421875,"max":1148.1361083984375}},"gwa-vestas-v126-mode0-120":{"lg":{"min":81.82042694091797,"max":804.692138671875},"li":{"min":4.522724151611328,"max":46.12541580200195},