{"worldpop":{"min":-3.4028234663852886e+38,"max":115.54827880859375},"slope":{"min":0.0,"max":38.95979690551758},"land-cover":{"min":50.0,"max":210.0},"airports":{"min":500.0,"max":499999.25},"ports":{"min":707.1067504882812,"max":499999.25},"anchorages":{"min":0.0,"max":499995.25},"grid":{"min":65535.0,"max":500000.0},"roads":{"min":0.0,"max":500000.0},"pp-whs":{"min":521902.78125,"max":1374028.625},"unep-coral":{"min":65535.0,"max":65535.0},"unesco":{"min":65535.0,"max":65535.0},"unesco-ramsar":{"min":65535.0,"max":499993.25},"wwf-glw-1":{"min":65535.0,"max":500000.0},"wwf-glw-2":{"min":0.0,"max":499995.25},"jrc-gsw":{"min":0.0,"max":255.0},"pp-marine-protected":{"min":0.0,"max":1.0},"unep-tidal":{"min":0.0,"max":1.0},"wwf-glw-3":{"min":1.0,"max":255.0},"gsa-pvout":{"min":NaN,"max":NaN},"gsa-ghi":{"min":NaN,"max":NaN},"gsa-gti":{"min":NaN,"max":NaN},"gsa-temp":{"min":0.0,"max":9.100000381469727},"gwa-iec1":{"min":0.482952743768692,"max":0.8217248916625977},"gwa-iec2":{"min":0.5314918756484985,"max":0.8229902982711792},"gwa-iec3":{"min":0.5644221305847168,"max":0.8420248627662659},"gwa-power-10":{"min":43.442562103271484,"max":3075.399658203125},"gwa-speed-10":{"min":3.056525468826294,"max":14.560461044311523},"gwa-power-50":{"min":325.13623046875,"max":3695.039306640625},"gwa-speed-50":{"min":6.814467430114746,"max":15.912919998168945},"gwa-power-100":{"min":641.8895874023438,"max":4073.134033203125},"gwa-speed-100":{"min":8.850092887878418,"max":13.055215835571289},"gwa-power-150":{"min":916.6196899414062,"max":4589.24072265625},"gwa-speed-150":{"min":9.702616691589355,"max":17.660348892211914},"gwa-power-200":{"min":1174.7547607421875,"max":4941.4013671875},"gwa-speed-200":{"min":10.680627822875977,"max":18.156492233276367},"gebco":{"min":-4904.0,"max":610.0},"srtm90":{"min":1.0,"max":622.0},"waterbodies":{"min":0.0,"max":2.0},"gwa-enercon-e44-50":{"min":0.23495586216449738,"max":0.6904504895210266},"gwa-enercon-e48-50":{"min":0.29392147064208984,"max":0.7457591891288757},"gwa-enercon-e53-50":{"min":0.3404334485530853,"max":0.7740797400474548},"gwa-offshore-dtu-10mw-119":{"min":0.48253512382507324,"max":0.8130717277526855},"gwa-offshore-iea-15mw-150":{"min":0.6113439798355103,"max":0.8609732389450073},"gwa-offshore-leanwind-8mw-110":{"min":0.46666109561920166,"max":0.8133968114852905},"gwa-vestas-v100-mode0-100":{"min":0.5474693775177002,"max":0.8321703672409058},"gwa-vestas-v100-mode0-120":{"min":0.5959301590919495,"max":0.8394489884376526},"gwa-vestas-v100-mode0-150":{"min":0.6594194173812866,"max":0.8543537855148315},"gwa-vestas-v100-mode0-80":{"min":0.5074465274810791,"max":0.8219583034515381},"gwa-vestas-v110-mode0-100":{"min":0.5851427316665649,"max":0.8497039675712585},"gwa-vestas-v110-mode0-120":{"min":0.6329969167709351,"max":0.8549436330795288},"gwa-vestas-v110-mode0-150":{"min":0.6914311051368713,"max":0.8719707727432251},"gwa-vestas-v110-mode0-80":{"min":0.5452289581298828,"max":0.8414020538330078},"gwa-vestas-v112-mode0-100":{"min":0.47169771790504456,"max":0.8216538429260254},"gwa-vestas-v112-mode0-120":{"min":0.519474983215332,"max":0.832935631275177},"gwa-vestas-v112-mode0-150":{"min":0.5915486812591553,"max":0.8489439487457275},"gwa-vestas-v112-mode0-80":{"min":0.4333209991455078,"max":0.8066213726997375},"gwa-vestas-v120-mode0-100":{"min":0.5931875109672546,"max":0.8225070834159851},"gwa-vestas-v120-mode0-120":{"min":0.6319408416748047,"max":0.8317557573318481},"gwa-vestas-v120-mode0-150":{"min":0.6088379621505737,"max":0.8420003652572632},"gwa-vestas-v120-mode0-80":{"min":0.5541819930076599,"max":0.8166685700416565},"gwa-vestas-v126-mode0-100":{"min":0.5202654004096985,"max":0.8247334957122803},"gwa-vestas-v126-mode0-120":{"min":0.5686017870903015,"max":0.8305911421775818},"gwa-vestas-v126-mode0-150":{"min":0.6354507803916931,"max":0.8443785309791565},"gwa-vestas-v126-mode0-80":{"min":0.4808085858821869,"max":0.8111824989318848},"gwa-vestas-v136-mode0-100":{"min":0.553778350353241,"max":0.8434842228889465},"gwa-vestas-v136-mode0-120":{"min":0.6022204756736755,"max":0.8486071825027466},"gwa-vestas-v136-mode0-150":{"min":0.6663073301315308,"max":0.8631100058555603},"gwa-vestas-v136-mode0-80":{"min":0.5138430595397949,"max":0.8313860893249512},"air-density":{"min":1.1539822816848755,"max":1.2350643873214722}}