{"worldpop": {"min": -3.4028234663852886e+38, "max": 23275.9453125}, "slope": {"min": 0.0, "max": 47.73468780517578}, "land-cover": {"min": 10.0, "max": 220.0}, "airports": {"min": 0.0, "max": 144585.609375}, "ports": {"min": 0.0, "max": 292699.90625}, "anchorages": {"min": 0.0, "max": 374738.9375}, "grid": {"min": 0.0, "max": 26462.236328125}, "roads": {"min": 0.0, "max": 27608.875}, "pp-whs": {"min": 0.0, "max": 422539.0625}, "unep-coral": {"min": 65535.0, "max": 65535.0}, "unesco": {"min": 0.0, "max": 239700.328125}, "unesco-ramsar": {"min": 0.0, "max": 444154.28125}, "wwf-glw-1": {"min": 0.0, "max": 457096.5625}, "wwf-glw-2": {"min": 0.0, "max": 90979.390625}, "jrc-gsw": {"min": 0.0, "max": 1.0}, "pp-marine-protected": {"min": 0.0, "max": 1.0}, "unep-tidal": {"min": 0.0, "max": 1.0}, "wwf-glw-3": {"min": 1.0, "max": 255.0}, "gsa-pvout": {"min": 2.165487766265869, "max": 4.57240629196167}, "gsa-ghi": {"min": 2.5585858821868896, "max": 4.523618698120117}, "gsa-gti": {"min": 2.687201976776123, "max": 5.438907623291016}, "gsa-temp": {"min": -12.24170207977295, "max": 18.831317901611328}, "gwa-iec1": {"min": 0.005154550075531006, "max": 0.6777603030204773}, "gwa-iec2": {"min": 0.006980150938034058, "max": 0.6816898584365845}, "gwa-iec3": {"min": 0.00803386140614748, "max": 0.7027878761291504}, "gwa-power-10": {"min": 0.8276854157447815, "max": 9661.4404296875}, "gwa-speed-10": {"min": 0.44641029834747314, "max": 14.0275239944458}, "gwa-power-50": {"min": 3.334815263748169, "max": 5621.18994140625}, "gwa-speed-50": {"min": 0.6886698603630066, "max": 13.937630653381348}, "gwa-power-100": {"min": 6.649215221405029, "max": 5109.9013671875}, "gwa-speed-100": {"min": 0.8260247111320496, "max": 14.163684844970703}, "gwa-power-150": {"min": 9.5270414352417, "max": 5035.2255859375}, "gwa-speed-150": {"min": 0.9225370287895203, "max": 14.48780345916748}, "gwa-power-200": {"min": 13.913826942443848, "max": 4956.62158203125}, "gwa-speed-200": {"min": 1.1107523441314697, "max": 14.82367992401123}, "gebco": {"min": -378.0, "max": 4245.0}, "srtm90": {"min": -12.0, "max": 4125.0}, "waterbodies": {"min": 0.0, "max": 2.0}, "gwa-enercon-e44-50": {"min": 0.0016174422344192863, "max": 0.5282978415489197}, "gwa-enercon-e48-50": {"min": 0.0021441348362714052, "max": 0.5926349759101868}, "gwa-enercon-e53-50": {"min": 0.0034652629401534796, "max": 0.6312806606292725}, "gwa-offshore-dtu-10mw-119": {"min": 0.0047206818126142025, "max": 0.6458719372749329}, "gwa-offshore-iea-15mw-150": {"min": 0.009436498396098614, "max": 0.6955865621566772}, "gwa-offshore-leanwind-8mw-110": {"min": 0.004618738777935505, "max": 0.6535912752151489}, "gwa-vestas-v100-mode0-100": {"min": 0.008018601685762405, "max": 0.692309558391571}, "gwa-vestas-v100-mode0-120": {"min": 0.010010889731347561, "max": 0.6960226893424988}, "gwa-vestas-v100-mode0-150": {"min": 0.01236542034894228, "max": 0.6990545392036438}, "gwa-vestas-v100-mode0-80": {"min": 0.006153603084385395, "max": 0.6855027675628662}, "gwa-vestas-v110-mode0-100": {"min": 0.009806285612285137, "max": 0.7212149500846863}, "gwa-vestas-v110-mode0-120": {"min": 0.011771826073527336, "max": 0.7251831293106079}, "gwa-vestas-v110-mode0-150": {"min": 0.014355020597577095, "max": 0.7284864187240601}, "gwa-vestas-v110-mode0-80": {"min": 0.00754080293700099, "max": 0.7140368819236755}, "gwa-vestas-v112-mode0-100": {"min": 0.0054290988482534885, "max": 0.6690987348556519}, "gwa-vestas-v112-mode0-120": {"min": 0.006750092376023531, "max": 0.674315869808197}, "gwa-vestas-v112-mode0-150": {"min": 0.00873635709285736, "max": 0.6819107532501221}, "gwa-vestas-v112-mode0-80": {"min": 0.0041525173000991344, "max": 0.6623555421829224}, "gwa-vestas-v120-mode0-100": {"min": 0.01045027282088995, "max": 0.6849539875984192}, "gwa-vestas-v120-mode0-120": {"min": 0.012342065572738647, "max": 0.7023170590400696}, "gwa-vestas-v120-mode0-150": {"min": 0.015019002370536327, "max": 0.7238494753837585}, "gwa-vestas-v120-mode0-80": {"min": 0.00803732592612505, "max": 0.6755774617195129}, "gwa-vestas-v126-mode0-100": {"min": 0.007115519605576992, "max": 0.6785266995429993}, "gwa-vestas-v126-mode0-120": {"min": 0.008866733871400356, "max": 0.6826169490814209}, "gwa-vestas-v126-mode0-150": {"min": 0.011217068880796432, "max": 0.6867585182189941}, "gwa-vestas-v126-mode0-80": {"min": 0.005460127256810665, "max": 0.6716914176940918}, "gwa-vestas-v136-mode0-100": {"min": 0.008350208401679993, "max": 0.7031259536743164}, "gwa-vestas-v136-mode0-120": {"min": 0.010374411940574646, "max": 0.7069953680038452}, "gwa-vestas-v136-mode0-150": {"min": 0.012694337405264378, "max": 0.7105169892311096}, "gwa-vestas-v136-mode0-80": {"min": 0.006414460018277168, "max": 0.6963291764259338}, "air-density": {"min": 0.7918851971626282, "max": 1.2288894653320312}, "lcoe": {"gwa-vestas-v100-mode0-120": {"lg": {"min": 53.93912124633789, "max": 3476.094970703125}, "li": {"min": 1.4943925142288208, "max": 103.59288787841797}, "lr": {"min": 0.0, "max": 7.228814125061035}, "total": {"min": 55.55457305908203, "max": 3580.275634765625}}, "gwa-vestas-v110-mode0-120": {"lg": {"min": 51.93101119995117, "max": 2956.7080078125}, "li": {"min": 1.4343012571334839, "max": 88.0965347290039}, "lr": {"min": 0.0, "max": 6.215429782867432}, "total": {"min": 53.481502532958984, "max": 3049.8037109375}}, "gwa-vestas-v112-mode0-120": {"lg": {"min": 55.54670715332031, "max": 5153.37548828125}, "li": {"min": 1.5424983501434326, "max": 153.63597106933594}, "lr": {"min": 0.0, "max": 9.73615550994873}, "total": {"min": 57.21416473388672, "max": 5307.88330078125}}, "gwa-vestas-v112-mode0-100": {"lg": {"min": 55.94862747192383, "max": 6406.30712890625}, "li": {"min": 1.55452561378479, "max": 189.65130615234375}, "lr": {"min": 0.0, "max": 8.660872459411621}, "total": {"min": 57.629085540771484, "max": 6598.12646484375}}, "gwa-offshore-dtu-10mw-119": {"lg": {"min": 57.816802978515625, "max": 7367.08056640625}, "li": {"min": 1.610429286956787, "max": 219.68373107910156}, "lr": {"min": 0.0, "max": 11.776477813720703}, "total": {"min": 59.55768966674805, "max": 7588.0107421875}}, "gwa-vestas-v126-mode0-150": {"lg": {"min": 54.6127815246582, "max": 3102.738525390625}, "li": {"min": 1.5145512819290161, "max": 92.45347595214844}, "lr": {"min": 0.0, "max": 8.396931648254395}, "total": {"min": 56.25002670288086, "max": 3200.438232421875}}, "gwa-vestas-v120-mode0-80": {"lg": {"min": 55.450443267822266, "max": 4328.6669921875}, "li": {"min": 1.539617657661438, "max": 128.10675048828125}, "lr": {"min": 0.0, "max": 5.920981407165527}, "total": {"min": 57.114784240722656, "max": 4458.23828125}}, "gsa-pvout": {"lg": {"min": 169.1122345254094, "max": 352.63287236467454}, "li": {"min": 4.9431287595100155, "max": 10.450770646280569}, "lr": {"min": 0.0, "max": 1.9678182486389943}, "total": {"min": 174.44118628554753, "max": 363.09365571588285}}, "gwa-vestas-v126-mode0-80": {"lg": {"min": 55.748104095458984, "max": 6369.9248046875}, "li": {"min": 1.5485249757766724, "max": 188.5735626220703}, "lr": {"min": 0.0, "max": 7.6934051513671875}, "total": {"min": 57.42207336425781, "max": 6560.654296875}}, "gwa-offshore-leanwind-8mw-110": {"lg": {"min": 57.181182861328125, "max": 7529.59521484375}, "li": {"min": 1.5914088487625122, "max": 224.53250122070312}, "lr": {"min": 0.0, "max": 10.608898162841797}, "total": {"min": 58.90150833129883, "max": 7755.40185546875}}, "gwa-vestas-v110-mode0-100": {"lg": {"min": 52.19472885131836, "max": 3548.5390625}, "li": {"min": 1.4421926736831665, "max": 104.99752807617188}, "lr": {"min": 0.0, "max": 5.466651916503906}, "total": {"min": 53.75374984741211, "max": 3654.73681640625}}, "gwa-vestas-v136-mode0-100": {"lg": {"min": 53.434608459472656, "max": 4166.6220703125}, "li": {"min": 1.4792953729629517, "max": 123.30658721923828}, "lr": {"min": 0.0, "max": 6.190005302429199}, "total": {"min": 55.03373718261719, "max": 4291.33837890625}}, "gwa-vestas-v126-mode0-100": {"lg": {"min": 55.2268180847168, "max": 4888.92236328125},