{"worldpop": {"min": -3.4028234663852886e+38, "max": 20620.3671875}, "slope": {"min": 0.0, "max": 46.20446014404297}, "land-cover": {"min": 10.0, "max": 220.0}, "airports": {"min": 0.0, "max": 240568.609375}, "ports": {"min": 0.0, "max": 372588.9375}, "anchorages": {"min": 0.0, "max": 359538.59375}, "grid": {"min": 0.0, "max": 358660.375}, "roads": {"min": 0.0, "max": 357522.375}, "pp-whs": {"min": 0.0, "max": 627565.3125}, "unep-coral": {"min": 65535.0, "max": 65535.0}, "unesco": {"min": 0.0, "max": 384153.9375}, "unesco-ramsar": {"min": 0.0, "max": 457794.96875}, "wwf-glw-1": {"min": 0.0, "max": 499952.25}, "wwf-glw-2": {"min": 0.0, "max": 380364.625}, "jrc-gsw": {"min": 0.0, "max": 255.0}, "pp-marine-protected": {"min": 0.0, "max": 1.0}, "unep-tidal": {"min": 0.0, "max": 1.0}, "wwf-glw-3": {"min": 1.0, "max": 255.0}, "gsa-pvout": {"min": 0.0, "max": 4.64259147644043}, "gsa-ghi": {"min": 1.2579990625381, "max": 4.523439884185791}, "gsa-gti": {"min": 0.0, "max": 5.480169296264648}, "gsa-temp": {"min": -12.49063491821289, "max": 18.899999618530273}, "gwa-iec1": {"min": 9.4688022045375e-07, "max": 0.6857725381851196}, "gwa-iec2": {"min": 2.175584086217e-06, "max": 0.6852233409881592}, "gwa-iec3": {"min": 2.8338088213786e-06, "max": 0.7055205702781677}, "gwa-power-10": {"min": 0.012934456579387, "max": 8933.6162109375}, "gwa-speed-10": {"min": 0.11994098126888, "max": 13.846818923950195}, "gwa-power-50": {"min": 0.068681567907333, "max": 5801.109375}, "gwa-speed-50": {"min": 0.18117314577103, "max": 13.407818794250488}, "gwa-power-100": {"min": 0.12662671506405, "max": 4530.7607421875}, "gwa-speed-100": {"min": 0.26562494039536, "max": 13.287169456481934}, "gwa-power-150": {"min": 0.11337132751942, "max": 4416.529296875}, "gwa-speed-150": {"min": 0.28240531682968, "max": 13.687195777893066}, "gwa-power-200": {"min": 0.12112526595592, "max": 4424.27685546875}, "gwa-speed-200": {"min": 0.29232773184776, "max": 14.010258674621582}, "gebco": {"min": -4988.0, "max": 4351.0}, "srtm90": {"min": -4.0, "max": 4280.0}, "waterbodies": {"min": 0.0, "max": 2.0}, "gwa-enercon-e44-50": {"min": 0.0012506990460678935, "max": 0.5320092439651489}, "gwa-enercon-e48-50": {"min": 0.0016795648261904716, "max": 0.5957844257354736}, "gwa-enercon-e53-50": {"min": 0.0029856145847588778, "max": 0.6339729428291321}, "gwa-offshore-dtu-10mw-119": {"min": 0.0044488850980997086, "max": 0.64680415391922}, "gwa-offshore-iea-15mw-150": {"min": 0.009017618373036385, "max": 0.6988096237182617}, "gwa-offshore-leanwind-8mw-110": {"min": 0.004085516557097435, "max": 0.6541767716407776}, "gwa-vestas-v100-mode0-100": {"min": 0.00609728554263711, "max": 0.6928815841674805}, "gwa-vestas-v100-mode0-120": {"min": 0.008406409993767738, "max": 0.6970340609550476}, "gwa-vestas-v100-mode0-150": {"min": 0.011791490949690342, "max": 0.7005966305732727}, "gwa-vestas-v100-mode0-80": {"min": 0.004187078680843115, "max": 0.6860317587852478}, "gwa-vestas-v110-mode0-100": {"min": 0.007316420320421457, "max": 0.7219935059547424}, "gwa-vestas-v110-mode0-120": {"min": 0.010050526820123196, "max": 0.7264127135276794}, "gwa-vestas-v110-mode0-150": {"min": 0.014018499292433262, "max": 0.7301024794578552}, "gwa-vestas-v110-mode0-80": {"min": 0.005014470312744379, "max": 0.714542806148529}, "gwa-vestas-v112-mode0-100": {"min": 0.004276548512279987, "max": 0.6697843670845032}, "gwa-vestas-v112-mode0-120": {"min": 0.0059309909120202065, "max": 0.6753380298614502}, "gwa-vestas-v112-mode0-150": {"min": 0.008397135883569717, "max": 0.6852544546127319}, "gwa-vestas-v112-mode0-80": {"min": 0.0029461272060871124, "max": 0.6648688316345215}, "gwa-vestas-v120-mode0-100": {"min": 0.007753150071948767, "max": 0.6891424655914307}, "gwa-vestas-v120-mode0-120": {"min": 0.010643601417541504, "max": 0.6996406316757202}, "gwa-vestas-v120-mode0-150": {"min": 0.01483020931482315, "max": 0.7240760922431946}, "gwa-vestas-v120-mode0-80": {"min": 0.0053094904869794846, "max": 0.6748574376106262}, "gwa-vestas-v126-mode0-100": {"min": 0.005453384481370449, "max": 0.6790941953659058}, "gwa-vestas-v126-mode0-120": {"min": 0.007515694946050644, "max": 0.6836069822311401}, "gwa-vestas-v126-mode0-150": {"min": 0.010572641156613827, "max": 0.6887304782867432}, "gwa-vestas-v126-mode0-80": {"min": 0.0037497244775295258, "max": 0.6726816892623901}, "gwa-vestas-v136-mode0-100": {"min": 0.006316361948847771, "max": 0.7037058472633362}, "gwa-vestas-v136-mode0-120": {"min": 0.008696675300598145, "max": 0.7080011367797852}, "gwa-vestas-v136-mode0-150": {"min": 0.012176553718745708, "max": 0.7122514247894287}, "gwa-vestas-v136-mode0-80": {"min": 0.004337835591286421, "max": 0.6970734000205994}, "air-density": {"min": 0.790799617767334, "max": 1.2285867929458618}}