{"worldpop": {"min": -3.4028234663852886e+38, "max": 576.669189453125}, "slope": {"min": 0.0, "max": 40.95450973510742}, "land-cover": {"min": 26.626972198486328, "max": 210.0}, "airports": {"min": 707.1067504882812, "max": 420837.5625}, "ports": {"min": 0.0, "max": 395469.65625}, "anchorages": {"min": 0.0, "max": 388513.1875}, "grid": {"min": 0.0, "max": 381775.4375}, "roads": {"min": 0.0, "max": 381244.34375}, "pp-whs": {"min": 137573.625, "max": 796202.5625}, "unep-coral": {"min": 65535.0, "max": 65535.0}, "unesco": {"min": 144250.65625, "max": 499432.1875}, "unesco-ramsar": {"min": 0.0, "max": 499987.25}, "wwf-glw-1": {"min": 65535.0, "max": 500000.0}, "wwf-glw-2": {"min": 0.0, "max": 406546.40625}, "jrc-gsw": {"min": 0.0, "max": 255.0}, "pp-marine-protected": {"min": 0.0, "max": 1.0}, "unep-tidal": {"min": 0.0, "max": 0.0}, "wwf-glw-3": {"min": 1.0, "max": 255.0}, "gsa-pvout": {"min": NaN, "max": NaN}, "gsa-ghi": {"min": NaN, "max": NaN}, "gsa-gti": {"min": NaN, "max": NaN}, "gsa-temp": {"min": 0.0, "max": 9.0}, "gwa-iec1": {"min": 0.3841836154460907, "max": 0.7254166007041931}, "gwa-iec2": {"min": 0.4306706488132477, "max": 0.709808886051178}, "gwa-iec3": {"min": 0.4635377526283264, "max": 0.7330976724624634}, "gwa-power-10": {"min": 88.76564025878906, "max": 9585.3720703125}, "gwa-speed-10": {"min": 3.1734771728515625, "max": 17.357837677001953}, "gwa-power-50": {"min": 307.5638732910156, "max": 9221.548828125}, "gwa-speed-50": {"min": 5.809559345245361, "max": 18.16326904296875}, "gwa-power-100": {"min": 497.8614807128906, "max": 6762.0927734375}, "gwa-speed-100": {"min": 7.342720031738281, "max": 17.84734535217285}, "gwa-power-150": {"min": 704.7268676757812, "max": 5931.75341796875}, "gwa-speed-150": {"min": 8.519376754760742, "max": 17.584482192993164}, "gwa-power-200": {"min": 904.0267333984375, "max": 5455.5}, "gwa-speed-200": {"min": 9.353201866149902, "max": 17.291404724121094}, "gebco": {"min": -3954.0, "max": 733.0}, "srtm90": {"min": NaN, "max": NaN}, "waterbodies": {"min": 0.0, "max": 2.0}, "gwa-enercon-e44-50": {"min": 0.1717347949743271, "max": 0.6005943417549133}, "gwa-enercon-e48-50": {"min": 0.21278291940689087, "max": 0.6553594470024109}, "gwa-enercon-e53-50": {"min": 0.24712032079696655, "max": 0.6858838796615601}, "gwa-offshore-dtu-10mw-119": {"min": 0.3915298581123352, "max": 0.713342547416687}, "gwa-offshore-iea-15mw-150": {"min": 0.4864923655986786, "max": 0.7464964985847473}, "gwa-offshore-leanwind-8mw-110": {"min": 0.37859123945236206, "max": 0.716704249382019}, "gwa-vestas-v100-mode0-100": {"min": 0.4389355182647705, "max": 0.7206137180328369}, "gwa-vestas-v100-mode0-120": {"min": 0.4845240116119385, "max": 0.7264881730079651}, "gwa-vestas-v100-mode0-150": {"min": 0.5327282547950745, "max": 0.7386215925216675}, "gwa-vestas-v100-mode0-80": {"min": 0.38334059715270996, "max": 0.7061207890510559}, "gwa-vestas-v110-mode0-100": {"min": 0.4712601900100708, "max": 0.7388995289802551}, "gwa-vestas-v110-mode0-120": {"min": 0.5176311135292053, "max": 0.7467343807220459}, "gwa-vestas-v110-mode0-150": {"min": 0.56569904088974, "max": 0.7578492164611816}, "gwa-vestas-v110-mode0-80": {"min": 0.41373008489608765, "max": 0.7259489297866821}, "gwa-vestas-v112-mode0-100": {"min": 0.3790200352668762, "max": 0.7273685336112976}, "gwa-vestas-v112-mode0-120": {"min": 0.4220314919948578, "max": 0.7339715957641602}, "gwa-vestas-v112-mode0-150": {"min": 0.46955186128616333, "max": 0.7354862093925476}, "gwa-vestas-v112-mode0-80": {"min": 0.3282274007797241, "max": 0.7147195935249329}, "gwa-vestas-v120-mode0-100": {"min": 0.47540712356567383, "max": 0.7085506319999695}, "gwa-vestas-v120-mode0-120": {"min": 0.49475905299186707, "max": 0.7217962741851807}, "gwa-vestas-v120-mode0-150": {"min": 0.5104689002037048, "max": 0.7299178838729858}, "gwa-vestas-v120-mode0-80": {"min": 0.41849803924560547, "max": 0.6990086436271667}, "gwa-vestas-v126-mode0-100": {"min": 0.4169059693813324, "max": 0.7089992761611938}, "gwa-vestas-v126-mode0-120": {"min": 0.4615328311920166, "max": 0.7161253094673157}, "gwa-vestas-v126-mode0-150": {"min": 0.5094204545021057, "max": 0.7266139984130859}, "gwa-vestas-v126-mode0-80": {"min": 0.3630533218383789, "max": 0.693118691444397}, "gwa-vestas-v136-mode0-100": {"min": 0.4452842175960541, "max": 0.7320823073387146}, "gwa-vestas-v136-mode0-120": {"min": 0.49111926555633545, "max": 0.7384800910949707}, "gwa-vestas-v136-mode0-150": {"min": 0.5395745038986206, "max": 0.7497233748435974}, "gwa-vestas-v136-mode0-80": {"min": 0.38928112387657166, "max": 0.7170746326446533}, "air-density": {"min": 1.1497646570205688, "max": 1.240282654762268}}