{"worldpop": {"min": -3.4028234663852886e+38, "max": 756.324951171875}, "slope": {"min": 0.0, "max": 69.34290313720703}, "land-cover": {"min": 37.58192443847656, "max": 210.0}, "airports": {"min": 500.0, "max": 500000.0}, "ports": {"min": 1000.0, "max": 500000.0}, "anchorages": {"min": 1000.0, "max": 500000.0}, "grid": {"min": 38347.09765625, "max": 499993.25}, "roads": {"min": 0.0, "max": 499993.25}, "pp-whs": {"min": 153170.65625, "max": 2588094.5}, "unep-coral": {"min": 0.0, "max": 499993.25}, "unesco": {"min": 2549.509765625, "max": 499996.5}, "unesco-ramsar": {"min": 65535.0, "max": 65535.0}, "wwf-glw-1": {"min": 65535.0, "max": 65535.0}, "wwf-glw-2": {"min": 49335.5859375, "max": 499999.25}, "jrc-gsw": {"min": 0.0, "max": 255.0}, "pp-marine-protected": {"min": 0.0, "max": 1.0}, "unep-tidal": {"min": 0.0, "max": 1.0}, "wwf-glw-3": {"min": 255.0, "max": 255.0}, "gsa-pvout": {"min": 0.0, "max": 4.314774513244629}, "gsa-ghi": {"min": 0.0, "max": 5.444252014160156}, "gsa-gti": {"min": 0.0, "max": 5.455774307250977}, "gsa-temp": {"min": 22.12071418762207, "max": 27.399999618530273}, "gwa-iec1": {"min": 0.0, "max": 0.4116292893886566}, "gwa-iec2": {"min": 0.0, "max": 0.4841896593570709}, "gwa-iec3": {"min": 0.0, "max": 0.5345945358276367}, "gwa-power-10": {"min": 0.0, "max": 198.30824279785156}, "gwa-speed-10": {"min": 0.0, "max": 5.921393394470215}, "gwa-power-50": {"min": 0.0, "max": 370.0888671875}, "gwa-speed-50": {"min": 0.0, "max": 7.021808624267578}, "gwa-power-100": {"min": 0.0, "max": 401.38385009765625}, "gwa-speed-100": {"min": 0.0, "max": 7.663389205932617}, "gwa-power-150": {"min": 0.0, "max": 435.2301330566406}, "gwa-speed-150": {"min": 0.0, "max": 7.745427131652832}, "gwa-power-200": {"min": 0.0, "max": 483.3208312988281}, "gwa-speed-200": {"min": 0.0, "max": 8.059504508972168}, "gebco": {"min": -10899.0, "max": 592.0}, "srtm90": {"min": 5.0, "max": 601.0}, "waterbodies": {"min": 0.0, "max": 1.0}, "gwa-enercon-e44-50": {"min": 0.005213664844632149, "max": 0.2211601734161377}, "gwa-enercon-e48-50": {"min": 0.007073079235851765, "max": 0.283589243888855}, "gwa-enercon-e53-50": {"min": 0.013273361138999462, "max": 0.33671852946281433}, "gwa-offshore-dtu-10mw-119": {"min": 0.03262748569250107, "max": 0.3571968078613281}, "gwa-offshore-iea-15mw-150": {"min": 0.062431782484054565, "max": 0.4294317960739136}, "gwa-offshore-leanwind-8mw-110": {"min": 0.029384786263108253, "max": 0.36979883909225464}, "gwa-vestas-v100-mode0-100": {"min": 0.052230603992938995, "max": 0.5119366645812988}, "gwa-vestas-v100-mode0-120": {"min": 0.0732928141951561, "max": 0.5190638303756714}, "gwa-vestas-v100-mode0-150": {"min": 0.08352750539779663, "max": 0.5196201205253601}, "gwa-vestas-v100-mode0-80": {"min": 0.03182898089289665, "max": 0.4926901161670685}, "gwa-vestas-v110-mode0-100": {"min": 0.0658792033791542, "max": 0.5684815049171448}, "gwa-vestas-v110-mode0-120": {"min": 0.09141156822443008, "max": 0.5753229260444641}, "gwa-vestas-v110-mode0-150": {"min": 0.09985755383968353, "max": 0.5751778483390808}, "gwa-vestas-v110-mode0-80": {"min": 0.040729399770498276, "max": 0.5490601062774658}, "gwa-vestas-v112-mode0-100": {"min": 0.0335373729467392, "max": 0.3981129825115204}, "gwa-vestas-v112-mode0-120": {"min": 0.04791959375143051, "max": 0.40505123138427734}, "gwa-vestas-v112-mode0-150": {"min": 0.05799269303679466, "max": 0.40664735436439514}, "gwa-vestas-v112-mode0-80": {"min": 0.019987456500530243, "max": 0.38089174032211304}, "gwa-vestas-v120-mode0-100": {"min": 0.0707395151257515, "max": 0.5915862917900085}, "gwa-vestas-v120-mode0-120": {"min": 0.0983184278011322, "max": 0.5982539653778076}, "gwa-vestas-v120-mode0-150": {"min": 0.10634574294090271, "max": 0.5977765917778015}, "gwa-vestas-v120-mode0-80": {"min": 0.0436086542904377, "max": 0.5721933245658875}, "gwa-vestas-v126-mode0-100": {"min": 0.04576199874281883, "max": 0.4686764180660248}, "gwa-vestas-v126-mode0-120": {"min": 0.06414853781461716, "max": 0.47577449679374695}, "gwa-vestas-v126-mode0-150": {"min": 0.07407227903604507, "max": 0.4767768085002899}, "gwa-vestas-v126-mode0-80": {"min": 0.02796146087348461, "max": 0.45010408759117126}, "gwa-vestas-v136-mode0-100": {"min": 0.054776549339294434, "max": 0.5181739330291748}, "gwa-vestas-v136-mode0-120": {"min": 0.0764811784029007, "max": 0.525203287601471}, "gwa-vestas-v136-mode0-150": {"min": 0.08610265702009201, "max": 0.5256363749504089}, "gwa-vestas-v136-mode0-80": {"min": 0.033631764352321625, "max": 0.4990384876728058}, "air-density": {"min": 1.0819239616394043, "max": 1.1437581777572632}}