{"worldpop": {"min": -3.4028234663852886e+38, "max": 4769.1552734375}, "slope": {"min": 0.0, "max": 23.93635368347168}, "land-cover": {"min": 10.0, "max": 210.0}, "airports": {"min": 500.0, "max": 387177.28125}, "ports": {"min": 500.0, "max": 408270.75}, "anchorages": {"min": 0.0, "max": 497116.9375}, "grid": {"min": 0.0, "max": 112893.75}, "roads": {"min": 0.0, "max": 68447.0625}, "pp-whs": {"min": 0.0, "max": 372196.875}, "unep-coral": {"min": 65535.0, "max": 65535.0}, "unesco": {"min": 500.0, "max": 432413.3125}, "unesco-ramsar": {"min": 0.0, "max": 462139.03125}, "wwf-glw-1": {"min": 0.0, "max": 471824.65625}, "wwf-glw-2": {"min": 0.0, "max": 216924.53125}, "jrc-gsw": {"min": 0.0, "max": 1.0}, "pp-marine-protected": {"min": 0.0, "max": 1.0}, "unep-tidal": {"min": 0.0, "max": 1.0}, "wwf-glw-3": {"min": 1.0, "max": 255.0}, "gsa-pvout": {"min": 3.1842334270477295, "max": 4.023841857910156}, "gsa-ghi": {"min": 3.9946141242980957, "max": 5.078415870666504}, "gsa-gti": {"min": 3.993521213531494, "max": 5.083328723907471}, "gsa-temp": {"min": 21.086231231689453, "max": 26.399999618530273}, "gwa-iec1": {"min": 0.0008310999255627394, "max": 0.28366583585739136}, "gwa-iec2": {"min": 0.0014425734989345074, "max": 0.3313605785369873}, "gwa-iec3": {"min": 0.0018025716999545693, "max": 0.36490190029144287}, "gwa-power-10": {"min": 0.11811258643865585, "max": 160.91831970214844}, "gwa-speed-10": {"min": 0.34434717893600464, "max": 4.563971996307373}, "gwa-power-50": {"min": 1.2033417224884033, "max": 249.2425994873047}, "gwa-speed-50": {"min": 0.873440146446228, "max": 5.956153869628906}, "gwa-power-100": {"min": 3.632535219192505, "max": 266.76904296875}, "gwa-speed-100": {"min": 1.255344033241272, "max": 6.254871845245361}, "gwa-power-150": {"min": 6.257316589355469, "max": 305.2972412109375}, "gwa-speed-150": {"min": 1.388177752494812, "max": 6.643132209777832}, "gwa-power-200": {"min": 8.001757621765137, "max": 330.86248779296875}, "gwa-speed-200": {"min": 1.465070128440857, "max": 6.834109306335449}, "gebco": {"min": -211.0, "max": 965.0}, "srtm90": {"min": 0.0, "max": 977.0}, "waterbodies": {"min": 0.0, "max": 2.0}, "gwa-enercon-e44-50": {"min": 1.7113052308559418e-05, "max": 0.18000909686088562}, "gwa-enercon-e48-50": {"min": 2.3960110411280766e-05, "max": 0.22351789474487305}, "gwa-enercon-e53-50": {"min": 0.00030502257868647575, "max": 0.2617257237434387}, "gwa-offshore-dtu-10mw-119": {"min": 0.00015647633699700236, "max": 0.25950032472610474}, "gwa-offshore-iea-15mw-150": {"min": 0.002783330390229821, "max": 0.3301326632499695}, "gwa-offshore-leanwind-8mw-110": {"min": 0.00015405882732011378, "max": 0.2637319564819336}, "gwa-vestas-v100-mode0-100": {"min": 0.0011391777079552412, "max": 0.35629913210868835}, "gwa-vestas-v100-mode0-120": {"min": 0.0021899843122810125, "max": 0.3690633773803711}, "gwa-vestas-v100-mode0-150": {"min": 0.004236972890794277, "max": 0.39535966515541077}, "gwa-vestas-v100-mode0-80": {"min": 0.000473776861326769, "max": 0.36367255449295044}, "gwa-vestas-v110-mode0-100": {"min": 0.001615892630070448, "max": 0.3986392319202423}, "gwa-vestas-v110-mode0-120": {"min": 0.0030404580757021904, "max": 0.4087156355381012}, "gwa-vestas-v110-mode0-150": {"min": 0.005827513989061117, "max": 0.4365783929824829}, "gwa-vestas-v110-mode0-80": {"min": 0.0006750132306478918, "max": 0.4049283564090729}, "gwa-vestas-v112-mode0-100": {"min": 0.0006145419902168214, "max": 0.27951812744140625}, "gwa-vestas-v112-mode0-120": {"min": 0.0012238763738423586, "max": 0.2929580807685852}, "gwa-vestas-v112-mode0-150": {"min": 0.0023569173645228148, "max": 0.3150292932987213}, "gwa-vestas-v112-mode0-80": {"min": 0.0002526058233343065, "max": 0.2837599515914917}, "gwa-vestas-v120-mode0-100": {"min": 0.0016863909550011158, "max": 0.41534531116485596}, "gwa-vestas-v120-mode0-120": {"min": 0.0031918701715767384, "max": 0.42362722754478455}, "gwa-vestas-v120-mode0-150": {"min": 0.006194944493472576, "max": 0.4521214962005615}, "gwa-vestas-v120-mode0-80": {"min": 0.0007012234418652952, "max": 0.4208943843841553}, "gwa-vestas-v126-mode0-100": {"min": 0.0010436329757794738, "max": 0.3244785964488983}, "gwa-vestas-v126-mode0-120": {"min": 0.0019785703625530005, "max": 0.339933305978775}, "gwa-vestas-v126-mode0-150": {"min": 0.0038375561125576496, "max": 0.3645995855331421}, "gwa-vestas-v126-mode0-80": {"min": 0.0004359234881121665, "max": 0.33245694637298584}, "gwa-vestas-v136-mode0-100": {"min": 0.001295853522606194, "max": 0.3602524995803833}, "gwa-vestas-v136-mode0-120": {"min": 0.0024454123340547085, "max": 0.37351298332214355}, "gwa-vestas-v136-mode0-150": {"min": 0.004734945483505726, "max": 0.39980363845825195}, "gwa-vestas-v136-mode0-80": {"min": 0.0005425119888968766, "max": 0.3675254285335541}, "air-density": {"min": 1.0541819334030151, "max": 1.1576722860336304}, "lcoe": {"gwa-vestas-v100-mode0-120": {"lg": {"min": 98.18099975585938, "max": 10000.0}, "li": {"min": 2.8904037475585938, "max": 657.4505615234375}, "lr": {"min": 0.0, "max": 166.81109619140625}, "total": {"min": 101.1032943725586, "max": 10000.0}}, "gwa-vestas-v110-mode0-120": {"lg": {"min": 89.04386138916016, "max": 10000.0}, "li": {"min": 2.6099860668182373, "max": 465.1773986816406}, "lr": {"min": 0.0, "max": 118.02674865722656}, "total": {"min": 91.68264770507812, "max": 10000.0}}, "gwa-vestas-v112-mode0-120": {"lg": {"min": 122.64754486083984, "max": 10000.0}, "li": {"min": 3.6412792205810547, "max": 1208.52587890625}, "lr": {"min": 0.0, "max": 306.6322021484375}, "total": {"min": 126.3290023803711, "max": 10000.0}}, "gwa-vestas-v112-mode0-100": {"lg": {"min": 128.3524169921875, "max": 10000.0}, "li": {"min": 3.81636118888855, "max": 2258.611572265625}, "lr": {"min": 0.0, "max": 573.0643920898438}, "total": {"min": 132.2108917236328, "max": 10000.0}}, "gwa-offshore-dtu-10mw-119": {"lg": {"min": 137.94496154785156, "max": 10000.0}, "li": {"min": 4.11075496673584, "max": 9584.591796875}, "lr": {"min": 0.0, "max": 2431.8427734375}, "total": {"min": 142.10105895996094, "max": 10000.0}}, "gwa-vestas-v126-mode0-150": {"lg": {"min": 99.33405303955078, "max": 9061.5244140625}, "li": {"min": 2.925790786743164, "max": 390.81170654296875}, "lr": {"min": 0.0, "max": 99.15836334228516}, "total": {"min": 102.29212188720703, "max": 9551.494140625}}, "gwa-vestas-v120-mode0-80": {"lg": {"min": 86.58309173583984, "max": 10000.0}, "li": {"min": 2.7292377948760986, "max": 1975.828857421875}, "lr": {"min": 0.0, "max": 501.3155212402344}, "total": {"min": 90.1534652709961, "max": 10000.0}}, "gsa-pvout": {"lg": {"min": 191.62174227590867, "max": 241.0932399650726}, "li": {"min": 5.6466873593210725, "max": 16.017153429009593}, "lr": {"min": 0.0, "max": 4.726313737925266}, "total": {"min": 199.31172217934028, "max": 253.9219252710483}}, "gwa-vestas-v126-mode0-80": {"lg": {"min": 108.55116271972656, "max": 10000.0}, "li": {"min": 3.403250217437744, "max": 3229.76611328125}, "lr": {"min": 0.0, "max": 819.4696655273438}, "total": {"min": 113.07129669189453, "max": 10000.0}}, "gwa-offshore-leanwind-8mw-110": {"lg": {"min": 135.79579162597656, "max": 10000.0}, "li": {"min": 4.044796943664551, "max": 9734.994140625}, "lr": {"min": 0.0, "max": 2470.00341796875}, "total": {"min": 139.88522338867188, "max": 10000.0}}, "gwa-vestas-v110-mode0-100": {"lg": {"min": 91.19352722167969, "max": 10000.0}, "li": {"min": 2.73114013671875, "max": 845.69384765625}, "lr": {"min": 0.0, "max": 214.5729522705078}, "total": {"min": 94.96322631835938, "max": 10000.0}}, "gwa-vestas-v136-mode0-100": {"lg": {"min": 100.48442840576172, "max": 10000.0}, "li": {"min": 2.990450859069824, "max": 1058.20751953125}, "lr": {"min": 0.0, "max": 268.4928283691406}, "total": {"min": 104.46438598632812, "max": 10000.0}}, "gwa-vestas-v126-mode0-100": {"lg": {"min": 111.12188720703125, "max": 10000.0}, "li": {"min": 3.28755784034729, "max": 1315.728515625}, "lr": {"min": 0.0, "max": 333.83209228515625}, "total": {"min": 114.44571685791016, "max": 10000.0}},