{"worldpop":{"min":-3.4028234663852886e+38,"max":4877.93505859375},"slope":{"min":0.0,"max":29.218935012817383},"land-cover":{"min":10.0,"max":210.0},"airports":{"min":0.0,"max":480995.34375},"ports":{"min":0.0,"max":376622.15625},"anchorages":{"min":0.0,"max":362443.4375},"grid":{"min":0.0,"max":387900.125},"roads":{"min":0.0,"max":378540.625},"pp-whs":{"min":85212.96875,"max":728045.375},"unep-coral":{"min":65535.0,"max":65535.0},"unesco":{"min":65535.0,"max":500000.0},"unesco-ramsar":{"min":0.0,"max":500000.0},"wwf-glw-1":{"min":0.0,"max":403232.25},"wwf-glw-2":{"min":0.0,"max":376821.25},"jrc-gsw":{"min":0.0,"max":255.0},"pp-marine-protected":{"min":0.0,"max":1.0},"unep-tidal":{"min":0.0,"max":1.0},"wwf-glw-3":{"min":1.0,"max":255.0},"gsa-pvout":{"min":3.198823928833008,"max":4.071000099182129},"gsa-ghi":{"min":4.0179924964904785,"max":5.113999843597412},"gsa-gti":{"min":4.01658296585083,"max":5.116000175476074},"gsa-temp":{"min":21.757720947265625,"max":26.299999237060547},"gwa-iec1":{"min":0.0021457765251398087,"max":0.28366583585739136},"gwa-iec2":{"min":0.0036480717826634645,"max":0.3313605785369873},"gwa-iec3":{"min":0.004541316069662571,"max":0.36490190029144287},"gwa-power-10":{"min":0.28076139092445374,"max":157.89732360839844},"gwa-speed-10":{"min":0.513451099395752,"max":4.217142581939697},"gwa-power-50":{"min":2.99111270904541,"max":223.99803161621094},"gwa-speed-50":{"min":1.2934889793395996,"max":5.481524467468262},"gwa-power-100":{"min":6.393016815185547,"max":257.09600830078125},"gwa-speed-100":{"min":2.0911130905151367,"max":5.364241123199463},"gwa-power-150":{"min":9.520425796508789,"max":297.82000732421875},"gwa-speed-150":{"min":1.8917020559310913,"max":6.508101463317871},"gwa-power-200":{"min":12.572815895080566,"max":324.7259826660156},"gwa-speed-200":{"min":1.941528558731079,"max":6.7333903312683105},"gebco":{"min":-4454.0,"max":779.0},"srtm90":{"min":0.0,"max":801.0},"waterbodies":{"min":0.0,"max":2.0},"gwa-enercon-e44-50":{"min":0.0002306476526428014,"max":0.1711118370294571},"gwa-enercon-e48-50":{"min":0.00032136181835085154,"max":0.21117836236953735},"gwa-enercon-e53-50":{"min":0.0016030597034841776,"max":0.24558661878108978},"gwa-offshore-dtu-10mw-119":{"min":0.0007173303165473044,"max":0.252062052488327},"gwa-offshore-iea-15mw-150":{"min":0.0053069270215928555,"max":0.32241517305374146},"gwa-offshore-leanwind-8mw-110":{"min":0.0007170730386860669,"max":0.2558993399143219},"gwa-vestas-v100-mode0-100":{"min":0.0034253327175974846,"max":0.34684357047080994},"gwa-vestas-v100-mode0-120":{"min":0.005022920668125153,"max":0.35875505208969116},"gwa-vestas-v100-mode0-150":{"min":0.007928969338536263,"max":0.38536226749420166},"gwa-vestas-v100-mode0-80":{"min":0.002268298529088497,"max":0.33727556467056274},"gwa-vestas-v110-mode0-100":{"min":0.004711634945124388,"max":0.38534700870513916},"gwa-vestas-v110-mode0-120":{"min":0.006855078972876072,"max":0.3976156413555145},"gwa-vestas-v110-mode0-150":{"min":0.01063217967748642,"max":0.4255617558956146},"gwa-vestas-v110-mode0-80":{"min":0.0031382699962705374,"max":0.3747423589229584},"gwa-vestas-v112-mode0-100":{"min":0.0019342264859005809,"max":0.2739952504634857},"gwa-vestas-v112-mode0-120":{"min":0.002869141288101673,"max":0.28482094407081604},"gwa-vestas-v112-mode0-150":{"min":0.004642347805202007,"max":0.307675838470459},"gwa-vestas-v112-mode0-80":{"min":0.0012715167831629515,"max":0.2667951285839081},"gwa-vestas-v120-mode0-100":{"min":0.004965799394994974,"max":0.3998885750770569},"gwa-vestas-v120-mode0-120":{"min":0.007237756159156561,"max":0.4121047556400299},"gwa-vestas-v120-mode0-150":{"min":0.011271846480667591,"max":0.4404865801334381},"gwa-vestas-v120-mode0-80":{"min":0.003297756426036358,"max":0.3887069523334503},"gwa-vestas-v126-mode0-100":{"min":0.003087948774918914,"max":0.3190610110759735},"gwa-vestas-v126-mode0-120":{"min":0.004501388408243656,"max":0.3305644094944},"gwa-vestas-v126-mode0-150":{"min":0.00706686545163393,"max":0.35573244094848633},"gwa-vestas-v126-mode0-80":{"min":0.0020427105482667685,"max":0.31042051315307617},"gwa-vestas-v136-mode0-100":{"min":0.0037977006286382675,"max":0.35134243965148926},"gwa-vestas-v136-mode0-120":{"min":0.0055337585508823395,"max":0.36326950788497925},"gwa-vestas-v136-mode0-150":{"min":0.008626225404441357,"max":0.38988709449768066},"gwa-vestas-v136-mode0-80":{"min":0.002525563118979335,"max":0.34173694252967834},"air-density":{"min":1.0764304399490356,"max":1.1576937437057495}}