{"worldpop": {"min": -3.4028234663852886e+38, "max": 12702.32421875}, "slope": {"min": 0.0, "max": 36.7628288269043}, "land-cover": {"min": 10.0, "max": 210.0}, "airports": {"min": 0.0, "max": 229534.84375}, "ports": {"min": 0.0, "max": 108292.4296875}, "anchorages": {"min": 0.0, "max": 114961.953125}, "grid": {"min": 0.0, "max": 57467.37890625}, "roads": {"min": 0.0, "max": 12747.548828125}, "pp-whs": {"min": 0.0, "max": 668094.5}, "unep-coral": {"min": 65535.0, "max": 65535.0}, "unesco": {"min": 0.0, "max": 259393.53125}, "unesco-ramsar": {"min": 0.0, "max": 130208.484375}, "wwf-glw-1": {"min": 0.0, "max": 499993.25}, "wwf-glw-2": {"min": 0.0, "max": 73350.1875}, "jrc-gsw": {"min": 0.0, "max": 1.0}, "pp-marine-protected": {"min": 0.0, "max": 1.0}, "unep-tidal": {"min": 0.0, "max": 1.0}, "wwf-glw-3": {"min": 1.0, "max": 255.0}, "gsa-pvout": {"min": 1.4072660207748413, "max": 3.1827290058135986}, "gsa-ghi": {"min": 1.712536334991455, "max": 3.1633546352386475}, "gsa-gti": {"min": 1.6758227348327637, "max": 3.771944999694824}, "gsa-temp": {"min": 0.0, "max": 12.069620132446289}, "gwa-iec1": {"min": 0.15710583329200745, "max": 0.720965564250946}, "gwa-iec2": {"min": 0.1862710565328598, "max": 0.7176275253295898}, "gwa-iec3": {"min": 0.20747160911560059, "max": 0.7406958937644958}, "gwa-power-10": {"min": 16.391130447387695, "max": 7582.6396484375}, "gwa-speed-10": {"min": 1.6928424835205078, "max": 16.08941650390625}, "gwa-power-50": {"min": 71.75409698486328, "max": 5524.65087890625}, "gwa-speed-50": {"min": 3.0826101303100586, "max": 16.144573211669922}, "gwa-power-100": {"min": 160.67266845703125, "max": 4680.0361328125}, "gwa-speed-100": {"min": 4.57029914855957, "max": 16.216012954711914}, "gwa-power-150": {"min": 282.94696044921875, "max": 4666.9560546875}, "gwa-speed-150": {"min": 5.78928804397583, "max": 16.743181228637695}, "gwa-power-200": {"min": 432.6095886230469, "max": 4891.05126953125}, "gwa-speed-200": {"min": 6.820016384124756, "max": 17.00827980041504}, "gebco": {"min": -257.0, "max": 1251.0}, "srtm90": {"min": -11.0, "max": 1266.0}, "waterbodies": {"min": 0.0, "max": 2.0}, "gwa-enercon-e44-50": {"min": 0.04909813031554222, "max": 0.5751712918281555}, "gwa-enercon-e48-50": {"min": 0.06266303360462189, "max": 0.6347047686576843}, "gwa-enercon-e53-50": {"min": 0.0775083377957344, "max": 0.6689540147781372}, "gwa-offshore-dtu-10mw-119": {"min": 0.16798515617847443, "max": 0.7112795114517212}, "gwa-offshore-iea-15mw-150": {"min": 0.26133623719215393, "max": 0.7711672186851501}, "gwa-offshore-leanwind-8mw-110": {"min": 0.15662355720996857, "max": 0.7125756144523621}, "gwa-vestas-v100-mode0-100": {"min": 0.20159609615802765, "max": 0.729072093963623}, "gwa-vestas-v100-mode0-120": {"min": 0.24789829552173615, "max": 0.7451582551002502}, "gwa-vestas-v100-mode0-150": {"min": 0.30595749616622925, "max": 0.7660332918167114}, "gwa-vestas-v100-mode0-80": {"min": 0.1545119434595108, "max": 0.7100358605384827}, "gwa-vestas-v110-mode0-100": {"min": 0.22902986407279968, "max": 0.7547051906585693}, "gwa-vestas-v110-mode0-120": {"min": 0.2783346176147461, "max": 0.775256872177124}, "gwa-vestas-v110-mode0-150": {"min": 0.3374021351337433, "max": 0.7914820909500122}, "gwa-vestas-v110-mode0-80": {"min": 0.1768299788236618, "max": 0.7351914644241333}, "gwa-vestas-v112-mode0-100": {"min": 0.15513530373573303, "max": 0.7220108509063721}, "gwa-vestas-v112-mode0-120": {"min": 0.1941659301519394, "max": 0.7365626692771912}, "gwa-vestas-v112-mode0-150": {"min": 0.24883851408958435, "max": 0.7582069635391235}, "gwa-vestas-v112-mode0-80": {"min": 0.11766534298658371, "max": 0.7043047547340393}, "gwa-vestas-v120-mode0-100": {"min": 0.23948656022548676, "max": 0.7420534491539001}, "gwa-vestas-v120-mode0-120": {"min": 0.2884727418422699, "max": 0.7575153112411499}, "gwa-vestas-v120-mode0-150": {"min": 0.3478570282459259, "max": 0.7637853026390076}, "gwa-vestas-v120-mode0-80": {"min": 0.1851940155029297, "max": 0.7194957733154297}, "gwa-vestas-v126-mode0-100": {"min": 0.18468540906906128, "max": 0.7183499336242676}, "gwa-vestas-v126-mode0-120": {"min": 0.2280544638633728, "max": 0.7359262108802795}, "gwa-vestas-v126-mode0-150": {"min": 0.28489091992378235, "max": 0.7507041692733765}, "gwa-vestas-v126-mode0-80": {"min": 0.14118190109729767, "max": 0.6996116638183594}, "gwa-vestas-v136-mode0-100": {"min": 0.20612287521362305, "max": 0.7409178614616394}, "gwa-vestas-v136-mode0-120": {"min": 0.25258561968803406, "max": 0.7573282122612}, "gwa-vestas-v136-mode0-150": {"min": 0.3109370470046997, "max": 0.7751869559288025}, "gwa-vestas-v136-mode0-80": {"min": 0.1583125740289688, "max": 0.7214666604995728}, "air-density": {"min": 1.0906434059143066, "max": 1.2333287000656128}, "lcoe": {"gwa-vestas-v100-mode0-120": {"lg": {"min": 50.646148681640625, "max": 144.21380615234375}, "li": {"min": 1.4053630828857422, "max": 4.2804718017578125}, "lr": {"min": 0.0, "max": 0.2971760034561157}, "total": {"min": 52.08770751953125, "max": 148.5180206298828}}, "gwa-vestas-v110-mode0-120": {"lg": {"min": 48.83515548706055, "max": 128.88119506835938}, "li": {"min": 1.3579058647155762, "max": 3.8123950958251953}, "lr": {"min": 0.0, "max": 0.27808478474617004}, "total": {"min": 50.281639099121094, "max": 132.71473693847656}}, "gwa-vestas-v112-mode0-120": {"lg": {"min": 51.19049835205078, "max": 183.01577758789062}, "li": {"min": 1.4583463668823242, "max": 5.465025424957275}, "lr": {"min": 0.0, "max": 0.34780353307724}, "total": {"min": 52.6895866394043, "max": 188.5111083984375}}, "gwa-vestas-v112-mode0-100": {"lg": {"min": 52.1416015625, "max": 228.05450439453125}, "li": {"min": 1.4877387285232544, "max": 6.839975833892822}, "lr": {"min": 0.0, "max": 0.3981483578681946}, "total": {"min": 53.67009353637695, "max": 234.9324188232422}}, "gwa-offshore-dtu-10mw-119": {"lg": {"min": 52.86793518066406, "max": 210.91566467285156}, "li": {"min": 1.5101847648620605, "max": 6.316758155822754}, "lr": {"min": 0.0, "max": 0.384733647108078}, "total": {"min": 54.419490814208984, "max": 217.2674560546875}}, "gwa-vestas-v126-mode0-150": {"lg": {"min": 50.301544189453125, "max": 126.00725555419922}, "li": {"min": 1.4009654521942139, "max": 3.6827261447906494}, "lr": {"min": 0.0, "max": 0.28106388449668884}, "total": {"min": 51.77812957763672, "max": 129.64744567871094}}, "gwa-vestas-v120-mode0-80": {"lg": {"min": 52.30988311767578, "max": 191.6883544921875}, "li": {"min": 1.4621096849441528, "max": 5.729783058166504}, "lr": {"min": 0.0, "max": 0.33091068267822266}, "total": {"min": 53.86846923828125, "max": 197.44992065429688}}, "gsa-pvout": {"lg": {"min": 241.20530985981418, "max": 540.4729972007364}, "li": {"min": 7.029719007134985, "max": 16.870228457853987}, "lr": {"min": 0.0, "max": 1.5855368272288173}, "total": {"min": 248.38131886262207, "max": 557.4340553123005}}, "gwa-vestas-v126-mode0-80": {"lg": {"min": 53.68293380737305, "max": 250.19839477539062}, "li": {"min": 1.52604341506958, "max": 7.515988826751709}, "lr": {"min": 0.0, "max": 0.40073543787002563}, "total": {"min": 55.26036071777344, "max": 257.7560729980469}}, "gwa-offshore-leanwind-8mw-110": {"lg": {"min": 52.779052734375, "max": 225.92547607421875}, "li": {"min": 1.507438063621521, "max": 6.7749810218811035}, "lr": {"min": 0.0, "max": 0.39973559975624084}, "total": {"min": 54.32778549194336, "max": 232.73802185058594}}, "gwa-vestas-v110-mode0-100": {"lg": {"min": 50.05607604980469, "max": 155.7651824951172}, "li": {"min": 1.393237829208374, "max": 4.633114814758301}, "lr": {"min": 0.0, "max": 0.3030632436275482}, "total": {"min": 51.54194641113281, "max": 160.4239959716797}}, "gwa-vestas-v136-mode0-100": {"lg": {"min": 50.91310501098633, "max": 172.63125610351562}, "li": {"min": 1.4269071817398071, "max": 5.14800500869751}, "lr": {"min": 0.0, "max": 0.3251154124736786}, "total": {"min": 52.40338134765625, "max": 177.8078155517578}}, "gwa-vestas-v126-mode0-100": {"lg": {"min": 52.38694763183594, "max": 192.20521545410156},