{"worldpop":{"min":-3.4028234663852886e+38,"max":11208.732421875},"slope":{"min":0.0,"max":35.823997497558594},"land-cover":{"min":10.441770553588867,"max":210.0},"airports":{"min":0.0,"max":499941.25},"ports":{"min":0.0,"max":499952.25},"anchorages":{"min":0.0,"max":477607.0625},"grid":{"min":0.0,"max":473446.125},"roads":{"min":0.0,"max":472854.375},"pp-whs":{"min":0.0,"max":762899.875},"unep-coral":{"min":65535.0,"max":65535.0},"unesco":{"min":0.0,"max":499985.0},"unesco-ramsar":{"min":0.0,"max":499996.5},"wwf-glw-1":{"min":0.0,"max":499993.25},"wwf-glw-2":{"min":0.0,"max":476095.84375},"jrc-gsw":{"min":0.0,"max":255.0},"pp-marine-protected":{"min":0.0,"max":1.0},"unep-tidal":{"min":0.0,"max":1.0},"wwf-glw-3":{"min":1.0,"max":255.0},"gsa-pvout":{"min":0.0,"max":3.2029664516448975},"gsa-ghi":{"min":0.0,"max":3.249974250793457},"gsa-gti":{"min":0.0,"max":3.7763671875},"gsa-temp":{"min":0.0,"max":13.600000381469727},"gwa-iec1":{"min":0.0,"max":0.7174967527389526},"gwa-iec2":{"min":0.0,"max":0.7185216546058655},"gwa-iec3":{"min":0.0,"max":0.7400190830230713},"gwa-power-10":{"min":0.0,"max":4700.26123046875},"gwa-speed-10":{"min":0.11994098126888,"max":13.624948501586914},"gwa-power-50":{"min":0.0,"max":3936.400390625},"gwa-speed-50":{"min":0.18117314577103,"max":14.890965461730957},"gwa-power-100":{"min":0.0,"max":4147.822265625},"gwa-speed-100":{"min":5.859607696533203,"max":12.403960227966309},"gwa-power-150":{"min":0.0,"max":4403.69580078125},"gwa-speed-150":{"min":0.28240531682968,"max":16.09086036682129},"gwa-power-200":{"min":0.0,"max":4560.72265625},"gwa-speed-200":{"min":0.29232773184776,"max":16.482803344726562},"gebco":{"min":-4329.0,"max":1171.0},"srtm90":{"min":-11.0,"max":1198.0},"waterbodies":{"min":0.0,"max":2.0},"gwa-enercon-e44-50":{"min":0.048480257391929626,"max":0.5752241611480713},"gwa-enercon-e48-50":{"min":0.06166130304336548,"max":0.6310967803001404},"gwa-enercon-e53-50":{"min":0.07592052221298218,"max":0.6629513502120972},"gwa-offshore-dtu-10mw-119":{"min":0.16686275601387024,"max":0.7104797959327698},"gwa-offshore-iea-15mw-150":{"min":0.26012569665908813,"max":0.7626543641090393},"gwa-offshore-leanwind-8mw-110":{"min":0.15610092878341675,"max":0.7115880250930786},"gwa-vestas-v100-mode0-100":{"min":0.20012204349040985,"max":0.729876697063446},"gwa-vestas-v100-mode0-120":{"min":0.24605803191661835,"max":0.7455955147743225},"gwa-vestas-v100-mode0-150":{"min":0.3077704608440399,"max":0.772337794303894},"gwa-vestas-v100-mode0-80":{"min":0.1524602323770523,"max":0.7119404673576355},"gwa-vestas-v110-mode0-100":{"min":0.22719678282737732,"max":0.757673978805542},"gwa-vestas-v110-mode0-120":{"min":0.2762298285961151,"max":0.7727320194244385},"gwa-vestas-v110-mode0-150":{"min":0.34112849831581116,"max":0.7966883778572083},"gwa-vestas-v110-mode0-80":{"min":0.17466174066066742,"max":0.7396486401557922},"gwa-vestas-v112-mode0-100":{"min":0.15413734316825867,"max":0.71979159116745},"gwa-vestas-v112-mode0-120":{"min":0.19281505048274994,"max":0.7332448363304138},"gwa-vestas-v112-mode0-150":{"min":0.2470463514328003,"max":0.7491146922111511},"gwa-vestas-v112-mode0-80":{"min":0.1158609688282013,"max":0.701540470123291},"gwa-vestas-v120-mode0-100":{"min":0.2375645488500595,"max":0.7332870960235596},"gwa-vestas-v120-mode0-120":{"min":0.28799280524253845,"max":0.7532657384872437},"gwa-vestas-v120-mode0-150":{"min":0.35341519117355347,"max":0.77126544713974},"gwa-vestas-v120-mode0-80":{"min":0.18301472067832947,"max":0.7120639085769653},"gwa-vestas-v126-mode0-100":{"min":0.18334053456783295,"max":0.7170229554176331},"gwa-vestas-v126-mode0-120":{"min":0.22639384865760803,"max":0.7317301034927368},"gwa-vestas-v126-mode0-150":{"min":0.2854273021221161,"max":0.758484959602356},"gwa-vestas-v126-mode0-80":{"min":0.13921068608760834,"max":0.6998291015625},"gwa-vestas-v136-mode0-100":{"min":0.2045515775680542,"max":0.7399684190750122},"gwa-vestas-v136-mode0-120":{"min":0.250710129737854,"max":0.7550007700920105},"gwa-vestas-v136-mode0-150":{"min":0.31288138031959534,"max":0.7820793986320496},"gwa-vestas-v136-mode0-80":{"min":0.15623508393764496,"max":0.72313392162323},"air-density":{"min":1.0953638553619385,"max":1.2349299192428589}}