{"worldpop": {"min": -3.4028234663852886e+38, "max": 7827.5419921875}, "slope": {"min": 0.0, "max": 48.688323974609375}, "land-cover": {"min": 10.0, "max": 220.0}, "airports": {"min": 0.0, "max": 151533.0}, "ports": {"min": 0.0, "max": 408235.84375}, "anchorages": {"min": 0.0, "max": 484281.4375}, "grid": {"min": 0.0, "max": 23648.46875}, "roads": {"min": 0.0, "max": 18500.0}, "pp-whs": {"min": 0.0, "max": 610571.0625}, "unep-coral": {"min": 65535.0, "max": 65535.0}, "unesco": {"min": 0.0, "max": 159702.84375}, "unesco-ramsar": {"min": 3640.054931640625, "max": 412281.78125}, "wwf-glw-1": {"min": 500.0, "max": 257550.96875}, "wwf-glw-2": {"min": 0.0, "max": 147527.109375}, "jrc-gsw": {"min": 0.0, "max": 1.0}, "pp-marine-protected": {"min": 0.0, "max": 0.0}, "unep-tidal": {"min": 0.0, "max": 0.0}, "wwf-glw-3": {"min": 1.0, "max": 255.0}, "gsa-pvout": {"min": 2.2890100479125977, "max": 4.265055179595947}, "gsa-ghi": {"min": 2.6993727684020996, "max": 4.315981388092041}, "gsa-gti": {"min": 2.778022527694702, "max": 5.040995121002197}, "gsa-temp": {"min": -13.490440368652344, "max": 17.100000381469727}, "gwa-iec1": {"min": 0.00032527107396163046, "max": 0.6988193392753601}, "gwa-iec2": {"min": 0.0005292114219628274, "max": 0.7351120710372925}, "gwa-iec3": {"min": 0.0006543434574268758, "max": 0.7623298168182373}, "gwa-power-10": {"min": 0.22118081152439117, "max": 14644.5693359375}, "gwa-speed-10": {"min": 0.30627357959747314, "max": 18.76758575439453}, "gwa-power-50": {"min": 0.614660918712616, "max": 9006.0869140625}, "gwa-speed-50": {"min": 0.4882688820362091, "max": 17.616046905517578}, "gwa-power-100": {"min": 1.1637394428253174, "max": 6855.072265625}, "gwa-speed-100": {"min": 0.5565409660339355, "max": 17.340940475463867}, "gwa-power-150": {"min": 1.668200135231018, "max": 5972.078125}, "gwa-speed-150": {"min": 0.6562097072601318, "max": 17.29701042175293}, "gwa-power-200": {"min": 2.20556640625, "max": 5657.89453125}, "gwa-speed-200": {"min": 0.7309207916259766, "max": 17.293678283691406}, "gebco": {"min": -177.0, "max": 4763.0}, "srtm90": {"min": -4.0, "max": 4843.0}, "waterbodies": {"min": 0.0, "max": 2.0}, "gwa-enercon-e44-50": {"min": 7.436249870806932e-05, "max": 0.5039434432983398}, "gwa-enercon-e48-50": {"min": 0.00010089659917866811, "max": 0.5776363015174866}, "gwa-enercon-e53-50": {"min": 0.00025662523694336414, "max": 0.6227311491966248}, "gwa-offshore-dtu-10mw-119": {"min": 0.00012205183884361759, "max": 0.6776151657104492}, "gwa-offshore-iea-15mw-150": {"min": 0.0004719677090179175, "max": 0.7455884218215942}, "gwa-offshore-leanwind-8mw-110": {"min": 0.00013326721091289073, "max": 0.6836432814598083}, "gwa-vestas-v100-mode0-100": {"min": 0.00047849360271357, "max": 0.7538588047027588}, "gwa-vestas-v100-mode0-120": {"min": 0.0005705241346731782, "max": 0.7674185037612915}, "gwa-vestas-v100-mode0-150": {"min": 0.0007051699794828892, "max": 0.7793426513671875}, "gwa-vestas-v100-mode0-80": {"min": 0.00029351902776397765, "max": 0.7349260449409485}, "gwa-vestas-v110-mode0-100": {"min": 0.0006352975033223629, "max": 0.7848960757255554}, "gwa-vestas-v110-mode0-120": {"min": 0.0007681080023758113, "max": 0.7976245284080505}, "gwa-vestas-v110-mode0-150": {"min": 0.0009508185903541744, "max": 0.8085775971412659}, "gwa-vestas-v110-mode0-80": {"min": 0.00039321405347436666, "max": 0.7665735483169556}, "gwa-vestas-v112-mode0-100": {"min": 0.0002810198348015547, "max": 0.695202112197876}, "gwa-vestas-v112-mode0-120": {"min": 0.0003310523752588779, "max": 0.7113898396492004}, "gwa-vestas-v112-mode0-150": {"min": 0.0004084391985088587, "max": 0.7297490835189819}, "gwa-vestas-v112-mode0-80": {"min": 0.0001716955885058269, "max": 0.6756622791290283}, "gwa-vestas-v120-mode0-100": {"min": 0.0006728132721036673, "max": 0.7660579085350037}, "gwa-vestas-v120-mode0-120": {"min": 0.0008098824182525277, "max": 0.777916431427002}, "gwa-vestas-v120-mode0-150": {"min": 0.0010029523400589824, "max": 0.7885137796401978}, "gwa-vestas-v120-mode0-80": {"min": 0.00041281935409642756, "max": 0.7516977787017822}, "gwa-vestas-v126-mode0-100": {"min": 0.00042847185977734625, "max": 0.7309783697128296}, "gwa-vestas-v126-mode0-120": {"min": 0.0005053607746958733, "max": 0.7454609870910645}, "gwa-vestas-v126-mode0-150": {"min": 0.0006332031334750354, "max": 0.759369969367981}, "gwa-vestas-v126-mode0-80": {"min": 0.00026314478600397706, "max": 0.7116414904594421}, "gwa-vestas-v136-mode0-100": {"min": 0.00052332051564008, "max": 0.7600017786026001}, "gwa-vestas-v136-mode0-120": {"min": 0.0006268689758144319, "max": 0.7736819982528687}, "gwa-vestas-v136-mode0-150": {"min": 0.0007755770930089056, "max": 0.786212682723999}, "gwa-vestas-v136-mode0-80": {"min": 0.00032167418976314366, "max": 0.7412313222885132}, "air-density": {"min": 0.7464590668678284, "max": 1.21428644657135}, "lcoe": {"gwa-vestas-v100-mode0-120": {"lg": {"min": 49.29309844970703, "max": 10000.0}, "li": {"min": 1.4214322566986084, "max": 1843.7423095703125}, "lr": {"min": 0.0, "max": 111.03025817871094}, "total": {"min": 50.76597213745117, "max": 10000.0}}, "gwa-vestas-v110-mode0-120": {"lg": {"min": 47.57784652709961, "max": 10000.0}, "li": {"min": 1.3635843992233276, "max": 1369.4683837890625}, "lr": {"min": 0.0, "max": 85.31866455078125}, "total": {"min": 48.99494552612305, "max": 10000.0}}, "gwa-vestas-v112-mode0-120": {"lg": {"min": 52.860347747802734, "max": 10000.0}, "li": {"min": 1.5333831310272217, "max": 3177.44140625}, "lr": {"min": 0.0, "max": 181.92437744140625}, "total": {"min": 54.449222564697266, "max": 10000.0}}, "gwa-vestas-v112-mode0-100": {"lg": {"min": 53.99806213378906, "max": 10000.0}, "li": {"min": 1.5690879821777344, "max": 3769.558837890625}, "lr": {"min": 0.0, "max": 259.799072265625}, "total": {"min": 55.62393569946289, "max": 10000.0}}, "gwa-offshore-dtu-10mw-119": {"lg": {"min": 55.295719146728516, "max": 10000.0}, "li": {"min": 1.6098123788833618, "max": 8618.4658203125}, "lr": {"min": 0.0, "max": 379.031494140625}, "total": {"min": 56.96379089355469, "max": 10000.0}}, "gwa-vestas-v126-mode0-150": {"lg": {"min": 49.773155212402344, "max": 10000.0}, "li": {"min": 1.429396390914917, "max": 1661.235595703125}, "lr": {"min": 0.0, "max": 112.75060272216797}, "total": {"min": 51.26163864135742, "max": 10000.0}}, "gwa-vestas-v120-mode0-80": {"lg": {"min": 50.24033737182617, "max": 10000.0}, "li": {"min": 1.4511593580245972, "max": 2566.06396484375}, "lr": {"min": 0.0, "max": 209.10104370117188}, "total": {"min": 51.744014739990234, "max": 10000.0}}, "gsa-pvout": {"lg": {"min": 181.01065712714987, "max": 333.8195308108407}, "li": {"min": 5.2909709129984055, "max": 11.360820772577265}, "lr": {"min": 0.0, "max": 1.4442040609069977}, "total": {"min": 186.61941601439324, "max": 345.51516645235466}}, "gwa-vestas-v126-mode0-80": {"lg": {"min": 52.84307861328125, "max": 10000.0}, "li": {"min": 1.5328410863876343, "max": 4025.619873046875}, "lr": {"min": 0.0, "max": 325.7309875488281}, "total": {"min": 54.431392669677734, "max": 10000.0}}, "gwa-offshore-leanwind-8mw-110": {"lg": {"min": 54.84341812133789, "max": 10000.0}, "li": {"min": 1.5956177711486816, "max": 7893.1611328125}, "lr": {"min": 0.0, "max": 415.7671203613281}, "total": {"min": 56.49678421020508, "max": 10000.0}}, "gwa-vestas-v110-mode0-100": {"lg": {"min": 48.28453826904297, "max": 10000.0}, "li": {"min": 1.3897805213928223, "max": 1667.4405517578125}, "lr": {"min": 0.0, "max": 116.51746368408203}, "total": {"min": 49.72461700439453, "max": 10000.0}}, "gwa-vestas-v136-mode0-100": {"lg": {"min": 49.735103607177734, "max": 10000.0}, "li": {"min": 1.4353035688400269, "max": 2024.2294921875}, "lr": {"min": 0.0, "max": 141.88108825683594}, "total": {"min": 51.22235107421875, "max": 10000.0}}, "gwa-vestas-v126-mode0-100": {"lg": {"min": 51.55101013183594, "max": 10000.0}, "li": {"min": 1.4922921657562256, "max": 2472.32275390625}, "lr": {"min": 0.0, "max": 172.77243041992188}, "total": {"min": 53.09730529785156, "max": 10000.0}},