{"worldpop":{"min":69.59923553466797,"max":1912.1142578125},"slope":{"min":0.1362844705581665,"max":3.6907765865325928},"land-cover":{"min":16.20903778076172,"max":210.0},"airports":{"min":0.0,"max":10735.455078125},"ports":{"min":47151.3515625,"max":57775.4296875},"anchorages":{"min":0.0,"max":10547.5107421875},"grid":{"min":0.0,"max":5024.9375},"roads":{"min":0.0,"max":1500.0},"pp-whs":{"min":85248.171875,"max":92904.515625},"unep-coral":{"min":65535.0,"max":65535.0},"unesco":{"min":107239.21875,"max":112811.7890625},"unesco-ramsar":{"min":89534.9140625,"max":96594.515625},"wwf-glw-1":{"min":393492.375,"max":399052.0},"wwf-glw-2":{"min":66068.1484375,"max":79903.0703125},"jrc-gsw":{"min":0.0,"max":1.0},"pp-marine-protected":{"min":0.0,"max":0.0},"unep-tidal":{"min":0.0,"max":1.0},"wwf-glw-3":{"min":255.0,"max":255.0},"gsa-pvout":{"min":3.1567230224609375,"max":3.206981658935547},"gsa-ghi":{"min":3.2194976806640625,"max":3.250833034515381},"gsa-gti":{"min":3.726166248321533,"max":3.77980375289917},"gsa-temp":{"min":11.600000381469727,"max":12.296483039855957},"gwa-iec1":{"min":0.44915497303009033,"max":0.5355389714241028},"gwa-iec2":{"min":0.5028807520866394,"max":0.5832450985908508},"gwa-iec3":{"min":0.5394812226295471,"max":0.6171862483024597},"gwa-power-10":{"min":59.01118850708008,"max":384.29632568359375},"gwa-speed-10":{"min":3.547656774520874,"max":6.633677959442139},"gwa-power-50":{"min":302.98797607421875,"max":629.4227905273438},"gwa-speed-50":{"min":6.362148761749268,"max":7.984388828277588},"gwa-power-100":{"min":533.0390014648438,"max":815.0985717773438},"gwa-speed-100":{"min":7.977364540100098,"max":9.134026527404785},"gwa-power-150":{"min":709.7742309570312,"max":952.2744750976562},"gwa-speed-150":{"min":8.82159423828125,"max":9.666847229003906},"gwa-power-200":{"min":856.82177734375,"max":1080.2042236328125},"gwa-speed-200":{"min":9.310355186462402,"max":10.094258308410645},"gebco":{"min":-4.0,"max":99.0},"srtm90":{"min":3.0,"max":99.0},"waterbodies":{"min":0.0,"max":1.0},"gwa-enercon-e44-50":{"min":0.21297255158424377,"max":0.3388853371143341},"gwa-enercon-e48-50":{"min":0.264734148979187,"max":0.4002878963947296},"gwa-enercon-e53-50":{"min":0.3061468303203583,"max":0.44323280453681946},"gwa-offshore-dtu-10mw-119":{"min":0.4452720880508423,"max":0.5224713087081909},"gwa-offshore-iea-15mw-150":{"min":0.5376991629600525,"max":0.5932549238204956},"gwa-offshore-leanwind-8mw-110":{"min":0.43798190355300903,"max":0.5217013955116272},"gwa-vestas-v100-mode0-100":{"min":0.5330970287322998,"max":0.6114900708198547},"gwa-vestas-v100-mode0-120":{"min":0.5645701885223389,"max":0.628321647644043},"gwa-vestas-v100-mode0-150":{"min":0.5967622995376587,"max":0.6431816220283508},"gwa-vestas-v100-mode0-80":{"min":0.4886337220668793,"max":0.5865951776504517},"gwa-vestas-v110-mode0-100":{"min":0.5742822289466858,"max":0.6470491886138916},"gwa-vestas-v110-mode0-120":{"min":0.6046446561813354,"max":0.6628186702728271},"gwa-vestas-v110-mode0-150":{"min":0.6348419785499573,"max":0.6766641736030579},"gwa-vestas-v110-mode0-80":{"min":0.5308957695960999,"max":0.6224088668823242},"gwa-vestas-v112-mode0-100":{"min":0.4490527808666229,"max":0.5388198494911194},"gwa-vestas-v112-mode0-120":{"min":0.4826500415802002,"max":0.5568362474441528},"gwa-vestas-v112-mode0-150":{"min":0.5178112387657166,"max":0.5746929049491882},"gwa-vestas-v112-mode0-80":{"min":0.40551477670669556,"max":0.5136280059814453},"gwa-vestas-v120-mode0-100":{"min":0.5870780944824219,"max":0.650213897228241},"gwa-vestas-v120-mode0-120":{"min":0.615714430809021,"max":0.6641243100166321},"gwa-vestas-v120-mode0-150":{"min":0.6424323320388794,"max":0.6758179068565369},"gwa-vestas-v120-mode0-80":{"min":0.5459643006324768,"max":0.62641841173172},"gwa-vestas-v126-mode0-100":{"min":0.5028756856918335,"max":0.5853114724159241},"gwa-vestas-v126-mode0-120":{"min":0.5352139472961426,"max":0.6025463938713074},"gwa-vestas-v126-mode0-150":{"min":0.5685274600982666,"max":0.6180639863014221},"gwa-vestas-v126-mode0-80":{"min":0.4585764706134796,"max":0.5603106021881104},"gwa-vestas-v136-mode0-100":{"min":0.5393142700195312,"max":0.6178627610206604},"gwa-vestas-v136-mode0-120":{"min":0.5707079768180847,"max":0.6347411870956421},"gwa-vestas-v136-mode0-150":{"min":0.6028801798820496,"max":0.6497082710266113},"gwa-vestas-v136-mode0-80":{"min":0.49491018056869507,"max":0.5929957032203674},"air-density":{"min":1.2109146118164062,"max":1.2223641872406006},"lcoe":{"gwa-vestas-v100-mode0-120":{"lg":{"min":59.320011138916016,"max":65.56676483154297},"li":{"min":1.6671667098999023,"max":1.8595815896987915},"lr":{"min":0.0,"max":0.03046567179262638},"total":{"min":61.03168869018555,"max":67.43314361572266}},"gwa-vestas-v110-mode0-120":{"lg":{"min":56.440826416015625,"max":61.48626708984375},"li":{"min":1.576532006263733,"max":1.7499029636383057},"lr":{"min":0.0,"max":0.02851916290819645},"total":{"min":58.063419342041016,"max":63.22895050048828}},"gwa-vestas-v112-mode0-120":{"lg":{"min":66.42186737060547,"max":76.0164794921875},"li":{"min":1.8896464109420776,"max":2.148672580718994},"lr":{"min":0.0,"max":0.03544694557785988},"total":{"min":68.35328674316406,"max":78.19963836669922}},"gwa-vestas-v112-mode0-100":{"lg":{"min":68.5090560913086,"max":81.40461730957031},"li":{"min":1.967872977256775,"max":2.3094322681427},"lr":{"min":0.0,"max":0.03802671656012535},"total":{"min":70.50505828857422,"max":83.72715759277344}},"gwa-offshore-dtu-10mw-119":{"lg":{"min":70.52759552001953,"max":82.06184387207031},"li":{"min":2.0185532569885254,"max":2.329041004180908},"lr":{"min":0.0,"max":0.03831194341182709},"total":{"min":72.58605194091797,"max":84.42826843261719}},"gwa-vestas-v126-mode0-150":{"lg":{"min":60.23812484741211,"max":65.13822937011719},"li":{"min":1.6737756729125977,"max":1.8821932077407837},"lr":{"min":0.0,"max":0.030424082651734352},"total":{"min":61.98429870605469,"max":66.99161529541016}},"gwa-vestas-v120-mode0-80":{"lg":{"min":59.48808670043945,"max":67.66490173339844},"li":{"min":1.68926203250885,"max":1.9060689210891724},"lr":{"min":0.0,"max":0.0317542739212513},"total":{"min":61.248451232910156,"max":69.57518005371094}},"gsa-pvout":{"lg":{"min":239.41145547879984,"max":243.15947476293834},"li":{"min":6.9734375895781495,"max":7.562720704952206},"lr":{"min":0.0,"max":0.12099697913558304},"total":{"min":246.42475032324845,"max":250.39712519985676}},"gwa-vestas-v126-mode0-80":{"lg":{"min":66.03480529785156,"max":79.79708099365234},"li":{"min":1.8983012437820435,"max":2.261470079421997},"lr":{"min":0.0,"max":0.03741822764277458},"total":{"min":68.00286865234375,"max":82.07138061523438}},"gwa-offshore-leanwind-8mw-110":{"lg":{"min":70.62577056884766,"max":83.3611831665039},"li":{"min":2.0281455516815186,"max":2.366827964782715},"lr":{"min":0.0,"max":0.0388844832777977},"total":{"min":72.68727111816406,"max":85.73104858398438}},"gwa-vestas-v110-mode0-100":{"lg":{"min":57.71888732910156,"max":64.52557373046875},"li":{"min":1.6260948181152344,"max":1.8058316707611084},"lr":{"min":0.0,"max":0.03006758540868759},"total":{"min":59.40675354003906,"max":66.36038970947266}},"gwa-vestas-v136-mode0-100":{"lg":{"min":60.256439208984375,"max":68.44991302490234},"li":{"min":1.706223487854004,"max":1.9229177236557007},"lr":{"min":0.0,"max":0.03194328024983406},"total":{"min":61.997093200683594,"max":70.38374328613281}},"gwa-vestas-v126-mode0-100":{"lg":{"min":63.38506317138672,"max":73.11997985839844},"li":{"min":1.8044424057006836,"max":2.06225323677063},"lr":{"min":0.0,"max":0.03414974734187126},"total":{"min":65.22252655029297,"max":75.19393920898438}},"gwa-vestas-v126-mode0-120":{"lg":{"min":61.686439514160156,"max":68.94367218017578},"li":{"min":1.7410179376602173,"max":1.9497796297073364},"lr":{"min":0.0,"max":0.032077278941869736},"total":{"min":63.47134017944336,"max":70.91242218017578}},"gwa-vestas-v120-mode0-120":{"lg":{"min":56.337730407714844,"max":60.45273208618164},"li":{"min":1.569315791130066,"max":1.7325950860977173},