{"worldpop":{"min":-3.4028234663852886e+38,"max":1912.1142578125},"slope":{"min":0.0,"max":5.975821018218994},"land-cover":{"min":11.0,"max":210.0},"airports":{"min":0.0,"max":93108.8125},"ports":{"min":18668.154296875,"max":80350.7890625},"anchorages":{"min":0.0,"max":67055.9453125},"grid":{"min":0.0,"max":65690.5625},"roads":{"min":0.0,"max":62938.4609375},"pp-whs":{"min":35503.51953125,"max":113829.9140625},"unep-coral":{"min":65535.0,"max":65535.0},"unesco":{"min":63265.31640625,"max":124178.296875},"unesco-ramsar":{"min":39500.0,"max":115550.859375},"wwf-glw-1":{"min":376697.8125,"max":450998.90625},"wwf-glw-2":{"min":41680.33203125,"max":87471.421875},"jrc-gsw":{"min":0.0,"max":255.0},"pp-marine-protected":{"min":0.0,"max":1.0},"unep-tidal":{"min":0.0,"max":1.0},"wwf-glw-3":{"min":255.0,"max":255.0},"gsa-pvout":{"min":3.1531686782836914,"max":3.2090001106262207},"gsa-ghi":{"min":3.217115640640259,"max":3.2639999389648438},"gsa-gti":{"min":3.7201883792877197,"max":3.7909998893737793},"gsa-temp":{"min":11.600000381469727,"max":12.399999618530273},"gwa-iec1":{"min":0.44915497303009033,"max":0.5872171521186829},"gwa-iec2":{"min":0.5028807520866394,"max":0.6284616589546204},"gwa-iec3":{"min":0.5394812226295471,"max":0.6593831181526184},"gwa-power-10":{"min":59.01118850708008,"max":507.22406005859375},"gwa-speed-10":{"min":3.547656774520874,"max":7.381916046142578},"gwa-power-50":{"min":302.98797607421875,"max":861.3779907226562},"gwa-speed-50":{"min":6.362148761749268,"max":9.060869216918945},"gwa-power-100":{"min":533.0390014648438,"max":1008.0155029296875},"gwa-speed-100":{"min":8.02206802368164,"max":9.630594253540039},"gwa-power-150":{"min":709.2996215820312,"max":1113.0509033203125},"gwa-speed-150":{"min":8.792309761047363,"max":10.115323066711426},"gwa-power-200":{"min":851.8619995117188,"max":1194.64306640625},"gwa-speed-200":{"min":9.28492546081543,"max":10.3031587600708},"gebco":{"min":-177.0,"max":99.0},"srtm90":{"min":1.0,"max":100.0},"waterbodies":{"min":0.0,"max":1.0},"gwa-enercon-e44-50":{"min":0.21297255158424377,"max":0.4190060496330261},"gwa-enercon-e48-50":{"min":0.264734148979187,"max":0.4857544004917145},"gwa-enercon-e53-50":{"min":0.3061468303203583,"max":0.5291885733604431},"gwa-offshore-dtu-10mw-119":{"min":0.44479647278785706,"max":0.5634569525718689},"gwa-offshore-iea-15mw-150":{"min":0.5361399054527283,"max":0.6193273067474365},"gwa-offshore-leanwind-8mw-110":{"min":0.43798190355300903,"max":0.5673859119415283},"gwa-vestas-v100-mode0-100":{"min":0.5330970287322998,"max":0.6540184617042542},"gwa-vestas-v100-mode0-120":{"min":0.563849151134491,"max":0.6587294936180115},"gwa-vestas-v100-mode0-150":{"min":0.595188319683075,"max":0.6606457829475403},"gwa-vestas-v100-mode0-80":{"min":0.4886337220668793,"max":0.6435052156448364},"gwa-vestas-v110-mode0-100":{"min":0.5742822289466858,"max":0.6853923201560974},"gwa-vestas-v110-mode0-120":{"min":0.6038690209388733,"max":0.6897178292274475},"gwa-vestas-v110-mode0-150":{"min":0.6326341032981873,"max":0.6904170513153076},"gwa-vestas-v110-mode0-80":{"min":0.5308957695960999,"max":0.6747502684593201},"gwa-vestas-v112-mode0-100":{"min":0.4490527808666229,"max":0.5899732112884521},"gwa-vestas-v112-mode0-120":{"min":0.4820871651172638,"max":0.5956446528434753},"gwa-vestas-v112-mode0-150":{"min":0.5162836909294128,"max":0.6014922857284546},"gwa-vestas-v112-mode0-80":{"min":0.40551477670669556,"max":0.5804347395896912},"gwa-vestas-v120-mode0-100":{"min":0.5870780944824219,"max":0.6795070171356201},"gwa-vestas-v120-mode0-120":{"min":0.6148478984832764,"max":0.6828140020370483},"gwa-vestas-v120-mode0-150":{"min":0.637962281703949,"max":0.6806135177612305},"gwa-vestas-v120-mode0-80":{"min":0.5459643006324768,"max":0.6688199043273926},"gwa-vestas-v126-mode0-100":{"min":0.5028756856918335,"max":0.6306118965148926},"gwa-vestas-v126-mode0-120":{"min":0.5345396995544434,"max":0.635587215423584},"gwa-vestas-v126-mode0-150":{"min":0.566955029964447,"max":0.6385796666145325},"gwa-vestas-v126-mode0-80":{"min":0.4585764706134796,"max":0.6203526854515076},"gwa-vestas-v136-mode0-100":{"min":0.5393142700195312,"max":0.6610324382781982},"gwa-vestas-v136-mode0-120":{"min":0.5699892044067383,"max":0.6657971739768982},"gwa-vestas-v136-mode0-150":{"min":0.6013083457946777,"max":0.6680448651313782},"gwa-vestas-v136-mode0-80":{"min":0.49491018056869507,"max":0.6506400108337402},"air-density":{"min":1.2108192443847656,"max":1.2229065895080566}}