{"worldpop": {"min": -3.4028234663852886e+38, "max": 22557.259765625}, "slope": {"min": 0.0, "max": 23.98395538330078}, "land-cover": {"min": 10.0, "max": 210.0}, "airports": {"min": 0.0, "max": 420603.4375}, "ports": {"min": 0.0, "max": 500000.0}, "anchorages": {"min": 0.0, "max": 500000.0}, "grid": {"min": 0.0, "max": 39881.07421875}, "roads": {"min": 0.0, "max": 28160.255859375}, "pp-whs": {"min": 34590.4609375, "max": 535769.75}, "unep-coral": {"min": 65535.0, "max": 65535.0}, "unesco": {"min": 0.0, "max": 283444.875}, "unesco-ramsar": {"min": 65535.0, "max": 500000.0}, "wwf-glw-1": {"min": 0.0, "max": 285144.25}, "wwf-glw-2": {"min": 0.0, "max": 251155.828125}, "jrc-gsw": {"min": 0.0, "max": 1.0}, "pp-marine-protected": {"min": 0.0, "max": 0.0}, "unep-tidal": {"min": 0.0, "max": 1.0}, "wwf-glw-3": {"min": 1.0, "max": 255.0}, "gsa-pvout": {"min": 3.476492404937744, "max": 4.49772834777832}, "gsa-ghi": {"min": 4.375652313232422, "max": 5.702939510345459}, "gsa-gti": {"min": 4.393658638000488, "max": 5.844723224639893}, "gsa-temp": {"min": 22.537145614624023, "max": 29.200000762939453}, "gwa-iec1": {"min": 0.011003885418176651, "max": 0.5056935548782349}, "gwa-iec2": {"min": 0.015456101857125759, "max": 0.5600826740264893}, "gwa-iec3": {"min": 0.01836881786584854, "max": 0.6048675179481506}, "gwa-power-10": {"min": 1.4057258367538452, "max": 418.2747497558594}, "gwa-speed-10": {"min": 0.7583280205726624, "max": 6.110814571380615}, "gwa-power-50": {"min": 8.013894081115723, "max": 551.2175903320312}, "gwa-speed-50": {"min": 1.5983457565307617, "max": 7.782872676849365}, "gwa-power-100": {"min": 14.373186111450195, "max": 700.734619140625}, "gwa-speed-100": {"min": 2.005410671234131, "max": 8.781993865966797}, "gwa-power-150": {"min": 21.762144088745117, "max": 820.0070190429688}, "gwa-speed-150": {"min": 2.3416759967803955, "max": 9.33050537109375}, "gwa-power-200": {"min": 32.99126052856445, "max": 843.1737670898438}, "gwa-speed-200": {"min": 2.6301803588867188, "max": 9.692919731140137}, "gebco": {"min": -446.0, "max": 835.0}, "srtm90": {"min": -7.0, "max": 841.0}, "waterbodies": {"min": 0.0, "max": 2.0}, "gwa-enercon-e44-50": {"min": 0.0013908881228417158, "max": 0.3242371082305908}, "gwa-enercon-e48-50": {"min": 0.0019032878335565329, "max": 0.38334423303604126}, "gwa-enercon-e53-50": {"min": 0.004544148687273264, "max": 0.42549875378608704}, "gwa-offshore-dtu-10mw-119": {"min": 0.0093676233664155, "max": 0.47805556654930115}, "gwa-offshore-iea-15mw-150": {"min": 0.021753642708063126, "max": 0.5717052221298218}, "gwa-offshore-leanwind-8mw-110": {"min": 0.008306059055030346, "max": 0.4808490574359894}, "gwa-vestas-v100-mode0-100": {"min": 0.016948269680142403, "max": 0.5963802337646484}, "gwa-vestas-v100-mode0-120": {"min": 0.022280769422650337, "max": 0.6217660307884216}, "gwa-vestas-v100-mode0-150": {"min": 0.030257880687713623, "max": 0.6397705078125}, "gwa-vestas-v100-mode0-80": {"min": 0.011824390850961208, "max": 0.5594683289527893}, "gwa-vestas-v110-mode0-100": {"min": 0.021725088357925415, "max": 0.6451328992843628}, "gwa-vestas-v110-mode0-120": {"min": 0.027941618114709854, "max": 0.6688358783721924}, "gwa-vestas-v110-mode0-150": {"min": 0.03753324970602989, "max": 0.6840248703956604}, "gwa-vestas-v110-mode0-80": {"min": 0.015228771604597569, "max": 0.6087843775749207}, "gwa-vestas-v112-mode0-100": {"min": 0.010641456581652164, "max": 0.4963282644748688}, "gwa-vestas-v112-mode0-120": {"min": 0.014464756473898888, "max": 0.5186135172843933}, "gwa-vestas-v112-mode0-150": {"min": 0.019963081926107407, "max": 0.552492618560791}, "gwa-vestas-v112-mode0-80": {"min": 0.007363969460129738, "max": 0.47531524300575256}, "gwa-vestas-v120-mode0-100": {"min": 0.023225342854857445, "max": 0.6638385653495789}, "gwa-vestas-v120-mode0-120": {"min": 0.029915427789092064, "max": 0.6863751411437988}, "gwa-vestas-v120-mode0-150": {"min": 0.040171001106500626, "max": 0.6991400718688965}, "gwa-vestas-v120-mode0-80": {"min": 0.016260817646980286, "max": 0.6279730796813965}, "gwa-vestas-v126-mode0-100": {"min": 0.014929595403373241, "max": 0.5566034913063049}, "gwa-vestas-v126-mode0-120": {"min": 0.019591130316257477, "max": 0.5828267931938171}, "gwa-vestas-v126-mode0-150": {"min": 0.026627834886312485, "max": 0.6071354150772095}, "gwa-vestas-v126-mode0-80": {"min": 0.010433104820549488, "max": 0.5204635262489319}, "gwa-vestas-v136-mode0-100": {"min": 0.017955217510461807, "max": 0.6009767651557922}, "gwa-vestas-v136-mode0-120": {"min": 0.023366054520010948, "max": 0.6260757446289062}, "gwa-vestas-v136-mode0-150": {"min": 0.03158656880259514, "max": 0.6437914371490479}, "gwa-vestas-v136-mode0-80": {"min": 0.012565738521516323, "max": 0.5643354058265686}, "air-density": {"min": 1.0628751516342163, "max": 1.1526991128921509}, "lcoe": {"gwa-vestas-v100-mode0-120": {"lg": {"min": 59.903282165527344, "max": 1564.0340576171875}, "li": {"min": 1.6897454261779785, "max": 46.5449333190918}, "lr": {"min": 0.0, "max": 3.7891764640808105}, "total": {"min": 61.6744499206543, "max": 1612.185546875}}, "gwa-vestas-v110-mode0-120": {"lg": {"min": 55.96904373168945, "max": 1247.9781494140625}, "li": {"min": 1.5708281993865967, "max": 37.11513900756836}, "lr": {"min": 0.0, "max": 3.0292680263519287}, "total": {"min": 57.615562438964844, "max": 1286.3743896484375}}, "gwa-vestas-v112-mode0-120": {"lg": {"min": 71.02247619628906, "max": 2406.99658203125}, "li": {"min": 2.0312960147857666, "max": 71.6954345703125}, "lr": {"min": 0.0, "max": 5.81590461730957}, "total": {"min": 73.20950317382812, "max": 2481.166748046875}}, "gwa-vestas-v112-mode0-100": {"lg": {"min": 74.03179931640625, "max": 3270.353515625}, "li": {"min": 2.1437370777130127, "max": 101.6387939453125}, "lr": {"min": 0.0, "max": 7.117279529571533}, "total": {"min": 76.2445068359375, "max": 3378.832763671875}}, "gwa-offshore-dtu-10mw-119": {"lg": {"min": 76.7086181640625, "max": 3714.520751953125}, "li": {"min": 2.234771251678467, "max": 115.45989990234375}, "lr": {"min": 0.0, "max": 8.802653312683105}, "total": {"min": 79.08118438720703, "max": 3837.75146484375}}, "gwa-vestas-v126-mode0-150": {"lg": {"min": 61.25041961669922, "max": 1309.354248046875}, "li": {"min": 1.7418826818466187, "max": 38.946346282958984}, "lr": {"min": 0.0, "max": 3.0601398944854736}, "total": {"min": 63.025787353515625, "max": 1349.6448974609375}}, "gwa-vestas-v120-mode0-80": {"lg": {"min": 59.35071563720703, "max": 2141.57763671875}, "li": {"min": 1.6730434894561768, "max": 66.51478576660156}, "lr": {"min": 0.0, "max": 4.476591110229492}, "total": {"min": 61.104373931884766, "max": 2212.569091796875}}, "gsa-pvout": {"lg": {"min": 171.85367226474452, "max": 221.16147544333626}, "li": {"min": 4.973098615164259, "max": 8.872912964031874}, "lr": {"min": 0.0, "max": 1.7774464555492124}, "total": {"min": 176.88491861114073, "max": 227.91858731154755}}, "gwa-vestas-v126-mode0-80": {"lg": {"min": 70.78424072265625, "max": 3335.58349609375}, "li": {"min": 2.020099401473999, "max": 103.66854095458984}, "lr": {"min": 0.0, "max": 6.9771199226379395}, "total": {"min": 72.89434051513672, "max": 3446.22900390625}}, "gwa-offshore-leanwind-8mw-110": {"lg": {"min": 76.28621673583984, "max": 4188.74755859375}, "li": {"min": 2.2107365131378174, "max": 130.21636962890625}, "lr": {"min": 0.0, "max": 9.08215045928955}, "total": {"min": 78.57015228271484, "max": 4327.7275390625}}, "gwa-vestas-v110-mode0-100": {"lg": {"min": 57.87845230102539, "max": 1603.9365234375}, "li": {"min": 1.628542423248291, "max": 49.78506088256836}, "lr": {"min": 0.0, "max": 3.8014183044433594}, "total": {"min": 59.58546829223633, "max": 1657.0721435546875}}, "gwa-vestas-v136-mode0-100": {"lg": {"min": 61.83710861206055, "max": 1939.858642578125}, "li": {"min": 1.7481977939605713, "max": 60.2379150390625}, "lr": {"min": 0.0, "max": 4.5073561668396}, "total": {"min": 63.6695442199707, "max": 2004.1507568359375}}, "gwa-vestas-v126-mode0-100": {"lg": {"min": 66.44796752929688,