{"worldpop": {"min": -3.4028234663852886e+38, "max": 20835.982421875}, "slope": {"min": 0.0, "max": 50.52971649169922}, "land-cover": {"min": 10.0, "max": 210.0}, "airports": {"min": 500.0, "max": 500000.0}, "ports": {"min": 0.0, "max": 443571.0}, "anchorages": {"min": 0.0, "max": 379705.8125}, "grid": {"min": 0.0, "max": 429049.21875}, "roads": {"min": 0.0, "max": 427523.6875}, "pp-whs": {"min": 362276.5, "max": 914310.25}, "unep-coral": {"min": 65535.0, "max": 65535.0}, "unesco": {"min": 0.0, "max": 500000.0}, "unesco-ramsar": {"min": 65535.0, "max": 500000.0}, "wwf-glw-1": {"min": 0.0, "max": 494243.09375}, "wwf-glw-2": {"min": 0.0, "max": 443062.0625}, "jrc-gsw": {"min": 0.0, "max": 255.0}, "pp-marine-protected": {"min": 0.0, "max": 0.0}, "unep-tidal": {"min": 0.0, "max": 1.0}, "wwf-glw-3": {"min": 1.0, "max": 255.0}, "gsa-pvout": {"min": 3.476492404937744, "max": 4.306319236755371}, "gsa-ghi": {"min": 4.375652313232422, "max": 5.4179582595825195}, "gsa-gti": {"min": 4.393658638000488, "max": 5.448635578155518}, "gsa-temp": {"min": 24.23769187927246, "max": 27.5}, "gwa-iec1": {"min": 0.01743326336145401, "max": 0.47123411297798157}, "gwa-iec2": {"min": 0.026369303464889526, "max": 0.5384073257446289}, "gwa-iec3": {"min": 0.03218806907534599, "max": 0.5841319561004639}, "gwa-power-10": {"min": 1.7273225784301758, "max": 204.90235900878906}, "gwa-speed-10": {"min": 1.1232225894927979, "max": 5.602511882781982}, "gwa-power-50": {"min": 12.106398582458496, "max": 336.42340087890625}, "gwa-speed-50": {"min": 2.412202835083008, "max": 7.217865943908691}, "gwa-power-100": {"min": 23.433656692504883, "max": 459.3316650390625}, "gwa-speed-100": {"min": 3.100821018218994, "max": 8.358890533447266}, "gwa-power-150": {"min": 38.3765754699707, "max": 588.3911743164062}, "gwa-speed-150": {"min": 3.6342313289642334, "max": 8.94012451171875}, "gwa-power-200": {"min": 53.905052185058594, "max": 674.3604736328125}, "gwa-speed-200": {"min": 4.09180212020874, "max": 9.239180564880371}, "gebco": {"min": -5320.0, "max": 475.0}, "srtm90": {"min": -7.0, "max": 482.0}, "waterbodies": {"min": 0.0, "max": 2.0}, "gwa-enercon-e44-50": {"min": 0.0031170162837952375, "max": 0.281940221786499}, "gwa-enercon-e48-50": {"min": 0.004328934010118246, "max": 0.34846532344818115}, "gwa-enercon-e53-50": {"min": 0.01165644358843565, "max": 0.39892280101776123}, "gwa-offshore-dtu-10mw-119": {"min": 0.01102522388100624, "max": 0.4673047959804535}, "gwa-offshore-iea-15mw-150": {"min": 0.040299396961927414, "max": 0.5634459257125854}, "gwa-offshore-leanwind-8mw-110": {"min": 0.010178462602198124, "max": 0.4713428020477295}, "gwa-vestas-v100-mode0-100": {"min": 0.02813565917313099, "max": 0.5900077819824219}, "gwa-vestas-v100-mode0-120": {"min": 0.038397759199142456, "max": 0.6165321469306946}, "gwa-vestas-v100-mode0-150": {"min": 0.05785065516829491, "max": 0.6412109732627869}, "gwa-vestas-v100-mode0-80": {"min": 0.0208313949406147, "max": 0.5567648410797119}, "gwa-vestas-v110-mode0-100": {"min": 0.0369831919670105, "max": 0.63783198595047}, "gwa-vestas-v110-mode0-120": {"min": 0.04968170449137688, "max": 0.6632395386695862}, "gwa-vestas-v110-mode0-150": {"min": 0.07320865988731384, "max": 0.6856626868247986}, "gwa-vestas-v110-mode0-80": {"min": 0.02771688625216484, "max": 0.6047229766845703}, "gwa-vestas-v112-mode0-100": {"min": 0.016878388822078705, "max": 0.48683759570121765}, "gwa-vestas-v112-mode0-120": {"min": 0.023563051596283913, "max": 0.513874351978302}, "gwa-vestas-v112-mode0-150": {"min": 0.03668888658285141, "max": 0.5419085621833801}, "gwa-vestas-v112-mode0-80": {"min": 0.012290761806070805, "max": 0.45563557744026184}, "gwa-vestas-v120-mode0-100": {"min": 0.03938260301947594, "max": 0.6564887762069702}, "gwa-vestas-v120-mode0-120": {"min": 0.053079988807439804, "max": 0.680484414100647}, "gwa-vestas-v120-mode0-150": {"min": 0.07861208915710449, "max": 0.7009665369987488}, "gwa-vestas-v120-mode0-80": {"min": 0.02944079600274563, "max": 0.6230764985084534}, "gwa-vestas-v126-mode0-100": {"min": 0.02482357807457447, "max": 0.5515891313552856}, "gwa-vestas-v126-mode0-120": {"min": 0.03369320556521416, "max": 0.578467845916748}, "gwa-vestas-v126-mode0-150": {"min": 0.05057830363512039, "max": 0.6045718193054199}, "gwa-vestas-v126-mode0-80": {"min": 0.01847081445157528, "max": 0.5189518928527832}, "gwa-vestas-v136-mode0-100": {"min": 0.03012733906507492, "max": 0.5948191285133362}, "gwa-vestas-v136-mode0-120": {"min": 0.04070693254470825, "max": 0.6211153268814087}, "gwa-vestas-v136-mode0-150": {"min": 0.06067771837115288, "max": 0.6455122232437134}, "gwa-vestas-v136-mode0-80": {"min": 0.022497937083244324, "max": 0.5617597103118896}, "air-density": {"min": 1.1018404960632324, "max": 1.152722954750061}}