{"worldpop":{"min":-3.4028234663852886e+38,"max":14654.8349609375},"slope":{"min":0.0,"max":36.23039245605469},"land-cover":{"min":10.0,"max":210.0},"airports":{"min":0.0,"max":418806.9375},"ports":{"min":707.1067504882812,"max":457834.5625},"anchorages":{"min":0.0,"max":500000.0},"grid":{"min":0.0,"max":145773.796875},"roads":{"min":0.0,"max":21476.732421875},"pp-whs":{"min":0.0,"max":450673.375},"unep-coral":{"min":65535.0,"max":65535.0},"unesco":{"min":707.1067504882812,"max":461084.03125},"unesco-ramsar":{"min":17007.3515625,"max":500000.0},"wwf-glw-1":{"min":0.0,"max":319376.34375},"wwf-glw-2":{"min":0.0,"max":200000.0},"jrc-gsw":{"min":0.0,"max":1.0},"pp-marine-protected":{"min":0.0,"max":0.0},"unep-tidal":{"min":0.0,"max":1.0},"wwf-glw-3":{"min":1.0,"max":255.0},"gsa-pvout":{"min":3.8043625354766846,"max":4.87114143371582},"gsa-ghi":{"min":4.713427543640137,"max":5.942465782165527},"gsa-gti":{"min":4.740053176879883,"max":6.138398170471191},"gsa-temp":{"min":18.746694564819336,"max":29.0},"gwa-iec1":{"min":0.007433837745338678,"max":0.3649894893169403},"gwa-iec2":{"min":0.010678536258637905,"max":0.41487616300582886},"gwa-iec3":{"min":0.012887532822787762,"max":0.4496559202671051},"gwa-power-10":{"min":0.820252001285553,"max":575.7291259765625},"gwa-speed-10":{"min":0.47338905930519104,"max":7.017685413360596},"gwa-power-50":{"min":5.431403636932373,"max":449.6418762207031},"gwa-speed-50":{"min":1.1399075984954834,"max":7.1460862159729},"gwa-power-100":{"min":10.432501792907715,"max":414.3001403808594},"gwa-speed-100":{"min":1.628488540649414,"max":7.457695484161377},"gwa-power-150":{"min":16.59206771850586,"max":475.3284606933594},"gwa-speed-150":{"min":1.8016612529754639,"max":7.784604549407959},"gwa-power-200":{"min":21.620616912841797,"max":589.2349243164062},"gwa-speed-200":{"min":1.9346457719802856,"max":8.214994430541992},"gebco":{"min":-6.0,"max":1566.0},"srtm90":{"min":0.0,"max":1589.0},"waterbodies":{"min":0.0,"max":2.0},"gwa-enercon-e44-50":{"min":0.0009929987136274576,"max":0.2632165551185608},"gwa-enercon-e48-50":{"min":0.0013544476823881269,"max":0.31317010521888733},"gwa-enercon-e53-50":{"min":0.0034043940249830484,"max":0.3513639569282532},"gwa-offshore-dtu-10mw-119":{"min":0.004878414794802666,"max":0.36031317710876465},"gwa-offshore-iea-15mw-150":{"min":0.01311294175684452,"max":0.43315592408180237},"gwa-offshore-leanwind-8mw-110":{"min":0.004594064317643642,"max":0.3693673312664032},"gwa-vestas-v100-mode0-100":{"min":0.009998010471463203,"max":0.4660262167453766},"gwa-vestas-v100-mode0-120":{"min":0.013337396085262299,"max":0.4788554608821869},"gwa-vestas-v100-mode0-150":{"min":0.01859409548342228,"max":0.4981416165828705},"gwa-vestas-v100-mode0-80":{"min":0.006922524888068438,"max":0.4562087953090668},"gwa-vestas-v110-mode0-100":{"min":0.012783139012753963,"max":0.5061905980110168},"gwa-vestas-v110-mode0-120":{"min":0.016992386430501938,"max":0.5193753838539124},"gwa-vestas-v110-mode0-150":{"min":0.023520098999142647,"max":0.5382096171379089},"gwa-vestas-v110-mode0-80":{"min":0.008861679583787918,"max":0.49529480934143066},"gwa-vestas-v112-mode0-100":{"min":0.006309418007731438,"max":0.38587793707847595},"gwa-vestas-v112-mode0-120":{"min":0.008459827862679958,"max":0.39741143584251404},"gwa-vestas-v112-mode0-150":{"min":0.011919248849153519,"max":0.417806476354599},"gwa-vestas-v112-mode0-80":{"min":0.00431655952706933,"max":0.3793788254261017},"gwa-vestas-v120-mode0-100":{"min":0.013652331195771694,"max":0.5159044861793518},"gwa-vestas-v120-mode0-120":{"min":0.0181606225669384,"max":0.5289557576179504},"gwa-vestas-v120-mode0-150":{"min":0.02516099065542221,"max":0.5490835905075073},"gwa-vestas-v120-mode0-80":{"min":0.00945894792675972,"max":0.5037069320678711},"gwa-vestas-v126-mode0-100":{"min":0.00882093794643879,"max":0.43467196822166443},"gwa-vestas-v126-mode0-120":{"min":0.011749803088605404,"max":0.4470084011554718},"gwa-vestas-v126-mode0-150":{"min":0.01636872999370098,"max":0.46669018268585205},"gwa-vestas-v126-mode0-80":{"min":0.0061128828674554825,"max":0.42607465386390686},"gwa-vestas-v136-mode0-100":{"min":0.010591641068458557,"max":0.469749391078949},"gwa-vestas-v136-mode0-120":{"min":0.014099165797233582,"max":0.4825206696987152},"gwa-vestas-v136-mode0-150":{"min":0.019580505788326263,"max":0.5018506050109863},"gwa-vestas-v136-mode0-80":{"min":0.007342207711189985,"max":0.4600673019886017},"air-density":{"min":0.9988060593605042,"max":1.1551809310913086},"lcoe":{"gwa-vestas-v100-mode0-120":{"lg":{"min":76.58717346191406,"max":2610.113037109375},"li":{"min":2.2583024501800537,"max":82.73541259765625},"lr":{"min":0.0,"max":6.4053053855896},"total":{"min":80.2680892944336,"max":2693.1279296875}},"gwa-vestas-v110-mode0-120":{"lg":{"min":70.92415618896484,"max":2049.54931640625},"li":{"min":2.0729870796203613,"max":65.76290893554688},"lr":{"min":0.0,"max":5.2238030433654785},"total":{"min":74.00955963134766,"max":2114.7080078125}},"gwa-vestas-v112-mode0-120":{"lg":{"min":91.46290588378906,"max":4112.6845703125},"li":{"min":2.7625656127929688,"max":128.09523010253906},"lr":{"min":0.0,"max":9.538764953613281},"total":{"min":96.70145416259766,"max":4243.5625}},"gwa-vestas-v112-mode0-100":{"lg":{"min":94.07708740234375,"max":5513.02783203125},"li":{"min":2.8212318420410156,"max":171.7533416748047},"lr":{"min":0.0,"max":11.699525833129883},"total":{"min":99.2795181274414,"max":5688.51220703125}},"gwa-offshore-dtu-10mw-119":{"lg":{"min":100.46819305419922,"max":7129.01123046875},"li":{"min":3.059896945953369,"max":219.92984008789062},"lr":{"min":0.0,"max":13.347792625427246},"total":{"min":106.24610900878906,"max":7353.29052734375}},"gwa-vestas-v126-mode0-150":{"lg":{"min":78.47930908203125,"max":2127.4853515625},"li":{"min":2.326449155807495,"max":67.27860260009766},"lr":{"min":0.0,"max":5.127790451049805},"total":{"min":82.9402084350586,"max":2195.126708984375}},"gwa-vestas-v120-mode0-80":{"lg":{"min":73.00592041015625,"max":3678.6962890625},"li":{"min":2.114637613296509,"max":114.56491088867188},"lr":{"min":0.0,"max":6.7130937576293945},"total":{"min":75.41619873046875,"max":3795.749755859375}},"gsa-pvout":{"lg":{"min":158.98630665871093,"max":202.44591912143747},"li":{"min":4.704391004186838,"max":15.379882260085582},"lr":{"min":0.0,"max":1.2034958725625884},"total":{"min":167.23292449840233,"max":209.06894266902904}},"gwa-vestas-v126-mode0-80":{"lg":{"min":85.57904052734375,"max":5690.14794921875},"li":{"min":2.543757915496826,"max":177.27536010742188},"lr":{"min":0.0,"max":9.993048667907715},"total":{"min":89.9085693359375,"max":5871.2744140625}},"gwa-offshore-leanwind-8mw-110":{"lg":{"min":98.1034927368164,"max":7570.015625},"li":{"min":2.9713141918182373,"max":233.54244995117188},"lr":{"min":0.0,"max":13.937506675720215},"total":{"min":103.7397689819336,"max":7808.1767578125}},"gwa-vestas-v110-mode0-100":{"lg":{"min":72.66732788085938,"max":2723.110107421875},"li":{"min":2.1139471530914307,"max":84.77288055419922},"lr":{"min":0.0,"max":6.350560188293457},"total":{"min":75.39286804199219,"max":2809.724609375}},"gwa-vestas-v136-mode0-100":{"lg":{"min":77.9942626953125,"max":3285.71630859375},"li":{"min":2.2861521244049072,"max":102.31309509277344},"lr":{"min":0.0,"max":7.5055084228515625},"total":{"min":81.20863342285156,"max":3390.251708984375}},"gwa-vestas-v126-mode0-100":{"lg":{"min":83.96549224853516,"max":3944.4833984375},"li":{"min":2.4802262783050537,"max":122.85127258300781},"lr":{"min":0.0,"max":8.8616943359375},"total":{"min":87.7629623413086,"max":4070.00341796875}},"gwa-vestas-v126-mode0-120":{"lg":{"min":81.75862884521484,"max":2962.241943359375},"li":{"min":2.429771900177002,"max":94.14673614501953},"lr":{"min":0.0,"max":7.263365268707275},"total":{"min":86.05901336669922,"max":3056.4736328125}},"gwa-vestas-v120-mode0-120":{"lg":{"min":69.7120361328125,"max":1917.963134765625},"li":{"min":2.0184242725372314,"max":61.40494155883789},"lr":{"min":0.0,"max":4.88732385635376},