{"worldpop":{"min":-3.4028234663852886e+38,"max":14654.8349609375},"slope":{"min":0.0,"max":69.0133285522461},"land-cover":{"min":10.0,"max":210.0},"airports":{"min":0.0,"max":419876.15625},"ports":{"min":0.0,"max":386935.71875},"anchorages":{"min":0.0,"max":361642.4375},"grid":{"min":0.0,"max":371363.03125},"roads":{"min":0.0,"max":364556.25},"pp-whs":{"min":221960.59375,"max":715008.375},"unep-coral":{"min":65535.0,"max":65535.0},"unesco":{"min":65535.0,"max":500000.0},"unesco-ramsar":{"min":65535.0,"max":500000.0},"wwf-glw-1":{"min":9604.6865234375,"max":489841.8125},"wwf-glw-2":{"min":0.0,"max":381256.125},"jrc-gsw":{"min":0.0,"max":255.0},"pp-marine-protected":{"min":0.0,"max":0.0},"unep-tidal":{"min":0.0,"max":1.0},"wwf-glw-3":{"min":1.0,"max":255.0},"gsa-pvout":{"min":4.128026962280273,"max":4.4489874839782715},"gsa-ghi":{"min":5.146797180175781,"max":5.504598140716553},"gsa-gti":{"min":5.233802795410156,"max":5.63017463684082},"gsa-temp":{"min":25.346702575683594,"max":27.244794845581055},"gwa-iec1":{"min":0.0171537846326828,"max":0.13993942737579346},"gwa-iec2":{"min":0.02431449666619301,"max":0.17540699243545532},"gwa-iec3":{"min":0.029282331466674805,"max":0.20286594331264496},"gwa-power-10":{"min":2.260727882385254,"max":64.44464111328125},"gwa-speed-10":{"min":1.0894840955734253,"max":3.8319003582000732},"gwa-power-50":{"min":12.09069538116455,"max":99.39141845703125},"gwa-speed-50":{"min":2.064157009124756,"max":4.566529750823975},"gwa-power-100":{"min":20.840213775634766,"max":119.60018157958984},"gwa-speed-100":{"min":2.756584644317627,"max":4.893918991088867},"gwa-power-150":{"min":29.57415008544922,"max":136.50877380371094},"gwa-speed-150":{"min":2.867543935775757,"max":5.181203365325928},"gwa-power-200":{"min":39.45696258544922,"max":173.0723876953125},"gwa-speed-200":{"min":3.102205991744995,"max":5.554807662963867},"gebco":{"min":-5016.0,"max":375.0},"srtm90":{"min":-2.0,"max":390.0},"waterbodies":{"min":0.0,"max":2.0},"gwa-enercon-e44-50":{"min":0.005161914974451065,"max":0.07612547278404236},"gwa-enercon-e48-50":{"min":0.006970401853322983,"max":0.09929809719324112},"gwa-enercon-e53-50":{"min":0.012579756788909435,"max":0.126115620136261},"gwa-offshore-dtu-10mw-119":{"min":0.012774293310940266,"max":0.12175106257200241},"gwa-offshore-iea-15mw-150":{"min":0.03110741265118122,"max":0.17390510439872742},"gwa-offshore-leanwind-8mw-110":{"min":0.012513813562691212,"max":0.1253759264945984},"gwa-vestas-v100-mode0-100":{"min":0.027209289371967316,"max":0.20147058367729187},"gwa-vestas-v100-mode0-120":{"min":0.032989561557769775,"max":0.20953796803951263},"gwa-vestas-v100-mode0-150":{"min":0.04375578835606575,"max":0.22571289539337158},"gwa-vestas-v100-mode0-80":{"min":0.022553378716111183,"max":0.19209431111812592},"gwa-vestas-v110-mode0-100":{"min":0.03463905677199364,"max":0.23805147409439087},"gwa-vestas-v110-mode0-120":{"min":0.041757483035326004,"max":0.2470017522573471},"gwa-vestas-v110-mode0-150":{"min":0.05476468801498413,"max":0.26330050826072693},"gwa-vestas-v110-mode0-80":{"min":0.028800001367926598,"max":0.22705093026161194},"gwa-vestas-v112-mode0-100":{"min":0.017231596633791924,"max":0.1426123082637787},"gwa-vestas-v112-mode0-120":{"min":0.021082866936922073,"max":0.14854098856449127},"gwa-vestas-v112-mode0-150":{"min":0.0284561850130558,"max":0.16278530657291412},"gwa-vestas-v112-mode0-80":{"min":0.014217396266758442,"max":0.13585525751113892},"gwa-vestas-v120-mode0-100":{"min":0.037118688225746155,"max":0.2535007894039154},"gwa-vestas-v120-mode0-120":{"min":0.04478781670331955,"max":0.26278093457221985},"gwa-vestas-v120-mode0-150":{"min":0.05879993364214897,"max":0.27903327345848083},"gwa-vestas-v120-mode0-80":{"min":0.030841657891869545,"max":0.2418089509010315},"gwa-vestas-v126-mode0-100":{"min":0.023897472769021988,"max":0.17873609066009521},"gwa-vestas-v126-mode0-120":{"min":0.028941955417394638,"max":0.1859709620475769},"gwa-vestas-v126-mode0-150":{"min":0.038378022611141205,"max":0.2014857828617096},"gwa-vestas-v126-mode0-80":{"min":0.019824068993330002,"max":0.1704539954662323},"gwa-vestas-v136-mode0-100":{"min":0.028688469901680946,"max":0.20675405859947205},"gwa-vestas-v136-mode0-120":{"min":0.03468436747789383,"max":0.2148941159248352},"gwa-vestas-v136-mode0-150":{"min":0.04577914997935295,"max":0.23094335198402405},"gwa-vestas-v136-mode0-80":{"min":0.023821985349059105,"max":0.19715963304042816},"air-density":{"min":1.1181020736694336,"max":1.1552977561950684}}