{"worldpop":{"min":-3.4028234663852886e+38,"max":2767.689697265625},"slope":{"min":0.018014200031757355,"max":26.34105682373047},"land-cover":{"min":10.0,"max":210.0},"airports":{"min":0.0,"max":51210.3515625},"ports":{"min":0.0,"max":52661.65625},"anchorages":{"min":0.0,"max":33841.54296875},"grid":{"min":33767.58984375,"max":97943.859375},"roads":{"min":0.0,"max":6403.12451171875},"pp-whs":{"min":60533.05078125,"max":138812.828125},"unep-coral":{"min":0.0,"max":20796.634765625},"unesco":{"min":67119.296875,"max":111853.6953125},"unesco-ramsar":{"min":65535.0,"max":65535.0},"wwf-glw-1":{"min":65535.0,"max":65535.0},"wwf-glw-2":{"min":137522.71875,"max":214719.015625},"jrc-gsw":{"min":0.0,"max":1.0},"pp-marine-protected":{"min":0.0,"max":1.0},"unep-tidal":{"min":0.0,"max":0.0},"wwf-glw-3":{"min":255.0,"max":255.0},"gsa-pvout":{"min":3.242231845855713,"max":4.908073902130127},"gsa-ghi":{"min":3.9426064491271973,"max":5.914983749389648},"gsa-gti":{"min":3.98138689994812,"max":6.151679992675781},"gsa-temp":{"min":17.28387451171875,"max":26.799999237060547},"gwa-iec1":{"min":0.04287539795041084,"max":0.7548350691795349},"gwa-iec2":{"min":0.05788016691803932,"max":0.7951993346214294},"gwa-iec3":{"min":0.06909863650798798,"max":0.8222586512565613},"gwa-power-10":{"min":3.81957745552063,"max":822.2069091796875},"gwa-speed-10":{"min":1.2763357162475586,"max":8.520401954650879},"gwa-power-50":{"min":20.581148147583008,"max":1201.476806640625},"gwa-speed-50":{"min":2.599564552307129,"max":11.12317180633545},"gwa-power-100":{"min":41.503353118896484,"max":1280.952880859375},"gwa-speed-100":{"min":3.5415773391723633,"max":11.862335205078125},"gwa-power-150":{"min":65.76439666748047,"max":1377.998291015625},"gwa-speed-150":{"min":4.202880382537842,"max":12.31152629852295},"gwa-power-200":{"min":91.7959213256836,"max":1515.7828369140625},"gwa-speed-200":{"min":4.28151273727417,"max":12.760468482971191},"gebco":{"min":-165.0,"max":1308.0},"srtm90":{"min":2.0,"max":1305.0},"waterbodies":{"min":0.0,"max":1.0},"gwa-enercon-e44-50":{"min":0.0082387151196599,"max":0.576760470867157},"gwa-enercon-e48-50":{"min":0.011077126488089561,"max":0.6573804020881653},"gwa-enercon-e53-50":{"min":0.01864428073167801,"max":0.70355224609375},"gwa-offshore-dtu-10mw-119":{"min":0.03230403736233711,"max":0.7569696307182312},"gwa-offshore-iea-15mw-150":{"min":0.07055137306451797,"max":0.8162416219711304},"gwa-offshore-leanwind-8mw-110":{"min":0.030065488070249557,"max":0.7663295865058899},"gwa-vestas-v100-mode0-100":{"min":0.054684873670339584,"max":0.8412436246871948},"gwa-vestas-v100-mode0-120":{"min":0.07093401998281479,"max":0.848225474357605},"gwa-vestas-v100-mode0-150":{"min":0.09761509299278259,"max":0.8523744344711304},"gwa-vestas-v100-mode0-80":{"min":0.0404052734375,"max":0.8274535536766052},"gwa-vestas-v110-mode0-100":{"min":0.06855687499046326,"max":0.8676120042800903},"gwa-vestas-v110-mode0-120":{"min":0.08827050775289536,"max":0.8738818168640137},"gwa-vestas-v110-mode0-150":{"min":0.12017310410737991,"max":0.8769644498825073},"gwa-vestas-v110-mode0-80":{"min":0.05102163925766945,"max":0.8545803427696228},"gwa-vestas-v112-mode0-100":{"min":0.03547490015625954,"max":0.7811550498008728},"gwa-vestas-v112-mode0-120":{"min":0.04655227065086365,"max":0.7897576093673706},"gwa-vestas-v112-mode0-150":{"min":0.0650990828871727,"max":0.8003476858139038},"gwa-vestas-v112-mode0-80":{"min":0.02592930756509304,"max":0.7686365842819214},"gwa-vestas-v120-mode0-100":{"min":0.07363727688789368,"max":0.8538413643836975},"gwa-vestas-v120-mode0-120":{"min":0.09489749372005463,"max":0.8550405502319336},"gwa-vestas-v120-mode0-150":{"min":0.12922091782093048,"max":0.8543241620063782},"gwa-vestas-v120-mode0-80":{"min":0.05472728982567787,"max":0.8393923044204712},"gwa-vestas-v126-mode0-100":{"min":0.04792408272624016,"max":0.8194850087165833},"gwa-vestas-v126-mode0-120":{"min":0.062121182680130005,"max":0.8271308541297913},"gwa-vestas-v126-mode0-150":{"min":0.08550568670034409,"max":0.8333682417869568},"gwa-vestas-v126-mode0-80":{"min":0.035451535135507584,"max":0.8057770729064941},"gwa-vestas-v136-mode0-100":{"min":0.05722380429506302,"max":0.8458608388900757},"gwa-vestas-v136-mode0-120":{"min":0.0739799216389656,"max":0.8527539372444153},"gwa-vestas-v136-mode0-150":{"min":0.10137271881103516,"max":0.8575376272201538},"gwa-vestas-v136-mode0-80":{"min":0.04243410751223564,"max":0.832690954208374},"air-density":{"min":1.0245221853256226,"max":1.154066562652588},"lcoe":{"gwa-vestas-v100-mode0-120":{"lg":{"min":44.97821044921875,"max":494.0153503417969},"li":{"min":2.047619581222534,"max":26.30019187927246},"lr":{"min":0.0,"max":0.666166365146637},"total":{"min":47.06120681762695,"max":520.7303466796875}},"gwa-vestas-v110-mode0-120":{"lg":{"min":43.77512741088867,"max":397.77545166015625},"li":{"min":1.987503170967102,"max":21.13478660583496},"lr":{"min":0.0,"max":0.536811113357544},"total":{"min":45.79697036743164,"max":419.24359130859375}},"gwa-vestas-v112-mode0-120":{"lg":{"min":48.011932373046875,"max":750.660888671875},"li":{"min":2.1992099285125732,"max":40.07491683959961},"lr":{"min":0.0,"max":1.010616421699524},"total":{"min":50.24913787841797,"max":791.3678588867188}},"gwa-vestas-v112-mode0-100":{"lg":{"min":48.49661636352539,"max":983.8126831054688},"li":{"min":2.223428964614868,"max":52.588680267333984},"lr":{"min":0.0,"max":1.293278455734253},"total":{"min":50.758460998535156,"max":1037.2308349609375}},"gwa-offshore-dtu-10mw-119":{"lg":{"min":49.918304443359375,"max":1079.9881591796875},"li":{"min":2.294468402862549,"max":57.75062942504883},"lr":{"min":0.0,"max":1.4332925081253052},"total":{"min":52.25241470336914,"max":1138.649658203125}},"gwa-vestas-v126-mode0-150":{"lg":{"min":45.708763122558594,"max":410.5081787109375},"li":{"min":2.0841240882873535,"max":21.818180084228516},"lr":{"min":0.0,"max":0.5544151663780212},"total":{"min":47.828895568847656,"max":432.67047119140625}},"gwa-vestas-v120-mode0-80":{"lg":{"min":45.40943145751953,"max":639.1266479492188},"li":{"min":2.069166898727417,"max":34.0886344909668},"lr":{"min":0.0,"max":0.804564893245697},"total":{"min":47.514347076416016,"max":673.7529296875}},"gsa-pvout":{"lg":{"min":157.82005957493362,"max":236.852015499397},"li":{"min":6.861464754077457,"max":12.970586789202818},"lr":{"min":0.0,"max":0.4261439067890673},"total":{"min":166.01999695550387,"max":249.92121949984053}},"gwa-vestas-v126-mode0-80":{"lg":{"min":47.13694381713867,"max":984.45849609375},"li":{"min":2.1554880142211914,"max":52.62334442138672},"lr":{"min":0.0,"max":1.2393033504486084},"total":{"min":49.32966995239258,"max":1037.9117431640625}},"gwa-offshore-leanwind-8mw-110":{"lg":{"min":49.357460021972656,"max":1160.1016845703125},"li":{"min":2.266443967819214,"max":62.05049514770508},"lr":{"min":0.0,"max":1.524207353591919},"total":{"min":51.663063049316406,"max":1223.130859375}},"gwa-vestas-v110-mode0-100":{"lg":{"min":44.06256103515625,"max":511.00616455078125},"li":{"min":2.001865863800049,"max":27.212125778198242},"lr":{"min":0.0,"max":0.675596296787262},"total":{"min":46.09901428222656,"max":538.6474609375}},"gwa-vestas-v136-mode0-100":{"lg":{"min":45.09276580810547,"max":611.4179077148438},"li":{"min":2.0533435344696045,"max":32.6014404296875},"lr":{"min":0.0,"max":0.8078948259353638},"total":{"min":47.18158721923828,"max":644.5335693359375}},"gwa-vestas-v126-mode0-100":{"lg":{"min":46.415374755859375,"max":729.2880249023438},"li":{"min":2.119432210922241,"max":38.92778778076172},"lr":{"min":0.0,"max":0.9634925127029419},"total":{"min":48.5714225769043,"max":768.829833984375}},"gwa-vestas-v126-mode0-120":{"lg":{"min":46.02328872680664,"max":563.531494140625},"li":{"min":2.0998406410217285,"max":30.03127670288086},"lr":{"min":0.0,"max":0.7609544992446899},"total":{"min":48.15940856933594,"max":594.0364379882812}},"gwa-vestas-v120-mode0-120":{"lg":{"min":44.65159225463867,"max":370.27691650390625},"li":{"min":2.031298875808716,"max":19.65888023376465},