{"worldpop": {"min": -3.4028234663852886e+38, "max": 2862.552978515625}, "slope": {"min": 0.0, "max": 62.831119537353516}, "land-cover": {"min": 10.0, "max": 210.0}, "airports": {"min": 0.0, "max": 393672.46875}, "ports": {"min": 0.0, "max": 396744.875}, "anchorages": {"min": 0.0, "max": 372155.875}, "grid": {"min": 0.0, "max": 394748.34375}, "roads": {"min": 0.0, "max": 360218.0}, "pp-whs": {"min": 9394.146484375, "max": 478817.5625}, "unep-coral": {"min": 0.0, "max": 358366.4375}, "unesco": {"min": 24041.62890625, "max": 405711.71875}, "unesco-ramsar": {"min": 65535.0, "max": 65535.0}, "wwf-glw-1": {"min": 65535.0, "max": 65535.0}, "wwf-glw-2": {"min": 65535.0, "max": 499985.0}, "jrc-gsw": {"min": 0.0, "max": 255.0}, "pp-marine-protected": {"min": 0.0, "max": 1.0}, "unep-tidal": {"min": 0.0, "max": 1.0}, "wwf-glw-3": {"min": 255.0, "max": 255.0}, "gsa-pvout": {"min": 3.242231845855713, "max": 5.0026936531066895}, "gsa-ghi": {"min": 3.9426064491271973, "max": 6.085693836212158}, "gsa-gti": {"min": 3.98138689994812, "max": 6.323616981506348}, "gsa-temp": {"min": 17.18609619140625, "max": 26.799999237060547}, "gwa-iec1": {"min": 0.04085240513086319, "max": 0.7884858250617981}, "gwa-iec2": {"min": 0.05520356819033623, "max": 0.8290250897407532}, "gwa-iec3": {"min": 0.0658668577671051, "max": 0.8544689416885376}, "gwa-power-10": {"min": 3.81957745552063, "max": 1397.965087890625}, "gwa-speed-10": {"min": 1.2763357162475586, "max": 9.92263126373291}, "gwa-power-50": {"min": 18.947418212890625, "max": 1111.87744140625}, "gwa-speed-50": {"min": 2.372014045715332, "max": 10.816435813903809}, "gwa-power-100": {"min": 39.95711898803711, "max": 1408.9892578125}, "gwa-speed-100": {"min": 3.4986255168914795, "max": 12.359731674194336}, "gwa-power-150": {"min": 65.4684829711914, "max": 1476.3525390625}, "gwa-speed-150": {"min": 4.202880382537842, "max": 12.710864067077637}, "gwa-power-200": {"min": 93.22330474853516, "max": 1520.288818359375}, "gwa-speed-200": {"min": 4.28151273727417, "max": 12.940129280090332}, "gebco": {"min": -6681.0, "max": 1320.0}, "srtm90": {"min": -5.0, "max": 1318.0}, "waterbodies": {"min": 0.0, "max": 1.0}, "gwa-enercon-e44-50": {"min": 0.0069635906256735325, "max": 0.576760470867157}, "gwa-enercon-e48-50": {"min": 0.009405655786395073, "max": 0.6573804020881653}, "gwa-enercon-e53-50": {"min": 0.016617057844996452, "max": 0.70355224609375}, "gwa-offshore-dtu-10mw-119": {"min": 0.03230403736233711, "max": 0.7823156118392944}, "gwa-offshore-iea-15mw-150": {"min": 0.0, "max": 0.8239357471466064}, "gwa-offshore-leanwind-8mw-110": {"min": 0.030065488070249557, "max": 0.7928755879402161}, "gwa-vestas-v100-mode0-100": {"min": 0.054684873670339584, "max": 0.8583114147186279}, "gwa-vestas-v100-mode0-120": {"min": 0.07093401998281479, "max": 0.8640407919883728}, "gwa-vestas-v100-mode0-150": {"min": 0.09761509299278259, "max": 0.8626866340637207}, "gwa-vestas-v100-mode0-80": {"min": 0.03899844363331795, "max": 0.8342015147209167}, "gwa-vestas-v110-mode0-100": {"min": 0.06855687499046326, "max": 0.8824024796485901}, "gwa-vestas-v110-mode0-120": {"min": 0.08827050775289536, "max": 0.8886829614639282}, "gwa-vestas-v110-mode0-150": {"min": 0.12017310410737991, "max": 0.8865094184875488}, "gwa-vestas-v110-mode0-80": {"min": 0.049407366663217545, "max": 0.862898588180542}, "gwa-vestas-v112-mode0-100": {"min": 0.03547490015625954, "max": 0.804135799407959}, "gwa-vestas-v112-mode0-120": {"min": 0.04655227065086365, "max": 0.8126641511917114}, "gwa-vestas-v112-mode0-150": {"min": 0.0650990828871727, "max": 0.8079589009284973}, "gwa-vestas-v112-mode0-80": {"min": 0.02489415742456913, "max": 0.7689515948295593}, "gwa-vestas-v120-mode0-100": {"min": 0.07363727688789368, "max": 0.8741965293884277}, "gwa-vestas-v120-mode0-120": {"min": 0.09489749372005463, "max": 0.8737004995346069}, "gwa-vestas-v120-mode0-150": {"min": 0.12922091782093048, "max": 0.8750266432762146}, "gwa-vestas-v120-mode0-80": {"min": 0.0529845654964447, "max": 0.8538535833358765}, "gwa-vestas-v126-mode0-100": {"min": 0.04792408272624016, "max": 0.8387818932533264}, "gwa-vestas-v126-mode0-120": {"min": 0.062121182680130005, "max": 0.8443794846534729}, "gwa-vestas-v126-mode0-150": {"min": 0.08550568670034409, "max": 0.8431006669998169}, "gwa-vestas-v126-mode0-80": {"min": 0.03422011062502861, "max": 0.810692310333252}, "gwa-vestas-v136-mode0-100": {"min": 0.05722380429506302, "max": 0.8634165525436401}, "gwa-vestas-v136-mode0-120": {"min": 0.0739799216389656, "max": 0.8678684234619141}, "gwa-vestas-v136-mode0-150": {"min": 0.10137271881103516, "max": 0.8669685125350952}, "gwa-vestas-v136-mode0-80": {"min": 0.04101362079381943, "max": 0.8387215733528137}, "air-density": {"min": 1.0243438482284546, "max": 1.1558326482772827}}