{"worldpop": {"min": -3.4028234663852886e+38, "max": 8319.47265625}, "slope": {"min": 0.0, "max": 2.3470990657806396}, "land-cover": {"min": 10.0, "max": 210.0}, "airports": {"min": 0.0, "max": 261094.8125}, "ports": {"min": 1414.2135009765625, "max": 238201.59375}, "anchorages": {"min": 2828.427001953125, "max": 260863.953125}, "grid": {"min": 0.0, "max": 87817.9921875}, "roads": {"min": 0.0, "max": 8062.2578125}, "pp-whs": {"min": 21360.009765625, "max": 300870.8125}, "unep-coral": {"min": 65535.0, "max": 65535.0}, "unesco": {"min": 3354.101806640625, "max": 142482.453125}, "unesco-ramsar": {"min": 93500.0, "max": 212605.84375}, "wwf-glw-1": {"min": 6726.81201171875, "max": 231244.46875}, "wwf-glw-2": {"min": 0.0, "max": 35850.3828125}, "jrc-gsw": {"min": 0.0, "max": 1.0}, "pp-marine-protected": {"min": 0.0, "max": 0.0}, "unep-tidal": {"min": 0.0, "max": 1.0}, "wwf-glw-3": {"min": 1.0, "max": 255.0}, "gsa-pvout": {"min": 4.505256175994873, "max": 4.696500301361084}, "gsa-ghi": {"min": 5.667889595031738, "max": 5.810080528259277}, "gsa-gti": {"min": 5.839104652404785, "max": 5.995733261108398}, "gsa-temp": {"min": 24.805442810058594, "max": 29.899999618530273}, "gwa-iec1": {"min": 0.09696560353040695, "max": 0.24927598237991333}, "gwa-iec2": {"min": 0.12560859322547913, "max": 0.29688042402267456}, "gwa-iec3": {"min": 0.147831991314888, "max": 0.33304181694984436}, "gwa-power-10": {"min": 9.425992965698242, "max": 110.81153869628906}, "gwa-speed-10": {"min": 2.086662769317627, "max": 4.5449042320251465}, "gwa-power-50": {"min": 46.57752227783203, "max": 175.6072235107422}, "gwa-speed-50": {"min": 3.6767396926879883, "max": 5.465404510498047}, "gwa-power-100": {"min": 83.3055648803711, "max": 244.8514862060547}, "gwa-speed-100": {"min": 4.650165557861328, "max": 6.186886787414551}, "gwa-power-150": {"min": 148.15895080566406, "max": 382.5249328613281}, "gwa-speed-150": {"min": 5.526109218597412, "max": 7.1999711990356445}, "gwa-power-200": {"min": 242.66671752929688, "max": 531.5549926757812}, "gwa-speed-200": {"min": 6.314955234527588, "max": 7.927079200744629}, "gebco": {"min": -6.0, "max": 60.0}, "srtm90": {"min": 0.0, "max": 60.0}, "waterbodies": {"min": 0.0, "max": 2.0}, "gwa-enercon-e44-50": {"min": 0.030360015109181404, "max": 0.12858936190605164}, "gwa-enercon-e48-50": {"min": 0.040265560150146484, "max": 0.16180171072483063}, "gwa-enercon-e53-50": {"min": 0.05682189390063286, "max": 0.19756492972373962}, "gwa-offshore-dtu-10mw-119": {"min": 0.097599096596241, "max": 0.26154181361198425}, "gwa-offshore-iea-15mw-150": {"min": 0.19116359949111938, "max": 0.37681761384010315}, "gwa-offshore-leanwind-8mw-110": {"min": 0.09065117686986923, "max": 0.2536543309688568}, "gwa-vestas-v100-mode0-100": {"min": 0.1433296799659729, "max": 0.3397381901741028}, "gwa-vestas-v100-mode0-120": {"min": 0.18062183260917664, "max": 0.38344359397888184}, "gwa-vestas-v100-mode0-150": {"min": 0.2510324716567993, "max": 0.4446464478969574}, "gwa-vestas-v100-mode0-80": {"min": 0.11690568923950195, "max": 0.3052275776863098}, "gwa-vestas-v110-mode0-100": {"min": 0.17496323585510254, "max": 0.38307884335517883}, "gwa-vestas-v110-mode0-120": {"min": 0.21794497966766357, "max": 0.4276432394981384}, "gwa-vestas-v110-mode0-150": {"min": 0.294700562953949, "max": 0.48832598328590393}, "gwa-vestas-v110-mode0-80": {"min": 0.14359524846076965, "max": 0.3512845039367676}, "gwa-vestas-v112-mode0-100": {"min": 0.0968770906329155, "max": 0.26014402508735657}, "gwa-vestas-v112-mode0-120": {"min": 0.1238899677991867, "max": 0.2995785176753998}, "gwa-vestas-v112-mode0-150": {"min": 0.17870719730854034, "max": 0.3593223989009857}, "gwa-vestas-v112-mode0-80": {"min": 0.07829991728067398, "max": 0.2321268916130066}, "gwa-vestas-v120-mode0-100": {"min": 0.1883479654788971, "max": 0.401515930891037}, "gwa-vestas-v120-mode0-120": {"min": 0.2339218705892563, "max": 0.4455306828022003}, "gwa-vestas-v120-mode0-150": {"min": 0.31324121356010437, "max": 0.5058491230010986}, "gwa-vestas-v120-mode0-80": {"min": 0.15464626252651215, "max": 0.3706519305706024}, "gwa-vestas-v126-mode0-100": {"min": 0.12556463479995728, "max": 0.3094097077846527}, "gwa-vestas-v126-mode0-120": {"min": 0.15861479938030243, "max": 0.3516453206539154}, "gwa-vestas-v126-mode0-150": {"min": 0.22289851307868958, "max": 0.41258174180984497}, "gwa-vestas-v126-mode0-80": {"min": 0.10235699266195297, "max": 0.2760346233844757}, "gwa-vestas-v136-mode0-100": {"min": 0.14839036762714386, "max": 0.3451782166957855}, "gwa-vestas-v136-mode0-120": {"min": 0.1863146424293518, "max": 0.3888337314128876}, "gwa-vestas-v136-mode0-150": {"min": 0.2570784091949463, "max": 0.44976720213890076}, "gwa-vestas-v136-mode0-80": {"min": 0.12129277735948563, "max": 0.3113500773906708}, "air-density": {"min": 1.1419909000396729, "max": 1.160404086112976}, "lcoe": {"gwa-vestas-v100-mode0-120": {"lg": {"min": 94.64895629882812, "max": 196.43942260742188}, "li": {"min": 2.763230323791504, "max": 8.387053489685059}, "lr": {"min": 0.0, "max": 0.34954866766929626}, "total": {"min": 97.43096160888672, "max": 202.76260375976562}}, "gwa-vestas-v110-mode0-120": {"lg": {"min": 85.2798080444336, "max": 163.48410034179688}, "li": {"min": 2.4808406829833984, "max": 7.284273147583008}, "lr": {"min": 0.0, "max": 0.30089282989501953}, "total": {"min": 87.77427673339844, "max": 168.7244415283203}}, "gwa-vestas-v112-mode0-120": {"lg": {"min": 120.02555084228516, "max": 284.5615234375}, "li": {"min": 3.5219931602478027, "max": 11.38422966003418}, "lr": {"min": 0.0, "max": 0.4823102653026581}, "total": {"min": 123.58636474609375, "max": 293.78021240234375}}, "gwa-vestas-v112-mode0-100": {"lg": {"min": 137.613525390625, "max": 362.7923889160156}, "li": {"min": 4.016340255737305, "max": 13.963949203491211}, "lr": {"min": 0.0, "max": 0.6138379573822021}, "total": {"min": 141.714111328125, "max": 374.58160400390625}}, "gwa-offshore-dtu-10mw-119": {"lg": {"min": 136.89944458007812, "max": 360.1381530761719}, "li": {"min": 4.024998188018799, "max": 13.590662956237793}, "lr": {"min": 0.0, "max": 0.5842809081077576}, "total": {"min": 140.97811889648438, "max": 371.84014892578125}}, "gwa-vestas-v126-mode0-150": {"lg": {"min": 88.2469711303711, "max": 159.93984985351562}, "li": {"min": 2.5690953731536865, "max": 7.2578444480896}, "lr": {"min": 0.0, "max": 0.30217263102531433}, "total": {"min": 90.85077667236328, "max": 165.063720703125}}, "gwa-vestas-v120-mode0-80": {"lg": {"min": 97.7773666381836, "max": 228.7630157470703}, "li": {"min": 2.8164620399475098, "max": 9.273248672485352}, "lr": {"min": 0.0, "max": 0.4045645594596863}, "total": {"min": 100.72660064697266, "max": 236.14828491210938}}, "gsa-pvout": {"lg": {"min": 164.74953083789634, "max": 171.57320572500385}, "li": {"min": 4.762678206988654, "max": 11.199299127213154}, "lr": {"min": 0.0, "max": 0.4468331360784388}, "total": {"min": 169.5598456534574, "max": 182.28752124181312}}, "gwa-vestas-v126-mode0-80": {"lg": {"min": 129.92173767089844, "max": 343.58367919921875}, "li": {"min": 3.7833940982818604, "max": 13.027128219604492}, "lr": {"min": 0.0, "max": 0.5799458026885986}, "total": {"min": 133.7862548828125, "max": 354.7417297363281}}, "gwa-offshore-leanwind-8mw-110": {"lg": {"min": 141.03199768066406, "max": 387.4341735839844}, "li": {"min": 4.132681369781494, "max": 14.396496772766113}, "lr": {"min": 0.0, "max": 0.629784345626831}, "total": {"min": 145.23748779296875, "max": 400.0330810546875}}, "gwa-vestas-v110-mode0-100": {"lg": {"min": 94.73527526855469, "max": 202.66322326660156}, "li": {"min": 2.751725912094116, "max": 8.592232704162598}, "lr": {"min": 0.0, "max": 0.36499252915382385}, "total": {"min": 97.54792785644531, "max": 209.19090270996094}}, "gwa-vestas-v136-mode0-100": {"lg": {"min": 104.69801330566406, "max": 238.23863220214844}, "li": {"min": 3.046682834625244, "max": 9.80971622467041}, "lr": {"min": 0.0, "max": 0.4198077619075775}, "total": {"min": 107.78842163085938, "max": 245.9352569580078}},