{"worldpop": {"min": -3.4028234663852886e+38, "max": 1676.3721923828125}, "slope": {"min": 0.0, "max": 35.74134826660156}, "land-cover": {"min": 10.0, "max": 210.0}, "airports": {"min": 0.0, "max": 257344.609375}, "ports": {"min": 500.0, "max": 254124.484375}, "anchorages": {"min": 0.0, "max": 254124.484375}, "grid": {"min": 0.0, "max": 205129.84375}, "roads": {"min": 0.0, "max": 212288.71875}, "pp-whs": {"min": 138311.25, "max": 557524.875}, "unep-coral": {"min": 65535.0, "max": 65535.0}, "unesco": {"min": 65535.0, "max": 444936.53125}, "unesco-ramsar": {"min": 0.0, "max": 212720.46875}, "wwf-glw-1": {"min": 95844.921875, "max": 363043.03125}, "wwf-glw-2": {"min": 0.0, "max": 319595.46875}, "jrc-gsw": {"min": 0.0, "max": 1.0}, "pp-marine-protected": {"min": 0.0, "max": 0.0}, "unep-tidal": {"min": 0.0, "max": 1.0}, "wwf-glw-3": {"min": 1.0, "max": 255.0}, "gsa-pvout": {"min": 2.85866379737854, "max": 4.141418933868408}, "gsa-ghi": {"min": 3.4636783599853516, "max": 5.168115139007568}, "gsa-gti": {"min": 3.4709584712982178, "max": 5.1793389320373535}, "gsa-temp": {"min": 11.342206001281738, "max": 26.799999237060547}, "gwa-iec1": {"min": 0.0003724390408024192, "max": 0.2500738501548767}, "gwa-iec2": {"min": 0.0006732388283126056, "max": 0.30165913701057434}, "gwa-iec3": {"min": 0.0008467834559269249, "max": 0.34009233117103577}, "gwa-power-10": {"min": 0.17063777148723602, "max": 124.8885726928711}, "gwa-speed-10": {"min": 0.3950101435184479, "max": 4.521023273468018}, "gwa-power-50": {"min": 1.1432034969329834, "max": 177.02044677734375}, "gwa-speed-50": {"min": 0.8222772479057312, "max": 5.616722106933594}, "gwa-power-100": {"min": 2.317974328994751, "max": 213.77655029296875}, "gwa-speed-100": {"min": 1.1595981121063232, "max": 6.276264190673828}, "gwa-power-150": {"min": 2.7184360027313232, "max": 205.51934814453125}, "gwa-speed-150": {"min": 1.2203885316848755, "max": 6.276339054107666}, "gwa-power-200": {"min": 3.1857118606567383, "max": 219.39059448242188}, "gwa-speed-200": {"min": 1.2490870952606201, "max": 6.278353214263916}, "gebco": {"min": -97.0, "max": 2852.0}, "srtm90": {"min": -5.0, "max": 2866.0}, "waterbodies": {"min": 0.0, "max": 2.0}, "gwa-enercon-e44-50": {"min": 1.0279027264914475e-05, "max": 0.17972330749034882}, "gwa-enercon-e48-50": {"min": 1.4405743968382012e-05, "max": 0.228349968791008}, "gwa-enercon-e53-50": {"min": 0.00023285049246624112, "max": 0.27136263251304626}, "gwa-offshore-dtu-10mw-119": {"min": 8.585595060139894e-05, "max": 0.25835034251213074}, "gwa-offshore-iea-15mw-150": {"min": 0.0006550167454406619, "max": 0.30720579624176025}, "gwa-offshore-leanwind-8mw-110": {"min": 9.565689833834767e-05, "max": 0.2759511172771454}, "gwa-vestas-v100-mode0-100": {"min": 0.0006097179721109569, "max": 0.4050436019897461}, "gwa-vestas-v100-mode0-120": {"min": 0.0007564668776467443, "max": 0.39578768610954285}, "gwa-vestas-v100-mode0-150": {"min": 0.000993511639535427, "max": 0.3891877830028534}, "gwa-vestas-v100-mode0-80": {"min": 0.0004439911572262645, "max": 0.39926567673683167}, "gwa-vestas-v110-mode0-100": {"min": 0.0008506401791237295, "max": 0.45665597915649414}, "gwa-vestas-v110-mode0-120": {"min": 0.0010560080409049988, "max": 0.4479929804801941}, "gwa-vestas-v110-mode0-150": {"min": 0.0013742464361712337, "max": 0.44243094325065613}, "gwa-vestas-v110-mode0-80": {"min": 0.0006176046445034444, "max": 0.44934237003326416}, "gwa-vestas-v112-mode0-100": {"min": 0.0003353770880494267, "max": 0.30724966526031494}, "gwa-vestas-v112-mode0-120": {"min": 0.00041785984649322927, "max": 0.29775136709213257}, "gwa-vestas-v112-mode0-150": {"min": 0.0005555356619879603, "max": 0.28994977474212646}, "gwa-vestas-v112-mode0-80": {"min": 0.00024376787769142538, "max": 0.30444180965423584}, "gwa-vestas-v120-mode0-100": {"min": 0.000892042473424226, "max": 0.4779336154460907}, "gwa-vestas-v120-mode0-120": {"min": 0.0011052156332880259, "max": 0.46958377957344055}, "gwa-vestas-v120-mode0-150": {"min": 0.0014456524513661861, "max": 0.46449014544487}, "gwa-vestas-v120-mode0-80": {"min": 0.000651693728286773, "max": 0.4699438512325287}, "gwa-vestas-v126-mode0-100": {"min": 0.000555189501028508, "max": 0.3671747148036957}, "gwa-vestas-v126-mode0-120": {"min": 0.000679024204146117, "max": 0.3576681315898895}, "gwa-vestas-v126-mode0-150": {"min": 0.0008998865960165858, "max": 0.3503592908382416}, "gwa-vestas-v126-mode0-80": {"min": 0.0004045711539220065, "max": 0.3626641035079956}, "gwa-vestas-v136-mode0-100": {"min": 0.0006869432982057333, "max": 0.4107820689678192}, "gwa-vestas-v136-mode0-120": {"min": 0.0008503632270731032, "max": 0.40160325169563293}, "gwa-vestas-v136-mode0-150": {"min": 0.0011098235845565796, "max": 0.3950265944004059}, "gwa-vestas-v136-mode0-80": {"min": 0.0005007604486308992, "max": 0.40490907430648804}, "air-density": {"min": 0.8860347270965576, "max": 1.1553008556365967}, "lcoe": {"gwa-vestas-v100-mode0-120": {"lg": {"min": 91.82173919677734, "max": 10000.0}, "li": {"min": 3.719778060913086, "max": 1459.7054443359375}, "lr": {"min": 0.0, "max": 57.25571060180664}, "total": {"min": 108.33964538574219, "max": 10000.0}}, "gwa-vestas-v110-mode0-120": {"lg": {"min": 81.58773040771484, "max": 10000.0}, "li": {"min": 3.246013641357422, "max": 1045.65380859375}, "lr": {"min": 0.0, "max": 41.350196838378906}, "total": {"min": 96.18077850341797, "max": 10000.0}}, "gwa-vestas-v112-mode0-120": {"lg": {"min": 120.73754119873047, "max": 10000.0}, "li": {"min": 5.041626453399658, "max": 2642.557861328125}, "lr": {"min": 0.0, "max": 102.56411743164062}, "total": {"min": 142.69406127929688, "max": 10000.0}}, "gwa-vestas-v112-mode0-100": {"lg": {"min": 117.12872314453125, "max": 10000.0}, "li": {"min": 5.228031158447266, "max": 3292.46923828125}, "lr": {"min": 0.0, "max": 156.32803344726562}, "total": {"min": 138.40647888183594, "max": 10000.0}}, "gwa-offshore-dtu-10mw-119": {"lg": {"min": 138.5411834716797, "max": 10000.0}, "li": {"min": 5.916294097900391, "max": 10000.0}, "lr": {"min": 0.0, "max": 494.2825622558594}, "total": {"min": 163.84628295898438, "max": 10000.0}}, "gwa-vestas-v126-mode0-150": {"lg": {"min": 103.20890808105469, "max": 10000.0}, "li": {"min": 3.9027013778686523, "max": 1227.064453125}, "lr": {"min": 0.0, "max": 50.955928802490234}, "total": {"min": 121.74690246582031, "max": 10000.0}}, "gwa-vestas-v120-mode0-80": {"lg": {"min": 77.96363830566406, "max": 10000.0}, "li": {"min": 3.2809717655181885, "max": 1694.3831787109375}, "lr": {"min": 0.0, "max": 93.74447631835938}, "total": {"min": 91.87504577636719, "max": 10000.0}}, "gsa-pvout": {"lg": {"min": 186.2950616876234, "max": 268.0954912977695}, "li": {"min": 5.623711143594878, "max": 22.172337062019626}, "lr": {"min": 0.0, "max": 13.571042969991822}, "total": {"min": 199.47068525067985, "max": 277.48848515447366}}, "gwa-vestas-v126-mode0-80": {"lg": {"min": 99.84284210205078, "max": 10000.0}, "li": {"min": 4.399966716766357, "max": 2729.356201171875}, "lr": {"min": 0.0, "max": 149.22677612304688}, "total": {"min": 117.86939239501953, "max": 10000.0}}, "gwa-offshore-leanwind-8mw-110": {"lg": {"min": 129.9598388671875, "max": 10000.0}, "li": {"min": 5.73450231552124, "max": 10000.0}, "lr": {"min": 0.0, "max": 478.1109924316406}, "total": {"min": 153.6509246826172, "max": 10000.0}}, "gwa-vestas-v110-mode0-100": {"lg": {"min": 80.11585235595703, "max": 10000.0}, "li": {"min": 3.3634915351867676, "max": 1298.103271484375}, "lr": {"min": 0.0, "max": 62.780426025390625}, "total": {"min": 94.43206787109375, "max": 10000.0}}, "gwa-vestas-v136-mode0-100": {"lg": {"min": 88.61605834960938, "max": 10000.0}, "li": {"min": 3.7948951721191406, "max": 1607.4381103515625}, "lr": {"min": 0.0, "max": 77.68403625488281}, "total": {"min": 104.53102111816406, "max": 10000.0}}, "gwa-vestas-v126-mode0-100": {"lg": {"min": 98.66544342041016, "max": 10000.0}, "li": {"min": 4.299623012542725, "max": 1988.904541015625}, "lr": {"min": 0.0, "max": 95.84461212158203},