{"worldpop":{"min":-3.4028234663852886e+38,"max":7340.72607421875},"slope":{"min":0.0,"max":53.42909240722656},"land-cover":{"min":10.0,"max":210.0},"airports":{"min":0.0,"max":499993.25},"ports":{"min":0.0,"max":500000.0},"anchorages":{"min":0.0,"max":500000.0},"grid":{"min":0.0,"max":499999.25},"roads":{"min":0.0,"max":499999.25},"pp-whs":{"min":173818.875,"max":881181.3125},"unep-coral":{"min":65535.0,"max":65535.0},"unesco":{"min":65535.0,"max":500000.0},"unesco-ramsar":{"min":0.0,"max":426319.4375},"wwf-glw-1":{"min":39689.41796875,"max":500000.0},"wwf-glw-2":{"min":0.0,"max":500000.0},"jrc-gsw":{"min":0.0,"max":255.0},"pp-marine-protected":{"min":0.0,"max":1.0},"unep-tidal":{"min":0.0,"max":1.0},"wwf-glw-3":{"min":1.0,"max":255.0},"gsa-pvout":{"min":2.8502416610717773,"max":4.320940017700195},"gsa-ghi":{"min":3.4636783599853516,"max":5.41294002532959},"gsa-gti":{"min":3.455251932144165,"max":5.421939849853516},"gsa-temp":{"min":11.875016212463379,"max":26.899999618530273},"gwa-iec1":{"min":0.0004317067505326122,"max":0.27683740854263306},"gwa-iec2":{"min":0.000772228289861232,"max":0.33175480365753174},"gwa-iec3":{"min":0.0009697084897197783,"max":0.37228843569755554},"gwa-power-10":{"min":0.17853988707065582,"max":111.75875854492188},"gwa-speed-10":{"min":0.40388384461402893,"max":4.34133768081665},"gwa-power-50":{"min":1.260855793952942,"max":205.02688598632812},"gwa-speed-50":{"min":0.7401739358901978,"max":5.962559223175049},"gwa-power-100":{"min":2.2198338508605957,"max":237.9962921142578},"gwa-speed-100":{"min":1.8733084201812744,"max":5.541977882385254},"gwa-power-150":{"min":2.701897382736206,"max":215.06114196777344},"gwa-speed-150":{"min":1.0803406238555908,"max":6.397532939910889},"gwa-power-200":{"min":3.281071186065674,"max":217.56167602539062},"gwa-speed-200":{"min":1.1674853563308716,"max":6.335865020751953},"gebco":{"min":-5210.0,"max":2756.0},"srtm90":{"min":-5.0,"max":2866.0},"waterbodies":{"min":0.0,"max":2.0},"gwa-enercon-e44-50":{"min":9.215897443937138e-05,"max":0.20699761807918549},"gwa-enercon-e48-50":{"min":0.0001272617228096351,"max":0.261616587638855},"gwa-enercon-e53-50":{"min":0.0004925763932988048,"max":0.3078761696815491},"gwa-offshore-dtu-10mw-119":{"min":0.00012305850395932794,"max":0.2923917770385742},"gwa-offshore-iea-15mw-150":{"min":0.0007860028417780995,"max":0.32714778184890747},"gwa-offshore-leanwind-8mw-110":{"min":0.0001367067889077589,"max":0.31219491362571716},"gwa-vestas-v100-mode0-100":{"min":0.0007940185605548322,"max":0.44751060009002686},"gwa-vestas-v100-mode0-120":{"min":0.0009486756171099842,"max":0.4373626112937927},"gwa-vestas-v100-mode0-150":{"min":0.0011865487322211266,"max":0.4107806384563446},"gwa-vestas-v100-mode0-80":{"min":0.0006208307459019125,"max":0.4405892789363861},"gwa-vestas-v110-mode0-100":{"min":0.0011026259744539857,"max":0.499909371137619},"gwa-vestas-v110-mode0-120":{"min":0.001317898859269917,"max":0.49054330587387085},"gwa-vestas-v110-mode0-150":{"min":0.0016253904905170202,"max":0.4642382562160492},"gwa-vestas-v110-mode0-80":{"min":0.0008619079599156976,"max":0.4914344251155853},"gwa-vestas-v112-mode0-100":{"min":0.0004410624678712338,"max":0.3448105454444885},"gwa-vestas-v112-mode0-120":{"min":0.0005288377869874239,"max":0.3340722620487213},"gwa-vestas-v112-mode0-150":{"min":0.0006723841070197523,"max":0.30919939279556274},"gwa-vestas-v112-mode0-80":{"min":0.00034496013540774584,"max":0.3411535322666168},"gwa-vestas-v120-mode0-100":{"min":0.0011555847013369203,"max":0.521297037601471},"gwa-vestas-v120-mode0-120":{"min":0.0013807514915242791,"max":0.5123310685157776},"gwa-vestas-v120-mode0-150":{"min":0.0017111684428527951,"max":0.48626384139060974},"gwa-vestas-v120-mode0-80":{"min":0.0009063168545253575,"max":0.5121414661407471},"gwa-vestas-v126-mode0-100":{"min":0.0007207344169728458,"max":0.4079166054725647},"gwa-vestas-v126-mode0-120":{"min":0.0008530102204531431,"max":0.39736151695251465},"gwa-vestas-v126-mode0-150":{"min":0.0010700784623622894,"max":0.3711812198162079},"gwa-vestas-v126-mode0-80":{"min":0.0005635502166114748,"max":0.4023669362068176},"gwa-vestas-v136-mode0-100":{"min":0.0008900494431145489,"max":0.4530247151851654},"gwa-vestas-v136-mode0-120":{"min":0.0010614413768053055,"max":0.44296231865882874},"gwa-vestas-v136-mode0-150":{"min":0.0013158853398635983,"max":0.4165026843547821},"gwa-vestas-v136-mode0-80":{"min":0.0006958963349461555,"max":0.4460357129573822},"air-density":{"min":0.8929291367530823,"max":1.1561496257781982}}