{"worldpop": {"min": -3.4028234663852886e+38, "max": 16078.67578125}, "slope": {"min": 0.0, "max": 42.476593017578125}, "land-cover": {"min": 10.0, "max": 210.0}, "airports": {"min": 0.0, "max": 118432.46875}, "ports": {"min": 0.0, "max": 214560.59375}, "anchorages": {"min": 0.0, "max": 155596.4375}, "grid": {"min": 0.0, "max": 45002.77734375}, "roads": {"min": 0.0, "max": 38327.5390625}, "pp-whs": {"min": 0.0, "max": 539834.5}, "unep-coral": {"min": 65535.0, "max": 65535.0}, "unesco": {"min": 0.0, "max": 289166.46875}, "unesco-ramsar": {"min": 0.0, "max": 471487.5625}, "wwf-glw-1": {"min": 0.0, "max": 422419.53125}, "wwf-glw-2": {"min": 0.0, "max": 349107.78125}, "jrc-gsw": {"min": 0.0, "max": 1.0}, "pp-marine-protected": {"min": 0.0, "max": 1.0}, "unep-tidal": {"min": 0.0, "max": 1.0}, "wwf-glw-3": {"min": 1.0, "max": 255.0}, "gsa-pvout": {"min": 2.5783820152282715, "max": 4.8767619132995605}, "gsa-ghi": {"min": 3.041045904159546, "max": 5.348666667938232}, "gsa-gti": {"min": 3.1032161712646484, "max": 5.994865417480469}, "gsa-temp": {"min": -0.2992599606513977, "max": 20.60094451904297}, "gwa-iec1": {"min": 0.01002693921327591, "max": 0.7473580837249756}, "gwa-iec2": {"min": 0.012992706149816513, "max": 0.7397229075431824}, "gwa-iec3": {"min": 0.015130877494812012, "max": 0.7596475481987}, "gwa-power-10": {"min": 1.9066784381866455, "max": 8164.611328125}, "gwa-speed-10": {"min": 0.5330563187599182, "max": 15.241448402404785}, "gwa-power-50": {"min": 6.272150993347168, "max": 6023.57958984375}, "gwa-speed-50": {"min": 1.0173479318618774, "max": 14.744303703308105}, "gwa-power-100": {"min": 11.755049705505371, "max": 5582.94287109375}, "gwa-speed-100": {"min": 1.4495189189910889, "max": 14.954129219055176}, "gwa-power-150": {"min": 17.704544067382812, "max": 5310.99951171875}, "gwa-speed-150": {"min": 1.6295660734176636, "max": 15.134502410888672}, "gwa-power-200": {"min": 26.146289825439453, "max": 4878.94384765625}, "gwa-speed-200": {"min": 1.6818543672561646, "max": 15.018031120300293}, "gebco": {"min": -313.0, "max": 2752.0}, "srtm90": {"min": -7.0, "max": 2754.0}, "waterbodies": {"min": 0.0, "max": 2.0}, "gwa-enercon-e44-50": {"min": 0.003533065551891923, "max": 0.6058293581008911}, "gwa-enercon-e48-50": {"min": 0.004638176877051592, "max": 0.6655283570289612}, "gwa-enercon-e53-50": {"min": 0.006874434649944305, "max": 0.6988649368286133}, "gwa-offshore-dtu-10mw-119": {"min": 0.009015755727887154, "max": 0.7339029312133789}, "gwa-offshore-iea-15mw-150": {"min": 0.017820067703723907, "max": 0.774249792098999}, "gwa-offshore-leanwind-8mw-110": {"min": 0.008737809024751186, "max": 0.7393239736557007}, "gwa-vestas-v100-mode0-100": {"min": 0.015047874301671982, "max": 0.7527214884757996}, "gwa-vestas-v100-mode0-120": {"min": 0.01823432743549347, "max": 0.7608840465545654}, "gwa-vestas-v100-mode0-150": {"min": 0.023747554048895836, "max": 0.767276406288147}, "gwa-vestas-v100-mode0-80": {"min": 0.011985689401626587, "max": 0.7383673787117004}, "gwa-vestas-v110-mode0-100": {"min": 0.018324611708521843, "max": 0.7804220914840698}, "gwa-vestas-v110-mode0-120": {"min": 0.022120775654911995, "max": 0.7877545952796936}, "gwa-vestas-v110-mode0-150": {"min": 0.028566116467118263, "max": 0.7930713891983032}, "gwa-vestas-v110-mode0-80": {"min": 0.014666265808045864, "max": 0.7660613656044006}, "gwa-vestas-v112-mode0-100": {"min": 0.010181200690567493, "max": 0.7501275539398193}, "gwa-vestas-v112-mode0-120": {"min": 0.012501980178058147, "max": 0.7579571008682251}, "gwa-vestas-v112-mode0-150": {"min": 0.01651119254529476, "max": 0.7616472244262695}, "gwa-vestas-v112-mode0-80": {"min": 0.00810289941728115, "max": 0.7351663708686829}, "gwa-vestas-v120-mode0-100": {"min": 0.0195375457406044, "max": 0.7606860399246216}, "gwa-vestas-v120-mode0-120": {"min": 0.023575104773044586, "max": 0.7740800380706787}, "gwa-vestas-v120-mode0-150": {"min": 0.03039783425629139, "max": 0.7825589776039124}, "gwa-vestas-v120-mode0-80": {"min": 0.01564536988735199, "max": 0.7439310550689697}, "gwa-vestas-v126-mode0-100": {"min": 0.013331528753042221, "max": 0.7432247400283813}, "gwa-vestas-v126-mode0-120": {"min": 0.016186587512493134, "max": 0.7513490915298462}, "gwa-vestas-v126-mode0-150": {"min": 0.021144306287169456, "max": 0.7553671002388}, "gwa-vestas-v126-mode0-80": {"min": 0.010622840374708176, "max": 0.7284712791442871}, "gwa-vestas-v136-mode0-100": {"min": 0.01564894989132881, "max": 0.7639033794403076}, "gwa-vestas-v136-mode0-120": {"min": 0.018926195800304413, "max": 0.771823525428772}, "gwa-vestas-v136-mode0-150": {"min": 0.024584781378507614, "max": 0.7766414880752563}, "gwa-vestas-v136-mode0-80": {"min": 0.012477590702474117, "max": 0.7495065927505493}, "air-density": {"min": 0.9227449893951416, "max": 1.2124584913253784}, "lcoe": {"gwa-vestas-v100-mode0-120": {"lg": {"min": 49.682071685791016, "max": 1910.2264404296875}, "li": {"min": 1.3698118925094604, "max": 58.769195556640625}, "lr": {"min": 0.0, "max": 4.051489353179932}, "total": {"min": 51.253116607666016, "max": 1970.1593017578125}}, "gwa-vestas-v110-mode0-120": {"lg": {"min": 48.123844146728516, "max": 1575.3172607421875}, "li": {"min": 1.322283387184143, "max": 48.44390869140625}, "lr": {"min": 0.0, "max": 3.4219961166381836}, "total": {"min": 49.64129638671875, "max": 1624.720458984375}}, "gwa-vestas-v112-mode0-120": {"lg": {"min": 49.85847854614258, "max": 2784.26025390625}, "li": {"min": 1.4440555572509766, "max": 85.71576690673828}, "lr": {"min": 0.0, "max": 5.864016056060791}, "total": {"min": 51.42912292480469, "max": 2871.67333984375}}, "gwa-vestas-v112-mode0-100": {"lg": {"min": 50.33713150024414, "max": 3418.013671875}, "li": {"min": 1.4594669342041016, "max": 107.73172760009766}, "lr": {"min": 0.0, "max": 7.5318989753723145}, "total": {"min": 51.924171447753906, "max": 3528.692626953125}}, "gwa-offshore-dtu-10mw-119": {"lg": {"min": 51.36151885986328, "max": 3859.33544921875}, "li": {"min": 1.5011489391326904, "max": 120.10214233398438}, "lr": {"min": 0.0, "max": 7.957540035247803}, "total": {"min": 52.983642578125, "max": 3980.54931640625}}, "gwa-vestas-v126-mode0-150": {"lg": {"min": 50.015716552734375, "max": 1647.8828125}, "li": {"min": 1.3787795305252075, "max": 50.68110656738281}, "lr": {"min": 0.0, "max": 3.475999355316162}, "total": {"min": 51.601173400878906, "max": 1699.5675048828125}}, "gwa-vestas-v120-mode0-80": {"lg": {"min": 50.72309112548828, "max": 2225.66455078125}, "li": {"min": 1.4115853309631348, "max": 70.10626220703125}, "lr": {"min": 0.0, "max": 5.465134143829346}, "total": {"min": 52.329933166503906, "max": 2297.688720703125}}, "gsa-pvout": {"lg": {"min": 158.80768457548828, "max": 296.80386520109755}, "li": {"min": 4.633835476385481, "max": 8.898940250452442}, "lr": {"min": 0.0, "max": 2.2868809255954203}, "total": {"min": 163.6317971652474, "max": 306.4347612407087}}, "gwa-vestas-v126-mode0-80": {"lg": {"min": 51.71466064453125, "max": 3276.078125}, "li": {"min": 1.465238094329834, "max": 103.25283813476562}, "lr": {"min": 0.0, "max": 7.989254474639893}, "total": {"min": 53.35865783691406, "max": 3382.15576171875}}, "gwa-offshore-leanwind-8mw-110": {"lg": {"min": 51.014244079589844, "max": 3981.9716796875}, "li": {"min": 1.4865198135375977, "max": 125.52783966064453}, "lr": {"min": 0.0, "max": 8.381471633911133}, "total": {"min": 52.62447738647461, "max": 4110.93359375}}, "gwa-vestas-v110-mode0-100": {"lg": {"min": 48.53841018676758, "max": 1900.8345947265625}, "li": {"min": 1.3402585983276367, "max": 59.614105224609375}, "lr": {"min": 0.0, "max": 4.25020170211792}, "total": {"min": 50.07012176513672, "max": 1960.47216796875}}, "gwa-vestas-v136-mode0-100": {"lg": {"min": 49.50151443481445, "max": 2225.156005859375}, "li": {"min": 1.374629020690918, "max": 70.05305480957031}, "lr": {"min": 0.0, "max": 4.971354961395264}, "total": {"min": 51.06925964355469, "max": 2295.94775390625}}, "gwa-vestas-v126-mode0-100": {"lg": {"min": 50.767494201660156, "max": 2611.259765625},