{"worldpop": {"min": -3.4028234663852886e+38, "max": 28050.34765625}, "slope": {"min": 0.0, "max": 49.274940490722656}, "land-cover": {"min": 10.0, "max": 210.0}, "airports": {"min": 0.0, "max": 344745.21875}, "ports": {"min": 0.0, "max": 342027.03125}, "anchorages": {"min": 0.0, "max": 320519.09375}, "grid": {"min": 0.0, "max": 332532.71875}, "roads": {"min": 0.0, "max": 333108.09375}, "pp-whs": {"min": 0.0, "max": 667494.5625}, "unep-coral": {"min": 65535.0, "max": 499925.0}, "unesco": {"min": 0.0, "max": 396920.96875}, "unesco-ramsar": {"min": 0.0, "max": 500000.0}, "wwf-glw-1": {"min": 0.0, "max": 499992.5}, "wwf-glw-2": {"min": 0.0, "max": 413635.71875}, "jrc-gsw": {"min": 0.0, "max": 255.0}, "pp-marine-protected": {"min": 0.0, "max": 1.0}, "unep-tidal": {"min": 0.0, "max": 1.0}, "wwf-glw-3": {"min": 1.0, "max": 255.0}, "gsa-pvout": {"min": 2.6718132495880127, "max": 4.86713171005249}, "gsa-ghi": {"min": 3.1285152435302734, "max": 5.374000072479248}, "gsa-gti": {"min": 3.1851584911346436, "max": 5.992702007293701}, "gsa-temp": {"min": -0.2992599606513977, "max": 21.399999618530273}, "gwa-iec1": {"min": 0.012048237957060337, "max": 0.7420827746391296}, "gwa-iec2": {"min": 0.014808615669608116, "max": 0.7536916136741638}, "gwa-iec3": {"min": 0.016823410987854004, "max": 0.7759633660316467}, "gwa-power-10": {"min": 3.0631608963012695, "max": 7031.267578125}, "gwa-speed-10": {"min": 0.5350039005279541, "max": 14.435132026672363}, "gwa-power-50": {"min": 9.468611717224121, "max": 5511.71923828125}, "gwa-speed-50": {"min": 1.0148959159851074, "max": 14.188690185546875}, "gwa-power-100": {"min": 17.16999626159668, "max": 5204.57373046875}, "gwa-speed-100": {"min": 1.4158875942230225, "max": 14.523459434509277}, "gwa-power-150": {"min": 25.785057067871094, "max": 5002.6630859375}, "gwa-speed-150": {"min": 1.6399312019348145, "max": 14.77176570892334}, "gwa-power-200": {"min": 34.91746139526367, "max": 4628.88037109375}, "gwa-speed-200": {"min": 1.8226056098937988, "max": 14.712140083312988}, "gebco": {"min": -5119.0, "max": 2752.0}, "srtm90": {"min": -7.0, "max": 2699.0}, "waterbodies": {"min": 0.0, "max": 2.0}, "gwa-enercon-e44-50": {"min": 0.004590192809700966, "max": 0.6034986972808838}, "gwa-enercon-e48-50": {"min": 0.00604997668415308, "max": 0.6631909608840942}, "gwa-enercon-e53-50": {"min": 0.008489935658872128, "max": 0.6966649889945984}, "gwa-offshore-dtu-10mw-119": {"min": 0.015134667046368122, "max": 0.7279261350631714}, "gwa-offshore-iea-15mw-150": {"min": 0.025238096714019775, "max": 0.7709009647369385}, "gwa-offshore-leanwind-8mw-110": {"min": 0.014685665257275105, "max": 0.7329822778701782}, "gwa-vestas-v100-mode0-100": {"min": 0.022326640784740448, "max": 0.7631819844245911}, "gwa-vestas-v100-mode0-120": {"min": 0.026222849264740944, "max": 0.7718642950057983}, "gwa-vestas-v100-mode0-150": {"min": 0.031958431005477905, "max": 0.773902177810669}, "gwa-vestas-v100-mode0-80": {"min": 0.018383901566267014, "max": 0.7480749487876892}, "gwa-vestas-v110-mode0-100": {"min": 0.026328612118959427, "max": 0.7891857028007507}, "gwa-vestas-v110-mode0-120": {"min": 0.030779561027884483, "max": 0.7980000376701355}, "gwa-vestas-v110-mode0-150": {"min": 0.03716741129755974, "max": 0.7992355823516846}, "gwa-vestas-v110-mode0-80": {"min": 0.021687816828489304, "max": 0.7728151679039001}, "gwa-vestas-v112-mode0-100": {"min": 0.016117313876748085, "max": 0.7439910769462585}, "gwa-vestas-v112-mode0-120": {"min": 0.01908767782151699, "max": 0.752829909324646}, "gwa-vestas-v112-mode0-150": {"min": 0.023680293932557106, "max": 0.7579957246780396}, "gwa-vestas-v112-mode0-80": {"min": 0.01326812244951725, "max": 0.7293851971626282}, "gwa-vestas-v120-mode0-100": {"min": 0.02781802788376808, "max": 0.771849513053894}, "gwa-vestas-v120-mode0-120": {"min": 0.0324769951403141, "max": 0.777158260345459}, "gwa-vestas-v120-mode0-150": {"min": 0.0390743613243103, "max": 0.7825589776039124}, "gwa-vestas-v120-mode0-80": {"min": 0.022914746776223183, "max": 0.7565447688102722}, "gwa-vestas-v126-mode0-100": {"min": 0.02007416822016239, "max": 0.7496188879013062}, "gwa-vestas-v126-mode0-120": {"min": 0.023616617545485497, "max": 0.7576171159744263}, "gwa-vestas-v126-mode0-150": {"min": 0.02892683446407318, "max": 0.7588403820991516}, "gwa-vestas-v126-mode0-80": {"min": 0.016532978042960167, "max": 0.7344478368759155}, "gwa-vestas-v136-mode0-100": {"min": 0.023001447319984436, "max": 0.7730074524879456}, "gwa-vestas-v136-mode0-120": {"min": 0.026983043178915977, "max": 0.7815386056900024}, "gwa-vestas-v136-mode0-150": {"min": 0.032815176993608475, "max": 0.7831396460533142}, "gwa-vestas-v136-mode0-80": {"min": 0.018946422263979912, "max": 0.7582855224609375}, "air-density": {"min": 0.9227449893951416, "max": 1.2106221914291382}}