{"worldpop":{"min":-3.4028234663852886e+38,"max":1305.6048583984375},"slope":{"min":0.0,"max":45.75121307373047},"land-cover":{"min":39.18159866333008,"max":210.0},"airports":{"min":0.0,"max":199075.984375},"ports":{"min":0.0,"max":197463.921875},"anchorages":{"min":0.0,"max":191875.609375},"grid":{"min":82548.46875,"max":225598.09375},"roads":{"min":0.0,"max":192905.40625},"pp-whs":{"min":152315.453125,"max":316480.65625},"unep-coral":{"min":0.0,"max":198371.484375},"unesco":{"min":153182.890625,"max":317416.125},"unesco-ramsar":{"min":65535.0,"max":65535.0},"wwf-glw-1":{"min":329461.65625,"max":494841.875},"wwf-glw-2":{"min":101355.8125,"max":303644.53125},"jrc-gsw":{"min":0.0,"max":255.0},"pp-marine-protected":{"min":0.0,"max":1.0},"unep-tidal":{"min":0.0,"max":1.0},"wwf-glw-3":{"min":255.0,"max":255.0},"gsa-pvout":{"min":3.8600661754608154,"max":4.941999912261963},"gsa-ghi":{"min":4.717545986175537,"max":6.10099983215332},"gsa-gti":{"min":4.781815052032471,"max":6.247000217437744},"gsa-temp":{"min":20.71417808532715,"max":26.700000762939453},"gwa-iec1":{"min":0.1411769539117813,"max":0.7378195524215698},"gwa-iec2":{"min":0.18086032569408417,"max":0.7908417582511902},"gwa-iec3":{"min":0.2128981202840805,"max":0.8227235078811646},"gwa-power-10":{"min":6.41937780380249,"max":488.3167724609375},"gwa-speed-10":{"min":1.4886081218719482,"max":7.9967732429504395},"gwa-power-50":{"min":42.01701736450195,"max":868.77587890625},"gwa-speed-50":{"min":3.7122185230255127,"max":10.514666557312012},"gwa-power-100":{"min":115.99275970458984,"max":972.4318237304688},"gwa-speed-100":{"min":5.536680698394775,"max":8.721088409423828},"gwa-power-150":{"min":194.4347686767578,"max":1116.231201171875},"gwa-speed-150":{"min":6.465517520904541,"max":11.923614501953125},"gwa-power-200":{"min":235.09707641601562,"max":1282.306640625},"gwa-speed-200":{"min":6.7104291915893555,"max":12.495972633361816},"gebco":{"min":-3054.0,"max":669.0},"srtm90":{"min":4.0,"max":705.0},"waterbodies":{"min":0.0,"max":1.0},"gwa-enercon-e44-50":{"min":0.02395172044634819,"max":0.5279049277305603},"gwa-enercon-e48-50":{"min":0.032117489725351334,"max":0.6188628077507019},"gwa-enercon-e53-50":{"min":0.04776830971240997,"max":0.672679603099823},"gwa-offshore-dtu-10mw-119":{"min":0.14356735348701477,"max":0.7238138914108276},"gwa-offshore-iea-15mw-150":{"min":0.2546376883983612,"max":0.8178925514221191},"gwa-offshore-leanwind-8mw-110":{"min":0.1329117715358734,"max":0.731334924697876},"gwa-vestas-v100-mode0-100":{"min":0.19771604239940643,"max":0.8307260870933533},"gwa-vestas-v100-mode0-120":{"min":0.25600579380989075,"max":0.8488346934318542},"gwa-vestas-v100-mode0-150":{"min":0.34074822068214417,"max":0.8744402527809143},"gwa-vestas-v100-mode0-80":{"min":0.13961343467235565,"max":0.8155845403671265},"gwa-vestas-v110-mode0-100":{"min":0.24053804576396942,"max":0.8627622723579407},"gwa-vestas-v110-mode0-120":{"min":0.3087533712387085,"max":0.8790217638015747},"gwa-vestas-v110-mode0-150":{"min":0.40437304973602295,"max":0.9009376168251038},"gwa-vestas-v110-mode0-80":{"min":0.17143088579177856,"max":0.8484565019607544},"gwa-vestas-v112-mode0-100":{"min":0.1347118467092514,"max":0.7445368766784668},"gwa-vestas-v112-mode0-120":{"min":0.17634212970733643,"max":0.7651694416999817},"gwa-vestas-v112-mode0-150":{"min":0.23825830221176147,"max":0.7985811233520508},"gwa-vestas-v112-mode0-80":{"min":0.09364236891269684,"max":0.7299976944923401},"gwa-vestas-v120-mode0-100":{"min":0.2594392001628876,"max":0.8678413033485413},"gwa-vestas-v120-mode0-120":{"min":0.3322902023792267,"max":0.8837490677833557},"gwa-vestas-v120-mode0-150":{"min":0.43118083477020264,"max":0.9024829864501953},"gwa-vestas-v120-mode0-80":{"min":0.18490682542324066,"max":0.8519564270973206},"gwa-vestas-v126-mode0-100":{"min":0.1731824427843094,"max":0.7997075319290161},"gwa-vestas-v126-mode0-120":{"min":0.2244572639465332,"max":0.8189254403114319},"gwa-vestas-v126-mode0-150":{"min":0.29959386587142944,"max":0.8476449251174927},"gwa-vestas-v126-mode0-80":{"min":0.12215101718902588,"max":0.7846359014511108},"gwa-vestas-v136-mode0-100":{"min":0.2044641226530075,"max":0.8324077725410461},"gwa-vestas-v136-mode0-120":{"min":0.26395082473754883,"max":0.8502144813537598},"gwa-vestas-v136-mode0-150":{"min":0.3493180274963379,"max":0.8755583763122559},"gwa-vestas-v136-mode0-80":{"min":0.14477558434009552,"max":0.8176621794700623},"air-density":{"min":1.0833871364593506,"max":1.1506174802780151}}