{"worldpop":{"min":-3.4028234663852886e+38,"max":117.31832885742188},"slope":{"min":0.0,"max":64.34827423095703},"land-cover":{"min":100.0,"max":220.0},"airports":{"min":1414.2135009765625,"max":499988.25},"ports":{"min":65535.0,"max":499988.5},"anchorages":{"min":1000.0,"max":499999.25},"grid":{"min":65535.0,"max":499930.25},"roads":{"min":0.0,"max":499956.5},"pp-whs":{"min":0.0,"max":1403423.75},"unep-coral":{"min":65535.0,"max":65535.0},"unesco":{"min":1802.775634765625,"max":500000.0},"unesco-ramsar":{"min":65535.0,"max":499993.25},"wwf-glw-1":{"min":0.0,"max":499977.25},"wwf-glw-2":{"min":0.0,"max":499710.40625},"jrc-gsw":{"min":0.0,"max":1.0},"pp-marine-protected":{"min":0.0,"max":0.0},"unep-tidal":{"min":0.0,"max":0.0},"wwf-glw-3":{"min":1.0,"max":255.0},"gsa-pvout":{"min":0.0,"max":0.0},"gsa-ghi":{"min":0.0,"max":0.0},"gsa-gti":{"min":0.0,"max":0.0},"gsa-temp":{"min":-2.374682664871216,"max":1.100000023841858},"gwa-iec1":{"min":0.007840231992304325,"max":0.8913496136665344},"gwa-iec2":{"min":0.01039724051952362,"max":0.8786033391952515},"gwa-iec3":{"min":0.012201755307614803,"max":0.8944000005722046},"gwa-power-10":{"min":6.796206474304199,"max":29776.21875},"gwa-speed-10":{"min":0.6387510895729065,"max":22.891359329223633},"gwa-power-50":{"min":8.074433326721191,"max":23676.1796875},"gwa-speed-50":{"min":0.8327405452728271,"max":23.290964126586914},"gwa-power-100":{"min":9.864498138427734,"max":20414.005859375},"gwa-speed-100":{"min":0.9084420800209045,"max":23.27366065979004},"gwa-power-150":{"min":11.241447448730469,"max":16620.365234375},"gwa-speed-150":{"min":0.9515513181686401,"max":23.40879249572754},"gwa-power-200":{"min":13.657955169677734,"max":14149.7685546875},"gwa-speed-200":{"min":1.1257106065750122,"max":22.975698471069336},"gebco":{"min":-1514.0,"max":3232.0},"srtm90":{"min":89.0,"max":738.0},"waterbodies":{"min":0.0,"max":2.0},"gwa-enercon-e44-50":{"min":0.003993206657469273,"max":0.7597150206565857},"gwa-enercon-e48-50":{"min":0.005271719768643379,"max":0.8207096457481384},"gwa-enercon-e53-50":{"min":0.007664391305297613,"max":0.849517285823822},"gwa-offshore-dtu-10mw-119":{"min":0.00617435434833169,"max":0.880034327507019},"gwa-offshore-iea-15mw-150":{"min":0.008899197913706303,"max":0.9122963547706604},"gwa-offshore-leanwind-8mw-110":{"min":0.00587814673781395,"max":0.88584303855896},"gwa-vestas-v100-mode0-100":{"min":0.011075315065681934,"max":0.8868548274040222},"gwa-vestas-v100-mode0-120":{"min":0.012369566597044468,"max":0.8950574398040771},"gwa-vestas-v100-mode0-150":{"min":0.012499053031206131,"max":0.8987752795219421},"gwa-vestas-v100-mode0-80":{"min":0.007654937449842691,"max":0.8771058917045593},"gwa-vestas-v110-mode0-100":{"min":0.0,"max":0.9094321727752686},"gwa-vestas-v110-mode0-120":{"min":0.0,"max":0.9166110157966614},"gwa-vestas-v110-mode0-150":{"min":0.0,"max":0.9203106164932251},"gwa-vestas-v110-mode0-80":{"min":0.0,"max":0.9005717635154724},"gwa-vestas-v112-mode0-100":{"min":0.007262897677719593,"max":0.8889598846435547},"gwa-vestas-v112-mode0-120":{"min":0.008035553619265556,"max":0.8970689177513123},"gwa-vestas-v112-mode0-150":{"min":0.008037618361413479,"max":0.9045447111129761},"gwa-vestas-v112-mode0-80":{"min":0.004989140201359987,"max":0.8762660026550293},"gwa-vestas-v120-mode0-100":{"min":0.0,"max":0.8811761736869812},"gwa-vestas-v120-mode0-120":{"min":0.0,"max":0.8805992603302002},"gwa-vestas-v120-mode0-150":{"min":0.0,"max":0.8530982136726379},"gwa-vestas-v120-mode0-80":{"min":0.0,"max":0.8742693066596985},"gwa-vestas-v126-mode0-100":{"min":0.009885610081255436,"max":0.8768863677978516},"gwa-vestas-v126-mode0-120":{"min":0.011006457731127739,"max":0.8856896162033081},"gwa-vestas-v126-mode0-150":{"min":0.011120611801743507,"max":0.8927424550056458},"gwa-vestas-v126-mode0-80":{"min":0.0068419030867516994,"max":0.8672576546669006},"gwa-vestas-v136-mode0-100":{"min":0.011738736182451248,"max":0.8949435353279114},"gwa-vestas-v136-mode0-120":{"min":0.013121014460921288,"max":0.9018398523330688},"gwa-vestas-v136-mode0-150":{"min":0.01329431775957346,"max":0.9079593420028687},"gwa-vestas-v136-mode0-80":{"min":0.008138940669596195,"max":0.8830274343490601},"air-density":{"min":0.9045200943946838,"max":1.3265842199325562},"lcoe":{"gwa-vestas-v100-mode0-120":{"lg":{"min":42.83411407470703,"max":2814.0224609375},"li":{"min":2.2371139526367188,"max":559.5162353515625},"lr":{"min":0.0,"max":377.6796569824219},"total":{"min":45.933006286621094,"max":3751.21826171875}},"gwa-vestas-v110-mode0-120":{"lg":{"min":41.92094802856445,"max":10000.0},"li":{"min":2.18450927734375,"max":10000.0},"lr":{"min":0.0,"max":10000.0},"total":{"min":44.94697189331055,"max":10000.0}},"gwa-vestas-v112-mode0-120":{"lg":{"min":42.74703598022461,"max":4329.62109375},"li":{"min":2.232097625732422,"max":861.2938842773438},"lr":{"min":0.0,"max":581.3828735351562},"total":{"min":45.83898162841797,"max":5772.2978515625}},"gwa-vestas-v112-mode0-100":{"lg":{"min":43.10048294067383,"max":4789.7978515625},"li":{"min":2.2524588108062744,"max":937.5882568359375},"lr":{"min":0.0,"max":632.8825073242188},"total":{"min":46.22063446044922,"max":6283.26025390625}},"gwa-offshore-dtu-10mw-119":{"lg":{"min":43.49705123901367,"max":5633.5380859375},"li":{"min":2.275303840637207,"max":1120.922607421875},"lr":{"min":0.0,"max":756.6351928710938},"total":{"min":46.64884567260742,"max":7511.09619140625}},"gwa-vestas-v126-mode0-150":{"lg":{"min":42.934814453125,"max":3129.61572265625},"li":{"min":2.242915153503418,"max":622.35546875},"lr":{"min":0.0,"max":420.0968322753906},"total":{"min":46.041744232177734,"max":4172.06787109375}},"gwa-vestas-v120-mode0-80":{"lg":{"min":43.75749588012695,"max":10000.0},"li":{"min":2.2903072834014893,"max":10000.0},"lr":{"min":0.0,"max":10000.0},"total":{"min":46.93007278442383,"max":10000.0}},"gsa-pvout":{"lg":{"min":10000.0,"max":10000.0},"li":{"min":10000.0,"max":10000.0},"lr":{"min":10000.0,"max":10000.0},"total":{"min":10000.0,"max":10000.0}},"gwa-vestas-v126-mode0-80":{"lg":{"min":44.07893371582031,"max":5084.27685546875},"li":{"min":2.308824300765991,"max":902.838623046875},"lr":{"min":0.0,"max":596.6004028320312},"total":{"min":47.27716064453125,"max":6583.7158203125}},"gwa-offshore-leanwind-8mw-110":{"lg":{"min":43.23805618286133,"max":5917.2177734375},"li":{"min":2.2603838443756104,"max":1177.4073486328125},"lr":{"min":0.0,"max":794.7630004882812},"total":{"min":46.36918258666992,"max":7889.38818359375}},"gwa-vestas-v110-mode0-100":{"lg":{"min":42.22028732299805,"max":10000.0},"li":{"min":2.2017533779144287,"max":10000.0},"lr":{"min":0.0,"max":10000.0},"total":{"min":45.270198822021484,"max":10000.0}},"gwa-vestas-v136-mode0-100":{"lg":{"min":42.83905029296875,"max":2965.031005859375},"li":{"min":2.237398386001587,"max":571.2767944335938},"lr":{"min":0.0,"max":385.61822509765625},"total":{"min":45.93833923339844,"max":3838.9765625}},"gwa-vestas-v126-mode0-100":{"lg":{"min":43.63884353637695,"max":3520.096923828125},"li":{"min":2.2834720611572266,"max":681.30126953125},"lr":{"min":0.0,"max":459.8859558105469},"total":{"min":46.80195617675781,"max":4566.8427734375}},"gwa-vestas-v126-mode0-120":{"lg":{"min":43.24485397338867,"max":3162.033447265625},"li":{"min":2.260775327682495,"max":628.8102416992188},"lr":{"min":0.0,"max":424.4538879394531},"total":{"min":46.37652587890625,"max":4215.2978515625}},"gwa-vestas-v120-mode0-120":{"lg":{"min":43.471710205078125,"max":10000.0},"li":{"min":2.273844003677368,"max":10000.0},"lr":{"min":0.0,"max":10000.0},"total":{"min":46.62148666381836,"max":10000.0}},"gwa-vestas-v120-mode0-150":{"lg":{"min":44.7441520690918,"max":10000.0},"li":{"min":2.3471455574035645,"max":10000.0},"lr":{"min":0.0,"max":10000.0},"total":{"min":47.99546432495117,"max":10000.0}},"gwa-enercon-e53-50":{"lg":{"min":44.9158935546875,"max":4539.09716796875},"li":{"min":2.357038974761963,"max":805.9523315429688},"lr":{"min":0.0,"max":532.577392578125},"total":{"min":48.180912017822266,"max":5877.626953125}},