{"worldpop":{"min":-3.4028234663852886e+38,"max":2698.115966796875},"slope":{"min":0.01912037655711174,"max":73.74775695800781},"land-cover":{"min":10.0,"max":210.0},"airports":{"min":0.0,"max":365746.15625},"ports":{"min":500.0,"max":372001.34375},"anchorages":{"min":0.0,"max":371100.0625},"grid":{"min":0.0,"max":357658.03125},"roads":{"min":65535.0,"max":500000.0},"pp-whs":{"min":936056.625,"max":1442277.625},"unep-coral":{"min":0.0,"max":351656.8125},"unesco":{"min":65535.0,"max":65535.0},"unesco-ramsar":{"min":65535.0,"max":65535.0},"wwf-glw-1":{"min":65535.0,"max":65535.0},"wwf-glw-2":{"min":0.0,"max":385704.5625},"jrc-gsw":{"min":0.0,"max":255.0},"pp-marine-protected":{"min":0.0,"max":0.0},"unep-tidal":{"min":0.0,"max":1.0},"wwf-glw-3":{"min":255.0,"max":255.0},"gsa-pvout":{"min":4.277421951293945,"max":4.696892738342285},"gsa-ghi":{"min":5.2489423751831055,"max":5.795000076293945},"gsa-gti":{"min":5.365424633026123,"max":5.943167209625244},"gsa-temp":{"min":24.385278701782227,"max":27.299999237060547},"gwa-iec1":{"min":0.22830669581890106,"max":0.5702279210090637},"gwa-iec2":{"min":0.2813054025173187,"max":0.6257299184799194},"gwa-iec3":{"min":0.3221486210823059,"max":0.6616557240486145},"gwa-power-10":{"min":37.77934646606445,"max":428.07977294921875},"gwa-speed-10":{"min":3.2210516929626465,"max":7.0463643074035645},"gwa-power-50":{"min":114.41361236572266,"max":550.2609252929688},"gwa-speed-50":{"min":4.9605183601379395,"max":8.382183074951172},"gwa-power-100":{"min":189.61373901367188,"max":689.6781616210938},"gwa-speed-100":{"min":6.3177618980407715,"max":8.033279418945312},"gwa-power-150":{"min":268.7480163574219,"max":804.2696533203125},"gwa-speed-150":{"min":6.576319694519043,"max":9.855901718139648},"gwa-power-200":{"min":274.4933166503906,"max":909.6861572265625},"gwa-speed-200":{"min":6.620479583740234,"max":10.282580375671387},"gebco":{"min":-10751.0,"max":332.0},"srtm90":{"min":5.0,"max":313.0},"waterbodies":{"min":0.0,"max":2.0},"gwa-enercon-e44-50":{"min":0.09003280848264694,"max":0.36897432804107666},"gwa-enercon-e48-50":{"min":0.1174343153834343,"max":0.44175076484680176},"gwa-enercon-e53-50":{"min":0.14811016619205475,"max":0.49196234345436096},"gwa-offshore-dtu-10mw-119":{"min":0.21969924867153168,"max":0.5540012717247009},"gwa-offshore-iea-15mw-150":{"min":0.2975994944572449,"max":0.6277916431427002},"gwa-offshore-leanwind-8mw-110":{"min":0.21537922322750092,"max":0.5630316734313965},"gwa-vestas-v100-mode0-100":{"min":0.31368643045425415,"max":0.6719912886619568},"gwa-vestas-v100-mode0-120":{"min":0.3534875214099884,"max":0.6862450242042542},"gwa-vestas-v100-mode0-150":{"min":0.3670874834060669,"max":0.6941282153129578},"gwa-vestas-v100-mode0-80":{"min":0.2771904766559601,"max":0.6436982154846191},"gwa-vestas-v110-mode0-100":{"min":0.3642290234565735,"max":0.7130864262580872},"gwa-vestas-v110-mode0-120":{"min":0.4000721275806427,"max":0.7262185215950012},"gwa-vestas-v110-mode0-150":{"min":0.4131568670272827,"max":0.7321481704711914},"gwa-vestas-v110-mode0-80":{"min":0.32342907786369324,"max":0.6857166290283203},"gwa-vestas-v112-mode0-100":{"min":0.2265157401561737,"max":0.579487681388855},"gwa-vestas-v112-mode0-120":{"min":0.25953835248947144,"max":0.5959153175354004},"gwa-vestas-v112-mode0-150":{"min":0.2811799943447113,"max":0.6084623336791992},"gwa-vestas-v112-mode0-80":{"min":0.19877436757087708,"max":0.5510714054107666},"gwa-vestas-v120-mode0-100":{"min":0.38566911220550537,"max":0.7234752178192139},"gwa-vestas-v120-mode0-120":{"min":0.41935861110687256,"max":0.7349400520324707},"gwa-vestas-v120-mode0-150":{"min":0.4321027398109436,"max":0.7380268573760986},"gwa-vestas-v120-mode0-80":{"min":0.3430098295211792,"max":0.6970122456550598},"gwa-vestas-v126-mode0-100":{"min":0.2796468734741211,"max":0.6378843188285828},"gwa-vestas-v126-mode0-120":{"min":0.31711840629577637,"max":0.6529697179794312},"gwa-vestas-v126-mode0-150":{"min":0.3342719078063965,"max":0.6625044941902161},"gwa-vestas-v126-mode0-80":{"min":0.24670445919036865,"max":0.6093701124191284},"gwa-vestas-v136-mode0-100":{"min":0.32026636600494385,"max":0.6759745478630066},"gwa-vestas-v136-mode0-120":{"min":0.35927531123161316,"max":0.69014972448349},"gwa-vestas-v136-mode0-150":{"min":0.372718870639801,"max":0.6981485486030579},"gwa-vestas-v136-mode0-80":{"min":0.2833666503429413,"max":0.6479052305221558},"air-density":{"min":1.1101936101913452,"max":1.1443276405334473}}