{"worldpop":{"min":-3.4028234663852886e+38,"max":3857.22314453125},"slope":{"min":0.0,"max":31.088054656982422},"land-cover":{"min":10.0,"max":210.0},"airports":{"min":0.0,"max":448409.6875},"ports":{"min":0.0,"max":445248.8125},"anchorages":{"min":0.0,"max":411601.75},"grid":{"min":0.0,"max":436769.09375},"roads":{"min":0.0,"max":409040.65625},"pp-whs":{"min":169972.0625,"max":653660.8125},"unep-coral":{"min":65535.0,"max":500000.0},"unesco":{"min":65535.0,"max":500000.0},"unesco-ramsar":{"min":65535.0,"max":500000.0},"wwf-glw-1":{"min":65535.0,"max":500000.0},"wwf-glw-2":{"min":0.0,"max":406524.90625},"jrc-gsw":{"min":0.0,"max":255.0},"pp-marine-protected":{"min":0.0,"max":0.0},"unep-tidal":{"min":0.0,"max":1.0},"wwf-glw-3":{"min":1.0,"max":255.0},"gsa-pvout":{"min":3.862250804901123,"max":4.81648063659668},"gsa-ghi":{"min":4.855104446411133,"max":6.036432266235352},"gsa-gti":{"min":4.885693073272705,"max":6.083978652954102},"gsa-temp":{"min":23.682764053344727,"max":26.700000762939453},"gwa-iec1":{"min":0.016974909231066704,"max":0.32973748445510864},"gwa-iec2":{"min":0.025367237627506256,"max":0.39642661809921265},"gwa-iec3":{"min":0.03089878149330616,"max":0.4456034302711487},"gwa-power-10":{"min":0.5919573903083801,"max":140.45494079589844},"gwa-speed-10":{"min":0.7736051678657532,"max":5.4824090003967285},"gwa-power-50":{"min":9.95512580871582,"max":222.33901977539062},"gwa-speed-50":{"min":2.2029364109039307,"max":6.501243591308594},"gwa-power-100":{"min":22.462583541870117,"max":274.8086853027344},"gwa-speed-100":{"min":3.3452067375183105,"max":7.088199615478516},"gwa-power-150":{"min":41.90359878540039,"max":283.4085693359375},"gwa-speed-150":{"min":3.715914249420166,"max":7.181131362915039},"gwa-power-200":{"min":63.8720703125,"max":288.3673400878906},"gwa-speed-200":{"min":4.316732883453369,"max":7.238808631896973},"gebco":{"min":-4107.0,"max":609.0},"srtm90":{"min":0.0,"max":251.0},"waterbodies":{"min":0.0,"max":2.0},"gwa-enercon-e44-50":{"min":0.0016548585845157504,"max":0.1783282309770584},"gwa-enercon-e48-50":{"min":0.0023004994727671146,"max":0.230913907289505},"gwa-enercon-e53-50":{"min":0.007725491188466549,"max":0.27946895360946655},"gwa-offshore-dtu-10mw-119":{"min":0.011451766826212406,"max":0.2916021943092346},"gwa-offshore-iea-15mw-150":{"min":0.043920062482357025,"max":0.3603884279727936},"gwa-offshore-leanwind-8mw-110":{"min":0.010196620598435402,"max":0.3026789128780365},"gwa-vestas-v100-mode0-100":{"min":0.025682233273983,"max":0.4417422413825989},"gwa-vestas-v100-mode0-120":{"min":0.03763895854353905,"max":0.44953811168670654},"gwa-vestas-v100-mode0-150":{"min":0.06263407319784164,"max":0.4516739845275879},"gwa-vestas-v100-mode0-80":{"min":0.01741345226764679,"max":0.42316463589668274},"gwa-vestas-v110-mode0-100":{"min":0.033581797033548355,"max":0.5006502866744995},"gwa-vestas-v110-mode0-120":{"min":0.04846706613898277,"max":0.5087180733680725},"gwa-vestas-v110-mode0-150":{"min":0.07900267839431763,"max":0.5106039643287659},"gwa-vestas-v110-mode0-80":{"min":0.023290416225790977,"max":0.48096898198127747},"gwa-vestas-v112-mode0-100":{"min":0.015545900911092758,"max":0.33056771755218506},"gwa-vestas-v112-mode0-120":{"min":0.023297978565096855,"max":0.3371272385120392},"gwa-vestas-v112-mode0-150":{"min":0.040076326578855515,"max":0.33932486176490784},"gwa-vestas-v112-mode0-80":{"min":0.010209253057837486,"max":0.3154660761356354},"gwa-vestas-v120-mode0-100":{"min":0.035800836980342865,"max":0.5252387523651123},"gwa-vestas-v120-mode0-120":{"min":0.0518389530479908,"max":0.5333752036094666},"gwa-vestas-v120-mode0-150":{"min":0.08488336205482483,"max":0.5351167321205139},"gwa-vestas-v120-mode0-80":{"min":0.02471436932682991,"max":0.5051785707473755},"gwa-vestas-v126-mode0-100":{"min":0.022641275078058243,"max":0.39877286553382874},"gwa-vestas-v126-mode0-120":{"min":0.03301894664764404,"max":0.4061010479927063},"gwa-vestas-v126-mode0-150":{"min":0.0547572523355484,"max":0.40827324986457825},"gwa-vestas-v126-mode0-80":{"min":0.015482918359339237,"max":0.3815078139305115},"gwa-vestas-v136-mode0-100":{"min":0.02743111364543438,"max":0.44869109988212585},"gwa-vestas-v136-mode0-120":{"min":0.03982433304190636,"max":0.45643743872642517},"gwa-vestas-v136-mode0-150":{"min":0.06557720899581909,"max":0.45847949385643005},"gwa-vestas-v136-mode0-80":{"min":0.018885886296629906,"max":0.43012434244155884},"air-density":{"min":1.1314303874969482,"max":1.1600826978683472}}