{"worldpop":{"min":-3.4028234663852886e+38,"max":84072.171875},"slope":{"min":0.06800806522369385,"max":23.94939613342285},"land-cover":{"min":10.0,"max":210.0},"airports":{"min":0.0,"max":27500.0},"ports":{"min":0.0,"max":30602.287109375},"anchorages":{"min":0.0,"max":11926.8603515625},"grid":{"min":0.0,"max":6020.79736328125},"roads":{"min":0.0,"max":7500.0},"pp-whs":{"min":276523.5,"max":317795.53125},"unep-coral":{"min":5830.95166015625,"max":60601.15625},"unesco":{"min":29920.728515625,"max":86977.0078125},"unesco-ramsar":{"min":280145.0625,"max":338162.6875},"wwf-glw-1":{"min":138113.171875,"max":185647.515625},"wwf-glw-2":{"min":2061.552734375,"max":45891.17578125},"jrc-gsw":{"min":0.0,"max":1.0},"pp-marine-protected":{"min":0.0,"max":0.0},"unep-tidal":{"min":0.0,"max":1.0},"wwf-glw-3":{"min":12.0,"max":255.0},"gsa-pvout":{"min":2.9875881671905518,"max":3.4329843521118164},"gsa-ghi":{"min":3.600015163421631,"max":4.081751346588135},"gsa-gti":{"min":3.6880178451538086,"max":4.238805770874023},"gsa-temp":{"min":19.40328025817871,"max":23.508710861206055},"gwa-iec1":{"min":0.08345238119363785,"max":0.5524657964706421},"gwa-iec2":{"min":0.10715723037719727,"max":0.5922731757164001},"gwa-iec3":{"min":0.12537558376789093,"max":0.6242684721946716},"gwa-power-10":{"min":5.267963409423828,"max":688.568603515625},"gwa-speed-10":{"min":1.3741544485092163,"max":7.21862268447876},"gwa-power-50":{"min":32.132972717285156,"max":885.8199462890625},"gwa-speed-50":{"min":2.8268051147460938,"max":8.914922714233398},"gwa-power-100":{"min":72.82245635986328,"max":968.81689453125},"gwa-speed-100":{"min":4.097079277038574,"max":9.873503684997559},"gwa-power-150":{"min":132.52467346191406,"max":1143.6544189453125},"gwa-speed-150":{"min":5.158873081207275,"max":10.665080070495605},"gwa-power-200":{"min":202.41307067871094,"max":1234.2928466796875},"gwa-speed-200":{"min":5.96433162689209,"max":10.961844444274902},"gebco":{"min":-21.0,"max":814.0},"srtm90":{"min":-6.0,"max":855.0},"waterbodies":{"min":0.0,"max":2.0},"gwa-enercon-e44-50":{"min":0.01363325770944357,"max":0.46139204502105713},"gwa-enercon-e48-50":{"min":0.01814303919672966,"max":0.5235825777053833},"gwa-enercon-e53-50":{"min":0.027446508407592773,"max":0.5631057620048523},"gwa-offshore-dtu-10mw-119":{"min":0.07186571508646011,"max":0.61585932970047},"gwa-offshore-iea-15mw-150":{"min":0.14736443758010864,"max":0.68227219581604},"gwa-offshore-leanwind-8mw-110":{"min":0.06537201255559921,"max":0.6204482913017273},"gwa-vestas-v100-mode0-100":{"min":0.10037301480770111,"max":0.6802648305892944},"gwa-vestas-v100-mode0-120":{"min":0.13527868688106537,"max":0.6966128349304199},"gwa-vestas-v100-mode0-150":{"min":0.1948898732662201,"max":0.7087172865867615},"gwa-vestas-v100-mode0-80":{"min":0.07140275090932846,"max":0.6578842401504517},"gwa-vestas-v110-mode0-100":{"min":0.12218703329563141,"max":0.7133730053901672},"gwa-vestas-v110-mode0-120":{"min":0.16295158863067627,"max":0.7294559478759766},"gwa-vestas-v110-mode0-150":{"min":0.23062975704669952,"max":0.7411140203475952},"gwa-vestas-v110-mode0-80":{"min":0.087730772793293,"max":0.6907851696014404},"gwa-vestas-v112-mode0-100":{"min":0.06802486628293991,"max":0.6306576132774353},"gwa-vestas-v112-mode0-120":{"min":0.09305812418460846,"max":0.6488091349601746},"gwa-vestas-v112-mode0-150":{"min":0.137467622756958,"max":0.6671408414840698},"gwa-vestas-v112-mode0-80":{"min":0.0477447509765625,"max":0.6105137467384338},"gwa-vestas-v120-mode0-100":{"min":0.1310407519340515,"max":0.6904832720756531},"gwa-vestas-v120-mode0-120":{"min":0.1744345724582672,"max":0.7039424180984497},"gwa-vestas-v120-mode0-150":{"min":0.24567937850952148,"max":0.7135199904441833},"gwa-vestas-v120-mode0-80":{"min":0.0941367894411087,"max":0.6677793264389038},"gwa-vestas-v126-mode0-100":{"min":0.08825334161520004,"max":0.6588918566703796},"gwa-vestas-v126-mode0-120":{"min":0.11919698119163513,"max":0.6758201122283936},"gwa-vestas-v126-mode0-150":{"min":0.17276275157928467,"max":0.6896541118621826},"gwa-vestas-v126-mode0-80":{"min":0.06272634863853455,"max":0.6369920969009399},"gwa-vestas-v136-mode0-100":{"min":0.10392896085977554,"max":0.6878616213798523},"gwa-vestas-v136-mode0-120":{"min":0.13959401845932007,"max":0.7043517231941223},"gwa-vestas-v136-mode0-150":{"min":0.2001047134399414,"max":0.7170912623405457},"gwa-vestas-v136-mode0-80":{"min":0.07418396323919296,"max":0.6657552719116211},"air-density":{"min":1.0829904079437256,"max":1.1694350242614746},"lcoe":{"gwa-vestas-v100-mode0-120":{"lg":{"min":53.89680862426758,"max":260.94189453125},"li":{"min":1.5018818378448486,"max":7.6112189292907715},"lr":{"min":0.0,"max":0.21876415610313416},"total":{"min":55.424034118652344,"max":268.5965881347656}},"gwa-vestas-v110-mode0-120":{"lg":{"min":51.65025329589844,"max":217.30726623535156},"li":{"min":1.4342609643936157,"max":6.318659782409668},"lr":{"min":0.0,"max":0.19649383425712585},"total":{"min":53.10871887207031,"max":223.66204833984375}},"gwa-vestas-v112-mode0-120":{"lg":{"min":57.57316589355469,"max":377.51666259765625},"li":{"min":1.6125391721725464,"max":11.064435958862305},"lr":{"min":0.0,"max":0.27855223417282104},"total":{"min":59.212913513183594,"max":388.6443176269531}},"gwa-vestas-v112-mode0-100":{"lg":{"min":59.115108489990234,"max":514.9713745117188},"li":{"min":1.6589512825012207,"max":15.1361665725708},"lr":{"min":0.0,"max":0.337115079164505},"total":{"min":60.80205535888672,"max":530.1940307617188}},"gwa-offshore-dtu-10mw-119":{"lg":{"min":60.439449310302734,"max":487.66265869140625},"li":{"min":1.698813557624817,"max":14.327218055725098},"lr":{"min":0.0,"max":0.3221461772918701},"total":{"min":62.16693115234375,"max":502.0717468261719}},"gwa-vestas-v126-mode0-150":{"lg":{"min":54.4002799987793,"max":205.19358825683594},"li":{"min":1.5170361995697021,"max":5.959824085235596},"lr":{"min":0.0,"max":0.2125980705022812},"total":{"min":55.94291687011719,"max":211.18746948242188}},"gwa-vestas-v120-mode0-80":{"lg":{"min":56.05126953125,"max":373.2366943359375},"li":{"min":1.5667304992675781,"max":10.937654495239258},"lr":{"min":0.0,"max":0.24113115668296814},"total":{"min":57.644439697265625,"max":384.2368469238281}},"gsa-pvout":{"lg":{"min":223.91367934998465,"max":256.6988921414083},"li":{"min":6.580759672564979,"max":7.647391971106173},"lr":{"min":0.0,"max":0.5774851088514749},"total":{"min":230.83771349029274,"max":264.4067900663406}},"gwa-vestas-v126-mode0-80":{"lg":{"min":58.56702423095703,"max":558.13330078125},"li":{"min":1.6424541473388672,"max":16.414724349975586},"lr":{"min":0.0,"max":0.34474876523017883},"total":{"min":60.23719787597656,"max":574.641845703125}},"gwa-offshore-leanwind-8mw-110":{"lg":{"min":60.022010803222656,"max":535.70703125},"li":{"min":1.6862488985061646,"max":15.750406265258789},"lr":{"min":0.0,"max":0.34361374378204346},"total":{"min":61.73671340942383,"max":551.5474853515625}},"gwa-vestas-v110-mode0-100":{"lg":{"min":52.72452926635742,"max":288.47174072265625},"li":{"min":1.4665963649749756,"max":8.426717758178711},"lr":{"min":0.0,"max":0.21628399193286896},"total":{"min":54.21587371826172,"max":296.9466247558594}},"gwa-vestas-v136-mode0-100":{"lg":{"min":54.531620025634766,"max":338.4472961425781},"li":{"min":1.5209892988204956,"max":9.907110214233398},"lr":{"min":0.0,"max":0.23920539021492004},"total":{"min":56.07827377319336,"max":348.4110107421875}},"gwa-vestas-v126-mode0-100":{"lg":{"min":56.753360748291016,"max":397.85205078125},"li":{"min":1.5878632068634033,"max":11.666817665100098},"lr":{"min":0.0,"max":0.26908114552497864},"total":{"min":58.368019104003906,"max":409.5855407714844}},"gwa-vestas-v126-mode0-120":{"lg":{"min":55.431968688964844,"max":295.6076965332031},"li":{"min":1.5480897426605225,"max":8.638101577758789},"lr":{"min":0.0,"max":0.23798418045043945},"total":{"min":57.00617980957031,"max":304.295166015625}},"gwa-vestas-v120-mode0-120":{"lg":{"min":53.37727737426758,"max":203.26531982421875},"li":{"min":1.4862439632415771,