{"worldpop": {"min": -3.4028234663852886e+38, "max": 3403.944091796875}, "slope": {"min": 0.0, "max": 40.43958282470703}, "land-cover": {"min": 10.0, "max": 210.0}, "airports": {"min": 0.0, "max": 86304.6953125}, "ports": {"min": 0.0, "max": 312232.6875}, "anchorages": {"min": 0.0, "max": 292927.03125}, "grid": {"min": 0.0, "max": 36249.13671875}, "roads": {"min": 0.0, "max": 20303.939453125}, "pp-whs": {"min": 0.0, "max": 246098.5625}, "unep-coral": {"min": 65535.0, "max": 65535.0}, "unesco": {"min": 0.0, "max": 147554.234375}, "unesco-ramsar": {"min": 0.0, "max": 213392.84375}, "wwf-glw-1": {"min": 48846.69921875, "max": 273808.78125}, "wwf-glw-2": {"min": 0.0, "max": 71470.2734375}, "jrc-gsw": {"min": 0.0, "max": 1.0}, "pp-marine-protected": {"min": 0.0, "max": 1.0}, "unep-tidal": {"min": 0.0, "max": 1.0}, "wwf-glw-3": {"min": 1.0, "max": 255.0}, "gsa-pvout": {"min": 2.7713711261749268, "max": 4.261320114135742}, "gsa-ghi": {"min": 3.139483690261841, "max": 4.3411865234375}, "gsa-gti": {"min": 3.3751723766326904, "max": 5.1379876136779785}, "gsa-temp": {"min": 5.136661052703857, "max": 18.1234130859375}, "gwa-iec1": {"min": 0.014235740527510643, "max": 0.5603938102722168}, "gwa-iec2": {"min": 0.01803314872086048, "max": 0.5716047286987305}, "gwa-iec3": {"min": 0.020774060860276222, "max": 0.5965877771377563}, "gwa-power-10": {"min": 1.3951356410980225, "max": 6555.3974609375}, "gwa-speed-10": {"min": 0.510938823223114, "max": 11.4491548538208}, "gwa-power-50": {"min": 5.103545665740967, "max": 5268.26611328125}, "gwa-speed-50": {"min": 1.0306674242019653, "max": 12.328656196594238}, "gwa-power-100": {"min": 16.62889289855957, "max": 5088.544921875}, "gwa-speed-100": {"min": 1.5647828578948975, "max": 12.890700340270996}, "gwa-power-150": {"min": 31.404268264770508, "max": 4368.33349609375}, "gwa-speed-150": {"min": 1.947723627090454, "max": 13.573304176330566}, "gwa-power-200": {"min": 49.798397064208984, "max": 3783.612060546875}, "gwa-speed-200": {"min": 2.342850923538208, "max": 14.03698444366455}, "gebco": {"min": -191.0, "max": 1764.0}, "srtm90": {"min": -4.0, "max": 1772.0}, "waterbodies": {"min": 0.0, "max": 2.0}, "gwa-enercon-e44-50": {"min": 0.0015352437039837241, "max": 0.4406462013721466}, "gwa-enercon-e48-50": {"min": 0.0020527164451777935, "max": 0.48971137404441833}, "gwa-enercon-e53-50": {"min": 0.0036673604045063257, "max": 0.52292400598526}, "gwa-offshore-dtu-10mw-119": {"min": 0.0127467792481184, "max": 0.5517963171005249}, "gwa-offshore-iea-15mw-150": {"min": 0.030773727223277092, "max": 0.6182435750961304}, "gwa-offshore-leanwind-8mw-110": {"min": 0.011905768886208534, "max": 0.5553150177001953}, "gwa-vestas-v100-mode0-100": {"min": 0.021013246849179268, "max": 0.593353271484375}, "gwa-vestas-v100-mode0-120": {"min": 0.027982518076896667, "max": 0.6125321984291077}, "gwa-vestas-v100-mode0-150": {"min": 0.04030225798487663, "max": 0.6445276141166687}, "gwa-vestas-v100-mode0-80": {"min": 0.012018521316349506, "max": 0.5819172859191895}, "gwa-vestas-v110-mode0-100": {"min": 0.025385091081261635, "max": 0.628912091255188}, "gwa-vestas-v110-mode0-120": {"min": 0.033441562205553055, "max": 0.6471019387245178}, "gwa-vestas-v110-mode0-150": {"min": 0.04709754139184952, "max": 0.6770431399345398}, "gwa-vestas-v110-mode0-80": {"min": 0.014970746822655201, "max": 0.6169745326042175}, "gwa-vestas-v112-mode0-100": {"min": 0.013888996094465256, "max": 0.5664369463920593}, "gwa-vestas-v112-mode0-120": {"min": 0.018650921061635017, "max": 0.5790168642997742}, "gwa-vestas-v112-mode0-150": {"min": 0.028399361297488213, "max": 0.6055133938789368}, "gwa-vestas-v112-mode0-80": {"min": 0.007887432351708412, "max": 0.5553941130638123}, "gwa-vestas-v120-mode0-100": {"min": 0.026965832337737083, "max": 0.6158496141433716}, "gwa-vestas-v120-mode0-120": {"min": 0.03543571010231972, "max": 0.6384457349777222}, "gwa-vestas-v120-mode0-150": {"min": 0.049655500799417496, "max": 0.6657618880271912}, "gwa-vestas-v120-mode0-80": {"min": 0.016015958040952682, "max": 0.6004802584648132}, "gwa-vestas-v126-mode0-100": {"min": 0.018525175750255585, "max": 0.5737392902374268}, "gwa-vestas-v126-mode0-120": {"min": 0.024665988981723785, "max": 0.5912785530090332}, "gwa-vestas-v126-mode0-150": {"min": 0.036355264484882355, "max": 0.6218204498291016}, "gwa-vestas-v126-mode0-80": {"min": 0.010603724047541618, "max": 0.561603307723999}, "gwa-vestas-v136-mode0-100": {"min": 0.021923081949353218, "max": 0.600214421749115}, "gwa-vestas-v136-mode0-120": {"min": 0.029076116159558296, "max": 0.6191174983978271}, "gwa-vestas-v136-mode0-150": {"min": 0.04141245782375336, "max": 0.6515354514122009}, "gwa-vestas-v136-mode0-80": {"min": 0.012585456483066082, "max": 0.5889657139778137}, "air-density": {"min": 1.0217255353927612, "max": 1.218797206878662}, "lcoe": {"gwa-vestas-v100-mode0-120": {"lg": {"min": 60.746009826660156, "max": 1246.15966796875}, "li": {"min": 1.7257893085479736, "max": 36.79567337036133}, "lr": {"min": 0.0, "max": 3.894216537475586}, "total": {"min": 62.563777923583984, "max": 1282.955322265625}}, "gwa-vestas-v110-mode0-120": {"lg": {"min": 57.71450424194336, "max": 1043.3880615234375}, "li": {"min": 1.6394809484481812, "max": 30.789104461669922}, "lr": {"min": 0.0, "max": 3.173703670501709}, "total": {"min": 59.43516159057617, "max": 1074.1771240234375}}, "gwa-vestas-v112-mode0-120": {"lg": {"min": 64.03064727783203, "max": 1867.6484375}, "li": {"min": 1.7910650968551636, "max": 55.20561981201172}, "lr": {"min": 0.0, "max": 5.801429748535156}, "total": {"min": 65.8360824584961, "max": 1922.85400390625}}, "gwa-vestas-v112-mode0-100": {"lg": {"min": 65.3638687133789, "max": 2506.611328125}, "li": {"min": 1.8458625078201294, "max": 74.1332015991211}, "lr": {"min": 0.0, "max": 8.286449432373047}, "total": {"min": 67.53821563720703, "max": 2580.74462890625}}, "gwa-offshore-dtu-10mw-119": {"lg": {"min": 66.99201965332031, "max": 2730.865966796875}, "li": {"min": 1.8794199228286743, "max": 80.7761459350586}, "lr": {"min": 0.0, "max": 8.238506317138672}, "total": {"min": 68.88652038574219, "max": 2811.64208984375}}, "gwa-vestas-v126-mode0-150": {"lg": {"min": 59.89838790893555, "max": 960.0859375}, "li": {"min": 1.7020833492279053, "max": 28.32149887084961}, "lr": {"min": 0.0, "max": 2.9090514183044434}, "total": {"min": 61.689002990722656, "max": 988.4074096679688}}, "gwa-vestas-v120-mode0-80": {"lg": {"min": 61.88493728637695, "max": 2174.2578125}, "li": {"min": 1.7858669757843018, "max": 64.75148010253906}, "lr": {"min": 0.0, "max": 6.250415325164795}, "total": {"min": 63.9126091003418, "max": 2239.376708984375}}, "gsa-pvout": {"lg": {"min": 181.16580773161414, "max": 276.4139733193498}, "li": {"min": 5.292130932930645, "max": 8.541127852738562}, "lr": {"min": 0.0, "max": 1.3056185016602608}, "total": {"min": 186.64024554139226, "max": 284.67212770888233}}, "gwa-vestas-v126-mode0-80": {"lg": {"min": 65.89201354980469, "max": 3281.976806640625}, "li": {"min": 1.883144736289978, "max": 97.80120849609375}, "lr": {"min": 0.0, "max": 9.418707847595215}, "total": {"min": 68.08507537841797, "max": 3380.3330078125}}, "gwa-offshore-leanwind-8mw-110": {"lg": {"min": 66.5928726196289, "max": 2923.4892578125}, "li": {"min": 1.8753230571746826, "max": 86.48209381103516}, "lr": {"min": 0.0, "max": 9.138801574707031}, "total": {"min": 68.74507141113281, "max": 3009.971435546875}}, "gwa-vestas-v110-mode0-100": {"lg": {"min": 59.2680778503418, "max": 1373.2587890625}, "li": {"min": 1.6887757778167725, "max": 40.56064224243164}, "lr": {"min": 0.0, "max": 4.432621002197266}, "total": {"min": 61.20408248901367, "max": 1413.8194580078125}}, "gwa-vestas-v136-mode0-100": {"lg": {"min": 61.91056823730469, "max": 1589.4869384765625}, "li": {"min": 1.7520980834960938, "max": 46.96582794189453}, "lr": {"min": 0.0, "max": 5.2568440437316895}, "total": {"min": 63.74600601196289, "max": 1636.4527587890625}}, "gwa-vestas-v126-mode0-100": {"lg": {"min": 64.58284759521484,