{"worldpop": {"min": -3.4028234663852886e+38, "max": 3597.105712890625}, "slope": {"min": 0.0, "max": 40.43958282470703}, "land-cover": {"min": 10.0, "max": 210.0}, "airports": {"min": 0.0, "max": 118331.1015625}, "ports": {"min": 0.0, "max": 123305.5078125}, "anchorages": {"min": 0.0, "max": 89169.78125}, "grid": {"min": 0.0, "max": 90300.890625}, "roads": {"min": 0.0, "max": 91424.8359375}, "pp-whs": {"min": 0.0, "max": 177212.453125}, "unep-coral": {"min": 65535.0, "max": 65535.0}, "unesco": {"min": 0.0, "max": 158086.21875}, "unesco-ramsar": {"min": 0.0, "max": 249391.75}, "wwf-glw-1": {"min": 40475.30078125, "max": 273808.78125}, "wwf-glw-2": {"min": 0.0, "max": 115520.5625}, "jrc-gsw": {"min": 0.0, "max": 255.0}, "pp-marine-protected": {"min": 0.0, "max": 1.0}, "unep-tidal": {"min": 0.0, "max": 1.0}, "wwf-glw-3": {"min": 1.0, "max": 255.0}, "gsa-pvout": {"min": 3.0184054374694824, "max": 4.261320114135742}, "gsa-ghi": {"min": 3.290700912475586, "max": 4.410999774932861}, "gsa-gti": {"min": 3.6423373222351074, "max": 5.1379876136779785}, "gsa-temp": {"min": 5.964593887329102, "max": 18.299999237060547}, "gwa-iec1": {"min": 0.016345996409654617, "max": 0.5596597194671631}, "gwa-iec2": {"min": 0.021629422903060913, "max": 0.5716047286987305}, "gwa-iec3": {"min": 0.02541792020201683, "max": 0.5958027839660645}, "gwa-power-10": {"min": 1.8113011121749878, "max": 6555.3974609375}, "gwa-speed-10": {"min": 0.678744375705719, "max": 11.4491548538208}, "gwa-power-50": {"min": 6.819521903991699, "max": 5268.26611328125}, "gwa-speed-50": {"min": 1.2693895101547241, "max": 11.878925323486328}, "gwa-power-100": {"min": 18.455028533935547, "max": 5088.544921875}, "gwa-speed-100": {"min": 1.9710458517074585, "max": 12.258801460266113}, "gwa-power-150": {"min": 35.31345748901367, "max": 4368.33349609375}, "gwa-speed-150": {"min": 2.23283052444458, "max": 12.898507118225098}, "gwa-power-200": {"min": 59.176727294921875, "max": 3783.612060546875}, "gwa-speed-200": {"min": 2.4911887645721436, "max": 13.401111602783203}, "gebco": {"min": -1239.0, "max": 1632.0}, "srtm90": {"min": -57.0, "max": 1631.0}, "waterbodies": {"min": 0.0, "max": 2.0}, "gwa-enercon-e44-50": {"min": 0.0031589355785399675, "max": 0.4361581802368164}, "gwa-enercon-e48-50": {"min": 0.004197175148874521, "max": 0.48667988181114197}, "gwa-enercon-e53-50": {"min": 0.006700121331959963, "max": 0.5190122127532959}, "gwa-offshore-dtu-10mw-119": {"min": 0.015666360035538673, "max": 0.5517963171005249}, "gwa-offshore-iea-15mw-150": {"min": 0.03726549446582794, "max": 0.6178998351097107}, "gwa-offshore-leanwind-8mw-110": {"min": 0.014123012311756611, "max": 0.5530017614364624}, "gwa-vestas-v100-mode0-100": {"min": 0.023521263152360916, "max": 0.5903308391571045}, "gwa-vestas-v100-mode0-120": {"min": 0.03314335644245148, "max": 0.607839822769165}, "gwa-vestas-v100-mode0-150": {"min": 0.05004390329122543, "max": 0.6308408975601196}, "gwa-vestas-v100-mode0-80": {"min": 0.015538290143013, "max": 0.5740717649459839}, "gwa-vestas-v110-mode0-100": {"min": 0.029117625206708908, "max": 0.619379460811615}, "gwa-vestas-v110-mode0-120": {"min": 0.040667757391929626, "max": 0.6370786428451538}, "gwa-vestas-v110-mode0-150": {"min": 0.060305144637823105, "max": 0.6602017879486084}, "gwa-vestas-v110-mode0-80": {"min": 0.019312599673867226, "max": 0.604529619216919}, "gwa-vestas-v112-mode0-100": {"min": 0.015575720928609371, "max": 0.5618278384208679}, "gwa-vestas-v112-mode0-120": {"min": 0.022247519344091415, "max": 0.5790168642997742}, "gwa-vestas-v112-mode0-150": {"min": 0.03455013409256935, "max": 0.6051687598228455}, "gwa-vestas-v112-mode0-80": {"min": 0.010230043902993202, "max": 0.5479373931884766}, "gwa-vestas-v120-mode0-100": {"min": 0.031145494431257248, "max": 0.5990697145462036}, "gwa-vestas-v120-mode0-120": {"min": 0.04346924275159836, "max": 0.6221422553062439}, "gwa-vestas-v120-mode0-150": {"min": 0.06426582485437393, "max": 0.6501415967941284}, "gwa-vestas-v120-mode0-80": {"min": 0.020649412646889687, "max": 0.5812242031097412}, "gwa-vestas-v126-mode0-100": {"min": 0.020735180005431175, "max": 0.5737031698226929}, "gwa-vestas-v126-mode0-120": {"min": 0.02923736348748207, "max": 0.5912785530090332}, "gwa-vestas-v126-mode0-150": {"min": 0.04436752572655678, "max": 0.6152994632720947}, "gwa-vestas-v126-mode0-80": {"min": 0.013703303411602974, "max": 0.5579105615615845}, "gwa-vestas-v136-mode0-100": {"min": 0.02455226331949234, "max": 0.5996389389038086}, "gwa-vestas-v136-mode0-120": {"min": 0.03447514399886131, "max": 0.6172943115234375}, "gwa-vestas-v136-mode0-150": {"min": 0.051748521625995636, "max": 0.6408379673957825}, "gwa-vestas-v136-mode0-80": {"min": 0.016251707449555397, "max": 0.5834360718727112}, "air-density": {"min": 1.0380001068115234, "max": 1.2190208435058594}}