{"worldpop": {"min": -3.4028234663852886e+38, "max": 54342.18359375}, "slope": {"min": 0.0, "max": 34.79746627807617}, "land-cover": {"min": 10.0, "max": 210.0}, "airports": {"min": 0.0, "max": 203235.09375}, "ports": {"min": 0.0, "max": 74246.21875}, "anchorages": {"min": 0.0, "max": 132034.09375}, "grid": {"min": 0.0, "max": 40131.03515625}, "roads": {"min": 0.0, "max": 17262.67578125}, "pp-whs": {"min": 140029.46875, "max": 401283.25}, "unep-coral": {"min": 0.0, "max": 79071.1640625}, "unesco": {"min": 0.0, "max": 245402.71875}, "unesco-ramsar": {"min": 11236.1025390625, "max": 282651.71875}, "wwf-glw-1": {"min": 0.0, "max": 234232.78125}, "wwf-glw-2": {"min": 0.0, "max": 66153.2265625}, "jrc-gsw": {"min": 0.0, "max": 1.0}, "pp-marine-protected": {"min": 0.0, "max": 1.0}, "unep-tidal": {"min": 0.0, "max": 1.0}, "wwf-glw-3": {"min": 1.0, "max": 255.0}, "gsa-pvout": {"min": 3.382277250289917, "max": 5.155518531799316}, "gsa-ghi": {"min": 4.06743049621582, "max": 6.1744208335876465}, "gsa-gti": {"min": 4.141958236694336, "max": 6.557980060577393}, "gsa-temp": {"min": 11.57790470123291, "max": 28.600000381469727}, "gwa-iec1": {"min": 0.0027716844342648983, "max": 0.6024714708328247}, "gwa-iec2": {"min": 0.004014487843960524, "max": 0.6125312447547913}, "gwa-iec3": {"min": 0.004827993921935558, "max": 0.6359950304031372}, "gwa-power-10": {"min": 0.8882851600646973, "max": 2867.46875}, "gwa-speed-10": {"min": 0.4330231547355652, "max": 11.469381332397461}, "gwa-power-50": {"min": 3.7929232120513916, "max": 2384.446044921875}, "gwa-speed-50": {"min": 0.8933779001235962, "max": 11.671036720275879}, "gwa-power-100": {"min": 5.8242950439453125, "max": 2382.744384765625}, "gwa-speed-100": {"min": 1.2931960821151733, "max": 12.199536323547363}, "gwa-power-150": {"min": 7.267314434051514, "max": 2455.575927734375}, "gwa-speed-150": {"min": 1.4589011669158936, "max": 12.623420715332031}, "gwa-power-200": {"min": 8.844423294067383, "max": 2480.399169921875}, "gwa-speed-200": {"min": 1.5284247398376465, "max": 12.752683639526367}, "gebco": {"min": -431.0, "max": 2557.0}, "srtm90": {"min": 0.0, "max": 2581.0}, "waterbodies": {"min": 0.0, "max": 2.0}, "gwa-enercon-e44-50": {"min": 0.0010943635134026408, "max": 0.47600603103637695}, "gwa-enercon-e48-50": {"min": 0.0014736230950802565, "max": 0.528265655040741}, "gwa-enercon-e53-50": {"min": 0.002827377524226904, "max": 0.5606368184089661}, "gwa-offshore-dtu-10mw-119": {"min": 0.00170690449886024, "max": 0.5827081799507141}, "gwa-offshore-iea-15mw-150": {"min": 0.004460878204554319, "max": 0.6371491551399231}, "gwa-offshore-leanwind-8mw-110": {"min": 0.001793134375475347, "max": 0.5876263380050659}, "gwa-vestas-v100-mode0-100": {"min": 0.004785621538758278, "max": 0.6256473064422607}, "gwa-vestas-v100-mode0-120": {"min": 0.005401895381510258, "max": 0.6363757252693176}, "gwa-vestas-v100-mode0-150": {"min": 0.006434791721403599, "max": 0.6457072496414185}, "gwa-vestas-v100-mode0-80": {"min": 0.004030830692499876, "max": 0.6099004745483398}, "gwa-vestas-v110-mode0-100": {"min": 0.006204997189342976, "max": 0.6609691977500916}, "gwa-vestas-v110-mode0-120": {"min": 0.0069997976534068584, "max": 0.6693638563156128}, "gwa-vestas-v110-mode0-150": {"min": 0.008298155851662159, "max": 0.677453339099884}, "gwa-vestas-v110-mode0-80": {"min": 0.0052215359173715115, "max": 0.6414281129837036}, "gwa-vestas-v112-mode0-100": {"min": 0.0029539235401898623, "max": 0.5958593487739563}, "gwa-vestas-v112-mode0-120": {"min": 0.00333628267981112, "max": 0.6112352609634399}, "gwa-vestas-v112-mode0-150": {"min": 0.004007482435554266, "max": 0.6242804527282715}, "gwa-vestas-v112-mode0-80": {"min": 0.002494409214705229, "max": 0.578382134437561}, "gwa-vestas-v120-mode0-100": {"min": 0.00661460729315877, "max": 0.6762242913246155}, "gwa-vestas-v120-mode0-120": {"min": 0.007464878261089325, "max": 0.6837435364723206}, "gwa-vestas-v120-mode0-150": {"min": 0.00885444413870573, "max": 0.685886561870575}, "gwa-vestas-v120-mode0-80": {"min": 0.005563024431467056, "max": 0.6562924385070801}, "gwa-vestas-v126-mode0-100": {"min": 0.004232222680002451, "max": 0.606132447719574}, "gwa-vestas-v126-mode0-120": {"min": 0.004767190665006638, "max": 0.616672158241272}, "gwa-vestas-v126-mode0-150": {"min": 0.00568279717117548, "max": 0.6280681490898132}, "gwa-vestas-v126-mode0-80": {"min": 0.003567023668438196, "max": 0.5907684564590454}, "gwa-vestas-v136-mode0-100": {"min": 0.005109073594212532, "max": 0.6339655518531799}, "gwa-vestas-v136-mode0-120": {"min": 0.005764888599514961, "max": 0.6446419358253479}, "gwa-vestas-v136-mode0-150": {"min": 0.00684631522744894, "max": 0.654521107673645}, "gwa-vestas-v136-mode0-80": {"min": 0.004304501693695784, "max": 0.61831134557724}, "air-density": {"min": 0.9088196158409119, "max": 1.1569055318832397}, "lcoe": {"gwa-vestas-v100-mode0-120": {"lg": {"min": 58.619876861572266, "max": 6438.548828125}, "li": {"min": 1.6667338609695435, "max": 198.96307373046875}, "lr": {"min": 0.0, "max": 4.641564846038818}, "total": {"min": 60.388694763183594, "max": 6641.43994140625}}, "gwa-vestas-v110-mode0-120": {"lg": {"min": 55.92804718017578, "max": 4969.6806640625}, "li": {"min": 1.5695891380310059, "max": 153.54409790039062}, "lr": {"min": 0.0, "max": 3.579035758972168}, "total": {"min": 57.524009704589844, "max": 5126.255859375}}, "gwa-vestas-v112-mode0-120": {"lg": {"min": 60.866416931152344, "max": 10000.0}, "li": {"min": 1.7464258670806885, "max": 322.1482849121094}, "lr": {"min": 0.0, "max": 7.522313594818115}, "total": {"min": 62.64007568359375, "max": 10000.0}}, "gwa-vestas-v112-mode0-100": {"lg": {"min": 62.333831787109375, "max": 10000.0}, "li": {"min": 1.7914916276931763, "max": 363.8475036621094}, "lr": {"min": 0.0, "max": 8.358843803405762}, "total": {"min": 64.15325164794922, "max": 10000.0}}, "gwa-offshore-dtu-10mw-119": {"lg": {"min": 63.65037155151367, "max": 10000.0}, "li": {"min": 1.8319238424301147, "max": 629.664794921875}, "lr": {"min": 0.0, "max": 14.419569969177246}, "total": {"min": 65.51085662841797, "max": 10000.0}}, "gwa-vestas-v126-mode0-150": {"lg": {"min": 59.34233856201172, "max": 6120.48779296875}, "li": {"min": 1.6767350435256958, "max": 189.1282958984375}, "lr": {"min": 0.0, "max": 4.9333295822143555}, "total": {"min": 61.0284423828125, "max": 6313.35009765625}}, "gwa-vestas-v120-mode0-80": {"lg": {"min": 56.962303161621094, "max": 6252.17724609375}, "li": {"min": 1.6008508205413818, "max": 192.26963806152344}, "lr": {"min": 0.0, "max": 5.075868606567383}, "total": {"min": 58.595481872558594, "max": 6448.93505859375}}, "gsa-pvout": {"lg": {"min": 150.4373011884696, "max": 227.2106253143856}, "li": {"min": 4.388936650208048, "max": 8.523559234608731}, "lr": {"min": 0.0, "max": 0.8639815530213149}, "total": {"min": 155.10942382253904, "max": 235.76536412320306}}, "gwa-vestas-v126-mode0-80": {"lg": {"min": 62.836517333984375, "max": 9748.470703125}, "li": {"min": 1.8081941604614258, "max": 299.85797119140625}, "lr": {"min": 0.0, "max": 7.715494155883789}, "total": {"min": 64.74188995361328, "max": 10000.0}}, "gwa-offshore-leanwind-8mw-110": {"lg": {"min": 63.151126861572266, "max": 10000.0}, "li": {"min": 1.8165916204452515, "max": 599.3848876953125}, "lr": {"min": 0.0, "max": 13.482224464416504}, "total": {"min": 64.99604797363281, "max": 10000.0}}, "gwa-vestas-v110-mode0-100": {"lg": {"min": 56.58756637573242, "max": 5605.736328125}, "li": {"min": 1.5895237922668457, "max": 173.21163940429688}, "lr": {"min": 0.0, "max": 4.111590385437012}, "total": {"min": 58.209190368652344, "max": 5782.3671875}}, "gwa-vestas-v136-mode0-100": {"lg": {"min": 58.82752227783203, "max": 6807.33837890625}, "li": {"min": 1.6804430484771729, "max": 210.36643981933594}, "lr": {"min": 0.0, "max": 4.915923595428467}, "total": {"min": 60.603065490722656, "max": 7021.85791015625}}, "gwa-vestas-v126-mode0-100": {"lg": {"min": 61.345157623291016, "max": 8216.8857421875}, "li": {"min": 1.755332112312317,