{"worldpop":{"min":-3.4028234663852886e+38,"max":54342.18359375},"slope":{"min":0.0,"max":42.069000244140625},"land-cover":{"min":10.0,"max":210.0},"airports":{"min":0.0,"max":449391.0},"ports":{"min":0.0,"max":395065.8125},"anchorages":{"min":0.0,"max":410130.78125},"grid":{"min":0.0,"max":384187.46875},"roads":{"min":0.0,"max":380525.9375},"pp-whs":{"min":79906.1953125,"max":453304.0},"unep-coral":{"min":0.0,"max":370619.09375},"unesco":{"min":500.0,"max":477735.53125},"unesco-ramsar":{"min":10295.630859375,"max":410409.53125},"wwf-glw-1":{"min":0.0,"max":483321.84375},"wwf-glw-2":{"min":0.0,"max":398033.28125},"jrc-gsw":{"min":0.0,"max":255.0},"pp-marine-protected":{"min":0.0,"max":1.0},"unep-tidal":{"min":0.0,"max":1.0},"wwf-glw-3":{"min":1.0,"max":255.0},"gsa-pvout":{"min":3.382277250289917,"max":5.1674981117248535},"gsa-ghi":{"min":4.06743049621582,"max":6.184497833251953},"gsa-gti":{"min":4.141958236694336,"max":6.557980060577393},"gsa-temp":{"min":11.57790470123291,"max":28.600000381469727},"gwa-iec1":{"min":0.0027716844342648983,"max":0.6202660799026489},"gwa-iec2":{"min":0.004014487843960524,"max":0.6840275526046753},"gwa-iec3":{"min":0.004827993921935558,"max":0.7231482267379761},"gwa-power-10":{"min":0.8882851600646973,"max":2867.46875},"gwa-speed-10":{"min":0.4537758231163025,"max":11.469381332397461},"gwa-power-50":{"min":3.7929232120513916,"max":2384.446044921875},"gwa-speed-50":{"min":0.8866016268730164,"max":11.671036720275879},"gwa-power-100":{"min":5.8242950439453125,"max":2382.744384765625},"gwa-speed-100":{"min":1.9490875005722046,"max":9.415095329284668},"gwa-power-150":{"min":7.267314434051514,"max":2455.575927734375},"gwa-speed-150":{"min":1.4589011669158936,"max":12.623420715332031},"gwa-power-200":{"min":8.844423294067383,"max":2480.399169921875},"gwa-speed-200":{"min":1.5284247398376465,"max":12.736042022705078},"gebco":{"min":-4540.0,"max":2557.0},"srtm90":{"min":-42.0,"max":2581.0},"waterbodies":{"min":0.0,"max":2.0},"gwa-enercon-e44-50":{"min":0.001132955658249557,"max":0.4756813049316406},"gwa-enercon-e48-50":{"min":0.0015250012511387467,"max":0.5282635688781738},"gwa-enercon-e53-50":{"min":0.0029627957846969366,"max":0.562482476234436},"gwa-offshore-dtu-10mw-119":{"min":0.00170690449886024,"max":0.5829236507415771},"gwa-offshore-iea-15mw-150":{"min":0.004460878204554319,"max":0.639274537563324},"gwa-offshore-leanwind-8mw-110":{"min":0.001793134375475347,"max":0.5899468064308167},"gwa-vestas-v100-mode0-100":{"min":0.004785621538758278,"max":0.7077250480651855},"gwa-vestas-v100-mode0-120":{"min":0.005401895381510258,"max":0.7151814699172974},"gwa-vestas-v100-mode0-150":{"min":0.006434791721403599,"max":0.7161593437194824},"gwa-vestas-v100-mode0-80":{"min":0.004151914268732071,"max":0.6881914138793945},"gwa-vestas-v110-mode0-100":{"min":0.006204997189342976,"max":0.7523504495620728},"gwa-vestas-v110-mode0-120":{"min":0.0069997976534068584,"max":0.7590427398681641},"gwa-vestas-v110-mode0-150":{"min":0.008298155851662159,"max":0.7593640685081482},"gwa-vestas-v110-mode0-80":{"min":0.0053634182550013065,"max":0.7340150475502014},"gwa-vestas-v112-mode0-100":{"min":0.0029539235401898623,"max":0.6037330031394958},"gwa-vestas-v112-mode0-120":{"min":0.00333628267981112,"max":0.6123150587081909},"gwa-vestas-v112-mode0-150":{"min":0.004007482435554266,"max":0.6242804527282715},"gwa-vestas-v112-mode0-80":{"min":0.0025763388257473707,"max":0.5876320600509644},"gwa-vestas-v120-mode0-100":{"min":0.00661460729315877,"max":0.7687121033668518},"gwa-vestas-v120-mode0-120":{"min":0.007464878261089325,"max":0.7749258279800415},"gwa-vestas-v120-mode0-150":{"min":0.00885444413870573,"max":0.7747507691383362},"gwa-vestas-v120-mode0-80":{"min":0.005724724847823381,"max":0.7510697841644287},"gwa-vestas-v126-mode0-100":{"min":0.004232222680002451,"max":0.6702420115470886},"gwa-vestas-v126-mode0-120":{"min":0.004767190665006638,"max":0.6781544089317322},"gwa-vestas-v126-mode0-150":{"min":0.00568279717117548,"max":0.6796535849571228},"gwa-vestas-v126-mode0-80":{"min":0.003670670324936509,"max":0.6501591205596924},"gwa-vestas-v136-mode0-100":{"min":0.005109073594212532,"max":0.7122287750244141},"gwa-vestas-v136-mode0-120":{"min":0.005764888599514961,"max":0.7195590734481812},"gwa-vestas-v136-mode0-150":{"min":0.00684631522744894,"max":0.7204356789588928},"gwa-vestas-v136-mode0-80":{"min":0.004425344988703728,"max":0.6929112076759338},"air-density":{"min":0.9088196158409119,"max":1.1569055318832397}}