{"worldpop":{"min":-3.4028234663852886e+38,"max":14797.6787109375},"slope":{"min":0.0,"max":17.727046966552734},"land-cover":{"min":10.0,"max":210.0},"airports":{"min":0.0,"max":128371.5390625},"ports":{"min":65535.0,"max":500000.0},"anchorages":{"min":65535.0,"max":500000.0},"grid":{"min":0.0,"max":8500.0},"roads":{"min":0.0,"max":16500.0},"pp-whs":{"min":0.0,"max":279172.4375},"unep-coral":{"min":65535.0,"max":65535.0},"unesco":{"min":0.0,"max":157401.546875},"unesco-ramsar":{"min":0.0,"max":72515.515625},"wwf-glw-1":{"min":0.0,"max":202427.765625},"wwf-glw-2":{"min":0.0,"max":88896.0},"jrc-gsw":{"min":0.0,"max":1.0},"pp-marine-protected":{"min":0.0,"max":0.0},"unep-tidal":{"min":0.0,"max":0.0},"wwf-glw-3":{"min":1.0,"max":255.0},"gsa-pvout":{"min":2.9433486461639404,"max":3.5456759929656982},"gsa-ghi":{"min":3.1260616779327393,"max":3.6608965396881104},"gsa-gti":{"min":3.491713047027588,"max":4.283656120300293},"gsa-temp":{"min":6.646537780761719,"max":12.100000381469727},"gwa-iec1":{"min":0.06289937347173691,"max":0.4757673740386963},"gwa-iec2":{"min":0.07803065329790115,"max":0.5239475965499878},"gwa-iec3":{"min":0.08927377313375473,"max":0.5575666427612305},"gwa-power-10":{"min":5.2302446365356445,"max":717.359619140625},"gwa-speed-10":{"min":0.9746538996696472,"max":5.5671586990356445},"gwa-power-50":{"min":31.822378158569336,"max":665.4024047851562},"gwa-speed-50":{"min":2.3850948810577393,"max":7.71166467666626},"gwa-power-100":{"min":63.024681091308594,"max":786.4556274414062},"gwa-speed-100":{"min":3.13986873626709,"max":8.605113983154297},"gwa-power-150":{"min":106.24561309814453,"max":987.330322265625},"gwa-speed-150":{"min":3.7976603507995605,"max":9.439469337463379},"gwa-power-200":{"min":159.1900634765625,"max":1175.14697265625},"gwa-speed-200":{"min":4.376945495605469,"max":9.970888137817383},"gebco":{"min":44.0,"max":980.0},"srtm90":{"min":42.0,"max":984.0},"waterbodies":{"min":1.0,"max":2.0},"gwa-enercon-e44-50":{"min":0.017616325989365578,"max":0.3082607388496399},"gwa-enercon-e48-50":{"min":0.023123783990740776,"max":0.36260706186294556},"gwa-enercon-e53-50":{"min":0.0320451594889164,"max":0.40463414788246155},"gwa-offshore-dtu-10mw-119":{"min":0.0658072903752327,"max":0.4686337411403656},"gwa-offshore-iea-15mw-150":{"min":0.11442437767982483,"max":0.5575475096702576},"gwa-offshore-leanwind-8mw-110":{"min":0.06224699690937996,"max":0.4673290252685547},"gwa-vestas-v100-mode0-100":{"min":0.0896247923374176,"max":0.5585519075393677},"gwa-vestas-v100-mode0-120":{"min":0.10967545211315155,"max":0.5829586982727051},"gwa-vestas-v100-mode0-150":{"min":0.14273476600646973,"max":0.6102206110954285},"gwa-vestas-v100-mode0-80":{"min":0.07109898328781128,"max":0.5347723960876465},"gwa-vestas-v110-mode0-100":{"min":0.10499412566423416,"max":0.597381591796875},"gwa-vestas-v110-mode0-120":{"min":0.1274501085281372,"max":0.6211640238761902},"gwa-vestas-v110-mode0-150":{"min":0.1636747270822525,"max":0.6465835571289062},"gwa-vestas-v110-mode0-80":{"min":0.08463797718286514,"max":0.5731556415557861},"gwa-vestas-v112-mode0-100":{"min":0.06485483795404434,"max":0.48049700260162354},"gwa-vestas-v112-mode0-120":{"min":0.08072081953287125,"max":0.5061216354370117},"gwa-vestas-v112-mode0-150":{"min":0.10761494934558868,"max":0.5397319197654724},"gwa-vestas-v112-mode0-80":{"min":0.04961632937192917,"max":0.45873594284057617},"gwa-vestas-v120-mode0-100":{"min":0.11113189160823822,"max":0.6048251986503601},"gwa-vestas-v120-mode0-120":{"min":0.13459749519824982,"max":0.6266327500343323},"gwa-vestas-v120-mode0-150":{"min":0.17198927700519562,"max":0.6464844346046448},"gwa-vestas-v120-mode0-80":{"min":0.08975125104188919,"max":0.5805336833000183},"gwa-vestas-v126-mode0-100":{"min":0.08051874488592148,"max":0.5296629071235657},"gwa-vestas-v126-mode0-120":{"min":0.09892470389604568,"max":0.5545089840888977},"gwa-vestas-v126-mode0-150":{"min":0.12968245148658752,"max":0.5838355422019958},"gwa-vestas-v126-mode0-80":{"min":0.06316962093114853,"max":0.5065380930900574},"gwa-vestas-v136-mode0-100":{"min":0.0920780599117279,"max":0.5639705657958984},"gwa-vestas-v136-mode0-120":{"min":0.11248207837343216,"max":0.5884463787078857},"gwa-vestas-v136-mode0-150":{"min":0.14596684277057648,"max":0.6161503791809082},"gwa-vestas-v136-mode0-80":{"min":0.0734226405620575,"max":0.5402547717094421},"air-density":{"min":1.1187001466751099,"max":1.2216377258300781},"lcoe":{"gwa-vestas-v100-mode0-120":{"lg":{"min":63.6247444152832,"max":320.9237976074219},"li":{"min":1.7946902513504028,"max":9.526037216186523},"lr":{"min":0.0,"max":0.6730313301086426},"total":{"min":65.64083099365234,"max":330.4728088378906}},"gwa-vestas-v110-mode0-120":{"lg":{"min":59.95745849609375,"max":276.7244567871094},"li":{"min":1.6843059062957764,"max":8.20418930053711},"lr":{"min":0.0,"max":0.5944398045539856},"total":{"min":61.84954833984375,"max":284.94171142578125}},"gwa-vestas-v112-mode0-120":{"lg":{"min":72.67668914794922,"max":434.6047058105469},"li":{"min":2.0671517848968506,"max":12.92473030090332},"lr":{"min":0.0,"max":0.9050225019454956},"total":{"min":74.99885559082031,"max":447.5789489746094}},"gwa-vestas-v112-mode0-100":{"lg":{"min":76.33917999267578,"max":539.9470825195312},"li":{"min":2.177391767501831,"max":16.543235778808594},"lr":{"min":0.0,"max":1.0948368310928345},"total":{"min":78.78518676757812,"max":557.397705078125}},"gwa-offshore-dtu-10mw-119":{"lg":{"min":78.17041015625,"max":532.1901245117188},"li":{"min":2.232511281967163,"max":15.939340591430664},"lr":{"min":0.0,"max":1.0919407606124878},"total":{"min":80.67833709716797,"max":548.1046752929688}},"gwa-vestas-v126-mode0-150":{"lg":{"min":63.535194396972656,"max":272.02978515625},"li":{"min":1.7919948101043701,"max":8.047137260437012},"lr":{"min":0.0,"max":0.6118643283843994},"total":{"min":65.54825592041016,"max":280.1055908203125}},"gwa-vestas-v120-mode0-80":{"lg":{"min":63.87380599975586,"max":391.27886962890625},"li":{"min":1.8021868467330933,"max":11.820992469787598},"lr":{"min":0.0,"max":0.7936000823974609},"total":{"min":65.89832305908203,"max":403.3782958984375}},"gsa-pvout":{"lg":{"min":216.92419880485582,"max":260.49704156107055},"li":{"min":6.311270701680728,"max":7.9311604989916225},"lr":{"min":0.0,"max":1.2408907608257709},"total":{"min":223.48856048310907,"max":268.73527897271236}},"gwa-vestas-v126-mode0-80":{"lg":{"min":72.62022399902344,"max":554.244873046875},"li":{"min":2.0654520988464355,"max":16.98457145690918},"lr":{"min":0.0,"max":1.107181191444397},"total":{"min":74.94048309326172,"max":572.1610717773438}},"gwa-offshore-leanwind-8mw-110":{"lg":{"min":78.37748718261719,"max":562.4005737304688},"li":{"min":2.2387442588806152,"max":17.23631477355957},"lr":{"min":0.0,"max":1.1518254280090332},"total":{"min":80.89241790771484,"max":580.5823364257812}},"gwa-vestas-v110-mode0-100":{"lg":{"min":62.185184478759766,"max":335.0543212890625},"li":{"min":1.7513599395751953,"max":10.006525039672852},"lr":{"min":0.0,"max":0.6892268061637878},"total":{"min":64.15260314941406,"max":345.39715576171875}},"gwa-vestas-v136-mode0-100":{"lg":{"min":65.63223266601562,"max":381.4923095703125},"li":{"min":1.8551150560379028,"max":11.41016960144043},"lr":{"min":0.0,"max":0.7815119624137878},"total":{"min":67.71620178222656,"max":393.28594970703125}},"gwa-vestas-v126-mode0-100":{"lg":{"min":69.62430572509766,"max":435.6853332519531},"li":{"min":1.9752753973007202,"max":13.112895965576172},"lr":{"min":0.0,"max":0.8896570205688477},"total":{"min":71.84325408935547,"max":449.1720886230469}},"gwa-vestas-v126-mode0-120":{"lg":{"min":66.68385314941406,"max":355.3658142089844},"li":{"min":1.8867688179016113,"max":10.558926582336426},"lr":{"min":0.0,"max":0.7442499995231628},"total":{"min":68.80338287353516,"max":365.9525451660156}},"gwa-vestas-v120-mode0-120":{"lg":{"min":59.469112396240234,"max":262.24224853515625},"li":{"min":1.6696068048477173,"max":7.773190021514893},"lr":{"min":0.0,"max":0.5737085938453674},