{"worldpop": {"min": -3.4028234663852886e+38, "max": 30301.318359375}, "slope": {"min": 0.0, "max": 41.46463394165039}, "land-cover": {"min": 10.0, "max": 210.0}, "airports": {"min": 500.0, "max": 499988.25}, "ports": {"min": 0.0, "max": 483271.40625}, "anchorages": {"min": 0.0, "max": 333095.34375}, "grid": {"min": 0.0, "max": 441021.53125}, "roads": {"min": 0.0, "max": 226384.625}, "pp-whs": {"min": 0.0, "max": 1050141.25}, "unep-coral": {"min": 0.0, "max": 499745.1875}, "unesco": {"min": 707.1067504882812, "max": 499992.5}, "unesco-ramsar": {"min": 65535.0, "max": 65535.0}, "wwf-glw-1": {"min": 0.0, "max": 499988.5}, "wwf-glw-2": {"min": 0.0, "max": 379846.34375}, "jrc-gsw": {"min": 0.0, "max": 1.0}, "pp-marine-protected": {"min": 0.0, "max": 1.0}, "unep-tidal": {"min": 0.0, "max": 1.0}, "wwf-glw-3": {"min": 1.0, "max": 255.0}, "gsa-pvout": {"min": 0.0, "max": 4.951272487640381}, "gsa-ghi": {"min": 1.2579990625381, "max": 6.170070648193359}, "gsa-gti": {"min": 0.0, "max": 6.309247970581055}, "gsa-temp": {"min": 5.532824993133545, "max": 29.159406661987305}, "gwa-iec1": {"min": 7.01593526173383e-05, "max": 0.4706706404685974}, "gwa-iec2": {"min": 0.00012970685202162713, "max": 0.5106505155563354}, "gwa-iec3": {"min": 0.00016359651635866612, "max": 0.5371856093406677}, "gwa-power-10": {"min": 0.0662563219666481, "max": 875.4767456054688}, "gwa-speed-10": {"min": 0.21940067410469055, "max": 6.211287498474121}, "gwa-power-50": {"min": 0.32029417157173157, "max": 986.8094482421875}, "gwa-speed-50": {"min": 0.4293745160102844, "max": 7.939621925354004}, "gwa-power-100": {"min": 0.5055403709411621, "max": 912.71875}, "gwa-speed-100": {"min": 0.5353546738624573, "max": 8.756221771240234}, "gwa-power-150": {"min": 0.7343465089797974, "max": 866.2698974609375}, "gwa-speed-150": {"min": 0.6132910847663879, "max": 9.166481018066406}, "gwa-power-200": {"min": 1.0440810918807983, "max": 984.9959716796875}, "gwa-speed-200": {"min": 0.6729431748390198, "max": 9.717695236206055}, "gebco": {"min": -2608.0, "max": 4277.0}, "srtm90": {"min": -355.0, "max": 4422.0}, "waterbodies": {"min": 0.0, "max": 2.0}, "gwa-enercon-e44-50": {"min": 8.135648386087269e-06, "max": 0.33938121795654297}, "gwa-enercon-e48-50": {"min": 1.130126474890858e-05, "max": 0.3943440616130829}, "gwa-enercon-e53-50": {"min": 5.953991421847604e-05, "max": 0.4329965114593506}, "gwa-offshore-dtu-10mw-119": {"min": 5.717231033486314e-06, "max": 0.4620451331138611}, "gwa-offshore-iea-15mw-150": {"min": 4.8196805437328294e-05, "max": 0.5305978059768677}, "gwa-offshore-leanwind-8mw-110": {"min": 6.402622148016235e-06, "max": 0.4723445475101471}, "gwa-vestas-v100-mode0-100": {"min": 3.273934999015182e-05, "max": 0.582578718662262}, "gwa-vestas-v100-mode0-120": {"min": 3.5309585655340925e-05, "max": 0.5954825282096863}, "gwa-vestas-v100-mode0-150": {"min": 7.260982965817675e-05, "max": 0.6030867695808411}, "gwa-vestas-v100-mode0-80": {"min": 5.580434299190529e-05, "max": 0.5583117604255676}, "gwa-vestas-v110-mode0-100": {"min": 3.906429265043698e-05, "max": 0.6252713799476624}, "gwa-vestas-v110-mode0-120": {"min": 4.423063001013361e-05, "max": 0.6380346417427063}, "gwa-vestas-v110-mode0-150": {"min": 9.586812666384503e-05, "max": 0.6451228857040405}, "gwa-vestas-v110-mode0-80": {"min": 7.129375444492325e-05, "max": 0.6007822751998901}, "gwa-vestas-v112-mode0-100": {"min": 1.8187765817856416e-05, "max": 0.490839421749115}, "gwa-vestas-v112-mode0-120": {"min": 1.946758129633963e-05, "max": 0.5031940340995789}, "gwa-vestas-v112-mode0-150": {"min": 4.087256456841715e-05, "max": 0.5116254091262817}, "gwa-vestas-v112-mode0-80": {"min": 3.064971315325238e-05, "max": 0.4763767123222351}, "gwa-vestas-v120-mode0-100": {"min": 4.04652273573447e-05, "max": 0.6383106112480164}, "gwa-vestas-v120-mode0-120": {"min": 4.563156471704133e-05, "max": 0.6507824063301086}, "gwa-vestas-v120-mode0-150": {"min": 9.817527461564168e-05, "max": 0.6567462682723999}, "gwa-vestas-v120-mode0-80": {"min": 7.561157690361142e-05, "max": 0.6135604977607727}, "gwa-vestas-v126-mode0-100": {"min": 2.9820668714819476e-05, "max": 0.5480166077613831}, "gwa-vestas-v126-mode0-120": {"min": 2.817098720697686e-05, "max": 0.5607280731201172}, "gwa-vestas-v126-mode0-150": {"min": 6.599254993489012e-05, "max": 0.5686253905296326}, "gwa-vestas-v126-mode0-80": {"min": 4.3707732402253896e-05, "max": 0.5245145559310913}, "gwa-vestas-v136-mode0-100": {"min": 3.687798016471788e-05, "max": 0.586719274520874}, "gwa-vestas-v136-mode0-120": {"min": 3.9915303204907104e-05, "max": 0.5995016098022461}, "gwa-vestas-v136-mode0-150": {"min": 8.13973238109611e-05, "max": 0.6070157885551453}, "gwa-vestas-v136-mode0-80": {"min": 6.305574061116204e-05, "max": 0.5626407265663147}, "air-density": {"min": 0.7599952220916748, "max": 1.157234787940979}, "lcoe": {"gwa-vestas-v100-mode0-120": {"lg": {"min": 62.37074661254883, "max": 10000.0}, "li": {"min": 1.87673020362854, "max": 10000.0}, "lr": {"min": 0.0, "max": 4609.80078125}, "total": {"min": 65.38224029541016, "max": 10000.0}}, "gwa-vestas-v110-mode0-120": {"lg": {"min": 58.47785949707031, "max": 10000.0}, "li": {"min": 1.757718801498413, "max": 10000.0}, "lr": {"min": 0.0, "max": 3680.0322265625}, "total": {"min": 61.28851318359375, "max": 10000.0}}, "gwa-vestas-v112-mode0-120": {"lg": {"min": 73.07625579833984, "max": 10000.0}, "li": {"min": 2.15157151222229, "max": 10000.0}, "lr": {"min": 0.0, "max": 8361.087890625}, "total": {"min": 76.64007568359375, "max": 10000.0}}, "gwa-vestas-v112-mode0-100": {"lg": {"min": 74.81492614746094, "max": 10000.0}, "li": {"min": 2.1774656772613525, "max": 10000.0}, "lr": {"min": 0.0, "max": 8968.341796875}, "total": {"min": 77.56426239013672, "max": 10000.0}}, "gwa-offshore-dtu-10mw-119": {"lg": {"min": 79.22806549072266, "max": 10000.0}, "li": {"min": 2.31769061088562, "max": 10000.0}, "lr": {"min": 0.0, "max": 10000.0}, "total": {"min": 82.30167388916016, "max": 10000.0}}, "gwa-vestas-v126-mode0-150": {"lg": {"min": 65.12769317626953, "max": 10000.0}, "li": {"min": 1.9493739604949951, "max": 10000.0}, "lr": {"min": 0.0, "max": 2648.2802734375}, "total": {"min": 68.28143310546875, "max": 10000.0}}, "gwa-vestas-v120-mode0-80": {"lg": {"min": 60.65090560913086, "max": 10000.0}, "li": {"min": 1.8508797883987427, "max": 10000.0}, "lr": {"min": 0.0, "max": 5711.54345703125}, "total": {"min": 63.57366943359375, "max": 10000.0}}, "gsa-pvout": {"lg": {"min": 156.47801891501692, "max": 10000.0}, "li": {"min": 4.656643848635639, "max": 10000.0}, "lr": {"min": 0.0, "max": 10000.0}, "total": {"min": 164.04757981650906, "max": 10000.0}}, "gwa-vestas-v126-mode0-80": {"lg": {"min": 70.26844024658203, "max": 10000.0}, "li": {"min": 2.061619997024536, "max": 10000.0}, "lr": {"min": 0.0, "max": 9191.1728515625}, "total": {"min": 73.65049743652344, "max": 10000.0}}, "gwa-offshore-leanwind-8mw-110": {"lg": {"min": 77.58773040771484, "max": 10000.0}, "li": {"min": 2.2615878582000732, "max": 10000.0}, "lr": {"min": 0.0, "max": 10000.0}, "total": {"min": 80.40628051757812, "max": 10000.0}}, "gwa-vestas-v110-mode0-100": {"lg": {"min": 59.589881896972656, "max": 10000.0}, "li": {"min": 1.7835781574249268, "max": 10000.0}, "lr": {"min": 0.0, "max": 4166.724609375}, "total": {"min": 62.45790481567383, "max": 10000.0}}, "gwa-vestas-v136-mode0-100": {"lg": {"min": 63.24256896972656, "max": 10000.0}, "li": {"min": 1.887840986251831, "max": 10000.0}, "lr": {"min": 0.0, "max": 4413.74951171875}, "total": {"min": 66.2990493774414, "max": 10000.0}}, "gwa-vestas-v126-mode0-100": {"lg": {"min": 67.42646789550781, "max": 10000.0}, "li": {"min": 2.0045602321624756, "max": 10000.0}, "lr": {"min": 0.0, "max": 5458.2998046875}, "total": {"min": 70.69880676269531, "max": 10000.0}}, "gwa-vestas-v126-mode0-120": {"lg": {"min": 65.9886245727539, "max": 10000.0}, "li": {"min": 1.9762300252914429, "max": 10000.0}, "lr": {"min": 0.0, "max": 5777.93603515625}, "total": {"min": 69.18677520751953, "max": 10000.0}},