{"worldpop": {"min": -3.4028234663852886e+38, "max": 2091.59716796875}, "slope": {"min": 0.12636223435401917, "max": 16.68146514892578}, "land-cover": {"min": 10.607707977294922, "max": 210.0}, "airports": {"min": 0.0, "max": 34677.08203125}, "ports": {"min": 0.0, "max": 28853.076171875}, "anchorages": {"min": 0.0, "max": 16224.9814453125}, "grid": {"min": 0.0, "max": 5700.876953125}, "roads": {"min": 0.0, "max": 2061.552734375}, "pp-whs": {"min": 186280.703125, "max": 221044.109375}, "unep-coral": {"min": 65535.0, "max": 65535.0}, "unesco": {"min": 78790.859375, "max": 97439.7265625}, "unesco-ramsar": {"min": 0.0, "max": 29410.8828125}, "wwf-glw-1": {"min": 118796.046875, "max": 143223.609375}, "wwf-glw-2": {"min": 36769.5546875, "max": 57554.3203125}, "jrc-gsw": {"min": 0.0, "max": 1.0}, "pp-marine-protected": {"min": 0.0, "max": 1.0}, "unep-tidal": {"min": 0.0, "max": 0.0}, "wwf-glw-3": {"min": 255.0, "max": 255.0}, "gsa-pvout": {"min": 2.510423421859741, "max": 2.8352296352386475}, "gsa-ghi": {"min": 2.5837998390197754, "max": 2.775113582611084}, "gsa-gti": {"min": 2.923661708831787, "max": 3.3089115619659424}, "gsa-temp": {"min": 7.002238750457764, "max": 10.600000381469727}, "gwa-iec1": {"min": 0.3856293261051178, "max": 0.6839063167572021}, "gwa-iec2": {"min": 0.43125852942466736, "max": 0.7007164359092712}, "gwa-iec3": {"min": 0.46431440114974976, "max": 0.7252246737480164}, "gwa-power-10": {"min": 64.9454116821289, "max": 1235.8330078125}, "gwa-speed-10": {"min": 3.3105146884918213, "max": 9.50636100769043}, "gwa-power-50": {"min": 284.17230224609375, "max": 1488.451171875}, "gwa-speed-50": {"min": 5.562316417694092, "max": 10.902132987976074}, "gwa-power-100": {"min": 522.9764404296875, "max": 1687.72998046875}, "gwa-speed-100": {"min": 7.469059944152832, "max": 11.807084083557129}, "gwa-power-150": {"min": 775.09423828125, "max": 2014.249267578125}, "gwa-speed-150": {"min": 8.863875389099121, "max": 12.523670196533203}, "gwa-power-200": {"min": 1025.6424560546875, "max": 2270.897705078125}, "gwa-speed-200": {"min": 9.867707252502441, "max": 13.174559593200684}, "gebco": {"min": -22.0, "max": 533.0}, "srtm90": {"min": 3.0, "max": 541.0}, "waterbodies": {"min": 0.0, "max": 1.0}, "gwa-enercon-e44-50": {"min": 0.16528409719467163, "max": 0.5275383591651917}, "gwa-enercon-e48-50": {"min": 0.20235246419906616, "max": 0.5908308625221252}, "gwa-enercon-e53-50": {"min": 0.23387807607650757, "max": 0.6287602186203003}, "gwa-offshore-dtu-10mw-119": {"min": 0.40648597478866577, "max": 0.673957109451294}, "gwa-offshore-iea-15mw-150": {"min": 0.5242239832878113, "max": 0.7268216609954834}, "gwa-offshore-leanwind-8mw-110": {"min": 0.3903590738773346, "max": 0.6752641201019287}, "gwa-vestas-v100-mode0-100": {"min": 0.4595576524734497, "max": 0.7177873849868774}, "gwa-vestas-v100-mode0-120": {"min": 0.5155377388000488, "max": 0.7270203232765198}, "gwa-vestas-v100-mode0-150": {"min": 0.5718052983283997, "max": 0.7360457181930542}, "gwa-vestas-v100-mode0-80": {"min": 0.39061447978019714, "max": 0.704094409942627}, "gwa-vestas-v110-mode0-100": {"min": 0.4967130720615387, "max": 0.7380754351615906}, "gwa-vestas-v110-mode0-120": {"min": 0.5487613081932068, "max": 0.7467538714408875}, "gwa-vestas-v110-mode0-150": {"min": 0.603597104549408, "max": 0.7592549920082092}, "gwa-vestas-v110-mode0-80": {"min": 0.42583465576171875, "max": 0.7253274917602539}, "gwa-vestas-v112-mode0-100": {"min": 0.3875872492790222, "max": 0.6902188658714294}, "gwa-vestas-v112-mode0-120": {"min": 0.44246432185173035, "max": 0.701000452041626}, "gwa-vestas-v112-mode0-150": {"min": 0.5058643817901611, "max": 0.7119479775428772}, "gwa-vestas-v112-mode0-80": {"min": 0.3243185877799988, "max": 0.6760095953941345}, "gwa-vestas-v120-mode0-100": {"min": 0.5025589466094971, "max": 0.7078250646591187}, "gwa-vestas-v120-mode0-120": {"min": 0.5504001975059509, "max": 0.7170618176460266}, "gwa-vestas-v120-mode0-150": {"min": 0.5999508500099182, "max": 0.727321445941925}, "gwa-vestas-v120-mode0-80": {"min": 0.43642616271972656, "max": 0.6952999234199524}, "gwa-vestas-v126-mode0-100": {"min": 0.4332444965839386, "max": 0.7042375206947327}, "gwa-vestas-v126-mode0-120": {"min": 0.489430695772171, "max": 0.7139520645141602}, "gwa-vestas-v126-mode0-150": {"min": 0.5489626526832581, "max": 0.7225193977355957}, "gwa-vestas-v126-mode0-80": {"min": 0.36626413464546204, "max": 0.6894052624702454}, "gwa-vestas-v136-mode0-100": {"min": 0.4654355049133301, "max": 0.7283952236175537}, "gwa-vestas-v136-mode0-120": {"min": 0.5220566391944885, "max": 0.7377605438232422}, "gwa-vestas-v136-mode0-150": {"min": 0.5788652300834656, "max": 0.7464936375617981}, "gwa-vestas-v136-mode0-80": {"min": 0.39616629481315613, "max": 0.7143074870109558}, "air-density": {"min": 1.166068434715271, "max": 1.2263901233673096}, "lcoe": {"gwa-vestas-v100-mode0-120": {"lg": {"min": 51.80988693237305, "max": 71.4223403930664}, "li": {"min": 1.4550588130950928, "max": 2.0582964420318604}, "lr": {"min": 0.0, "max": 0.03883722424507141}, "total": {"min": 53.28526306152344, "max": 73.45173645019531}}, "gwa-vestas-v110-mode0-120": {"lg": {"min": 50.54647445678711, "max": 67.34039306640625}, "li": {"min": 1.415191650390625, "max": 1.9196584224700928}, "lr": {"min": 0.0, "max": 0.036693960428237915}, "total": {"min": 51.98286056518555, "max": 69.2469253540039}}, "gwa-vestas-v112-mode0-120": {"lg": {"min": 53.58450698852539, "max": 82.55719757080078}, "li": {"min": 1.5184552669525146, "max": 2.402057409286499}, "lr": {"min": 0.0, "max": 0.044248320162296295}, "total": {"min": 55.114646911621094, "max": 84.9592514038086}}, "gwa-vestas-v112-mode0-100": {"lg": {"min": 54.359039306640625, "max": 93.6798324584961}, "li": {"min": 1.5375885963439941, "max": 2.7421560287475586}, "lr": {"min": 0.0, "max": 0.04759277030825615}, "total": {"min": 55.91307830810547, "max": 96.42198944091797}}, "gwa-offshore-dtu-10mw-119": {"lg": {"min": 55.57415008544922, "max": 89.51036071777344}, "li": {"min": 1.580489158630371, "max": 2.6146652698516846}, "lr": {"min": 0.0, "max": 0.04748019576072693}, "total": {"min": 57.165687561035156, "max": 92.1250228881836}}, "gwa-vestas-v126-mode0-150": {"lg": {"min": 52.10771942138672, "max": 67.31716918945312}, "li": {"min": 1.4729540348052979, "max": 1.9270168542861938}, "lr": {"min": 0.0, "max": 0.037707459181547165}, "total": {"min": 53.62647247314453, "max": 69.2229995727539}}, "gwa-vestas-v120-mode0-80": {"lg": {"min": 53.991031646728516, "max": 83.64408111572266}, "li": {"min": 1.5128716230392456, "max": 2.435291290283203}, "lr": {"min": 0.0, "max": 0.04064247012138367}, "total": {"min": 55.512367248535156, "max": 86.07937622070312}}, "gsa-pvout": {"lg": {"min": 270.2783326756128, "max": 304.7302327766495}, "li": {"min": 7.893968091564605, "max": 9.380506260694142}, "lr": {"min": 0.0, "max": 0.19723305647374534}, "total": {"min": 278.26805530373866, "max": 314.12061962940743}}, "gwa-vestas-v126-mode0-80": {"lg": {"min": 54.41847229003906, "max": 98.90080261230469}, "li": {"min": 1.52580726146698, "max": 2.9017984867095947}, "lr": {"min": 0.0, "max": 0.04657679423689842}, "total": {"min": 55.952816009521484, "max": 101.80260467529297}}, "gwa-offshore-leanwind-8mw-110": {"lg": {"min": 55.47431564331055, "max": 93.04304504394531}, "li": {"min": 1.576202392578125, "max": 2.7226850986480713}, "lr": {"min": 0.0, "max": 0.048345908522605896}, "total": {"min": 57.062774658203125, "max": 95.76573181152344}}, "gwa-vestas-v110-mode0-100": {"lg": {"min": 51.09377670288086, "max": 73.97754669189453}, "li": {"min": 1.4267771244049072, "max": 2.1397159099578857}, "lr": {"min": 0.0, "max": 0.03872174769639969}, "total": {"min": 52.54705047607422, "max": 76.11726379394531}}, "gwa-vestas-v136-mode0-100": {"lg": {"min": 51.71964645385742, "max": 78.6800765991211}, "li": {"min": 1.4480066299438477, "max": 2.283505916595459}, "lr": {"min": 0.0, "max": 0.04082281142473221}, "total": {"min": 53.192237854003906, "max": 80.96358489990234}},