{"worldpop": {"min": -3.4028234663852886e+38, "max": 129570.65625}, "slope": {"min": 0.0, "max": 55.28732681274414}, "land-cover": {"min": 10.0, "max": 210.0}, "airports": {"min": 0.0, "max": 500000.0}, "ports": {"min": 500.0, "max": 499993.25}, "anchorages": {"min": 0.0, "max": 499996.5}, "grid": {"min": 0.0, "max": 500000.0}, "roads": {"min": 0.0, "max": 500000.0}, "pp-whs": {"min": 0.0, "max": 958478.625}, "unep-coral": {"min": 0.0, "max": 500000.0}, "unesco": {"min": 500.0, "max": 499995.25}, "unesco-ramsar": {"min": 65535.0, "max": 499985.25}, "wwf-glw-1": {"min": 0.0, "max": 499999.25}, "wwf-glw-2": {"min": 0.0, "max": 499999.25}, "jrc-gsw": {"min": 0.0, "max": 255.0}, "pp-marine-protected": {"min": 0.0, "max": 1.0}, "unep-tidal": {"min": 0.0, "max": 1.0}, "wwf-glw-3": {"min": 1.0, "max": 255.0}, "gsa-pvout": {"min": 0.0, "max": 4.896447658538818}, "gsa-ghi": {"min": 0.0, "max": 5.768124580383301}, "gsa-gti": {"min": 0.0, "max": 6.233926773071289}, "gsa-temp": {"min": 13.2839937210083, "max": 29.799999237060547}, "gwa-iec1": {"min": 0.0, "max": 0.7515096664428711}, "gwa-iec2": {"min": 0.0, "max": 0.7652925848960876}, "gwa-iec3": {"min": 0.0, "max": 0.792260468006134}, "gwa-power-10": {"min": 0.0, "max": 7109.140625}, "gwa-speed-10": {"min": 0.0, "max": 13.319717407226562}, "gwa-power-50": {"min": 0.0, "max": 5146.88330078125}, "gwa-speed-50": {"min": 0.0, "max": 14.71688461303711}, "gwa-power-100": {"min": 0.0, "max": 4658.6435546875}, "gwa-speed-100": {"min": 0.0, "max": 15.093714714050293}, "gwa-power-150": {"min": 0.0, "max": 4484.45556640625}, "gwa-speed-150": {"min": 0.0, "max": 15.25395679473877}, "gwa-power-200": {"min": 0.0, "max": 4297.79638671875}, "gwa-speed-200": {"min": 0.0, "max": 15.452625274658203}, "gebco": {"min": -4781.0, "max": 2511.0}, "srtm90": {"min": -30.0, "max": 2551.0}, "waterbodies": {"min": 0.0, "max": 2.0}, "gwa-enercon-e44-50": {"min": 0.00030335166957229376, "max": 0.6012013554573059}, "gwa-enercon-e48-50": {"min": 0.00041298751602880657, "max": 0.6573413014411926}, "gwa-enercon-e53-50": {"min": 0.001019140938296914, "max": 0.6883624196052551}, "gwa-offshore-dtu-10mw-119": {"min": 0.0006902534514665604, "max": 0.7344526052474976}, "gwa-offshore-iea-15mw-150": {"min": 0.001927458681166172, "max": 0.7840033769607544}, "gwa-offshore-leanwind-8mw-110": {"min": 0.0007275175885297358, "max": 0.7368927597999573}, "gwa-vestas-v100-mode0-100": {"min": 0.002125759609043598, "max": 0.7861326336860657}, "gwa-vestas-v100-mode0-120": {"min": 0.002418681513518095, "max": 0.7968755960464478}, "gwa-vestas-v100-mode0-150": {"min": 0.00281034829095006, "max": 0.8081058859825134}, "gwa-vestas-v100-mode0-80": {"min": 0.0016117837512865663, "max": 0.768453061580658}, "gwa-vestas-v110-mode0-100": {"min": 0.0027904666494578123, "max": 0.8188081979751587}, "gwa-vestas-v110-mode0-120": {"min": 0.0031723601277917624, "max": 0.8279672861099243}, "gwa-vestas-v110-mode0-150": {"min": 0.003671912243589759, "max": 0.8355660438537598}, "gwa-vestas-v110-mode0-80": {"min": 0.0021377268712967634, "max": 0.8028461933135986}, "gwa-vestas-v112-mode0-100": {"min": 0.001288380939513445, "max": 0.742174506187439}, "gwa-vestas-v112-mode0-120": {"min": 0.0014672607649117708, "max": 0.7565966248512268}, "gwa-vestas-v112-mode0-150": {"min": 0.0017148223705589771, "max": 0.7734206914901733}, "gwa-vestas-v112-mode0-80": {"min": 0.0009625124512240291, "max": 0.724449098110199}, "gwa-vestas-v120-mode0-100": {"min": 0.002966612111777067, "max": 0.8203452229499817}, "gwa-vestas-v120-mode0-120": {"min": 0.0033731001894921064, "max": 0.826339602470398}, "gwa-vestas-v120-mode0-150": {"min": 0.003908163867890835, "max": 0.8303680419921875}, "gwa-vestas-v120-mode0-80": {"min": 0.0022654838394373655, "max": 0.8070277571678162}, "gwa-vestas-v126-mode0-100": {"min": 0.0018876277608796954, "max": 0.7587894201278687}, "gwa-vestas-v126-mode0-120": {"min": 0.0021367166191339493, "max": 0.7712963223457336}, "gwa-vestas-v126-mode0-150": {"min": 0.0024920133873820305, "max": 0.7854553461074829}, "gwa-vestas-v126-mode0-80": {"min": 0.001436184742487967, "max": 0.7397045493125916}, "gwa-vestas-v136-mode0-100": {"min": 0.0022884465288370848, "max": 0.7900749444961548}, "gwa-vestas-v136-mode0-120": {"min": 0.0026024924591183662, "max": 0.8010316491127014}, "gwa-vestas-v136-mode0-150": {"min": 0.0030167503282427788, "max": 0.8129809498786926}, "gwa-vestas-v136-mode0-80": {"min": 0.0017472888575866818, "max": 0.7724530100822449}, "air-density": {"min": 0.9098158478736877, "max": 1.154331922531128}}