{"worldpop": {"min": -3.4028234663852886e+38, "max": 7637.646484375}, "slope": {"min": 0.0, "max": 42.17534637451172}, "land-cover": {"min": 10.558229446411133, "max": 210.0}, "airports": {"min": 0.0, "max": 500000.0}, "ports": {"min": 0.0, "max": 500000.0}, "anchorages": {"min": 0.0, "max": 500000.0}, "grid": {"min": 0.0, "max": 500000.0}, "roads": {"min": 0.0, "max": 500000.0}, "pp-whs": {"min": 3201.562255859375, "max": 850621.6875}, "unep-coral": {"min": 65535.0, "max": 65535.0}, "unesco": {"min": 500.0, "max": 500000.0}, "unesco-ramsar": {"min": 0.0, "max": 499999.25}, "wwf-glw-1": {"min": 0.0, "max": 500000.0}, "wwf-glw-2": {"min": 0.0, "max": 500000.0}, "jrc-gsw": {"min": 0.0, "max": 255.0}, "pp-marine-protected": {"min": 0.0, "max": 1.0}, "unep-tidal": {"min": 0.0, "max": 1.0}, "wwf-glw-3": {"min": 1.0, "max": 255.0}, "gsa-pvout": {"min": 1.8297349214553833, "max": 2.9560000896453857}, "gsa-ghi": {"min": 2.107771873474121, "max": 2.953000068664551}, "gsa-gti": {"min": 2.148448944091797, "max": 3.4690001010894775}, "gsa-temp": {"min": 5.16577672958374, "max": 13.300000190734863}, "gwa-iec1": {"min": -999.0, "max": 0.7315641045570374}, "gwa-iec2": {"min": -999.0, "max": 0.7250843644142151}, "gwa-iec3": {"min": -999.0, "max": 0.7481857538223267}, "gwa-power-10": {"min": 27.761951446533203, "max": 3927.50537109375}, "gwa-speed-10": {"min": 2.2956814765930176, "max": 13.964262962341309}, "gwa-power-50": {"min": 185.98733520507812, "max": 3637.15185546875}, "gwa-speed-50": {"min": 4.793695449829102, "max": 14.5861177444458}, "gwa-power-100": {"min": 344.24273681640625, "max": 3704.265380859375}, "gwa-speed-100": {"min": 6.530433654785156, "max": 15.261307716369629}, "gwa-power-150": {"min": 518.0654907226562, "max": 3686.0703125}, "gwa-speed-150": {"min": 7.820011615753174, "max": 15.540380477905273}, "gwa-power-200": {"min": 713.9146728515625, "max": 3788.954345703125}, "gwa-speed-200": {"min": 8.791857719421387, "max": 15.71827220916748}, "gebco": {"min": -4509.0, "max": 834.0}, "srtm90": {"min": -9.0, "max": 866.0}, "waterbodies": {"min": 0.0, "max": 2.0}, "gwa-enercon-e44-50": {"min": 0.12255436182022095, "max": 0.5821347832679749}, "gwa-enercon-e48-50": {"min": 0.1524953693151474, "max": 0.6388110518455505}, "gwa-enercon-e53-50": {"min": 0.1802911013364792, "max": 0.6710342764854431}, "gwa-offshore-dtu-10mw-119": {"min": 0.325251042842865, "max": 0.7140880227088928}, "gwa-offshore-iea-15mw-150": {"min": 0.44667261838912964, "max": 0.7711672186851501}, "gwa-offshore-leanwind-8mw-110": {"min": 0.3113964796066284, "max": 0.7169973850250244}, "gwa-vestas-v100-mode0-100": {"min": 0.38379329442977905, "max": 0.7384840250015259}, "gwa-vestas-v100-mode0-120": {"min": 0.43054312467575073, "max": 0.7542375922203064}, "gwa-vestas-v100-mode0-150": {"min": 0.4931747615337372, "max": 0.7718338966369629}, "gwa-vestas-v100-mode0-80": {"min": 0.3251531720161438, "max": 0.7207926511764526}, "gwa-vestas-v110-mode0-100": {"min": 0.4151468575000763, "max": 0.7651554942131042}, "gwa-vestas-v110-mode0-120": {"min": 0.4627006947994232, "max": 0.7812004089355469}, "gwa-vestas-v110-mode0-150": {"min": 0.5259373188018799, "max": 0.7961152791976929}, "gwa-vestas-v110-mode0-80": {"min": 0.3594968914985657, "max": 0.7480356693267822}, "gwa-vestas-v112-mode0-100": {"min": 0.3122788369655609, "max": 0.7258264422416687}, "gwa-vestas-v112-mode0-120": {"min": 0.361788809299469, "max": 0.7372416257858276}, "gwa-vestas-v112-mode0-150": {"min": 0.42778480052948, "max": 0.7582069635391235}, "gwa-vestas-v112-mode0-80": {"min": 0.26236945390701294, "max": 0.7090515494346619}, "gwa-vestas-v120-mode0-100": {"min": 0.42173561453819275, "max": 0.7442219257354736}, "gwa-vestas-v120-mode0-120": {"min": 0.4675505459308624, "max": 0.7589728236198425}, "gwa-vestas-v120-mode0-150": {"min": 0.5277532935142517, "max": 0.7714365124702454}, "gwa-vestas-v120-mode0-80": {"min": 0.3715915381908417, "max": 0.7239493131637573}, "gwa-vestas-v126-mode0-100": {"min": 0.358070969581604, "max": 0.7259716987609863}, "gwa-vestas-v126-mode0-120": {"min": 0.408020555973053, "max": 0.7406901717185974}, "gwa-vestas-v126-mode0-150": {"min": 0.4699285626411438, "max": 0.7567061185836792}, "gwa-vestas-v126-mode0-80": {"min": 0.3019326329231262, "max": 0.7069377303123474}, "gwa-vestas-v136-mode0-100": {"min": 0.3891426622867584, "max": 0.7494102716445923}, "gwa-vestas-v136-mode0-120": {"min": 0.4362644851207733, "max": 0.7629680037498474}, "gwa-vestas-v136-mode0-150": {"min": 0.4994030296802521, "max": 0.7809724807739258}, "gwa-vestas-v136-mode0-80": {"min": 0.3303907513618469, "max": 0.7312712073326111}, "air-density": {"min": 1.13105309009552, "max": 1.2301080226898193}}