{"worldpop": {"min": -3.4028234663852886e+38, "max": 9432.849609375}, "slope": {"min": 0.0, "max": 46.595340728759766}, "land-cover": {"min": 10.0, "max": 210.0}, "airports": {"min": 500.0, "max": 322187.84375}, "ports": {"min": 0.0, "max": 499990.25}, "anchorages": {"min": 0.0, "max": 500000.0}, "grid": {"min": 0.0, "max": 100151.140625}, "roads": {"min": 0.0, "max": 90005.5546875}, "pp-whs": {"min": 0.0, "max": 812945.875}, "unep-coral": {"min": 0.0, "max": 500000.0}, "unesco": {"min": 500.0, "max": 482656.1875}, "unesco-ramsar": {"min": 0.0, "max": 500000.0}, "wwf-glw-1": {"min": 0.0, "max": 499988.25}, "wwf-glw-2": {"min": 0.0, "max": 486210.34375}, "jrc-gsw": {"min": 0.0, "max": 1.0}, "pp-marine-protected": {"min": 0.0, "max": 0.0}, "unep-tidal": {"min": 0.0, "max": 1.0}, "wwf-glw-3": {"min": 1.0, "max": 255.0}, "gsa-pvout": {"min": 0.0, "max": 5.701640605926514}, "gsa-ghi": {"min": 1.2579990625381, "max": 6.314320087432861}, "gsa-gti": {"min": 0.0, "max": 7.067690849304199}, "gsa-temp": {"min": -11.711495399475098, "max": 28.967124938964844}, "gwa-iec1": {"min": 0.001987143186852336, "max": 0.7280314564704895}, "gwa-iec2": {"min": 0.002437173156067729, "max": 0.7509046196937561}, "gwa-iec3": {"min": 0.0027584657073020935, "max": 0.7733192443847656}, "gwa-power-10": {"min": 0.7325732707977295, "max": 5887.32421875}, "gwa-speed-10": {"min": 0.3615224063396454, "max": 14.800865173339844}, "gwa-power-50": {"min": 2.6121649742126465, "max": 4317.52685546875}, "gwa-speed-50": {"min": 0.6104606986045837, "max": 14.788224220275879}, "gwa-power-100": {"min": 4.436310768127441, "max": 3959.283203125}, "gwa-speed-100": {"min": 0.8481764197349548, "max": 15.17121696472168}, "gwa-power-150": {"min": 5.915812015533447, "max": 3823.615234375}, "gwa-speed-150": {"min": 0.9568381309509277, "max": 15.450491905212402}, "gwa-power-200": {"min": 7.536049842834473, "max": 3757.040283203125}, "gwa-speed-200": {"min": 1.0591773986816406, "max": 16.168785095214844}, "gebco": {"min": -77.0, "max": 5243.0}, "srtm90": {"min": -31.0, "max": 5265.0}, "waterbodies": {"min": 0.0, "max": 2.0}, "gwa-enercon-e44-50": {"min": 0.0006859481800347567, "max": 0.5526752471923828}, "gwa-enercon-e48-50": {"min": 0.0009345327271148562, "max": 0.6069328188896179}, "gwa-enercon-e53-50": {"min": 0.0022194543853402138, "max": 0.6483480334281921}, "gwa-offshore-dtu-10mw-119": {"min": 0.0014148771297186613, "max": 0.7109666466712952}, "gwa-offshore-iea-15mw-150": {"min": 0.004636031109839678, "max": 0.7729877829551697}, "gwa-offshore-leanwind-8mw-110": {"min": 0.0014788598055019975, "max": 0.715345561504364}, "gwa-vestas-v100-mode0-100": {"min": 0.004354463424533606, "max": 0.7666670083999634}, "gwa-vestas-v100-mode0-120": {"min": 0.005304820369929075, "max": 0.7771305441856384}, "gwa-vestas-v100-mode0-150": {"min": 0.006769181229174137, "max": 0.7862830758094788}, "gwa-vestas-v100-mode0-80": {"min": 0.0033969928044825792, "max": 0.7458868026733398}, "gwa-vestas-v110-mode0-100": {"min": 0.005713706836104393, "max": 0.7983754277229309}, "gwa-vestas-v110-mode0-120": {"min": 0.006950937677174807, "max": 0.8084521293640137}, "gwa-vestas-v110-mode0-150": {"min": 0.008829156868159771, "max": 0.818178653717041}, "gwa-vestas-v110-mode0-80": {"min": 0.004459434654563665, "max": 0.7798230051994324}, "gwa-vestas-v112-mode0-100": {"min": 0.0026340694166719913, "max": 0.7203534245491028}, "gwa-vestas-v112-mode0-120": {"min": 0.003216060111299157, "max": 0.7415981888771057}, "gwa-vestas-v112-mode0-150": {"min": 0.004134619142860174, "max": 0.7597652673721313}, "gwa-vestas-v112-mode0-80": {"min": 0.002053634962067008, "max": 0.6996750831604004}, "gwa-vestas-v120-mode0-100": {"min": 0.006085386965423822, "max": 0.7881841063499451}, "gwa-vestas-v120-mode0-120": {"min": 0.007404123432934284, "max": 0.7931958436965942}, "gwa-vestas-v120-mode0-150": {"min": 0.00940980389714241, "max": 0.7934369444847107}, "gwa-vestas-v120-mode0-80": {"min": 0.004744512494653463, "max": 0.769353985786438}, "gwa-vestas-v126-mode0-100": {"min": 0.003859182121232152, "max": 0.7443184852600098}, "gwa-vestas-v126-mode0-120": {"min": 0.004693846683949232, "max": 0.7587788701057434}, "gwa-vestas-v126-mode0-150": {"min": 0.005986434873193502, "max": 0.7672987580299377}, "gwa-vestas-v126-mode0-80": {"min": 0.0030120117589831352, "max": 0.722874641418457}, "gwa-vestas-v136-mode0-100": {"min": 0.004678983706980944, "max": 0.7718876004219055}, "gwa-vestas-v136-mode0-120": {"min": 0.005693793762475252, "max": 0.7847678661346436}, "gwa-vestas-v136-mode0-150": {"min": 0.0072433301247656345, "max": 0.793192982673645}, "gwa-vestas-v136-mode0-80": {"min": 0.0036522983573377132, "max": 0.7519235014915466}, "air-density": {"min": 0.7075056433677673, "max": 1.206413745880127}, "lcoe": {"gwa-vestas-v100-mode0-120": {"lg": {"min": 48.727054595947266, "max": 6556.29736328125}, "li": {"min": 1.3440190553665161, "max": 194.0943603515625}, "lr": {"min": 0.0, "max": 20.109548568725586}, "total": {"min": 50.104942321777344, "max": 6761.3173828125}}, "gwa-vestas-v110-mode0-120": {"lg": {"min": 46.99420928955078, "max": 5004.5859375}, "li": {"min": 1.2972468137741089, "max": 148.12904357910156}, "lr": {"min": 0.0, "max": 16.155183792114258}, "total": {"min": 48.37246322631836, "max": 5161.05322265625}}, "gwa-vestas-v112-mode0-120": {"lg": {"min": 50.87007141113281, "max": 10000.0}, "li": {"min": 1.4025533199310303, "max": 320.15435791015625}, "lr": {"min": 0.0, "max": 30.586612701416016}, "total": {"min": 52.32343673706055, "max": 10000.0}}, "gwa-vestas-v112-mode0-100": {"lg": {"min": 52.25236892700195, "max": 10000.0}, "li": {"min": 1.4439176321029663, "max": 390.8916320800781}, "lr": {"min": 0.0, "max": 35.8624382019043}, "total": {"min": 53.74859619140625, "max": 10000.0}}, "gwa-offshore-dtu-10mw-119": {"lg": {"min": 52.889434814453125, "max": 10000.0}, "li": {"min": 1.4629813432693481, "max": 727.7208862304688}, "lr": {"min": 0.0, "max": 46.478599548339844}, "total": {"min": 54.405418395996094, "max": 10000.0}}, "gwa-vestas-v126-mode0-150": {"lg": {"min": 49.30016326904297, "max": 5810.25341796875}, "li": {"min": 1.3613066673278809, "max": 171.9947967529297}, "lr": {"min": 0.0, "max": 18.544689178466797}, "total": {"min": 50.697967529296875, "max": 5991.93017578125}}, "gwa-vestas-v120-mode0-80": {"lg": {"min": 49.17914962768555, "max": 7330.09716796875}, "li": {"min": 1.3765504360198975, "max": 217.01611328125}, "lr": {"min": 0.0, "max": 21.361900329589844}, "total": {"min": 50.67688751220703, "max": 7559.32958984375}}, "gsa-pvout": {"lg": {"min": 136.41105011759194, "max": 10000.0}, "li": {"min": 4.026054966061452, "max": 10000.0}, "lr": {"min": 0.0, "max": 10000.0}, "total": {"min": 140.89533386154605, "max": 10000.0}}, "gwa-vestas-v126-mode0-80": {"lg": {"min": 52.08407974243164, "max": 10000.0}, "li": {"min": 1.4448955059051514, "max": 341.84320068359375}, "lr": {"min": 0.0, "max": 32.07059097290039}, "total": {"min": 53.56538391113281, "max": 10000.0}}, "gwa-offshore-leanwind-8mw-110": {"lg": {"min": 52.59016799926758, "max": 10000.0}, "li": {"min": 1.4540259838104248, "max": 696.2362060546875}, "lr": {"min": 0.0, "max": 46.510215759277344}, "total": {"min": 54.09687042236328, "max": 10000.0}}, "gwa-vestas-v110-mode0-100": {"lg": {"min": 47.536861419677734, "max": 6087.3994140625}, "li": {"min": 1.3082544803619385, "max": 180.20449829101562}, "lr": {"min": 0.0, "max": 18.852188110351562}, "total": {"min": 48.878082275390625, "max": 6277.748046875}}, "gwa-vestas-v136-mode0-100": {"lg": {"min": 49.03085708618164, "max": 7432.69873046875}, "li": {"min": 1.3531482219696045, "max": 220.055419921875}, "lr": {"min": 0.0, "max": 22.413217544555664}, "total": {"min": 50.4181022644043, "max": 7665.14111328125}}, "gwa-vestas-v126-mode0-100": {"lg": {"min": 50.69877243041992, "max": 9010.7685546875}, "li": {"min": 1.4029834270477295, "max": 266.801513671875}, "lr": {"min": 0.0, "max": 26.591739654541016}, "total": {"min": 52.13739776611328,