{"worldpop": {"min": -3.4028234663852886e+38, "max": 9562.296875}, "slope": {"min": 0.0, "max": 48.29111862182617}, "land-cover": {"min": 10.0, "max": 210.0}, "airports": {"min": 0.0, "max": 297847.6875}, "ports": {"min": 0.0, "max": 499996.5}, "anchorages": {"min": 0.0, "max": 499999.25}, "grid": {"min": 0.0, "max": 189713.59375}, "roads": {"min": 0.0, "max": 190127.59375}, "pp-whs": {"min": 0.0, "max": 820547.375}, "unep-coral": {"min": 0.0, "max": 499999.25}, "unesco": {"min": 0.0, "max": 425436.5625}, "unesco-ramsar": {"min": 0.0, "max": 499993.25}, "wwf-glw-1": {"min": 0.0, "max": 499996.5}, "wwf-glw-2": {"min": 0.0, "max": 499993.25}, "jrc-gsw": {"min": 0.0, "max": 255.0}, "pp-marine-protected": {"min": 0.0, "max": 1.0}, "unep-tidal": {"min": 0.0, "max": 1.0}, "wwf-glw-3": {"min": 1.0, "max": 255.0}, "gsa-pvout": {"min": 2.6046500205993652, "max": 5.68952751159668}, "gsa-ghi": {"min": 3.1206467151641846, "max": 6.254742622375488}, "gsa-gti": {"min": 3.1961498260498047, "max": 6.997195243835449}, "gsa-temp": {"min": -12.921300888061523, "max": 28.976839065551758}, "gwa-iec1": {"min": 0.001781021011993289, "max": 0.7187394499778748}, "gwa-iec2": {"min": 0.002289810450747609, "max": 0.7501299977302551}, "gwa-iec3": {"min": 0.002638702280819416, "max": 0.7769830822944641}, "gwa-power-10": {"min": 0.7325732707977295, "max": 7367.689453125}, "gwa-speed-10": {"min": 0.40235424041748047, "max": 14.660598754882812}, "gwa-power-50": {"min": 2.6693332195281982, "max": 5064.2880859375}, "gwa-speed-50": {"min": 0.5654484629631042, "max": 14.547115325927734}, "gwa-power-100": {"min": 4.603238105773926, "max": 4331.20361328125}, "gwa-speed-100": {"min": 0.8496637940406799, "max": 15.08613109588623}, "gwa-power-150": {"min": 5.937946796417236, "max": 4118.44921875}, "gwa-speed-150": {"min": 0.9766224026679993, "max": 15.901398658752441}, "gwa-power-200": {"min": 7.228448390960693, "max": 4111.921875}, "gwa-speed-200": {"min": 1.0772984027862549, "max": 16.587909698486328}, "gebco": {"min": -3588.0, "max": 5354.0}, "srtm90": {"min": -79.0, "max": 5170.0}, "waterbodies": {"min": 0.0, "max": 2.0}, "gwa-enercon-e44-50": {"min": 0.0011769561097025871, "max": 0.5266295671463013}, "gwa-enercon-e48-50": {"min": 0.0015916258562356234, "max": 0.5906184315681458}, "gwa-enercon-e53-50": {"min": 0.0024963216856122017, "max": 0.634793758392334}, "gwa-offshore-dtu-10mw-119": {"min": 0.0021438065450638533, "max": 0.6988365650177002}, "gwa-offshore-iea-15mw-150": {"min": 0.0048687150701880455, "max": 0.7500432729721069}, "gwa-offshore-leanwind-8mw-110": {"min": 0.0022454436402767897, "max": 0.7068643569946289}, "gwa-vestas-v100-mode0-100": {"min": 0.005097206681966782, "max": 0.7670524716377258}, "gwa-vestas-v100-mode0-120": {"min": 0.005945080425590277, "max": 0.7749674916267395}, "gwa-vestas-v100-mode0-150": {"min": 0.006854172796010971, "max": 0.7771357297897339}, "gwa-vestas-v100-mode0-80": {"min": 0.0039848508313298225, "max": 0.7487371563911438}, "gwa-vestas-v110-mode0-100": {"min": 0.006274975836277008, "max": 0.7966394424438477}, "gwa-vestas-v110-mode0-120": {"min": 0.007301576901227236, "max": 0.8042615652084351}, "gwa-vestas-v110-mode0-150": {"min": 0.008397434838116169, "max": 0.806489884853363}, "gwa-vestas-v110-mode0-80": {"min": 0.004911493044346571, "max": 0.7791821956634521}, "gwa-vestas-v112-mode0-100": {"min": 0.003328692400828004, "max": 0.7205127477645874}, "gwa-vestas-v112-mode0-120": {"min": 0.0037638479843735695, "max": 0.7302936315536499}, "gwa-vestas-v112-mode0-150": {"min": 0.004401485901325941, "max": 0.7344847321510315}, "gwa-vestas-v112-mode0-80": {"min": 0.0026644051540642977, "max": 0.6992318034172058}, "gwa-vestas-v120-mode0-100": {"min": 0.006677239667624235, "max": 0.7691915035247803}, "gwa-vestas-v120-mode0-120": {"min": 0.0077748484909534454, "max": 0.7750838398933411}, "gwa-vestas-v120-mode0-150": {"min": 0.0089410450309515, "max": 0.7784756422042847}, "gwa-vestas-v120-mode0-80": {"min": 0.005231460556387901, "max": 0.7548856139183044}, "gwa-vestas-v126-mode0-100": {"min": 0.004521988797932863, "max": 0.7482865452766418}, "gwa-vestas-v126-mode0-120": {"min": 0.005243790801614523, "max": 0.7568451166152954}, "gwa-vestas-v126-mode0-150": {"min": 0.006082832347601652, "max": 0.7595781683921814}, "gwa-vestas-v126-mode0-80": {"min": 0.0035356259904801846, "max": 0.7288723587989807}, "gwa-vestas-v136-mode0-100": {"min": 0.005322760436683893, "max": 0.7748358845710754}, "gwa-vestas-v136-mode0-120": {"min": 0.006202585529536009, "max": 0.7828599810600281}, "gwa-vestas-v136-mode0-150": {"min": 0.0071433172561228275, "max": 0.7852118015289307}, "gwa-vestas-v136-mode0-80": {"min": 0.004165370017290115, "max": 0.7563783526420593}, "air-density": {"min": 0.7009764909744263, "max": 1.206413745880127}}