{"worldpop": {"min": -3.4028234663852886e+38, "max": 7915.33203125}, "slope": {"min": 0.0, "max": 40.33944320678711}, "land-cover": {"min": 10.0, "max": 210.0}, "airports": {"min": 0.0, "max": 313382.34375}, "ports": {"min": 0.0, "max": 500000.0}, "anchorages": {"min": 0.0, "max": 500000.0}, "grid": {"min": 0.0, "max": 115426.3828125}, "roads": {"min": 0.0, "max": 71515.734375}, "pp-whs": {"min": 0.0, "max": 677054.25}, "unep-coral": {"min": 50212.05078125, "max": 499999.25}, "unesco": {"min": 0.0, "max": 379521.09375}, "unesco-ramsar": {"min": 0.0, "max": 500000.0}, "wwf-glw-1": {"min": 0.0, "max": 336407.875}, "wwf-glw-2": {"min": 0.0, "max": 243241.65625}, "jrc-gsw": {"min": 0.0, "max": 1.0}, "pp-marine-protected": {"min": 0.0, "max": 0.0}, "unep-tidal": {"min": 0.0, "max": 1.0}, "wwf-glw-3": {"min": 1.0, "max": 255.0}, "gsa-pvout": {"min": 3.5059521198272705, "max": 5.288213729858398}, "gsa-ghi": {"min": 4.10698938369751, "max": 5.921968936920166}, "gsa-gti": {"min": 4.406369209289551, "max": 6.73359489440918}, "gsa-temp": {"min": -0.25666725635528564, "max": 27.299999237060547}, "gwa-iec1": {"min": 0.008023714646697044, "max": 0.5882506370544434}, "gwa-iec2": {"min": 0.01006547175347805, "max": 0.5915775299072266}, "gwa-iec3": {"min": 0.011552181094884872, "max": 0.6175496578216553}, "gwa-power-10": {"min": 2.6764135360717773, "max": 4457.32763671875}, "gwa-speed-10": {"min": 0.4924197494983673, "max": 12.238670349121094}, "gwa-power-50": {"min": 8.218384742736816, "max": 3114.475341796875}, "gwa-speed-50": {"min": 0.8148508667945862, "max": 12.693284034729004}, "gwa-power-100": {"min": 9.853304862976074, "max": 2691.623046875}, "gwa-speed-100": {"min": 1.0317448377609253, "max": 13.092011451721191}, "gwa-power-150": {"min": 12.855252265930176, "max": 2522.2001953125}, "gwa-speed-150": {"min": 1.1340991258621216, "max": 13.56991195678711}, "gwa-power-200": {"min": 18.051149368286133, "max": 2479.341552734375}, "gwa-speed-200": {"min": 1.2481834888458252, "max": 13.932280540466309}, "gebco": {"min": -32.0, "max": 3457.0}, "srtm90": {"min": -34.0, "max": 3496.0}, "waterbodies": {"min": 0.0, "max": 2.0}, "gwa-enercon-e44-50": {"min": 0.0042603458277881145, "max": 0.4327101707458496}, "gwa-enercon-e48-50": {"min": 0.005476257763803005, "max": 0.4871654510498047}, "gwa-enercon-e53-50": {"min": 0.007500183768570423, "max": 0.5224226117134094}, "gwa-offshore-dtu-10mw-119": {"min": 0.0075092012993991375, "max": 0.5531930327415466}, "gwa-offshore-iea-15mw-150": {"min": 0.01238645613193512, "max": 0.616733729839325}, "gwa-offshore-leanwind-8mw-110": {"min": 0.007513644639402628, "max": 0.569526195526123}, "gwa-vestas-v100-mode0-100": {"min": 0.012089712545275688, "max": 0.6072694063186646}, "gwa-vestas-v100-mode0-120": {"min": 0.013304142281413078, "max": 0.6270791292190552}, "gwa-vestas-v100-mode0-150": {"min": 0.01595095731317997, "max": 0.6482618451118469}, "gwa-vestas-v100-mode0-80": {"min": 0.010902554728090763, "max": 0.5855296850204468}, "gwa-vestas-v110-mode0-100": {"min": 0.014322526752948761, "max": 0.6663738489151001}, "gwa-vestas-v110-mode0-120": {"min": 0.015735993161797523, "max": 0.6785944700241089}, "gwa-vestas-v110-mode0-150": {"min": 0.018739646300673485, "max": 0.6863030195236206}, "gwa-vestas-v110-mode0-80": {"min": 0.013113833963871002, "max": 0.6453395485877991}, "gwa-vestas-v112-mode0-100": {"min": 0.008660254068672657, "max": 0.5735065340995789}, "gwa-vestas-v112-mode0-120": {"min": 0.0095586022362113, "max": 0.5882282257080078}, "gwa-vestas-v112-mode0-150": {"min": 0.011604067869484425, "max": 0.6056840419769287}, "gwa-vestas-v112-mode0-80": {"min": 0.007594762835651636, "max": 0.5551514029502869}, "gwa-vestas-v120-mode0-100": {"min": 0.015119935385882854, "max": 0.6439908146858215}, "gwa-vestas-v120-mode0-120": {"min": 0.016606269404292107, "max": 0.6664397120475769}, "gwa-vestas-v120-mode0-150": {"min": 0.019728239625692368, "max": 0.6712101101875305}, "gwa-vestas-v120-mode0-80": {"min": 0.013881761580705643, "max": 0.6053391098976135}, "gwa-vestas-v126-mode0-100": {"min": 0.010851343162357807, "max": 0.5841622352600098}, "gwa-vestas-v126-mode0-120": {"min": 0.011941438540816307, "max": 0.6040603518486023}, "gwa-vestas-v126-mode0-150": {"min": 0.01436649076640606, "max": 0.6257782578468323}, "gwa-vestas-v126-mode0-80": {"min": 0.009721176698803902, "max": 0.565445065498352}, "gwa-vestas-v136-mode0-100": {"min": 0.012467404827475548, "max": 0.6139698624610901}, "gwa-vestas-v136-mode0-120": {"min": 0.013712010346353054, "max": 0.6338918805122375}, "gwa-vestas-v136-mode0-150": {"min": 0.016410348936915398, "max": 0.6553303599357605}, "gwa-vestas-v136-mode0-80": {"min": 0.011284006759524345, "max": 0.5934668183326721}, "air-density": {"min": 0.8426191210746765, "max": 1.1650710105895996}, "lcoe": {"gwa-vestas-v100-mode0-120": {"lg": {"min": 59.429622650146484, "max": 2616.626953125}, "li": {"min": 1.6537896394729614, "max": 78.50775146484375}, "lr": {"min": 0.0, "max": 3.684086561203003}, "total": {"min": 61.092796325683594, "max": 2697.714111328125}}, "gwa-vestas-v110-mode0-120": {"lg": {"min": 55.22169876098633, "max": 2212.869873046875}, "li": {"min": 1.5173063278198242, "max": 66.37511444091797}, "lr": {"min": 0.0, "max": 3.125732898712158}, "total": {"min": 56.837120056152344, "max": 2281.425537109375}}, "gwa-vestas-v112-mode0-120": {"lg": {"min": 63.09060287475586, "max": 3640.38525390625}, "li": {"min": 1.7697267532348633, "max": 111.5350570678711}, "lr": {"min": 0.0, "max": 5.097200393676758}, "total": {"min": 64.89649200439453, "max": 3753.24609375}}, "gwa-vestas-v112-mode0-100": {"lg": {"min": 64.60743713378906, "max": 4017.595703125}, "li": {"min": 1.8078927993774414, "max": 129.49891662597656}, "lr": {"min": 0.0, "max": 5.765677452087402}, "total": {"min": 66.45968627929688, "max": 4142.1640625}}, "gwa-offshore-dtu-10mw-119": {"lg": {"min": 66.83296203613281, "max": 4632.82275390625}, "li": {"min": 1.8913415670394897, "max": 146.64111328125}, "lr": {"min": 0.0, "max": 7.229648113250732}, "total": {"min": 68.75322723388672, "max": 4776.48583984375}}, "gwa-vestas-v126-mode0-150": {"lg": {"min": 59.54485321044922, "max": 2423.432861328125}, "li": {"min": 1.657227635383606, "max": 73.12113952636719}, "lr": {"min": 0.0, "max": 3.6899919509887695}, "total": {"min": 61.211483001708984, "max": 2498.523681640625}}, "gwa-vestas-v120-mode0-80": {"lg": {"min": 61.42031478881836, "max": 2507.91552734375}, "li": {"min": 1.7176021337509155, "max": 85.65034484863281}, "lr": {"min": 0.0, "max": 3.525574207305908}, "total": {"min": 63.19877624511719, "max": 2593.56591796875}}, "gsa-pvout": {"lg": {"min": 146.7628039617923, "max": 219.33671716572903}, "li": {"min": 4.235766081282038, "max": 11.823161083668847}, "lr": {"min": 0.0, "max": 3.5789585069969374}, "total": {"min": 151.27314870842957, "max": 226.29253700970665}}, "gwa-vestas-v126-mode0-80": {"lg": {"min": 65.47151184082031, "max": 3579.571533203125}, "li": {"min": 1.8406630754470825, "max": 122.30801391601562}, "lr": {"min": 0.0, "max": 5.290314674377441}, "total": {"min": 67.35016632080078, "max": 3701.879638671875}}, "gwa-offshore-leanwind-8mw-110": {"lg": {"min": 65.03102111816406, "max": 4630.0849609375}, "li": {"min": 1.8160520792007446, "max": 148.38037109375}, "lr": {"min": 0.0, "max": 7.224684715270996}, "total": {"min": 66.8962173461914, "max": 4773.66259765625}}, "gwa-vestas-v110-mode0-100": {"lg": {"min": 56.16105270385742, "max": 2430.859375}, "li": {"min": 1.5451322793960571, "max": 74.52644348144531}, "lr": {"min": 0.0, "max": 3.3227972984313965}, "total": {"min": 57.80609893798828, "max": 2506.1806640625}}, "gwa-vestas-v136-mode0-100": {"lg": {"min": 60.61314010620117, "max": 2791.970703125}, "li": {"min": 1.6891008615493774, "max": 86.76611328125}, "lr": {"min": 0.0, "max": 3.8064157962799072}, "total": {"min": 62.31182861328125, "max": 2878.499755859375}}, "gwa-vestas-v126-mode0-100": {"lg": {"min": 63.50189971923828, "max": 3207.175537109375},