{"worldpop": {"min": -3.4028234663852886e+38, "max": 823.6688842773438}, "slope": {"min": 0.0, "max": 36.10282516479492}, "land-cover": {"min": 104.63192749023438, "max": 220.0}, "airports": {"min": 500.0, "max": 499993.25}, "ports": {"min": 0.0, "max": 499984.5}, "anchorages": {"min": 0.0, "max": 499990.5}, "grid": {"min": 0.0, "max": 499992.5}, "roads": {"min": 0.0, "max": 499952.25}, "pp-whs": {"min": 0.0, "max": 984003.1875}, "unep-coral": {"min": 65535.0, "max": 65535.0}, "unesco": {"min": 0.0, "max": 500000.0}, "unesco-ramsar": {"min": 0.0, "max": 500000.0}, "wwf-glw-1": {"min": 0.0, "max": 499996.5}, "wwf-glw-2": {"min": 0.0, "max": 459320.4375}, "jrc-gsw": {"min": 0.0, "max": 255.0}, "pp-marine-protected": {"min": 0.0, "max": 1.0}, "unep-tidal": {"min": 0.0, "max": 0.0}, "wwf-glw-3": {"min": 1.0, "max": 255.0}, "gsa-pvout": {"min": 0.0, "max": 0.0}, "gsa-ghi": {"min": 1.2579990625381, "max": 0.0}, "gsa-gti": {"min": 0.0, "max": 0.0}, "gsa-temp": {"min": 0.0, "max": 0.0}, "gwa-iec1": {"min": 9.4688022045375e-07, "max": 0.6802937388420105}, "gwa-iec2": {"min": 2.175584086217e-06, "max": 0.7075302004814148}, "gwa-iec3": {"min": 2.8338088213786e-06, "max": 0.7335902452468872}, "gwa-power-10": {"min": 0.012934456579387, "max": 7911.1435546875}, "gwa-speed-10": {"min": 0.11994098126888, "max": 15.247688293457031}, "gwa-power-50": {"min": 0.068681567907333, "max": 6326.91943359375}, "gwa-speed-50": {"min": 0.18117314577103, "max": 15.511856079101562}, "gwa-power-100": {"min": 0.12662671506405, "max": 5555.85009765625}, "gwa-speed-100": {"min": 0.26562494039536, "max": 15.623692512512207}, "gwa-power-150": {"min": 0.11337132751942, "max": 5353.85107421875}, "gwa-speed-150": {"min": 0.28240531682968, "max": 15.803921699523926}, "gwa-power-200": {"min": 0.12112526595592, "max": 5145.21142578125}, "gwa-speed-200": {"min": 0.29232773184776, "max": 15.82015323638916}, "gebco": {"min": -3469.0, "max": 1955.0}, "srtm90": {"min": NaN, "max": NaN}, "waterbodies": {"min": 0.0, "max": 2.0}, "gwa-enercon-e44-50": {"min": 0.08244052529335022, "max": 0.5236770510673523}, "gwa-enercon-e48-50": {"min": 0.10117129981517792, "max": 0.5909268856048584}, "gwa-enercon-e53-50": {"min": 0.11638215184211731, "max": 0.6317929029464722}, "gwa-offshore-dtu-10mw-119": {"min": 0.16130366921424866, "max": 0.6610921025276184}, "gwa-offshore-iea-15mw-150": {"min": 0.2047528326511383, "max": 0.711661159992218}, "gwa-offshore-leanwind-8mw-110": {"min": 0.15614108741283417, "max": 0.6598506569862366}, "gwa-vestas-v100-mode0-100": {"min": 0.18940508365631104, "max": 0.7200196385383606}, "gwa-vestas-v100-mode0-120": {"min": 0.2102820873260498, "max": 0.7245191931724548}, "gwa-vestas-v100-mode0-150": {"min": 0.22186781466007233, "max": 0.7242491245269775}, "gwa-vestas-v100-mode0-80": {"min": 0.16713391244411469, "max": 0.7096054553985596}, "gwa-vestas-v110-mode0-100": {"min": 0.0, "max": 0.7441750168800354}, "gwa-vestas-v110-mode0-120": {"min": 0.0, "max": 0.7456316947937012}, "gwa-vestas-v110-mode0-150": {"min": 0.23839439451694489, "max": 0.7430383563041687}, "gwa-vestas-v110-mode0-80": {"min": 0.0, "max": 0.7347196340560913}, "gwa-vestas-v112-mode0-100": {"min": 0.1590687483549118, "max": 0.6783087849617004}, "gwa-vestas-v112-mode0-120": {"min": 0.17914126813411713, "max": 0.6875429153442383}, "gwa-vestas-v112-mode0-150": {"min": 0.19731152057647705, "max": 0.6954778432846069}, "gwa-vestas-v112-mode0-80": {"min": 0.13983848690986633, "max": 0.665286123752594}, "gwa-vestas-v120-mode0-100": {"min": 0.0, "max": 0.7232608199119568}, "gwa-vestas-v120-mode0-120": {"min": 0.0, "max": 0.7209295034408569}, "gwa-vestas-v120-mode0-150": {"min": 0.0, "max": 0.7102408409118652}, "gwa-vestas-v120-mode0-80": {"min": 0.0, "max": 0.7162675857543945}, "gwa-vestas-v126-mode0-100": {"min": 0.1778927594423294, "max": 0.7035759687423706}, "gwa-vestas-v126-mode0-120": {"min": 0.19947557151317596, "max": 0.7094699144363403}, "gwa-vestas-v126-mode0-150": {"min": 0.21186493337154388, "max": 0.7111935019493103}, "gwa-vestas-v126-mode0-80": {"min": 0.1567903608083725, "max": 0.6925791501998901}, "gwa-vestas-v136-mode0-100": {"min": 0.19289012253284454, "max": 0.7294179797172546}, "gwa-vestas-v136-mode0-120": {"min": 0.21469436585903168, "max": 0.7345895171165466}, "gwa-vestas-v136-mode0-150": {"min": 0.22650077939033508, "max": 0.7351818084716797}, "gwa-vestas-v136-mode0-80": {"min": 0.17029030621051788, "max": 0.7190107703208923}, "air-density": {"min": 1.0281528234481812, "max": 1.2813844680786133}}