{"worldpop": {"min": -3.4028234663852886e+38, "max": 12665.0224609375}, "slope": {"min": 0.0, "max": 24.907060623168945}, "land-cover": {"min": 10.0, "max": 210.0}, "airports": {"min": 0.0, "max": 115741.0859375}, "ports": {"min": 0.0, "max": 123487.8515625}, "anchorages": {"min": 0.0, "max": 128585.5703125}, "grid": {"min": 0.0, "max": 15913.8310546875}, "roads": {"min": 0.0, "max": 12257.650390625}, "pp-whs": {"min": 23769.728515625, "max": 401649.71875}, "unep-coral": {"min": 500.0, "max": 426198.3125}, "unesco": {"min": 0.0, "max": 87825.109375}, "unesco-ramsar": {"min": 237401.03125, "max": 457184.0625}, "wwf-glw-1": {"min": 0.0, "max": 184358.359375}, "wwf-glw-2": {"min": 0.0, "max": 197834.53125}, "jrc-gsw": {"min": 0.0, "max": 1.0}, "pp-marine-protected": {"min": 0.0, "max": 1.0}, "unep-tidal": {"min": 0.0, "max": 1.0}, "wwf-glw-3": {"min": 1.0, "max": 255.0}, "gsa-pvout": {"min": 4.494654655456543, "max": 5.5816826820373535}, "gsa-ghi": {"min": 5.189371585845947, "max": 6.259296894073486}, "gsa-gti": {"min": 5.703680515289307, "max": 7.036705017089844}, "gsa-temp": {"min": 7.599920749664307, "max": 25.114282608032227}, "gwa-iec1": {"min": 0.03410790488123894, "max": 0.6647076606750488}, "gwa-iec2": {"min": 0.043784573674201965, "max": 0.6973473429679871}, "gwa-iec3": {"min": 0.05100434273481369, "max": 0.7227090001106262}, "gwa-power-10": {"min": 7.033073425292969, "max": 1070.982421875}, "gwa-speed-10": {"min": 1.0655975341796875, "max": 8.485340118408203}, "gwa-power-50": {"min": 22.123292922973633, "max": 995.90380859375}, "gwa-speed-50": {"min": 1.7961759567260742, "max": 9.845677375793457}, "gwa-power-100": {"min": 32.455265045166016, "max": 1206.830322265625}, "gwa-speed-100": {"min": 2.132436513900757, "max": 11.039935111999512}, "gwa-power-150": {"min": 44.26630401611328, "max": 1372.8289794921875}, "gwa-speed-150": {"min": 2.269892930984497, "max": 11.606025695800781}, "gwa-power-200": {"min": 57.58613204956055, "max": 1510.4422607421875}, "gwa-speed-200": {"min": 2.4378862380981445, "max": 11.997390747070312}, "gebco": {"min": -420.0, "max": 2327.0}, "srtm90": {"min": -415.0, "max": 2334.0}, "waterbodies": {"min": 0.0, "max": 2.0}, "gwa-enercon-e44-50": {"min": 0.013255243189632893, "max": 0.47404617071151733}, "gwa-enercon-e48-50": {"min": 0.017280731350183487, "max": 0.5444273948669434}, "gwa-enercon-e53-50": {"min": 0.02366620860993862, "max": 0.5885410904884338}, "gwa-offshore-dtu-10mw-119": {"min": 0.028088273480534554, "max": 0.6597035527229309}, "gwa-offshore-iea-15mw-150": {"min": 0.04797394573688507, "max": 0.7192735075950623}, "gwa-offshore-leanwind-8mw-110": {"min": 0.027736356481909752, "max": 0.6653286814689636}, "gwa-vestas-v100-mode0-100": {"min": 0.045467227697372437, "max": 0.7312048077583313}, "gwa-vestas-v100-mode0-120": {"min": 0.05222069099545479, "max": 0.7430272698402405}, "gwa-vestas-v100-mode0-150": {"min": 0.06175456568598747, "max": 0.7480810880661011}, "gwa-vestas-v100-mode0-80": {"min": 0.0394115224480629, "max": 0.7078489065170288}, "gwa-vestas-v110-mode0-100": {"min": 0.05452636256814003, "max": 0.7634445428848267}, "gwa-vestas-v110-mode0-120": {"min": 0.06242126226425171, "max": 0.774650514125824}, "gwa-vestas-v110-mode0-150": {"min": 0.07093659788370132, "max": 0.7789207100868225}, "gwa-vestas-v110-mode0-80": {"min": 0.04731132462620735, "max": 0.741072952747345}, "gwa-vestas-v112-mode0-100": {"min": 0.03168895095586777, "max": 0.6766139268875122}, "gwa-vestas-v112-mode0-120": {"min": 0.03657783195376396, "max": 0.6926180124282837}, "gwa-vestas-v112-mode0-150": {"min": 0.044683266431093216, "max": 0.7036609649658203}, "gwa-vestas-v112-mode0-80": {"min": 0.02743738703429699, "max": 0.6493701934814453}, "gwa-vestas-v120-mode0-100": {"min": 0.05804120749235153, "max": 0.7574660181999207}, "gwa-vestas-v120-mode0-120": {"min": 0.06640461832284927, "max": 0.7676087617874146}, "gwa-vestas-v120-mode0-150": {"min": 0.07426794618368149, "max": 0.7668142318725586}, "gwa-vestas-v120-mode0-80": {"min": 0.05036122724413872, "max": 0.7303861975669861}, "gwa-vestas-v126-mode0-100": {"min": 0.040429696440696716, "max": 0.7096881866455078}, "gwa-vestas-v126-mode0-120": {"min": 0.046469252556562424, "max": 0.7227806448936462}, "gwa-vestas-v126-mode0-150": {"min": 0.0562126599252224, "max": 0.7294745445251465}, "gwa-vestas-v126-mode0-80": {"min": 0.03505085036158562, "max": 0.6850146651268005}, "gwa-vestas-v136-mode0-100": {"min": 0.046979665756225586, "max": 0.7382714748382568}, "gwa-vestas-v136-mode0-120": {"min": 0.053901638835668564, "max": 0.7504706978797913}, "gwa-vestas-v136-mode0-150": {"min": 0.06322479248046875, "max": 0.7561706304550171}, "gwa-vestas-v136-mode0-80": {"min": 0.040743522346019745, "max": 0.7146426439285278}, "air-density": {"min": 0.9425438046455383, "max": 1.1831682920455933}, "lcoe": {"gwa-vestas-v100-mode0-120": {"lg": {"min": 50.77992248535156, "max": 669.61279296875}, "li": {"min": 1.4156944751739502, "max": 20.42757797241211}, "lr": {"min": 0.0, "max": 1.5630606412887573}, "total": {"min": 52.21937942504883, "max": 690.1530151367188}}, "gwa-vestas-v110-mode0-120": {"lg": {"min": 48.8702507019043, "max": 560.8416748046875}, "li": {"min": 1.3579021692276, "max": 17.089405059814453}, "lr": {"min": 0.0, "max": 1.3710023164749146}, "total": {"min": 50.25094223022461, "max": 578.025390625}}, "gwa-vestas-v112-mode0-120": {"lg": {"min": 54.18460464477539, "max": 954.2685546875}, "li": {"min": 1.5187296867370605, "max": 29.16362953186035}, "lr": {"min": 0.0, "max": 2.0319299697875977}, "total": {"min": 55.728824615478516, "max": 983.5930786132812}}, "gwa-vestas-v112-mode0-100": {"lg": {"min": 55.37163162231445, "max": 1100.8731689453125}, "li": {"min": 1.5546525716781616, "max": 33.662906646728516}, "lr": {"min": 0.0, "max": 2.2492406368255615}, "total": {"min": 56.95237731933594, "max": 1134.7218017578125}}, "gwa-offshore-dtu-10mw-119": {"lg": {"min": 56.688453674316406, "max": 1241.48291015625}, "li": {"min": 1.594503402709961, "max": 37.97820281982422}, "lr": {"min": 0.0, "max": 2.4151134490966797}, "total": {"min": 58.30971908569336, "max": 1279.6705322265625}}, "gwa-vestas-v126-mode0-150": {"lg": {"min": 51.64903259277344, "max": 622.3439331054688}, "li": {"min": 1.4419960975646973, "max": 18.965755462646484}, "lr": {"min": 0.0, "max": 1.4895402193069458}, "total": {"min": 53.115230560302734, "max": 641.7076416015625}}, "gwa-vestas-v120-mode0-80": {"lg": {"min": 51.589561462402344, "max": 694.1889038085938}, "li": {"min": 1.4501283168792725, "max": 21.181814193725586}, "lr": {"min": 0.0, "max": 1.5676645040512085}, "total": {"min": 53.16278839111328, "max": 715.4876098632812}}, "gsa-pvout": {"lg": {"min": 139.25674299855885, "max": 171.96845984758932}, "li": {"min": 4.015297992152827, "max": 5.27413415646372}, "lr": {"min": 0.0, "max": 0.6560543028974559}, "total": {"min": 143.44910543216355, "max": 176.9725168128}}, "gwa-vestas-v126-mode0-80": {"lg": {"min": 54.74163055419922, "max": 995.6666259765625}, "li": {"min": 1.535586953163147, "max": 30.43412971496582}, "lr": {"min": 0.0, "max": 2.052441120147705}, "total": {"min": 56.3029899597168, "max": 1026.2685546875}}, "gwa-offshore-leanwind-8mw-110": {"lg": {"min": 56.24299240112305, "max": 1257.18408203125}, "li": {"min": 1.5810223817825317, "max": 38.4600715637207}, "lr": {"min": 0.0, "max": 2.4475185871124268}, "total": {"min": 57.85055160522461, "max": 1295.8563232421875}}, "gwa-vestas-v110-mode0-100": {"lg": {"min": 49.52885818481445, "max": 641.467041015625}, "li": {"min": 1.377833604812622, "max": 19.56378746032715}, "lr": {"min": 0.0, "max": 1.4949792623519897}, "total": {"min": 50.92981719970703, "max": 661.1387329101562}}, "gwa-vestas-v136-mode0-100": {"lg": {"min": 51.081268310546875, "max": 743.8681030273438}, "li": {"min": 1.424813985824585, "max": 22.706464767456055}, "lr": {"min": 0.0, "max": 1.66793692111969}, "total": {"min": 52.52999496459961, "max": 766.6998291015625}},