{"worldpop": {"min": -3.4028234663852886e+38, "max": 19264.650390625}, "slope": {"min": 0.0, "max": 42.1839599609375}, "land-cover": {"min": 10.0, "max": 210.0}, "airports": {"min": 0.0, "max": 355257.65625}, "ports": {"min": 0.0, "max": 335650.125}, "anchorages": {"min": 0.0, "max": 325655.125}, "grid": {"min": 0.0, "max": 330986.78125}, "roads": {"min": 0.0, "max": 332402.25}, "pp-whs": {"min": 0.0, "max": 390466.40625}, "unep-coral": {"min": 65535.0, "max": 65535.0}, "unesco": {"min": 0.0, "max": 335650.125}, "unesco-ramsar": {"min": 0.0, "max": 500000.0}, "wwf-glw-1": {"min": 0.0, "max": 500000.0}, "wwf-glw-2": {"min": 0.0, "max": 339857.6875}, "jrc-gsw": {"min": 0.0, "max": 255.0}, "pp-marine-protected": {"min": 0.0, "max": 1.0}, "unep-tidal": {"min": 0.0, "max": 1.0}, "wwf-glw-3": {"min": 1.0, "max": 255.0}, "gsa-pvout": {"min": 2.4224283695220947, "max": 4.666073799133301}, "gsa-ghi": {"min": 2.9025156497955322, "max": 5.086545467376709}, "gsa-gti": {"min": 2.918701171875, "max": 5.733290672302246}, "gsa-temp": {"min": -0.991441547870636, "max": 19.899999618530273}, "gwa-iec1": {"min": 0.016606304794549942, "max": 0.5546706914901733}, "gwa-iec2": {"min": 0.01994468830525875, "max": 0.586387038230896}, "gwa-iec3": {"min": 0.022431842982769012, "max": 0.614625096321106}, "gwa-power-10": {"min": 1.8552371263504028, "max": 6299.84423828125}, "gwa-speed-10": {"min": 0.5757055878639221, "max": 12.619550704956055}, "gwa-power-50": {"min": 6.254942417144775, "max": 4624.23974609375}, "gwa-speed-50": {"min": 0.9825966358184814, "max": 12.422168731689453}, "gwa-power-100": {"min": 23.843978881835938, "max": 3961.640625}, "gwa-speed-100": {"min": 1.5029761791229248, "max": 12.49552059173584}, "gwa-power-150": {"min": 29.958351135253906, "max": 3530.02734375}, "gwa-speed-150": {"min": 1.6499606370925903, "max": 13.252654075622559}, "gwa-power-200": {"min": 39.00584411621094, "max": 3293.0263671875}, "gwa-speed-200": {"min": 1.6369898319244385, "max": 13.910377502441406}, "gebco": {"min": -4206.0, "max": 3242.0}, "srtm90": {"min": -7.0, "max": 3187.0}, "waterbodies": {"min": 0.0, "max": 2.0}, "gwa-enercon-e44-50": {"min": 0.003468629904091358, "max": 0.43043795228004456}, "gwa-enercon-e48-50": {"min": 0.0045509254559874535, "max": 0.4785304367542267}, "gwa-enercon-e53-50": {"min": 0.006875005550682545, "max": 0.5090509653091431}, "gwa-offshore-dtu-10mw-119": {"min": 0.019481463357806206, "max": 0.5455365180969238}, "gwa-offshore-iea-15mw-150": {"min": 0.028018582612276077, "max": 0.6105406880378723}, "gwa-offshore-leanwind-8mw-110": {"min": 0.01927035115659237, "max": 0.5508861541748047}, "gwa-vestas-v100-mode0-100": {"min": 0.02781650610268116, "max": 0.6183874607086182}, "gwa-vestas-v100-mode0-120": {"min": 0.032543525099754333, "max": 0.6278424859046936}, "gwa-vestas-v100-mode0-150": {"min": 0.035249173641204834, "max": 0.643212616443634}, "gwa-vestas-v100-mode0-80": {"min": 0.02098478376865387, "max": 0.5991780757904053}, "gwa-vestas-v110-mode0-100": {"min": 0.032215528190135956, "max": 0.6502598524093628}, "gwa-vestas-v110-mode0-120": {"min": 0.03792928531765938, "max": 0.659794807434082}, "gwa-vestas-v110-mode0-150": {"min": 0.04081933945417404, "max": 0.6774991154670715}, "gwa-vestas-v110-mode0-80": {"min": 0.024359004572033882, "max": 0.6307019591331482}, "gwa-vestas-v112-mode0-100": {"min": 0.0208580419421196, "max": 0.567440927028656}, "gwa-vestas-v112-mode0-120": {"min": 0.02400621399283409, "max": 0.5771839022636414}, "gwa-vestas-v112-mode0-150": {"min": 0.02634463459253311, "max": 0.595394492149353}, "gwa-vestas-v112-mode0-80": {"min": 0.014308052137494087, "max": 0.5496150851249695}, "gwa-vestas-v120-mode0-100": {"min": 0.03374971076846123, "max": 0.6367158889770508}, "gwa-vestas-v120-mode0-120": {"min": 0.03981789946556091, "max": 0.6490903496742249}, "gwa-vestas-v120-mode0-150": {"min": 0.04281466454267502, "max": 0.6693753004074097}, "gwa-vestas-v120-mode0-80": {"min": 0.02552686259150505, "max": 0.6174383759498596}, "gwa-vestas-v126-mode0-100": {"min": 0.025263812392950058, "max": 0.5976204872131348}, "gwa-vestas-v126-mode0-120": {"min": 0.029403315857052803, "max": 0.6071586608886719}, "gwa-vestas-v126-mode0-150": {"min": 0.03197116404771805, "max": 0.6203808784484863}, "gwa-vestas-v126-mode0-80": {"min": 0.018612325191497803, "max": 0.5787535309791565}, "gwa-vestas-v136-mode0-100": {"min": 0.028549540787935257, "max": 0.6262462735176086}, "gwa-vestas-v136-mode0-120": {"min": 0.03342045098543167, "max": 0.6357449293136597}, "gwa-vestas-v136-mode0-150": {"min": 0.036150503903627396, "max": 0.6500489115715027}, "gwa-vestas-v136-mode0-80": {"min": 0.02155536413192749, "max": 0.607100248336792}, "air-density": {"min": 0.8723605871200562, "max": 1.220031976699829}}