{"worldpop": {"min": -3.4028234663852886e+38, "max": 5484.83447265625}, "slope": {"min": 0.005052809137851, "max": 49.2994384765625}, "land-cover": {"min": 10.0, "max": 210.0}, "airports": {"min": 0.0, "max": 81394.1015625}, "ports": {"min": 0.0, "max": 39436.65625}, "anchorages": {"min": 0.0, "max": 48399.37890625}, "grid": {"min": 0.0, "max": 9848.857421875}, "roads": {"min": 0.0, "max": 15239.7509765625}, "pp-whs": {"min": 0.0, "max": 162613.796875}, "unep-coral": {"min": 0.0, "max": 40012.49609375}, "unesco": {"min": 0.0, "max": 174656.796875}, "unesco-ramsar": {"min": 65535.0, "max": 499993.25}, "wwf-glw-1": {"min": 297884.625, "max": 392454.125}, "wwf-glw-2": {"min": 0.0, "max": 118996.8515625}, "jrc-gsw": {"min": 0.0, "max": 1.0}, "pp-marine-protected": {"min": 0.0, "max": 0.0}, "unep-tidal": {"min": 0.0, "max": 1.0}, "wwf-glw-3": {"min": 1.0, "max": 255.0}, "gsa-pvout": {"min": 3.131648302078247, "max": 4.902993679046631}, "gsa-ghi": {"min": 3.755230188369751, "max": 5.959574222564697}, "gsa-gti": {"min": 3.8353536128997803, "max": 6.244479656219482}, "gsa-temp": {"min": 14.467889785766602, "max": 27.899999618530273}, "gwa-iec1": {"min": 0.006375142838805914, "max": 0.7043992877006531}, "gwa-iec2": {"min": 0.008774669840931892, "max": 0.7204753160476685}, "gwa-iec3": {"min": 0.010402440093457699, "max": 0.744379997253418}, "gwa-power-10": {"min": 0.7677232027053833, "max": 1288.90283203125}, "gwa-speed-10": {"min": 0.6548296213150024, "max": 9.717803955078125}, "gwa-power-50": {"min": 4.799750328063965, "max": 2365.021240234375}, "gwa-speed-50": {"min": 1.2063827514648438, "max": 11.931241035461426}, "gwa-power-100": {"min": 9.27414608001709, "max": 1919.8226318359375}, "gwa-speed-100": {"min": 1.6363853216171265, "max": 12.313441276550293}, "gwa-power-150": {"min": 16.35050392150879, "max": 1795.290283203125}, "gwa-speed-150": {"min": 2.1587367057800293, "max": 12.802535057067871}, "gwa-power-200": {"min": 23.270341873168945, "max": 1921.84716796875}, "gwa-speed-200": {"min": 2.2098875045776367, "max": 12.987807273864746}, "gebco": {"min": -805.0, "max": 2115.0}, "srtm90": {"min": -4.0, "max": 2113.0}, "waterbodies": {"min": 0.0, "max": 2.0}, "gwa-enercon-e44-50": {"min": 0.0005627607461065054, "max": 0.5329682230949402}, "gwa-enercon-e48-50": {"min": 0.0007585020503029227, "max": 0.598448634147644}, "gwa-enercon-e53-50": {"min": 0.001689924392849207, "max": 0.6375821828842163}, "gwa-offshore-dtu-10mw-119": {"min": 0.003292648820206523, "max": 0.685269296169281}, "gwa-offshore-iea-15mw-150": {"min": 0.013887702487409115, "max": 0.7353284358978271}, "gwa-offshore-leanwind-8mw-110": {"min": 0.0026864062529057264, "max": 0.6919447779655457}, "gwa-vestas-v100-mode0-100": {"min": 0.005815339740365744, "max": 0.7381477952003479}, "gwa-vestas-v100-mode0-120": {"min": 0.010606663301587105, "max": 0.7515182495117188}, "gwa-vestas-v100-mode0-150": {"min": 0.019486548379063606, "max": 0.757443368434906}, "gwa-vestas-v100-mode0-80": {"min": 0.0027232514694333076, "max": 0.7165545225143433}, "gwa-vestas-v110-mode0-100": {"min": 0.007647915743291378, "max": 0.7707603573799133}, "gwa-vestas-v110-mode0-120": {"min": 0.013421058654785156, "max": 0.7837197780609131}, "gwa-vestas-v110-mode0-150": {"min": 0.02440490387380123, "max": 0.7899101972579956}, "gwa-vestas-v110-mode0-80": {"min": 0.0035630413331091404, "max": 0.7498091459274292}, "gwa-vestas-v112-mode0-100": {"min": 0.0035237260162830353, "max": 0.7011039853096008}, "gwa-vestas-v112-mode0-120": {"min": 0.006798676680773497, "max": 0.7140053510665894}, "gwa-vestas-v112-mode0-150": {"min": 0.012684028595685959, "max": 0.721145510673523}, "gwa-vestas-v112-mode0-80": {"min": 0.0016628541052341461, "max": 0.6808949112892151}, "gwa-vestas-v120-mode0-100": {"min": 0.008126188069581985, "max": 0.7487729787826538}, "gwa-vestas-v120-mode0-120": {"min": 0.01434328593313694, "max": 0.7643333077430725}, "gwa-vestas-v120-mode0-150": {"min": 0.026100756600499153, "max": 0.7724936604499817}, "gwa-vestas-v120-mode0-80": {"min": 0.0037853214889764786, "max": 0.7265136241912842}, "gwa-vestas-v126-mode0-100": {"min": 0.0051656183786690235, "max": 0.7175242304801941}, "gwa-vestas-v126-mode0-120": {"min": 0.00934675708413124, "max": 0.7322303652763367}, "gwa-vestas-v126-mode0-150": {"min": 0.017162442207336426, "max": 0.7399250268936157}, "gwa-vestas-v126-mode0-80": {"min": 0.002418572548776865, "max": 0.6947337985038757}, "gwa-vestas-v136-mode0-100": {"min": 0.006262193899601698, "max": 0.7453835606575012}, "gwa-vestas-v136-mode0-120": {"min": 0.011181293986737728, "max": 0.759175717830658}, "gwa-vestas-v136-mode0-150": {"min": 0.020434260368347168, "max": 0.765710175037384}, "gwa-vestas-v136-mode0-80": {"min": 0.002926587825641036, "max": 0.7235161662101746}, "air-density": {"min": 0.9538358449935913, "max": 1.154065728187561}, "lcoe": {"gwa-vestas-v100-mode0-120": {"lg": {"min": 50.25138473510742, "max": 3281.068359375}, "li": {"min": 1.3976037502288818, "max": 106.40935516357422}, "lr": {"min": 0.0, "max": 6.465725898742676}, "total": {"min": 51.684410095214844, "max": 3391.950927734375}}, "gwa-vestas-v110-mode0-120": {"lg": {"min": 48.351009368896484, "max": 2593.867431640625}, "li": {"min": 1.3389390707015991, "max": 84.09532165527344}, "lr": {"min": 0.0, "max": 4.958661079406738}, "total": {"min": 49.725154876708984, "max": 2681.497802734375}}, "gwa-vestas-v112-mode0-120": {"lg": {"min": 52.68136978149414, "max": 5116.57763671875}, "li": {"min": 1.4789750576019287, "max": 166.00997924804688}, "lr": {"min": 0.0, "max": 10.555585861206055}, "total": {"min": 54.193870544433594, "max": 5289.56591796875}}, "gwa-vestas-v112-mode0-100": {"lg": {"min": 53.577186584472656, "max": 9868.2060546875}, "li": {"min": 1.5067574977874756, "max": 317.56158447265625}, "lr": {"min": 0.0, "max": 20.38614273071289}, "total": {"min": 55.11751937866211, "max": 10000.0}}, "gwa-offshore-dtu-10mw-119": {"lg": {"min": 54.722774505615234, "max": 10000.0}, "li": {"min": 1.5415743589401245, "max": 339.84796142578125}, "lr": {"min": 0.0, "max": 21.81683349609375}, "total": {"min": 56.29869842529297, "max": 10000.0}}, "gwa-vestas-v126-mode0-150": {"lg": {"min": 50.976051330566406, "max": 2029.28076171875}, "li": {"min": 1.4180586338043213, "max": 65.76268005371094}, "lr": {"min": 0.0, "max": 3.6803102493286133}, "total": {"min": 52.4315299987793, "max": 2097.80810546875}}, "gwa-vestas-v120-mode0-80": {"lg": {"min": 51.843231201171875, "max": 9186.513671875}, "li": {"min": 1.4348469972610474, "max": 295.6156005859375}, "lr": {"min": 0.0, "max": 18.977298736572266}, "total": {"min": 53.32380294799805, "max": 9501.1064453125}}, "gsa-pvout": {"lg": {"min": 157.9794397961843, "max": 245.07439507904536}, "li": {"min": 4.615759106539612, "max": 7.925177889649599}, "lr": {"min": 0.0, "max": 0.7998398523036273}, "total": {"min": 163.04472184370317, "max": 253.64493120865387}}, "gwa-vestas-v126-mode0-80": {"lg": {"min": 54.03176498413086, "max": 10000.0}, "li": {"min": 1.512271761894226, "max": 462.66961669921875}, "lr": {"min": 0.0, "max": 29.701475143432617}, "total": {"min": 55.5819206237793, "max": 10000.0}}, "gwa-offshore-leanwind-8mw-110": {"lg": {"min": 54.23343276977539, "max": 10000.0}, "li": {"min": 1.5267021656036377, "max": 416.5415954589844}, "lr": {"min": 0.0, "max": 26.740249633789062}, "total": {"min": 55.79415512084961, "max": 10000.0}}, "gwa-vestas-v110-mode0-100": {"lg": {"min": 49.096717834472656, "max": 4548.8671875}, "li": {"min": 1.3631037473678589, "max": 146.3143768310547}, "lr": {"min": 0.0, "max": 9.392778396606445}, "total": {"min": 50.49396514892578, "max": 4704.57421875}}, "gwa-vestas-v136-mode0-100": {"lg": {"min": 50.63204574584961, "max": 5554.57177734375}, "li": {"min": 1.409510850906372, "max": 178.6913604736328}, "lr": {"min": 0.0, "max": 11.471247673034668}, "total": {"min": 52.076866149902344, "max": 5744.734375}}, "gwa-vestas-v126-mode0-100": {"lg": {"min": 52.442626953125, "max": 6732.86669921875},