{"worldpop": {"min": -3.4028234663852886e+38, "max": 5422.41259765625}, "slope": {"min": 0.0, "max": 51.33869171142578}, "land-cover": {"min": 10.0, "max": 210.0}, "airports": {"min": 0.0, "max": 467248.3125}, "ports": {"min": 0.0, "max": 460333.84375}, "anchorages": {"min": 0.0, "max": 450860.5625}, "grid": {"min": 0.0, "max": 452396.125}, "roads": {"min": 0.0, "max": 450072.46875}, "pp-whs": {"min": 0.0, "max": 493351.8125}, "unep-coral": {"min": 0.0, "max": 360877.40625}, "unesco": {"min": 500.0, "max": 499866.5}, "unesco-ramsar": {"min": 65535.0, "max": 500000.0}, "wwf-glw-1": {"min": 65535.0, "max": 500000.0}, "wwf-glw-2": {"min": 0.0, "max": 457498.625}, "jrc-gsw": {"min": 0.0, "max": 255.0}, "pp-marine-protected": {"min": 0.0, "max": 0.0}, "unep-tidal": {"min": 0.0, "max": 1.0}, "wwf-glw-3": {"min": 1.0, "max": 255.0}, "gsa-pvout": {"min": 3.131648302078247, "max": 4.979000091552734}, "gsa-ghi": {"min": 3.755230188369751, "max": 6.0279998779296875}, "gsa-gti": {"min": 3.8353536128997803, "max": 6.315000057220459}, "gsa-temp": {"min": 14.630398750305176, "max": 27.899999618530273}, "gwa-iec1": {"min": 0.006375142838805914, "max": 0.7026692628860474}, "gwa-iec2": {"min": 0.008774669840931892, "max": 0.714474618434906}, "gwa-iec3": {"min": 0.010402440093457699, "max": 0.7363470792770386}, "gwa-power-10": {"min": 0.6615397334098816, "max": 1288.90283203125}, "gwa-speed-10": {"min": 0.63427734375, "max": 9.609274864196777}, "gwa-power-50": {"min": 4.799750328063965, "max": 2365.021240234375}, "gwa-speed-50": {"min": 1.2063827514648438, "max": 11.931241035461426}, "gwa-power-100": {"min": 9.27414608001709, "max": 1919.8226318359375}, "gwa-speed-100": {"min": 1.6363853216171265, "max": 12.246468544006348}, "gwa-power-150": {"min": 17.298864364624023, "max": 1775.097412109375}, "gwa-speed-150": {"min": 2.2233195304870605, "max": 12.764358520507812}, "gwa-power-200": {"min": 25.19053840637207, "max": 1909.8994140625}, "gwa-speed-200": {"min": 2.244122266769409, "max": 12.974679946899414}, "gebco": {"min": -6661.0, "max": 2018.0}, "srtm90": {"min": -3.0, "max": 2113.0}, "waterbodies": {"min": 0.0, "max": 2.0}, "gwa-enercon-e44-50": {"min": 0.0005627607461065054, "max": 0.5231548547744751}, "gwa-enercon-e48-50": {"min": 0.0007585020503029227, "max": 0.5896709561347961}, "gwa-enercon-e53-50": {"min": 0.001689924392849207, "max": 0.6297637224197388}, "gwa-offshore-dtu-10mw-119": {"min": 0.003292648820206523, "max": 0.6809214949607849}, "gwa-offshore-iea-15mw-150": {"min": 0.013113699853420258, "max": 0.7325109839439392}, "gwa-offshore-leanwind-8mw-110": {"min": 0.0026864062529057264, "max": 0.6874558329582214}, "gwa-vestas-v100-mode0-100": {"min": 0.005815339740365744, "max": 0.7278077006340027}, "gwa-vestas-v100-mode0-120": {"min": 0.009319710545241833, "max": 0.7406922578811646}, "gwa-vestas-v100-mode0-150": {"min": 0.018373584374785423, "max": 0.7555577754974365}, "gwa-vestas-v100-mode0-80": {"min": 0.0027232514694333076, "max": 0.7085850834846497}, "gwa-vestas-v110-mode0-100": {"min": 0.007618387695401907, "max": 0.7592104077339172}, "gwa-vestas-v110-mode0-120": {"min": 0.011831852607429028, "max": 0.775141716003418}, "gwa-vestas-v110-mode0-150": {"min": 0.0229894258081913, "max": 0.7890499234199524}, "gwa-vestas-v110-mode0-80": {"min": 0.0035630413331091404, "max": 0.7404502630233765}, "gwa-vestas-v112-mode0-100": {"min": 0.0035237260162830353, "max": 0.6965667605400085}, "gwa-vestas-v112-mode0-120": {"min": 0.0059476871974766254, "max": 0.7103745937347412}, "gwa-vestas-v112-mode0-150": {"min": 0.011978642083704472, "max": 0.7187634110450745}, "gwa-vestas-v112-mode0-80": {"min": 0.0016628541052341461, "max": 0.6754022836685181}, "gwa-vestas-v120-mode0-100": {"min": 0.008125204592943192, "max": 0.7561218738555908}, "gwa-vestas-v120-mode0-120": {"min": 0.012629437260329723, "max": 0.7643333077430725}, "gwa-vestas-v120-mode0-150": {"min": 0.024571191519498825, "max": 0.7739526033401489}, "gwa-vestas-v120-mode0-80": {"min": 0.0037853214889764786, "max": 0.739050030708313}, "gwa-vestas-v126-mode0-100": {"min": 0.0051656183786690235, "max": 0.7102784514427185}, "gwa-vestas-v126-mode0-120": {"min": 0.008217510767281055, "max": 0.7222734093666077}, "gwa-vestas-v126-mode0-150": {"min": 0.016196642071008682, "max": 0.7311848402023315}, "gwa-vestas-v126-mode0-80": {"min": 0.002418572548776865, "max": 0.6915748119354248}, "gwa-vestas-v136-mode0-100": {"min": 0.006262193899601698, "max": 0.7362295985221863}, "gwa-vestas-v136-mode0-120": {"min": 0.009844000451266766, "max": 0.7482876777648926}, "gwa-vestas-v136-mode0-150": {"min": 0.01926732249557972, "max": 0.7608309984207153}, "gwa-vestas-v136-mode0-80": {"min": 0.002926587825641036, "max": 0.7177711725234985}, "air-density": {"min": 0.9598470330238342, "max": 1.1541661024093628}}