{"worldpop": {"min": -3.4028234663852886e+38, "max": 4285.56884765625}, "slope": {"min": 0.19393856823444366, "max": 6.093750953674316}, "land-cover": {"min": 10.165937423706055, "max": 210.0}, "airports": {"min": 0.0, "max": 18506.755859375}, "ports": {"min": 0.0, "max": 12980.7548828125}, "anchorages": {"min": 0.0, "max": 7158.91064453125}, "grid": {"min": 0.0, "max": 4301.16259765625}, "roads": {"min": 0.0, "max": 1118.0340576171875}, "pp-whs": {"min": 108195.4296875, "max": 117026.703125}, "unep-coral": {"min": 65535.0, "max": 65535.0}, "unesco": {"min": 68951.0703125, "max": 85325.84375}, "unesco-ramsar": {"min": 47405.16796875, "max": 59356.97265625}, "wwf-glw-1": {"min": 358151.15625, "max": 367806.0}, "wwf-glw-2": {"min": 46671.7265625, "max": 55509.0078125}, "jrc-gsw": {"min": 0.0, "max": 1.0}, "pp-marine-protected": {"min": 0.0, "max": 1.0}, "unep-tidal": {"min": 0.0, "max": 1.0}, "wwf-glw-3": {"min": 255.0, "max": 255.0}, "gsa-pvout": {"min": 3.130622148513794, "max": 3.23724365234375}, "gsa-ghi": {"min": 3.207521677017212, "max": 3.2699005603790283}, "gsa-gti": {"min": 3.694629669189453, "max": 3.821413040161133}, "gsa-temp": {"min": 11.5, "max": 12.300000190734863}, "gwa-iec1": {"min": 0.4097526967525482, "max": 0.5271533727645874}, "gwa-iec2": {"min": 0.46450817584991455, "max": 0.5760871767997742}, "gwa-iec3": {"min": 0.5020571947097778, "max": 0.6102471947669983}, "gwa-power-10": {"min": 34.89784622192383, "max": 328.0032653808594}, "gwa-speed-10": {"min": 2.839589834213257, "max": 6.235158443450928}, "gwa-power-50": {"min": 268.2190246582031, "max": 569.050048828125}, "gwa-speed-50": {"min": 6.0147786140441895, "max": 7.888334274291992}, "gwa-power-100": {"min": 452.9295959472656, "max": 765.1710815429688}, "gwa-speed-100": {"min": 7.5470476150512695, "max": 8.969938278198242}, "gwa-power-150": {"min": 608.010986328125, "max": 917.1267700195312}, "gwa-speed-150": {"min": 8.383367538452148, "max": 9.56074333190918}, "gwa-power-200": {"min": 773.6107788085938, "max": 1068.3778076171875}, "gwa-speed-200": {"min": 9.005101203918457, "max": 9.979107856750488}, "gebco": {"min": -4.0, "max": 124.0}, "srtm90": {"min": 6.0, "max": 126.0}, "waterbodies": {"min": 0.0, "max": 1.0}, "gwa-enercon-e44-50": {"min": 0.19141151010990143, "max": 0.33900317549705505}, "gwa-enercon-e48-50": {"min": 0.23871801793575287, "max": 0.40298688411712646}, "gwa-enercon-e53-50": {"min": 0.27742111682891846, "max": 0.4476707875728607}, "gwa-offshore-dtu-10mw-119": {"min": 0.40374991297721863, "max": 0.5144016742706299}, "gwa-offshore-iea-15mw-150": {"min": 0.5054422616958618, "max": 0.5889761447906494}, "gwa-offshore-leanwind-8mw-110": {"min": 0.39655813574790955, "max": 0.5125287771224976}, "gwa-vestas-v100-mode0-100": {"min": 0.494464635848999, "max": 0.6041551828384399}, "gwa-vestas-v100-mode0-120": {"min": 0.5277095437049866, "max": 0.622786819934845}, "gwa-vestas-v100-mode0-150": {"min": 0.5682014226913452, "max": 0.6419655084609985}, "gwa-vestas-v100-mode0-80": {"min": 0.44955894351005554, "max": 0.5820375680923462}, "gwa-vestas-v110-mode0-100": {"min": 0.5375720858573914, "max": 0.6414327621459961}, "gwa-vestas-v110-mode0-120": {"min": 0.5702371597290039, "max": 0.658227264881134}, "gwa-vestas-v110-mode0-150": {"min": 0.6086722016334534, "max": 0.6770557165145874}, "gwa-vestas-v110-mode0-80": {"min": 0.4920859634876251, "max": 0.6194965839385986}, "gwa-vestas-v112-mode0-100": {"min": 0.4094659090042114, "max": 0.5287317037582397}, "gwa-vestas-v112-mode0-120": {"min": 0.44233474135398865, "max": 0.5493309497833252}, "gwa-vestas-v112-mode0-150": {"min": 0.48521748185157776, "max": 0.5699498653411865}, "gwa-vestas-v112-mode0-80": {"min": 0.3674200177192688, "max": 0.505260169506073}, "gwa-vestas-v120-mode0-100": {"min": 0.5532366633415222, "max": 0.647407054901123}, "gwa-vestas-v120-mode0-120": {"min": 0.5847525000572205, "max": 0.6623167395591736}, "gwa-vestas-v120-mode0-150": {"min": 0.6200775504112244, "max": 0.6786780953407288}, "gwa-vestas-v120-mode0-80": {"min": 0.508143424987793, "max": 0.6261651515960693}, "gwa-vestas-v126-mode0-100": {"min": 0.4636833965778351, "max": 0.5769369006156921}, "gwa-vestas-v126-mode0-120": {"min": 0.49691808223724365, "max": 0.5963762402534485}, "gwa-vestas-v126-mode0-150": {"min": 0.53842693567276, "max": 0.6154515147209167}, "gwa-vestas-v126-mode0-80": {"min": 0.4196068346500397, "max": 0.5544289946556091}, "gwa-vestas-v136-mode0-100": {"min": 0.5007848143577576, "max": 0.6102814674377441}, "gwa-vestas-v136-mode0-120": {"min": 0.5339410305023193, "max": 0.629077672958374}, "gwa-vestas-v136-mode0-150": {"min": 0.5742825865745544, "max": 0.6481391191482544}, "gwa-vestas-v136-mode0-80": {"min": 0.4557567238807678, "max": 0.5882205367088318}, "air-density": {"min": 1.208662986755371, "max": 1.2234289646148682}, "lcoe": {"gwa-vestas-v100-mode0-120": {"lg": {"min": 59.8116455078125, "max": 69.86722564697266}, "li": {"min": 1.6532714366912842, "max": 1.9956127405166626}, "lr": {"min": 0.0, "max": 0.023001976311206818}, "total": {"min": 61.46491622924805, "max": 71.87399291992188}}, "gwa-vestas-v110-mode0-120": {"lg": {"min": 56.806617736816406, "max": 64.95491027832031}, "li": {"min": 1.5645043849945068, "max": 1.8467820882797241}, "lr": {"min": 0.0, "max": 0.0215466171503067}, "total": {"min": 58.37952423095703, "max": 66.81201171875}}, "gwa-vestas-v112-mode0-120": {"lg": {"min": 67.27471160888672, "max": 82.58021545410156}, "li": {"min": 1.8743449449539185, "max": 2.380784749984741}, "lr": {"min": 0.0, "max": 0.026691008359193802}, "total": {"min": 69.14905548095703, "max": 84.97430419921875}}, "gwa-vestas-v112-mode0-100": {"lg": {"min": 69.73988342285156, "max": 88.8880386352539}, "li": {"min": 1.9479458332061768, "max": 2.5718963146209717}, "lr": {"min": 0.0, "max": 0.027954459190368652}, "total": {"min": 71.70128631591797, "max": 91.47431182861328}}, "gwa-offshore-dtu-10mw-119": {"lg": {"min": 71.57124328613281, "max": 90.0898208618164}, "li": {"min": 2.0016181468963623, "max": 2.608307361602783}, "lr": {"min": 0.0, "max": 0.028797855600714684}, "total": {"min": 73.57286071777344, "max": 92.71269989013672}}, "gwa-vestas-v126-mode0-150": {"lg": {"min": 60.476844787597656, "max": 68.5561294555664}, "li": {"min": 1.6770886182785034, "max": 1.9558900594711304}, "lr": {"min": 0.0, "max": 0.023225292563438416}, "total": {"min": 62.17678451538086, "max": 70.52294921875}}, "gwa-vestas-v120-mode0-80": {"lg": {"min": 59.51053237915039, "max": 72.4034423828125}, "li": {"min": 1.664237141609192, "max": 2.040874719619751}, "lr": {"min": 0.0, "max": 0.02301504835486412}, "total": {"min": 61.24034881591797, "max": 74.44432067871094}}, "gsa-pvout": {"lg": {"min": 237.21081175871484, "max": 245.15341430847428}, "li": {"min": 6.908249378546968, "max": 7.5564149720416856}, "lr": {"min": 0.0, "max": 0.08888315192492265}, "total": {"min": 244.1190611372618, "max": 252.6379977516311}}, "gwa-vestas-v126-mode0-80": {"lg": {"min": 66.6928939819336, "max": 86.83649444580078}, "li": {"min": 1.879808783531189, "max": 2.471496820449829}, "lr": {"min": 0.0, "max": 0.02672649174928665}, "total": {"min": 68.64653015136719, "max": 89.30799102783203}}, "gwa-offshore-leanwind-8mw-110": {"lg": {"min": 71.81816101074219, "max": 91.65110778808594}, "li": {"min": 2.008932590484619, "max": 2.6556105613708496}, "lr": {"min": 0.0, "max": 0.028978047892451286}, "total": {"min": 73.82709503173828, "max": 94.3215560913086}}, "gwa-vestas-v110-mode0-100": {"lg": {"min": 58.18925476074219, "max": 68.6587905883789}, "li": {"min": 1.6081809997558594, "max": 1.9590003490447998}, "lr": {"min": 0.0, "max": 0.02230094000697136}, "total": {"min": 59.877899169921875, "max": 70.62873840332031}}, "gwa-vestas-v136-mode0-100": {"lg": {"min": 60.95529556274414, "max": 73.40857696533203}, "li": {"min": 1.6877464056015015, "max": 2.1029069423675537}, "lr": {"min": 0.0, "max": 0.023632103577256203}, "total": {"min": 62.663211822509766, "max": 75.52323150634766}},