{"worldpop": {"min": -3.4028234663852886e+38, "max": 4285.56884765625}, "slope": {"min": 0.0, "max": 6.093750953674316}, "land-cover": {"min": 10.165937423706055, "max": 210.0}, "airports": {"min": 0.0, "max": 38108.3984375}, "ports": {"min": 0.0, "max": 46065.171875}, "anchorages": {"min": 0.0, "max": 35341.1953125}, "grid": {"min": 0.0, "max": 32962.1015625}, "roads": {"min": 0.0, "max": 31764.76171875}, "pp-whs": {"min": 95001.3125, "max": 141003.546875}, "unep-coral": {"min": 65535.0, "max": 65535.0}, "unesco": {"min": 49203.66015625, "max": 112258.625}, "unesco-ramsar": {"min": 22472.205078125, "max": 81555.1953125}, "wwf-glw-1": {"min": 333134.375, "max": 379325.71875}, "wwf-glw-2": {"min": 22522.2109375, "max": 69903.5}, "jrc-gsw": {"min": 0.0, "max": 255.0}, "pp-marine-protected": {"min": 0.0, "max": 1.0}, "unep-tidal": {"min": 0.0, "max": 1.0}, "wwf-glw-3": {"min": 255.0, "max": 255.0}, "gsa-pvout": {"min": 3.1305840015411377, "max": 3.23724365234375}, "gsa-ghi": {"min": 3.2016448974609375, "max": 3.2750000953674316}, "gsa-gti": {"min": 3.691833972930908, "max": 3.8239998817443848}, "gsa-temp": {"min": 11.5, "max": 12.367901802062988}, "gwa-iec1": {"min": 0.4097526967525482, "max": 0.5528164505958557}, "gwa-iec2": {"min": 0.46450817584991455, "max": 0.5988886952400208}, "gwa-iec3": {"min": 0.5020571947097778, "max": 0.6317698955535889}, "gwa-power-10": {"min": 34.89784622192383, "max": 430.3138427734375}, "gwa-speed-10": {"min": 2.839589834213257, "max": 7.032235145568848}, "gwa-power-50": {"min": 268.2190246582031, "max": 726.9542846679688}, "gwa-speed-50": {"min": 6.0147786140441895, "max": 8.48621654510498}, "gwa-power-100": {"min": 452.9295959472656, "max": 859.49658203125}, "gwa-speed-100": {"min": 7.5470476150512695, "max": 9.316682815551758}, "gwa-power-150": {"min": 608.010986328125, "max": 984.314208984375}, "gwa-speed-150": {"min": 8.383367538452148, "max": 9.751457214355469}, "gwa-power-200": {"min": 773.6107788085938, "max": 1108.0322265625}, "gwa-speed-200": {"min": 9.005101203918457, "max": 10.0695219039917}, "gebco": {"min": -56.0, "max": 124.0}, "srtm90": {"min": 0.0, "max": 126.0}, "waterbodies": {"min": 0.0, "max": 1.0}, "gwa-enercon-e44-50": {"min": 0.19141151010990143, "max": 0.38128817081451416}, "gwa-enercon-e48-50": {"min": 0.23871801793575287, "max": 0.44622042775154114}, "gwa-enercon-e53-50": {"min": 0.27742111682891846, "max": 0.4897671639919281}, "gwa-offshore-dtu-10mw-119": {"min": 0.40374991297721863, "max": 0.5336628556251526}, "gwa-offshore-iea-15mw-150": {"min": 0.5054422616958618, "max": 0.5974383354187012}, "gwa-offshore-leanwind-8mw-110": {"min": 0.39655813574790955, "max": 0.5353432893753052}, "gwa-vestas-v100-mode0-100": {"min": 0.494464635848999, "max": 0.6270284056663513}, "gwa-vestas-v100-mode0-120": {"min": 0.5277095437049866, "max": 0.6368889212608337}, "gwa-vestas-v100-mode0-150": {"min": 0.5682014226913452, "max": 0.6447701454162598}, "gwa-vestas-v100-mode0-80": {"min": 0.44955894351005554, "max": 0.6107503771781921}, "gwa-vestas-v110-mode0-100": {"min": 0.5375720858573914, "max": 0.6613038182258606}, "gwa-vestas-v110-mode0-120": {"min": 0.5702371597290039, "max": 0.670510470867157}, "gwa-vestas-v110-mode0-150": {"min": 0.6086722016334534, "max": 0.677073061466217}, "gwa-vestas-v110-mode0-80": {"min": 0.4920859634876251, "max": 0.6450018286705017}, "gwa-vestas-v112-mode0-100": {"min": 0.4094659090042114, "max": 0.5561547875404358}, "gwa-vestas-v112-mode0-120": {"min": 0.44233474135398865, "max": 0.5673004388809204}, "gwa-vestas-v112-mode0-150": {"min": 0.48521748185157776, "max": 0.5790704488754272}, "gwa-vestas-v112-mode0-80": {"min": 0.3674200177192688, "max": 0.5407375693321228}, "gwa-vestas-v120-mode0-100": {"min": 0.5532366633415222, "max": 0.6617295742034912}, "gwa-vestas-v120-mode0-120": {"min": 0.5847525000572205, "max": 0.6694539785385132}, "gwa-vestas-v120-mode0-150": {"min": 0.6200775504112244, "max": 0.6786780953407288}, "gwa-vestas-v120-mode0-80": {"min": 0.508143424987793, "max": 0.6457074880599976}, "gwa-vestas-v126-mode0-100": {"min": 0.4636833965778351, "max": 0.6015055775642395}, "gwa-vestas-v126-mode0-120": {"min": 0.49691808223724365, "max": 0.6117616891860962}, "gwa-vestas-v126-mode0-150": {"min": 0.53842693567276, "max": 0.6206797361373901}, "gwa-vestas-v126-mode0-80": {"min": 0.4196068346500397, "max": 0.5854586362838745}, "gwa-vestas-v136-mode0-100": {"min": 0.5007848143577576, "max": 0.6335426568984985}, "gwa-vestas-v136-mode0-120": {"min": 0.5339410305023193, "max": 0.643462598323822}, "gwa-vestas-v136-mode0-150": {"min": 0.5742825865745544, "max": 0.6515663862228394}, "gwa-vestas-v136-mode0-80": {"min": 0.4557567238807678, "max": 0.6173460483551025}, "air-density": {"min": 1.208662986755371, "max": 1.2234289646148682}}