{"worldpop":{"min":-3.4028234663852886e+38,"max":12332.515625},"slope":{"min":0.0,"max":27.630422592163086},"land-cover":{"min":10.0,"max":210.0},"airports":{"min":0.0,"max":287360.40625},"ports":{"min":0.0,"max":400480.96875},"anchorages":{"min":0.0,"max":401735.28125},"grid":{"min":0.0,"max":60299.25390625},"roads":{"min":0.0,"max":34441.9765625},"pp-whs":{"min":0.0,"max":515139.28125},"unep-coral":{"min":0.0,"max":500000.0},"unesco":{"min":0.0,"max":265690.125},"unesco-ramsar":{"min":65535.0,"max":500000.0},"wwf-glw-1":{"min":0.0,"max":346742.71875},"wwf-glw-2":{"min":0.0,"max":230729.28125},"jrc-gsw":{"min":0.0,"max":1.0},"pp-marine-protected":{"min":0.0,"max":0.0},"unep-tidal":{"min":0.0,"max":0.0},"wwf-glw-3":{"min":1.0,"max":255.0},"gsa-pvout":{"min":4.549376010894775,"max":5.781140327453613},"gsa-ghi":{"min":5.345893383026123,"max":6.475159168243408},"gsa-gti":{"min":5.856316089630127,"max":7.307788372039795},"gsa-temp":{"min":15.30217456817627,"max":25.363983154296875},"gwa-iec1":{"min":0.04926732927560806,"max":0.6172663569450378},"gwa-iec2":{"min":0.05906888470053673,"max":0.6500400304794312},"gwa-iec3":{"min":0.06650002300739288,"max":0.6794401407241821},"gwa-power-10":{"min":8.191427230834961,"max":1807.923828125},"gwa-speed-10":{"min":1.2588140964508057,"max":9.5260648727417},"gwa-power-50":{"min":36.198516845703125,"max":1504.210693359375},"gwa-speed-50":{"min":2.0529987812042236,"max":10.320694923400879},"gwa-power-100":{"min":55.89874267578125,"max":1436.916259765625},"gwa-speed-100":{"min":2.579761266708374,"max":11.206639289855957},"gwa-power-150":{"min":74.29235076904297,"max":1489.6319580078125},"gwa-speed-150":{"min":2.9581668376922607,"max":11.424806594848633},"gwa-power-200":{"min":89.58226013183594,"max":1496.9451904296875},"gwa-speed-200":{"min":3.213533639907837,"max":11.55260944366455},"gebco":{"min":-423.0,"max":1702.0},"srtm90":{"min":-415.0,"max":1705.0},"waterbodies":{"min":0.0,"max":2.0},"gwa-enercon-e44-50":{"min":0.016311392188072205,"max":0.4555997848510742},"gwa-enercon-e48-50":{"min":0.02146855741739273,"max":0.5193310379981995},"gwa-enercon-e53-50":{"min":0.03034423664212227,"max":0.5600307583808899},"gwa-offshore-dtu-10mw-119":{"min":0.042661190032958984,"max":0.6252720355987549},"gwa-offshore-iea-15mw-150":{"min":0.0677252933382988,"max":0.6756455302238464},"gwa-offshore-leanwind-8mw-110":{"min":0.041925303637981415,"max":0.6337902545928955},"gwa-vestas-v100-mode0-100":{"min":0.061410389840602875,"max":0.6944822669029236},"gwa-vestas-v100-mode0-120":{"min":0.07159674167633057,"max":0.7042012810707092},"gwa-vestas-v100-mode0-150":{"min":0.08681520074605942,"max":0.7043468952178955},"gwa-vestas-v100-mode0-80":{"min":0.050750263035297394,"max":0.6698765158653259},"gwa-vestas-v110-mode0-100":{"min":0.0716540589928627,"max":0.7263879776000977},"gwa-vestas-v110-mode0-120":{"min":0.08345568180084229,"max":0.7358967065811157},"gwa-vestas-v110-mode0-150":{"min":0.10124806314706802,"max":0.7361528277397156},"gwa-vestas-v110-mode0-80":{"min":0.059513192623853683,"max":0.7022244334220886},"gwa-vestas-v112-mode0-100":{"min":0.044970571994781494,"max":0.6456063389778137},"gwa-vestas-v112-mode0-120":{"min":0.05247538536787033,"max":0.6573730111122131},"gwa-vestas-v112-mode0-150":{"min":0.06347546726465225,"max":0.6604323387145996},"gwa-vestas-v112-mode0-80":{"min":0.036880332976579666,"max":0.6193938255310059},"gwa-vestas-v120-mode0-100":{"min":0.07559027522802353,"max":0.7040433883666992},"gwa-vestas-v120-mode0-120":{"min":0.08801481127738953,"max":0.7097553014755249},"gwa-vestas-v120-mode0-150":{"min":0.10686372220516205,"max":0.7297624349594116},"gwa-vestas-v120-mode0-80":{"min":0.06285661458969116,"max":0.6823392510414124},"gwa-vestas-v126-mode0-100":{"min":0.05532802641391754,"max":0.6734700202941895},"gwa-vestas-v126-mode0-120":{"min":0.06449263542890549,"max":0.6837858557701111},"gwa-vestas-v126-mode0-150":{"min":0.07811731100082397,"max":0.684651255607605},"gwa-vestas-v126-mode0-80":{"min":0.04564421996474266,"max":0.6482771039009094},"gwa-vestas-v136-mode0-100":{"min":0.06302192807197571,"max":0.7020936012268066},"gwa-vestas-v136-mode0-120":{"min":0.07343970239162445,"max":0.711990237236023},"gwa-vestas-v136-mode0-150":{"min":0.08903133124113083,"max":0.7124237418174744},"gwa-vestas-v136-mode0-80":{"min":0.05215732753276825,"max":0.6773645281791687},"air-density":{"min":0.9973859786987305,"max":1.1831682920455933},"lcoe":{"gwa-vestas-v100-mode0-120":{"lg":{"min":53.35912322998047,"max":489.4795837402344},"li":{"min":1.5423922538757324,"max":15.216726303100586},"lr":{"min":0.0,"max":1.284900426864624},"total":{"min":54.95024490356445,"max":505.9099426269531}},"gwa-vestas-v110-mode0-120":{"lg":{"min":51.23320388793945,"max":420.4936218261719},"li":{"min":1.4759607315063477,"max":13.054450988769531},"lr":{"min":0.0,"max":1.1362885236740112},"total":{"min":52.755794525146484,"max":434.5892333984375}},"gwa-vestas-v112-mode0-120":{"lg":{"min":56.875247955322266,"max":666.3822631835938},"li":{"min":1.6522653102874756,"max":20.76150894165039},"lr":{"min":0.0,"max":1.6558336019515991},"total":{"min":58.5797119140625,"max":688.7996215820312}},"gwa-vestas-v112-mode0-100":{"lg":{"min":57.83894348144531,"max":776.92236328125},"li":{"min":1.6823792457580566,"max":24.22624397277832},"lr":{"min":0.0,"max":1.9321635961532593},"total":{"min":59.5744743347168,"max":803.080810546875}},"gwa-offshore-dtu-10mw-119":{"lg":{"min":59.589820861816406,"max":818.7630004882812},"li":{"min":1.7370914220809937,"max":25.537687301635742},"lr":{"min":0.0,"max":2.036757469177246},"total":{"min":61.38179016113281,"max":846.33740234375}},"gwa-vestas-v126-mode0-150":{"lg":{"min":54.76856231689453,"max":448.9559020996094},"li":{"min":1.5864348411560059,"max":13.946564674377441},"lr":{"min":0.0,"max":1.2671688795089722},"total":{"min":56.40511703491211,"max":464.0147705078125}},"gwa-vestas-v120-mode0-80":{"lg":{"min":54.940589904785156,"max":556.9849243164062},"li":{"min":1.582682728767395,"max":17.33259391784668},"lr":{"min":0.0,"max":1.3823606967926025},"total":{"min":56.58269119262695,"max":575.6998901367188}},"gsa-pvout":{"lg":{"min":134.59019108023728,"max":169.94808127880964},"li":{"min":3.9001556039821415,"max":7.780259552579998},"lr":{"min":0.0,"max":1.7141940453338242},"total":{"min":139.46474698936845,"max":176.03938175920044}},"gwa-vestas-v126-mode0-80":{"lg":{"min":57.61713790893555,"max":765.5150756835938},"li":{"min":1.6754481792449951,"max":23.868698120117188},"lr":{"min":0.0,"max":1.903647541999817},"total":{"min":59.34552001953125,"max":791.2874145507812}},"gwa-offshore-leanwind-8mw-110":{"lg":{"min":58.842689514160156,"max":833.0640258789062},"li":{"min":1.7137446403503418,"max":25.985933303833008},"lr":{"min":0.0,"max":2.072507381439209},"total":{"min":60.61057662963867,"max":861.1224975585938}},"gwa-vestas-v110-mode0-100":{"lg":{"min":51.851505279541016,"max":489.0912780761719},"li":{"min":1.49528169631958,"max":15.20455551147461},"lr":{"min":0.0,"max":1.2450151443481445},"total":{"min":53.39402770996094,"max":505.50848388671875}},"gwa-vestas-v136-mode0-100":{"lg":{"min":53.507301330566406,"max":555.534423828125},"li":{"min":1.5470224618911743,"max":17.287128448486328},"lr":{"min":0.0,"max":1.3798425197601318},"total":{"min":55.10319900512695,"max":574.2002563476562}},"gwa-vestas-v126-mode0-100":{"lg":{"min":55.61144256591797,"max":632.2306518554688},"li":{"min":1.6127734184265137,"max":19.691070556640625},"lr":{"min":0.0,"max":1.5704609155654907},"total":{"min":57.275169372558594,"max":653.4921875}},"gwa-vestas-v126-mode0-120":{"lg":{"min":54.83281707763672,"max":542.95703125},"li":{"min":1.5884426832199097,"max":16.892908096313477},"lr":{"min":0.0,"max":1.400808334350586},"total":{"min":56.47144317626953,"max":561.1972045898438}},"gwa-vestas-v120-mode0-120":{"lg":{"min":52.97287368774414,"max":398.91943359375},"li":{"min":1.467214822769165,"max":12.378235816955566},"lr":{"min":0.0,"max":1.0919736623764038},