{"worldpop":{"min":-3.4028234663852886e+38,"max":668.836181640625},"slope":{"min":0.13962166011333466,"max":18.387004852294922},"land-cover":{"min":200.0,"max":210.0},"airports":{"min":2500.0,"max":21377.55859375},"ports":{"min":0.0,"max":18445.8671875},"anchorages":{"min":0.0,"max":7017.833984375},"grid":{"min":0.0,"max":7810.25},"roads":{"min":0.0,"max":7433.0341796875},"pp-whs":{"min":24500.0,"max":37884.69140625},"unep-coral":{"min":0.0,"max":8558.62109375},"unesco":{"min":43965.8984375,"max":59977.078125},"unesco-ramsar":{"min":391627.6875,"max":402000.0},"wwf-glw-1":{"min":178394.21875,"max":198439.546875},"wwf-glw-2":{"min":142000.890625,"max":162027.765625},"jrc-gsw":{"min":0.0,"max":1.0},"pp-marine-protected":{"min":0.0,"max":0.0},"unep-tidal":{"min":0.0,"max":0.0},"wwf-glw-3":{"min":9.0,"max":255.0},"gsa-pvout":{"min":5.072432041168213,"max":5.244990825653076},"gsa-ghi":{"min":5.970191478729248,"max":6.135484218597412},"gsa-gti":{"min":6.538837432861328,"max":6.764863967895508},"gsa-temp":{"min":23.0731258392334,"max":24.294904708862305},"gwa-iec1":{"min":0.41561487317085266,"max":0.5906286239624023},"gwa-iec2":{"min":0.4741993248462677,"max":0.639208972454071},"gwa-iec3":{"min":0.5139721632003784,"max":0.6691794991493225},"gwa-power-10":{"min":123.07899475097656,"max":339.2584533691406},"gwa-speed-10":{"min":4.518085956573486,"max":6.531182765960693},"gwa-power-50":{"min":233.81724548339844,"max":554.5109252929688},"gwa-speed-50":{"min":5.971291542053223,"max":7.9712371826171875},"gwa-power-100":{"min":415.6511535644531,"max":765.4540405273438},"gwa-speed-100":{"min":7.548044681549072,"max":9.024883270263672},"gwa-power-150":{"min":573.5572509765625,"max":956.0542602539062},"gwa-speed-150":{"min":8.463350296020508,"max":9.911653518676758},"gwa-power-200":{"min":704.8927612304688,"max":1144.74462890625},"gwa-speed-200":{"min":9.058086395263672,"max":10.525197982788086},"gebco":{"min":-868.0,"max":132.0},"srtm90":{"min":8.0,"max":148.0},"waterbodies":{"min":0.0,"max":1.0},"gwa-enercon-e44-50":{"min":0.17636799812316895,"max":0.33100345730781555},"gwa-enercon-e48-50":{"min":0.222469761967659,"max":0.39702486991882324},"gwa-enercon-e53-50":{"min":0.26252076029777527,"max":0.4438057839870453},"gwa-offshore-dtu-10mw-119":{"min":0.4020640552043915,"max":0.533133327960968},"gwa-offshore-iea-15mw-150":{"min":0.5055692195892334,"max":0.6122320890426636},"gwa-offshore-leanwind-8mw-110":{"min":0.39603230357170105,"max":0.5354328751564026},"gwa-vestas-v100-mode0-100":{"min":0.4933667480945587,"max":0.6330599784851074},"gwa-vestas-v100-mode0-120":{"min":0.5339289903640747,"max":0.6499971151351929},"gwa-vestas-v100-mode0-150":{"min":0.573795735836029,"max":0.667401909828186},"gwa-vestas-v100-mode0-80":{"min":0.4377051889896393,"max":0.6008033752441406},"gwa-vestas-v110-mode0-100":{"min":0.5383287668228149,"max":0.6717303991317749},"gwa-vestas-v110-mode0-120":{"min":0.5781371593475342,"max":0.6876621246337891},"gwa-vestas-v110-mode0-150":{"min":0.6161122918128967,"max":0.7030993103981018},"gwa-vestas-v110-mode0-80":{"min":0.48239004611968994,"max":0.6408060193061829},"gwa-vestas-v112-mode0-100":{"min":0.40331655740737915,"max":0.5507492423057556},"gwa-vestas-v112-mode0-120":{"min":0.4433639645576477,"max":0.5707384347915649},"gwa-vestas-v112-mode0-150":{"min":0.48534807562828064,"max":0.5932661294937134},"gwa-vestas-v112-mode0-80":{"min":0.3509621024131775,"max":0.51664799451828},"gwa-vestas-v120-mode0-100":{"min":0.555384635925293,"max":0.6788093447685242},"gwa-vestas-v120-mode0-120":{"min":0.5939944982528687,"max":0.6924326419830322},"gwa-vestas-v120-mode0-150":{"min":0.6206136345863342,"max":0.7029134035110474},"gwa-vestas-v120-mode0-80":{"min":0.5000113248825073,"max":0.6505635976791382},"gwa-vestas-v126-mode0-100":{"min":0.4600489139556885,"max":0.6031870245933533},"gwa-vestas-v126-mode0-120":{"min":0.5006012916564941,"max":0.62090665102005},"gwa-vestas-v126-mode0-150":{"min":0.5414391756057739,"max":0.6402925848960876},"gwa-vestas-v126-mode0-80":{"min":0.40539202094078064,"max":0.570159375667572},"gwa-vestas-v136-mode0-100":{"min":0.4990217089653015,"max":0.6383249163627625},"gwa-vestas-v136-mode0-120":{"min":0.5394209623336792,"max":0.655281126499176},"gwa-vestas-v136-mode0-150":{"min":0.5790820717811584,"max":0.6730074882507324},"gwa-vestas-v136-mode0-80":{"min":0.4434599280357361,"max":0.606106162071228},"air-density":{"min":1.1587775945663452,"max":1.1741480827331543}}