{"worldpop":{"min":-3.4028234663852886e+38,"max":19259.421875},"slope":{"min":0.0,"max":33.1260871887207},"land-cover":{"min":10.0,"max":210.0},"airports":{"min":0.0,"max":321740.5625},"ports":{"min":0.0,"max":323068.125},"anchorages":{"min":0.0,"max":280021.875},"grid":{"min":0.0,"max":300990.4375},"roads":{"min":0.0,"max":34677.08203125},"pp-whs":{"min":0.0,"max":788462.375},"unep-coral":{"min":0.0,"max":499985.0},"unesco":{"min":500.0,"max":479009.40625},"unesco-ramsar":{"min":0.0,"max":499985.0},"wwf-glw-1":{"min":0.0,"max":499972.5},"wwf-glw-2":{"min":0.0,"max":472604.75},"jrc-gsw":{"min":0.0,"max":1.0},"pp-marine-protected":{"min":0.0,"max":1.0},"unep-tidal":{"min":0.0,"max":1.0},"wwf-glw-3":{"min":1.0,"max":255.0},"gsa-pvout":{"min":2.317600727081299,"max":4.419970989227295},"gsa-ghi":{"min":2.562138080596924,"max":5.184264659881592},"gsa-gti":{"min":2.7220470905303955,"max":5.503206729888916},"gsa-temp":{"min":-3.791424036026001,"max":24.48695182800293},"gwa-iec1":{"min":0.014875063672661781,"max":0.6226491928100586},"gwa-iec2":{"min":0.018165191635489464,"max":0.6363013386726379},"gwa-iec3":{"min":0.02059904858469963,"max":0.6614193916320801},"gwa-power-10":{"min":3.5955376625061035,"max":6796.86669921875},"gwa-speed-10":{"min":0.7252375483512878,"max":16.165157318115234},"gwa-power-50":{"min":10.245884895324707,"max":5733.61083984375},"gwa-speed-50":{"min":1.0590357780456543,"max":15.582590103149414},"gwa-power-100":{"min":21.34647560119629,"max":4932.0224609375},"gwa-speed-100":{"min":1.529109239578247,"max":15.607573509216309},"gwa-power-150":{"min":32.1905517578125,"max":4749.12939453125},"gwa-speed-150":{"min":1.751320242881775,"max":15.65426254272461},"gwa-power-200":{"min":42.21384048461914,"max":4526.9873046875},"gwa-speed-200":{"min":1.8735884428024292,"max":15.782630920410156},"gebco":{"min":-531.0,"max":3193.0},"srtm90":{"min":-6.0,"max":3204.0},"waterbodies":{"min":0.0,"max":2.0},"gwa-enercon-e44-50":{"min":0.005619346164166927,"max":0.5028040409088135},"gwa-enercon-e48-50":{"min":0.007417432032525539,"max":0.5558739900588989},"gwa-enercon-e53-50":{"min":0.011072241701185703,"max":0.5879278182983398},"gwa-offshore-dtu-10mw-119":{"min":0.009552309289574623,"max":0.603442907333374},"gwa-offshore-iea-15mw-150":{"min":0.020677383989095688,"max":0.6555062532424927},"gwa-offshore-leanwind-8mw-110":{"min":0.010144524276256561,"max":0.6110873818397522},"gwa-vestas-v100-mode0-100":{"min":0.021990887820720673,"max":0.6557989716529846},"gwa-vestas-v100-mode0-120":{"min":0.02094138041138649,"max":0.6669550538063049},"gwa-vestas-v100-mode0-150":{"min":0.028112687170505524,"max":0.6755261421203613},"gwa-vestas-v100-mode0-80":{"min":0.017481384798884392,"max":0.6351537108421326},"gwa-vestas-v110-mode0-100":{"min":0.025683341547846794,"max":0.6882607340812683},"gwa-vestas-v110-mode0-120":{"min":0.02591293677687645,"max":0.6974610686302185},"gwa-vestas-v110-mode0-150":{"min":0.034232594072818756,"max":0.7074268460273743},"gwa-vestas-v110-mode0-80":{"min":0.020369753241539,"max":0.6680002808570862},"gwa-vestas-v112-mode0-100":{"min":0.015098127536475658,"max":0.6213268637657166},"gwa-vestas-v112-mode0-120":{"min":0.01387710589915514,"max":0.6333547234535217},"gwa-vestas-v112-mode0-150":{"min":0.019102800637483597,"max":0.6417199373245239},"gwa-vestas-v112-mode0-80":{"min":0.012981736101210117,"max":0.6130719184875488},"gwa-vestas-v120-mode0-100":{"min":0.026979556307196617,"max":0.6710819005966187},"gwa-vestas-v120-mode0-120":{"min":0.027712605893611908,"max":0.6848593950271606},"gwa-vestas-v120-mode0-150":{"min":0.03648102283477783,"max":0.687519907951355},"gwa-vestas-v120-mode0-80":{"min":0.021367717534303665,"max":0.6459576487541199},"gwa-vestas-v126-mode0-100":{"min":0.019858399406075478,"max":0.6379730701446533},"gwa-vestas-v126-mode0-120":{"min":0.018453435972332954,"max":0.6486485004425049},"gwa-vestas-v126-mode0-150":{"min":0.024861032143235207,"max":0.6565865278244019},"gwa-vestas-v126-mode0-80":{"min":0.015843406319618225,"max":0.6159343123435974},"gwa-vestas-v136-mode0-100":{"min":0.022590212523937225,"max":0.6648572683334351},"gwa-vestas-v136-mode0-120":{"min":0.02185564860701561,"max":0.675177276134491},"gwa-vestas-v136-mode0-150":{"min":0.029171515256166458,"max":0.6841006875038147},"gwa-vestas-v136-mode0-80":{"min":0.01797182857990265,"max":0.6436155438423157},"air-density":{"min":0.878563404083252,"max":1.2458209991455078},"lcoe":{"gwa-vestas-v100-mode0-120":{"lg":{"min":56.11559295654297,"max":1663.8123779296875},"li":{"min":1.5739686489105225,"max":49.668697357177734},"lr":{"min":0.0,"max":4.2480149269104},"total":{"min":58.34088134765625,"max":1713.4810791015625}},"gwa-vestas-v110-mode0-120":{"lg":{"min":53.83613204956055,"max":1345.3671875},"li":{"min":1.4981410503387451,"max":40.13945388793945},"lr":{"min":0.0,"max":3.6988706588745117},"total":{"min":55.72295379638672,"max":1385.506591796875}},"gwa-vestas-v112-mode0-120":{"lg":{"min":58.880393981933594,"max":2508.755615234375},"li":{"min":1.7363115549087524,"max":74.95301818847656},"lr":{"min":0.0,"max":5.59773063659668},"total":{"min":61.21638870239258,"max":2583.708740234375}},"gwa-vestas-v112-mode0-100":{"lg":{"min":59.94279098510742,"max":2306.190185546875},"li":{"min":1.7704683542251587,"max":68.89138793945312},"lr":{"min":0.0,"max":6.326719284057617},"total":{"min":61.75975036621094,"max":2375.08154296875}},"gwa-offshore-dtu-10mw-119":{"lg":{"min":61.600738525390625,"max":3642.78076171875},"li":{"min":1.8265252113342285,"max":108.88790893554688},"lr":{"min":0.0,"max":6.67116641998291},"total":{"min":63.72509765625,"max":3751.668701171875}},"gwa-vestas-v126-mode0-150":{"lg":{"min":56.93857955932617,"max":1402.1221923828125},"li":{"min":1.6063696146011353,"max":41.837806701660156},"lr":{"min":0.0,"max":3.8576440811157227},"total":{"min":58.99263381958008,"max":1443.9599609375}},"gwa-vestas-v120-mode0-80":{"lg":{"min":57.80965805053711,"max":1630.6951904296875},"li":{"min":1.617445468902588,"max":48.1865119934082},"lr":{"min":0.0,"max":4.27298641204834},"total":{"min":59.841915130615234,"max":1678.8817138671875}},"gsa-pvout":{"lg":{"min":174.806600736494,"max":329.75076940651553},"li":{"min":5.278769942666354,"max":30.460027378398063},"lr":{"min":0.0,"max":2.460320723386742},"total":{"min":184.6462446088804,"max":340.1588082009438}},"gwa-vestas-v126-mode0-80":{"lg":{"min":60.43258285522461,"max":2197.894287109375},"li":{"min":1.7546660900115967,"max":64.98828125},"lr":{"min":0.0,"max":5.667783737182617},"total":{"min":62.86752700805664,"max":2262.882568359375}},"gwa-offshore-leanwind-8mw-110":{"lg":{"min":60.880184173583984,"max":3430.3564453125},"li":{"min":1.8055542707443237,"max":102.53126525878906},"lr":{"min":0.0,"max":6.77053165435791},"total":{"min":62.72758865356445,"max":3532.8876953125}},"gwa-vestas-v110-mode0-100":{"lg":{"min":54.502315521240234,"max":1357.358154296875},"li":{"min":1.5318433046340942,"max":43.32023620605469},"lr":{"min":0.0,"max":4.149692535400391},"total":{"min":56.88652038574219,"max":1403.2401123046875}},"gwa-vestas-v136-mode0-100":{"lg":{"min":56.280033111572266,"max":1542.6644287109375},"li":{"min":1.5957602262496948,"max":49.25178527832031},"lr":{"min":0.0,"max":4.672389030456543},"total":{"min":59.09323501586914,"max":1594.828857421875}},"gwa-vestas-v126-mode0-100":{"lg":{"min":58.483116149902344,"max":1754.3304443359375},"li":{"min":1.6756796836853027,"max":56.027095794677734},"lr":{"min":0.0,"max":5.262574195861816},"total":{"min":61.634586334228516,"max":1813.6707763671875}},"gwa-vestas-v126-mode0-120":{"lg":{"min":57.586429595947266,"max":1887.5928955078125},"li":{"min":1.6342840194702148,"max":56.365169525146484},"lr":{"min":0.0,"max":4.674160003662109},"total":{"min":60.34929275512695,"max":1943.9580078125}},"gwa-vestas-v120-mode0-120":{"lg":{"min":54.753135681152344,"max":1258.2581787109375},"li":{"min":1.5142626762390137,"max":37.53277587890625},"lr":{"min":0.0,"max":3.5491039752960205},"total":{"min":56.2795524597168,