{"worldpop": {"min": -3.4028234663852886e+38, "max": 4657.52197265625}, "slope": {"min": 0.0, "max": 37.1917724609375}, "land-cover": {"min": 10.0, "max": 220.0}, "airports": {"min": 0.0, "max": 450347.9375}, "ports": {"min": 1414.2135009765625, "max": 499999.25}, "anchorages": {"min": 65535.0, "max": 65535.0}, "grid": {"min": 0.0, "max": 162274.453125}, "roads": {"min": 0.0, "max": 84340.0859375}, "pp-whs": {"min": 0.0, "max": 1238543.625}, "unep-coral": {"min": 65535.0, "max": 65535.0}, "unesco": {"min": 1414.2135009765625, "max": 499996.5}, "unesco-ramsar": {"min": 0.0, "max": 499962.5}, "wwf-glw-1": {"min": 0.0, "max": 278390.46875}, "wwf-glw-2": {"min": 0.0, "max": 277227.78125}, "jrc-gsw": {"min": 0.0, "max": 1.0}, "pp-marine-protected": {"min": 0.0, "max": 0.0}, "unep-tidal": {"min": 0.0, "max": 0.0}, "wwf-glw-3": {"min": 1.0, "max": 255.0}, "gsa-pvout": {"min": 2.6288321018218994, "max": 4.457273006439209}, "gsa-ghi": {"min": 2.9389445781707764, "max": 4.646823883056641}, "gsa-gti": {"min": 3.1620702743530273, "max": 5.400171279907227}, "gsa-temp": {"min": -18.55979347229004, "max": 16.299999237060547}, "gwa-iec1": {"min": 0.0021148226223886013, "max": 0.654087483882904}, "gwa-iec2": {"min": 0.003047715872526169, "max": 0.696202278137207}, "gwa-iec3": {"min": 0.0036752207670360804, "max": 0.7246937155723572}, "gwa-power-10": {"min": 0.8920567631721497, "max": 4253.970703125}, "gwa-speed-10": {"min": 0.47910091280937195, "max": 12.517800331115723}, "gwa-power-50": {"min": 1.4987677335739136, "max": 2924.69921875}, "gwa-speed-50": {"min": 0.7213371992111206, "max": 13.485113143920898}, "gwa-power-100": {"min": 3.708484172821045, "max": 2708.49365234375}, "gwa-speed-100": {"min": 1.153942346572876, "max": 14.274907112121582}, "gwa-power-150": {"min": 6.162615776062012, "max": 2868.80322265625}, "gwa-speed-150": {"min": 1.345537781715393, "max": 14.506048202514648}, "gwa-power-200": {"min": 9.163515090942383, "max": 3121.885498046875}, "gwa-speed-200": {"min": 1.373753309249878, "max": 14.85646915435791}, "gebco": {"min": -134.0, "max": 5260.0}, "srtm90": {"min": -134.0, "max": 5170.0}, "waterbodies": {"min": 1.0, "max": 2.0}, "gwa-enercon-e44-50": {"min": 0.0006957527948543429, "max": 0.4356774687767029}, "gwa-enercon-e48-50": {"min": 0.0009334561764262617, "max": 0.5042735934257507}, "gwa-enercon-e53-50": {"min": 0.0017684607300907373, "max": 0.5485616326332092}, "gwa-offshore-dtu-10mw-119": {"min": 0.0014942575944587588, "max": 0.6368846893310547}, "gwa-offshore-iea-15mw-150": {"min": 0.004106402397155762, "max": 0.713854968547821}, "gwa-offshore-leanwind-8mw-110": {"min": 0.0014311053091660142, "max": 0.6342004537582397}, "gwa-vestas-v100-mode0-100": {"min": 0.003306122962385416, "max": 0.7080997824668884}, "gwa-vestas-v100-mode0-120": {"min": 0.004294000566005707, "max": 0.7275620102882385}, "gwa-vestas-v100-mode0-150": {"min": 0.005891213193535805, "max": 0.7455466389656067}, "gwa-vestas-v100-mode0-80": {"min": 0.00238514831289649, "max": 0.6795058250427246}, "gwa-vestas-v110-mode0-100": {"min": 0.004282745067030191, "max": 0.7413058876991272}, "gwa-vestas-v110-mode0-120": {"min": 0.005554898642003536, "max": 0.759541928768158}, "gwa-vestas-v110-mode0-150": {"min": 0.007574753370136023, "max": 0.7759494185447693}, "gwa-vestas-v110-mode0-80": {"min": 0.0030760711524635553, "max": 0.7141137719154358}, "gwa-vestas-v112-mode0-100": {"min": 0.0020505741704255342, "max": 0.6430537104606628}, "gwa-vestas-v112-mode0-120": {"min": 0.0026687749195843935, "max": 0.6702190041542053}, "gwa-vestas-v112-mode0-150": {"min": 0.0036959960125386715, "max": 0.6971160173416138}, "gwa-vestas-v112-mode0-80": {"min": 0.001486451830714941, "max": 0.6150040030479431}, "gwa-vestas-v120-mode0-100": {"min": 0.0045555513352155685, "max": 0.7365177273750305}, "gwa-vestas-v120-mode0-120": {"min": 0.005915182642638683, "max": 0.7518221735954285}, "gwa-vestas-v120-mode0-150": {"min": 0.008068197406828403, "max": 0.7635170221328735}, "gwa-vestas-v120-mode0-80": {"min": 0.003276373725384474, "max": 0.7123683094978333}, "gwa-vestas-v126-mode0-100": {"min": 0.0029291328974068165, "max": 0.6826094388961792}, "gwa-vestas-v126-mode0-120": {"min": 0.003794265678152442, "max": 0.7039925456047058}, "gwa-vestas-v126-mode0-150": {"min": 0.005209059454500675, "max": 0.7261037230491638}, "gwa-vestas-v126-mode0-80": {"min": 0.0021137127187103033, "max": 0.6538194417953491}, "gwa-vestas-v136-mode0-100": {"min": 0.0035323251504451036, "max": 0.7138861417770386}, "gwa-vestas-v136-mode0-120": {"min": 0.004582738969475031, "max": 0.7334628701210022}, "gwa-vestas-v136-mode0-150": {"min": 0.006264291703701019, "max": 0.7530619502067566}, "gwa-vestas-v136-mode0-80": {"min": 0.002545332768931985, "max": 0.6852480173110962}, "air-density": {"min": 0.7056348323822021, "max": 1.2600419521331787}, "lcoe": {"gwa-vestas-v100-mode0-120": {"lg": {"min": 51.774295806884766, "max": 8098.7275390625}, "li": {"min": 1.435225486755371, "max": 250.71543884277344}, "lr": {"min": 0.0, "max": 30.004159927368164}, "total": {"min": 53.2412109375, "max": 8376.7509765625}}, "gwa-vestas-v110-mode0-120": {"lg": {"min": 49.76279067993164, "max": 6261.31689453125}, "li": {"min": 1.3723406791687012, "max": 193.805908203125}, "lr": {"min": 0.0, "max": 24.138994216918945}, "total": {"min": 51.16794204711914, "max": 6476.23193359375}}, "gwa-vestas-v112-mode0-120": {"lg": {"min": 55.861793518066406, "max": 10000.0}, "li": {"min": 1.5819224119186401, "max": 403.3955993652344}, "lr": {"min": 0.0, "max": 45.523406982421875}, "total": {"min": 57.49993896484375, "max": 10000.0}}, "gwa-vestas-v112-mode0-100": {"lg": {"min": 58.052650451660156, "max": 10000.0}, "li": {"min": 1.6324820518493652, "max": 525.0100708007812}, "lr": {"min": 0.0, "max": 57.18259048461914}, "total": {"min": 59.7599983215332, "max": 10000.0}}, "gwa-offshore-dtu-10mw-119": {"lg": {"min": 58.57621765136719, "max": 10000.0}, "li": {"min": 1.664719581604004, "max": 720.4729614257812}, "lr": {"min": 0.0, "max": 78.47183990478516}, "total": {"min": 60.30010223388672, "max": 10000.0}}, "gwa-vestas-v126-mode0-150": {"lg": {"min": 51.8702392578125, "max": 6676.75146484375}, "li": {"min": 1.4524353742599487, "max": 206.67303466796875}, "lr": {"min": 0.0, "max": 32.536861419677734}, "total": {"min": 53.38230514526367, "max": 6905.9345703125}}, "gwa-vestas-v120-mode0-80": {"lg": {"min": 52.79323959350586, "max": 10000.0}, "li": {"min": 1.4588453769683838, "max": 328.5864562988281}, "lr": {"min": 0.0, "max": 35.788692474365234}, "total": {"min": 54.291439056396484, "max": 10000.0}}, "gsa-pvout": {"lg": {"min": 173.37715480590447, "max": 291.1846473194737}, "li": {"min": 5.205317022444799, "max": 18.901564994274686}, "lr": {"min": 0.0, "max": 5.405654094258559}, "total": {"min": 180.10546856189282, "max": 301.0338220485763}}, "gwa-vestas-v126-mode0-80": {"lg": {"min": 57.16262435913086, "max": 10000.0}, "li": {"min": 1.600182056427002, "max": 509.32757568359375}, "lr": {"min": 0.0, "max": 55.474491119384766}, "total": {"min": 58.78080749511719, "max": 10000.0}}, "gwa-offshore-leanwind-8mw-110": {"lg": {"min": 58.807212829589844, "max": 10000.0}, "li": {"min": 1.6670304536819458, "max": 752.2661743164062}, "lr": {"min": 0.0, "max": 81.9346694946289}, "total": {"min": 60.538394927978516, "max": 10000.0}}, "gwa-vestas-v110-mode0-100": {"lg": {"min": 50.8885498046875, "max": 8120.0}, "li": {"min": 1.4057294130325317, "max": 251.3743133544922}, "lr": {"min": 0.0, "max": 27.37896728515625}, "total": {"min": 52.32826614379883, "max": 8398.7529296875}}, "gwa-vestas-v136-mode0-100": {"lg": {"min": 52.68949508666992, "max": 9844.19140625}, "li": {"min": 1.462964415550232, "max": 304.77716064453125}, "lr": {"min": 0.0, "max": 33.19544982910156}, "total": {"min": 54.18450927734375, "max": 10000.0}}, "gwa-vestas-v126-mode0-100": {"lg": {"min": 54.9204216003418, "max": 10000.0}, "li": {"min": 1.5325230360031128, "max": 367.5395202636719}, "lr": {"min": 0.0, "max": 40.03134536743164},