{"worldpop":{"min":-3.4028234663852886e+38,"max":1250.2962646484375},"slope":{"min":0.0,"max":12.339049339294434},"land-cover":{"min":10.0,"max":210.0},"airports":{"min":0.0,"max":263699.15625},"ports":{"min":0.0,"max":281979.625},"anchorages":{"min":65535.0,"max":65535.0},"grid":{"min":0.0,"max":148846.390625},"roads":{"min":0.0,"max":148446.125},"pp-whs":{"min":791000.0,"max":1203150.0},"unep-coral":{"min":65535.0,"max":65535.0},"unesco":{"min":65535.0,"max":500000.0},"unesco-ramsar":{"min":65535.0,"max":500000.0},"wwf-glw-1":{"min":0.0,"max":119303.1875},"wwf-glw-2":{"min":0.0,"max":202354.265625},"jrc-gsw":{"min":0.0,"max":1.0},"pp-marine-protected":{"min":0.0,"max":0.0},"unep-tidal":{"min":0.0,"max":0.0},"wwf-glw-3":{"min":1.0,"max":255.0},"gsa-pvout":{"min":3.506807804107666,"max":4.073842525482178},"gsa-ghi":{"min":3.7515602111816406,"max":4.27400016784668},"gsa-gti":{"min":4.2445502281188965,"max":4.9766035079956055},"gsa-temp":{"min":10.399999618530273,"max":15.300000190734863},"gwa-iec1":{"min":0.28265562653541565,"max":0.5680028796195984},"gwa-iec2":{"min":0.32333657145500183,"max":0.6156603693962097},"gwa-iec3":{"min":0.35236960649490356,"max":0.6505798697471619},"gwa-power-10":{"min":21.186824798583984,"max":950.1309814453125},"gwa-speed-10":{"min":2.5141804218292236,"max":7.8655242919921875},"gwa-power-50":{"min":154.08755493164062,"max":1207.6978759765625},"gwa-speed-50":{"min":5.070967674255371,"max":9.248979568481445},"gwa-power-100":{"min":281.35205078125,"max":1359.865234375},"gwa-speed-100":{"min":6.486461639404297,"max":9.24793815612793},"gwa-power-150":{"min":490.64959716796875,"max":1649.017578125},"gwa-speed-150":{"min":7.2763261795043945,"max":10.890003204345703},"gwa-power-200":{"min":630.1702270507812,"max":1883.6422119140625},"gwa-speed-200":{"min":8.003273963928223,"max":11.365511894226074},"gebco":{"min":-704.0,"max":470.0},"srtm90":{"min":-135.0,"max":474.0},"waterbodies":{"min":1.0,"max":2.0},"gwa-enercon-e44-50":{"min":0.11981651186943054,"max":0.3913516402244568},"gwa-enercon-e48-50":{"min":0.15483130514621735,"max":0.44576114416122437},"gwa-enercon-e53-50":{"min":0.1888321042060852,"max":0.48208799958229065},"gwa-offshore-dtu-10mw-119":{"min":0.2916933596134186,"max":0.5589942932128906},"gwa-offshore-iea-15mw-150":{"min":0.3938691020011902,"max":0.6466184854507446},"gwa-offshore-leanwind-8mw-110":{"min":0.2795521318912506,"max":0.5579476952552795},"gwa-vestas-v100-mode0-100":{"min":0.34885475039482117,"max":0.6441815495491028},"gwa-vestas-v100-mode0-120":{"min":0.3910270631313324,"max":0.6711896657943726},"gwa-vestas-v100-mode0-150":{"min":0.44489699602127075,"max":0.6961581110954285},"gwa-vestas-v100-mode0-80":{"min":0.31380143761634827,"max":0.6202985048294067},"gwa-vestas-v110-mode0-100":{"min":0.3827505111694336,"max":0.6825129985809326},"gwa-vestas-v110-mode0-120":{"min":0.4256491959095001,"max":0.708180844783783},"gwa-vestas-v110-mode0-150":{"min":0.47782352566719055,"max":0.7285474538803101},"gwa-vestas-v110-mode0-80":{"min":0.34585070610046387,"max":0.6617630124092102},"gwa-vestas-v112-mode0-100":{"min":0.28420570492744446,"max":0.5685312151908875},"gwa-vestas-v112-mode0-120":{"min":0.32440176606178284,"max":0.5945984721183777},"gwa-vestas-v112-mode0-150":{"min":0.3773808777332306,"max":0.627845048904419},"gwa-vestas-v112-mode0-80":{"min":0.2535172998905182,"max":0.5363356471061707},"gwa-vestas-v120-mode0-100":{"min":0.39389485120773315,"max":0.6939057111740112},"gwa-vestas-v120-mode0-120":{"min":0.4347500503063202,"max":0.7129806280136108},"gwa-vestas-v120-mode0-150":{"min":0.47414594888687134,"max":0.7250568866729736},"gwa-vestas-v120-mode0-80":{"min":0.35647261142730713,"max":0.6742399334907532},"gwa-vestas-v126-mode0-100":{"min":0.32547256350517273,"max":0.6155962944030762},"gwa-vestas-v126-mode0-120":{"min":0.36663976311683655,"max":0.642278254032135},"gwa-vestas-v126-mode0-150":{"min":0.4208056926727295,"max":0.6713091135025024},"gwa-vestas-v126-mode0-80":{"min":0.2917464077472687,"max":0.5896733403205872},"gwa-vestas-v136-mode0-100":{"min":0.3541446030139923,"max":0.6497775912284851},"gwa-vestas-v136-mode0-120":{"min":0.3965388834476471,"max":0.6765713095664978},"gwa-vestas-v136-mode0-150":{"min":0.45078086853027344,"max":0.7022937536239624},"gwa-vestas-v136-mode0-80":{"min":0.3188187777996063,"max":0.626626193523407},"air-density":{"min":1.164878010749817,"max":1.2305948734283447}}