{"worldpop": {"min": -3.4028234663852886e+38, "max": 85628.2421875}, "slope": {"min": 0.0, "max": 36.13113021850586}, "land-cover": {"min": 10.0, "max": 210.0}, "airports": {"min": 0.0, "max": 358948.8125}, "ports": {"min": 500.0, "max": 500000.0}, "anchorages": {"min": 500.0, "max": 500000.0}, "grid": {"min": 0.0, "max": 226749.3125}, "roads": {"min": 0.0, "max": 63389.66796875}, "pp-whs": {"min": 0.0, "max": 521261.21875}, "unep-coral": {"min": 0.0, "max": 500000.0}, "unesco": {"min": 0.0, "max": 466644.6875}, "unesco-ramsar": {"min": 65535.0, "max": 499999.25}, "wwf-glw-1": {"min": 0.0, "max": 473874.71875}, "wwf-glw-2": {"min": 0.0, "max": 316341.96875}, "jrc-gsw": {"min": 0.0, "max": 1.0}, "pp-marine-protected": {"min": 0.0, "max": 1.0}, "unep-tidal": {"min": 0.0, "max": 1.0}, "wwf-glw-3": {"min": 1.0, "max": 255.0}, "gsa-pvout": {"min": 3.312506675720215, "max": 5.2969441413879395}, "gsa-ghi": {"min": 3.9846010208129883, "max": 6.737159729003906}, "gsa-gti": {"min": 3.997859239578247, "max": 6.756707668304443}, "gsa-temp": {"min": 0.24629272520542145, "max": 33.15975570678711}, "gwa-iec1": {"min": 0.00110904430039227, "max": 0.9291052222251892}, "gwa-iec2": {"min": 0.0017289873212575912, "max": 0.9163214564323425}, "gwa-iec3": {"min": 0.002113868948072195, "max": 0.9285133481025696}, "gwa-power-10": {"min": 0.3402288258075714, "max": 3936.765380859375}, "gwa-speed-10": {"min": 0.47449809312820435, "max": 15.492463111877441}, "gwa-power-50": {"min": 1.7599115371704102, "max": 3940.119873046875}, "gwa-speed-50": {"min": 0.8222348093986511, "max": 17.024429321289062}, "gwa-power-100": {"min": 2.9977941513061523, "max": 4362.43896484375}, "gwa-speed-100": {"min": 1.1532676219940186, "max": 17.928647994995117}, "gwa-power-150": {"min": 3.166346788406372, "max": 4617.1875}, "gwa-speed-150": {"min": 1.1832950115203857, "max": 18.44982147216797}, "gwa-power-200": {"min": 3.2336463928222656, "max": 4875.359375}, "gwa-speed-200": {"min": 1.1906532049179077, "max": 18.866044998168945}, "gebco": {"min": -89.0, "max": 4789.0}, "srtm90": {"min": -1.0, "max": 4795.0}, "waterbodies": {"min": 0.0, "max": 2.0}, "gwa-enercon-e44-50": {"min": 9.337419032817706e-05, "max": 0.8062046766281128}, "gwa-enercon-e48-50": {"min": 0.00012907337804790586, "max": 0.8665677309036255}, "gwa-enercon-e53-50": {"min": 0.0005136469844728708, "max": 0.8947532176971436}, "gwa-offshore-dtu-10mw-119": {"min": 0.00031103380024433136, "max": 0.9096400737762451}, "gwa-offshore-iea-15mw-150": {"min": 0.001258690026588738, "max": 0.9373846650123596}, "gwa-offshore-leanwind-8mw-110": {"min": 0.0003033301327377558, "max": 0.9169852137565613}, "gwa-vestas-v100-mode0-100": {"min": 0.0013784156180918217, "max": 0.924267590045929}, "gwa-vestas-v100-mode0-120": {"min": 0.0017405240796506405, "max": 0.9358176589012146}, "gwa-vestas-v100-mode0-150": {"min": 0.0018888344056904316, "max": 0.9554069638252258}, "gwa-vestas-v100-mode0-80": {"min": 0.0008226734353229403, "max": 0.9175915122032166}, "gwa-vestas-v110-mode0-100": {"min": 0.0019457658054307103, "max": 0.9424403309822083}, "gwa-vestas-v110-mode0-120": {"min": 0.002442264463752508, "max": 0.9503865242004395}, "gwa-vestas-v110-mode0-150": {"min": 0.0025820154696702957, "max": 0.9676133990287781}, "gwa-vestas-v110-mode0-80": {"min": 0.001164219924248755, "max": 0.9361585378646851}, "gwa-vestas-v112-mode0-100": {"min": 0.0007587651489302516, "max": 0.9244794249534607}, "gwa-vestas-v112-mode0-120": {"min": 0.0009653517045080662, "max": 0.9224080443382263}, "gwa-vestas-v112-mode0-150": {"min": 0.0010847956873476505, "max": 0.9286888241767883}, "gwa-vestas-v112-mode0-80": {"min": 0.0004493018495850265, "max": 0.920394241809845}, "gwa-vestas-v120-mode0-100": {"min": 0.0020298054441809654, "max": 0.9274219870567322}, "gwa-vestas-v120-mode0-120": {"min": 0.002549448749050498, "max": 0.9408711791038513}, "gwa-vestas-v120-mode0-150": {"min": 0.0027147666551172733, "max": 0.9582862854003906}, "gwa-vestas-v120-mode0-80": {"min": 0.0012130425311625004, "max": 0.9215022325515747}, "gwa-vestas-v126-mode0-100": {"min": 0.001257032505236566, "max": 0.9149599075317383}, "gwa-vestas-v126-mode0-120": {"min": 0.0015762103721499443, "max": 0.9227712154388428}, "gwa-vestas-v126-mode0-150": {"min": 0.001700468361377716, "max": 0.9451929926872253}, "gwa-vestas-v126-mode0-80": {"min": 0.0007524114334955812, "max": 0.9081100821495056}, "gwa-vestas-v136-mode0-100": {"min": 0.0015576874138787389, "max": 0.9295373558998108}, "gwa-vestas-v136-mode0-120": {"min": 0.001958866836503148, "max": 0.9385161399841309}, "gwa-vestas-v136-mode0-150": {"min": 0.002087903441861272, "max": 0.9572142958641052}, "gwa-vestas-v136-mode0-80": {"min": 0.0009339592070318758, "max": 0.9226411581039429}, "air-density": {"min": 0.725849986076355, "max": 1.1559988260269165}, "lcoe": {"gwa-vestas-v100-mode0-120": {"lg": {"min": 41.14266586303711, "max": 10000.0}, "li": {"min": 1.1045981645584106, "max": 675.662353515625}, "lr": {"min": 0.0, "max": 25.3330078125}, "total": {"min": 42.30924987792969, "max": 10000.0}}, "gwa-vestas-v110-mode0-120": {"lg": {"min": 40.57328796386719, "max": 10000.0}, "li": {"min": 1.085087537765503, "max": 481.52301025390625}, "lr": {"min": 0.0, "max": 18.82374382019043}, "total": {"min": 41.71580505371094, "max": 10000.0}}, "gwa-vestas-v112-mode0-120": {"lg": {"min": 41.6826286315918, "max": 10000.0}, "li": {"min": 1.1302835941314697, "max": 1218.2156982421875}, "lr": {"min": 0.0, "max": 44.47153091430664}, "total": {"min": 42.850887298583984, "max": 10000.0}}, "gwa-vestas-v112-mode0-100": {"lg": {"min": 41.59819793701172, "max": 10000.0}, "li": {"min": 1.1319410800933838, "max": 1549.895263671875}, "lr": {"min": 0.0, "max": 58.29519271850586}, "total": {"min": 42.76383972167969, "max": 10000.0}}, "gwa-offshore-dtu-10mw-119": {"lg": {"min": 42.211551666259766, "max": 10000.0}, "li": {"min": 1.1491754055023193, "max": 3780.96044921875}, "lr": {"min": 0.0, "max": 94.94258117675781}, "total": {"min": 43.396209716796875, "max": 10000.0}}, "gwa-vestas-v126-mode0-150": {"lg": {"min": 40.77424621582031, "max": 10000.0}, "li": {"min": 1.1031657457351685, "max": 677.08056640625}, "lr": {"min": 0.0, "max": 25.186708450317383}, "total": {"min": 41.92926025390625, "max": 10000.0}}, "gwa-vestas-v120-mode0-80": {"lg": {"min": 41.719669342041016, "max": 10000.0}, "li": {"min": 1.131790280342102, "max": 969.4685668945312}, "lr": {"min": 0.0, "max": 38.354713439941406}, "total": {"min": 43.11765670776367, "max": 10000.0}}, "gsa-pvout": {"lg": {"min": 146.52750262645083, "max": 231.91205993862258}, "li": {"min": 4.23845368404922, "max": 22.74500262820827}, "lr": {"min": 0.0, "max": 3.557609995657665}, "total": {"min": 151.15426308330683, "max": 241.30141194665424}}, "gwa-vestas-v126-mode0-80": {"lg": {"min": 42.27593231201172, "max": 10000.0}, "li": {"min": 1.1406621932983398, "max": 1562.9832763671875}, "lr": {"min": 0.0, "max": 60.04375076293945}, "total": {"min": 43.458961486816406, "max": 10000.0}}, "gwa-offshore-leanwind-8mw-110": {"lg": {"min": 41.90547180175781, "max": 10000.0}, "li": {"min": 1.1413192749023438, "max": 3876.98583984375}, "lr": {"min": 0.0, "max": 108.974853515625}, "total": {"min": 43.08064270019531, "max": 10000.0}}, "gwa-vestas-v110-mode0-100": {"lg": {"min": 40.88166046142578, "max": 10000.0}, "li": {"min": 1.092520833015442, "max": 604.3926391601562}, "lr": {"min": 0.0, "max": 23.638574600219727}, "total": {"min": 41.98042678833008, "max": 10000.0}}, "gwa-vestas-v136-mode0-100": {"lg": {"min": 41.393611907958984, "max": 10000.0}, "li": {"min": 1.1089329719543457, "max": 754.9696044921875}, "lr": {"min": 0.0, "max": 29.424680709838867}, "total": {"min": 42.55097579956055, "max": 10000.0}}, "gwa-vestas-v126-mode0-100": {"lg": {"min": 41.9893798828125, "max": 10000.0}, "li": {"min": 1.1285498142242432, "max": 935.5418701171875}, "lr": {"min": 0.0, "max": 36.30439758300781}, "total": {"min": 43.226722717285156, "max": 10000.0}},