{"worldpop": {"min": -3.4028234663852886e+38, "max": 17777.861328125}, "slope": {"min": 0.0, "max": 32.58174133300781}, "land-cover": {"min": 10.0, "max": 210.0}, "airports": {"min": 500.0, "max": 444801.375}, "ports": {"min": 0.0, "max": 374412.875}, "anchorages": {"min": 0.0, "max": 448642.40625}, "grid": {"min": 0.0, "max": 419007.4375}, "roads": {"min": 0.0, "max": 372181.71875}, "pp-whs": {"min": 220910.046875, "max": 824222.25}, "unep-coral": {"min": 0.0, "max": 369432.0}, "unesco": {"min": 0.0, "max": 495994.1875}, "unesco-ramsar": {"min": 65535.0, "max": 65535.0}, "wwf-glw-1": {"min": 65535.0, "max": 500000.0}, "wwf-glw-2": {"min": 0.0, "max": 408633.40625}, "jrc-gsw": {"min": 0.0, "max": 255.0}, "pp-marine-protected": {"min": 0.0, "max": 1.0}, "unep-tidal": {"min": 0.0, "max": 1.0}, "wwf-glw-3": {"min": 1.0, "max": 255.0}, "gsa-pvout": {"min": 4.168313503265381, "max": 4.859000205993652}, "gsa-ghi": {"min": 5.245420932769775, "max": 6.194544792175293}, "gsa-gti": {"min": 5.249669075012207, "max": 6.198240280151367}, "gsa-temp": {"min": 23.45135498046875, "max": 27.5}, "gwa-iec1": {"min": 0.0717308297753334, "max": 0.38255083560943604}, "gwa-iec2": {"min": 0.09486065059900284, "max": 0.44655442237854004}, "gwa-iec3": {"min": 0.1127922460436821, "max": 0.49059051275253296}, "gwa-power-10": {"min": 4.566725730895996, "max": 178.53733825683594}, "gwa-speed-10": {"min": 1.6827056407928467, "max": 5.672615051269531}, "gwa-power-50": {"min": 33.08550262451172, "max": 280.72625732421875}, "gwa-speed-50": {"min": 3.3211519718170166, "max": 6.726795673370361}, "gwa-power-100": {"min": 63.92801284790039, "max": 344.9696044921875}, "gwa-speed-100": {"min": 4.280982971191406, "max": 7.372170925140381}, "gwa-power-150": {"min": 94.211181640625, "max": 368.74908447265625}, "gwa-speed-150": {"min": 4.852244853973389, "max": 7.603969097137451}, "gwa-power-200": {"min": 118.93119812011719, "max": 417.9609069824219}, "gwa-speed-200": {"min": 5.108274459838867, "max": 7.982738018035889}, "gebco": {"min": -4492.0, "max": 361.0}, "srtm90": {"min": 0.0, "max": 365.0}, "waterbodies": {"min": 0.0, "max": 2.0}, "gwa-enercon-e44-50": {"min": 0.01775704324245453, "max": 0.21196439862251282}, "gwa-enercon-e48-50": {"min": 0.02390555664896965, "max": 0.26994621753692627}, "gwa-enercon-e53-50": {"min": 0.03724650293588638, "max": 0.3190855383872986}, "gwa-offshore-dtu-10mw-119": {"min": 0.06528013944625854, "max": 0.33457323908805847}, "gwa-offshore-iea-15mw-150": {"min": 0.11976166814565659, "max": 0.41971883177757263}, "gwa-offshore-leanwind-8mw-110": {"min": 0.06255482882261276, "max": 0.34509485960006714}, "gwa-vestas-v100-mode0-100": {"min": 0.1074083223938942, "max": 0.4793088436126709}, "gwa-vestas-v100-mode0-120": {"min": 0.1293082982301712, "max": 0.4899241626262665}, "gwa-vestas-v100-mode0-150": {"min": 0.16313841938972473, "max": 0.5054473876953125}, "gwa-vestas-v100-mode0-80": {"min": 0.0871153175830841, "max": 0.4678644835948944}, "gwa-vestas-v110-mode0-100": {"min": 0.13271751999855042, "max": 0.5369846820831299}, "gwa-vestas-v110-mode0-120": {"min": 0.15865711867809296, "max": 0.5470216274261475}, "gwa-vestas-v110-mode0-150": {"min": 0.1978776752948761, "max": 0.5667474865913391}, "gwa-vestas-v110-mode0-80": {"min": 0.10842984914779663, "max": 0.5242474675178528}, "gwa-vestas-v112-mode0-100": {"min": 0.07131168991327286, "max": 0.3722412884235382}, "gwa-vestas-v112-mode0-120": {"min": 0.08679357916116714, "max": 0.37901145219802856}, "gwa-vestas-v112-mode0-150": {"min": 0.11115097254514694, "max": 0.39828845858573914}, "gwa-vestas-v112-mode0-80": {"min": 0.057107724249362946, "max": 0.36473459005355835}, "gwa-vestas-v120-mode0-100": {"min": 0.1430654525756836, "max": 0.5608012676239014}, "gwa-vestas-v120-mode0-120": {"min": 0.1709638237953186, "max": 0.5705088376998901}, "gwa-vestas-v120-mode0-150": {"min": 0.2126765102148056, "max": 0.5919939875602722}, "gwa-vestas-v120-mode0-80": {"min": 0.11679420620203018, "max": 0.5475481748580933}, "gwa-vestas-v126-mode0-100": {"min": 0.09394774585962296, "max": 0.4371890723705292}, "gwa-vestas-v126-mode0-120": {"min": 0.113177590072155, "max": 0.4469090700149536}, "gwa-vestas-v126-mode0-150": {"min": 0.14307765662670135, "max": 0.46308434009552}, "gwa-vestas-v126-mode0-80": {"min": 0.07615567743778229, "max": 0.4259856641292572}, "gwa-vestas-v136-mode0-100": {"min": 0.11163896322250366, "max": 0.4859432578086853}, "gwa-vestas-v136-mode0-120": {"min": 0.13409215211868286, "max": 0.4964093267917633}, "gwa-vestas-v136-mode0-150": {"min": 0.16853855550289154, "max": 0.5121669769287109}, "gwa-vestas-v136-mode0-80": {"min": 0.09076787531375885, "max": 0.47443076968193054}, "air-density": {"min": 1.1179945468902588, "max": 1.1563514471054077}}