{"worldpop":{"min":-3.4028234663852886e+38,"max":14340.9208984375},"slope":{"min":0.0,"max":48.34623718261719},"land-cover":{"min":10.0,"max":220.0},"airports":{"min":500.0,"max":333994.75},"ports":{"min":500.0,"max":499972.5},"anchorages":{"min":65535.0,"max":65535.0},"grid":{"min":0.0,"max":52500.0},"roads":{"min":0.0,"max":50500.0},"pp-whs":{"min":0.0,"max":388888.15625},"unep-coral":{"min":65535.0,"max":65535.0},"unesco":{"min":0.0,"max":335201.4375},"unesco-ramsar":{"min":65535.0,"max":65535.0},"wwf-glw-1":{"min":0.0,"max":193796.9375},"wwf-glw-2":{"min":0.0,"max":115932.09375},"jrc-gsw":{"min":0.0,"max":1.0},"pp-marine-protected":{"min":0.0,"max":0.0},"unep-tidal":{"min":0.0,"max":0.0},"wwf-glw-3":{"min":1.0,"max":255.0},"gsa-pvout":{"min":2.2797133922576904,"max":5.08272647857666},"gsa-ghi":{"min":2.553225517272949,"max":4.82800817489624},"gsa-gti":{"min":2.6514339447021484,"max":5.744421005249023},"gsa-temp":{"min":-27.1688232421875,"max":16.499624252319336},"gwa-iec1":{"min":0.0009398712427355349,"max":0.6315105557441711},"gwa-iec2":{"min":0.0015056317206472158,"max":0.6389645934104919},"gwa-iec3":{"min":0.0018551968969404697,"max":0.6640727519989014},"gwa-power-10":{"min":0.7685612440109253,"max":14779.3154296875},"gwa-speed-10":{"min":0.3536168932914734,"max":22.144651412963867},"gwa-power-50":{"min":1.4896771907806396,"max":11008.6259765625},"gwa-speed-50":{"min":0.580239474773407,"max":21.51142120361328},"gwa-power-100":{"min":2.2725203037261963,"max":9382.126953125},"gwa-speed-100":{"min":0.8103649616241455,"max":21.349040985107422},"gwa-power-150":{"min":2.923323154449463,"max":8311.6533203125},"gwa-speed-150":{"min":0.8791314363479614,"max":21.088224411010742},"gwa-power-200":{"min":3.0996644496917725,"max":7464.4619140625},"gwa-speed-200":{"min":0.823693037033081,"max":20.56993865966797},"gebco":{"min":422.0,"max":6546.0},"srtm90":{"min":400.0,"max":6460.0},"waterbodies":{"min":1.0,"max":2.0},"gwa-enercon-e44-50":{"min":0.00039321472286246717,"max":0.4592587947845459},"gwa-enercon-e48-50":{"min":0.0005342111689969897,"max":0.5157451033592224},"gwa-enercon-e53-50":{"min":0.0012229627463966608,"max":0.5551282167434692},"gwa-offshore-dtu-10mw-119":{"min":0.000502800103276968,"max":0.5862557291984558},"gwa-offshore-iea-15mw-150":{"min":0.0013192378683015704,"max":0.6507290601730347},"gwa-offshore-leanwind-8mw-110":{"min":0.0005162922316230834,"max":0.6163693070411682},"gwa-vestas-v100-mode0-100":{"min":0.001627078396268189,"max":0.6616695523262024},"gwa-vestas-v100-mode0-120":{"min":0.0018105057533830404,"max":0.6767042875289917},"gwa-vestas-v100-mode0-150":{"min":0.0019491958664730191,"max":0.6808269619941711},"gwa-vestas-v100-mode0-80":{"min":0.0012700329534709454,"max":0.6336961984634399},"gwa-vestas-v110-mode0-100":{"min":0.002179978881031275,"max":0.7328477501869202},"gwa-vestas-v110-mode0-120":{"min":0.0024286876432597637,"max":0.7423149943351746},"gwa-vestas-v110-mode0-150":{"min":0.0026070147287100554,"max":0.7562651038169861},"gwa-vestas-v110-mode0-80":{"min":0.0017025766428560019,"max":0.7130971550941467},"gwa-vestas-v112-mode0-100":{"min":0.0009594529401510954,"max":0.6171349287033081},"gwa-vestas-v112-mode0-120":{"min":0.0010686146561056376,"max":0.6251512169837952},"gwa-vestas-v112-mode0-150":{"min":0.0011562569998204708,"max":0.6428599953651428},"gwa-vestas-v112-mode0-80":{"min":0.0007488220580853522,"max":0.5964637994766235},"gwa-vestas-v120-mode0-100":{"min":0.00230898498557508,"max":0.6853657364845276},"gwa-vestas-v120-mode0-120":{"min":0.0025671781040728092,"max":0.6970046758651733},"gwa-vestas-v120-mode0-150":{"min":0.002757167676463723,"max":0.6963433623313904},"gwa-vestas-v120-mode0-80":{"min":0.0017974948277696967,"max":0.6601290106773376},"gwa-vestas-v126-mode0-100":{"min":0.0014561084099113941,"max":0.6283255219459534},"gwa-vestas-v126-mode0-120":{"min":0.0016119873616844416,"max":0.6438418030738831},"gwa-vestas-v126-mode0-150":{"min":0.0017420456279069185,"max":0.6479463577270508},"gwa-vestas-v126-mode0-80":{"min":0.0011369395069777966,"max":0.6032307147979736},"gwa-vestas-v136-mode0-100":{"min":0.0017778973560780287,"max":0.664162278175354},"gwa-vestas-v136-mode0-120":{"min":0.001977358479052782,"max":0.6792836785316467},"gwa-vestas-v136-mode0-150":{"min":0.0021243058145046234,"max":0.6830827593803406},"gwa-vestas-v136-mode0-80":{"min":0.001388229546137154,"max":0.6362618803977966},"air-density":{"min":0.6113142967224121,"max":1.1510074138641357},"lcoe":{"gwa-vestas-v100-mode0-120":{"lg":{"min":55.36477279663086,"max":10000.0},"li":{"min":1.589735507965088,"max":611.4955444335938},"lr":{"min":0.0,"max":48.262428283691406},"total":{"min":57.730926513671875,"max":10000.0}},"gwa-vestas-v110-mode0-120":{"lg":{"min":50.82481002807617,"max":10000.0},"li":{"min":1.50946843624115,"max":455.8495788574219},"lr":{"min":0.0,"max":37.576560974121094},"total":{"min":52.69230651855469,"max":10000.0}},"gwa-vestas-v112-mode0-120":{"lg":{"min":59.60055923461914,"max":10000.0},"li":{"min":1.7539297342300415,"max":1036.0294189453125},"lr":{"min":0.0,"max":76.7491226196289},"total":{"min":61.902400970458984,"max":10000.0}},"gwa-vestas-v112-mode0-100":{"lg":{"min":60.32278823852539,"max":10000.0},"li":{"min":1.7720259428024292,"max":1153.9036865234375},"lr":{"min":0.0,"max":89.13520050048828},"total":{"min":62.80597686767578,"max":10000.0}},"gwa-offshore-dtu-10mw-119":{"lg":{"min":63.28940963745117,"max":10000.0},"li":{"min":1.8715845346450806,"max":2201.9013671875},"lr":{"min":0.0,"max":159.1968994140625},"total":{"min":65.74397277832031,"max":10000.0}},"gwa-vestas-v126-mode0-150":{"lg":{"min":57.64450454711914,"max":10000.0},"li":{"min":1.6529918909072876,"max":635.5265502929688},"lr":{"min":0.0,"max":50.216373443603516},"total":{"min":59.769290924072266,"max":10000.0}},"gwa-vestas-v120-mode0-80":{"lg":{"min":56.65449905395508,"max":10000.0},"li":{"min":1.5997955799102783,"max":615.9218139648438},"lr":{"min":0.0,"max":57.076934814453125},"total":{"min":58.776573181152344,"max":10000.0}},"gsa-pvout":{"lg":{"min":152.53449683077335,"max":335.1645326065159},"li":{"min":4.573026501290376,"max":15.065507148893083},"lr":{"min":0.0,"max":4.611492026382302},"total":{"min":158.54657931295125,"max":353.99711595485115}},"gwa-vestas-v126-mode0-80":{"lg":{"min":61.62099838256836,"max":10000.0},"li":{"min":1.7355092763900757,"max":973.768798828125},"lr":{"min":0.0,"max":88.00562286376953},"total":{"min":63.42337417602539,"max":10000.0}},"gwa-offshore-leanwind-8mw-110":{"lg":{"min":60.39274978637695,"max":10000.0},"li":{"min":1.8081287145614624,"max":2144.359619140625},"lr":{"min":0.0,"max":155.03663635253906},"total":{"min":62.641841888427734,"max":10000.0}},"gwa-vestas-v110-mode0-100":{"lg":{"min":51.42971420288086,"max":10000.0},"li":{"min":1.5170365571975708,"max":507.8564453125},"lr":{"min":0.0,"max":43.80318069458008},"total":{"min":53.32133865356445,"max":10000.0}},"gwa-vestas-v136-mode0-100":{"lg":{"min":56.334739685058594,"max":10000.0},"li":{"min":1.5886876583099365,"max":622.7110595703125},"lr":{"min":0.0,"max":52.85647964477539},"total":{"min":58.39624786376953,"max":10000.0}},"gwa-vestas-v126-mode0-100":{"lg":{"min":59.319671630859375,"max":10000.0},"li":{"min":1.6700379848480225,"max":760.325439453125},"lr":{"min":0.0,"max":63.490577697753906},"total":{"min":61.18165588378906,"max":10000.0}},"gwa-vestas-v126-mode0-120":{"lg":{"min":57.98649215698242,"max":10000.0},"li":{"min":1.6566112041473389,"max":686.8020629882812},"lr":{"min":0.0,"max":54.67194366455078},"total":{"min":60.47341537475586,"max":10000.0}},"gwa-vestas-v120-mode0-120":{"lg":{"min":53.8687629699707,"max":10000.0},"li":{"min":1.5404462814331055,"max":431.258056640625},"lr":{"min":0.0,"max":35.291839599609375},"total":{"min":56.16600036621094,"max":10000.0}},"gwa-vestas-v120-mode0-150":{"lg":{"min":53.91612243652344,"max":10000.0},"li":{"min":1.5443214178085327,"max":401.5411682128906},"lr":{"min":0.0,"max":32.45046615600586},"total":{"min":55.89323425292969,