{"worldpop":{"min":0,"max":7288},"slope":{"min":12.673563957214355,"max":12.673563957214355},"land-cover":{"min":210.0,"max":210.0},"airports":{"min":19525.623046875,"max":19525.623046875},"ports":{"min":13946.3251953125,"max":13946.3251953125},"anchorages":{"min":10688.779296875,"max":10688.779296875},"grid":{"min":0.0,"max":65535.0},"roads":{"min":17677.669921875,"max":17677.669921875},"pp-whs":{"min":1240561.5,"max":1240561.5},"unep-coral":{"min":5385.16455078125,"max":5385.16455078125},"unesco":{"min":65535.0,"max":65535.0},"unesco-ramsar":{"min":65535.0,"max":65535.0},"wwf-glw-1":{"min":65535.0,"max":65535.0},"wwf-glw-2":{"min":18034.689453125,"max":18034.689453125},"jrc-gsw":{"min":NaN,"max":NaN},"pp-marine-protected":{"min":NaN,"max":NaN},"unep-tidal":{"min":NaN,"max":NaN},"wwf-glw-3":{"min":NaN,"max":NaN},"gsa-pvout":{"min":5.053636074066162,"max":5.053636074066162},"gsa-ghi":{"min":6.378845691680908,"max":6.378845691680908},"gsa-gti":{"min":6.393846035003662,"max":6.393846035003662},"gsa-temp":{"min":26.399999618530273,"max":26.399999618530273},"gwa-iec1":{"min":0.20892839133739471,"max":0.20892839133739471},"gwa-iec2":{"min":0.26034095883369446,"max":0.26034095883369446},"gwa-iec3":{"min":0.3004983961582184,"max":0.3004983961582184},"gwa-power-10":{"min":85.40516662597656,"max":85.40516662597656},"gwa-speed-10":{"min":4.554379940032959,"max":4.554379940032959},"gwa-power-50":{"min":136.2283477783203,"max":136.2283477783203},"gwa-speed-50":{"min":5.436771869659424,"max":5.436771869659424},"gwa-power-100":{"min":169.0369873046875,"max":169.0369873046875},"gwa-speed-100":{"min":5.958644866943359,"max":5.958644866943359},"gwa-power-150":{"min":181.1824951171875,"max":181.1824951171875},"gwa-speed-150":{"min":6.10645866394043,"max":6.10645866394043},"gwa-power-200":{"min":191.22080993652344,"max":191.22080993652344},"gwa-speed-200":{"min":6.23189640045166,"max":6.23189640045166},"gebco":{"min":-1846.0,"max":-1846.0},"srtm90":{"min":NaN,"max":NaN},"waterbodies":{"min":0.0,"max":0.0},"gwa-enercon-e44-50":{"min":0.108336441218853,"max":0.108336441218853},"gwa-enercon-e48-50":{"min":0.14145681262016296,"max":0.14145681262016296},"gwa-enercon-e53-50":{"min":0.17736992239952087,"max":0.17736992239952087},"gwa-offshore-dtu-10mw-119":{"min":0.1809224635362625,"max":0.1809224635362625},"gwa-offshore-iea-15mw-150":{"min":0.2383185476064682,"max":0.2383185476064682},"gwa-offshore-leanwind-8mw-110":{"min":0.18708164989948273,"max":0.18708164989948273},"gwa-vestas-v100-mode0-100":{"min":0.29407498240470886,"max":0.29407498240470886},"gwa-vestas-v100-mode0-120":{"min":0.30325475335121155,"max":0.30325475335121155},"gwa-vestas-v100-mode0-150":{"min":0.31184935569763184,"max":0.31184935569763184},"gwa-vestas-v100-mode0-80":{"min":0.2790742516517639,"max":0.2790742516517639},"gwa-vestas-v110-mode0-100":{"min":0.34501001238822937,"max":0.34501001238822937},"gwa-vestas-v110-mode0-120":{"min":0.3550485074520111,"max":0.3550485074520111},"gwa-vestas-v110-mode0-150":{"min":0.3640027642250061,"max":0.3640027642250061},"gwa-vestas-v110-mode0-80":{"min":0.32810690999031067,"max":0.32810690999031067},"gwa-vestas-v112-mode0-100":{"min":0.2090006023645401,"max":0.2090006023645401},"gwa-vestas-v112-mode0-120":{"min":0.21608766913414001,"max":0.21608766913414001},"gwa-vestas-v112-mode0-150":{"min":0.22315144538879395,"max":0.22315144538879395},"gwa-vestas-v112-mode0-80":{"min":0.1978713870048523,"max":0.1978713870048523},"gwa-vestas-v120-mode0-100":{"min":0.3668406009674072,"max":0.3668406009674072},"gwa-vestas-v120-mode0-120":{"min":0.3772156834602356,"max":0.3772156834602356},"gwa-vestas-v120-mode0-150":{"min":0.386258602142334,"max":0.386258602142334},"gwa-vestas-v120-mode0-80":{"min":0.3491160571575165,"max":0.3491160571575165},"gwa-vestas-v126-mode0-100":{"min":0.2606753408908844,"max":0.2606753408908844},"gwa-vestas-v126-mode0-120":{"min":0.269012451171875,"max":0.269012451171875},"gwa-vestas-v126-mode0-150":{"min":0.27703505754470825,"max":0.27703505754470825},"gwa-vestas-v126-mode0-80":{"min":0.2472493052482605,"max":0.2472493052482605},"gwa-vestas-v136-mode0-100":{"min":0.3009381890296936,"max":0.3009381890296936},"gwa-vestas-v136-mode0-120":{"min":0.31015104055404663,"max":0.31015104055404663},"gwa-vestas-v136-mode0-150":{"min":0.3186910152435303,"max":0.3186910152435303},"gwa-vestas-v136-mode0-80":{"min":0.28577980399131775,"max":0.28577980399131775},"air-density":{"min":1.1475696563720703,"max":1.1475696563720703},"lcoe":{"gwa-vestas-v100-mode0-120":{"lg":{"min":118.61900329589844,"max":118.61900329589844},"li":{"min":6.602848529815674,"max":6.602848529815674},"lr":{"min":0.686106264591217,"max":0.686106264591217},"total":{"min":125.907958984375,"max":125.907958984375}},"gwa-vestas-v110-mode0-120":{"lg":{"min":101.89862060546875,"max":101.89862060546875},"li":{"min":5.639638423919678,"max":5.639638423919678},"lr":{"min":0.5860185027122498,"max":0.5860185027122498},"total":{"min":108.12428283691406,"max":108.12428283691406}},"gwa-vestas-v112-mode0-120":{"lg":{"min":164.85488891601562,"max":164.85488891601562},"li":{"min":9.266356468200684,"max":9.266356468200684},"lr":{"min":0.9628732204437256,"max":0.9628732204437256},"total":{"min":175.08412170410156,"max":175.08412170410156}},"gwa-vestas-v112-mode0-100":{"lg":{"min":170.30938720703125,"max":170.30938720703125},"li":{"min":9.580573081970215,"max":9.580573081970215},"lr":{"min":0.9955235123634338,"max":0.9955235123634338},"total":{"min":180.88548278808594,"max":180.88548278808594}},"gwa-offshore-dtu-10mw-119":{"lg":{"min":196.11965942382812,"max":196.11965942382812},"li":{"min":11.067422866821289,"max":11.067422866821289},"lr":{"min":1.1500232219696045,"max":1.1500232219696045},"total":{"min":208.3371124267578,"max":208.3371124267578}},"gwa-vestas-v126-mode0-150":{"lg":{"min":129.46701049804688,"max":129.46701049804688},"li":{"min":7.227769374847412,"max":7.227769374847412},"lr":{"min":0.7510421872138977,"max":0.7510421872138977},"total":{"min":137.44581604003906,"max":137.44581604003906}},"gwa-vestas-v120-mode0-80":{"lg":{"min":103.56218719482422,"max":103.56218719482422},"li":{"min":5.735472202301025,"max":5.735472202301025},"lr":{"min":0.5959766507148743,"max":0.5959766507148743},"total":{"min":109.89363861083984,"max":109.89363861083984}},"gsa-pvout":{"lg":{"min":153.38951063335887,"max":153.38951063335887},"li":{"min":8.605871064491414,"max":8.605871064491414},"lr":{"min":0.8942416811801872,"max":0.8942416811801872},"total":{"min":162.88962337903047,"max":162.88962337903047}},"gwa-vestas-v126-mode0-80":{"lg":{"min":144.5818328857422,"max":144.5818328857422},"li":{"min":8.098487854003906,"max":8.098487854003906},"lr":{"min":0.8415190577507019,"max":0.8415190577507019},"total":{"min":153.5218505859375,"max":153.5218505859375}},"gwa-offshore-leanwind-8mw-110":{"lg":{"min":189.79458618164062,"max":189.79458618164062},"li":{"min":10.703056335449219,"max":10.703056335449219},"lr":{"min":1.1121615171432495,"max":1.1121615171432495},"total":{"min":201.6098175048828,"max":201.6098175048828}},"gwa-vestas-v110-mode0-100":{"lg":{"min":104.74711608886719,"max":104.74711608886719},"li":{"min":5.803731918334961,"max":5.803731918334961},"lr":{"min":0.603069543838501,"max":0.603069543838501},"total":{"min":111.15392303466797,"max":111.15392303466797}},"gwa-vestas-v136-mode0-100":{"lg":{"min":119.5013198852539,"max":119.5013198852539},"li":{"min":6.653676509857178,"max":6.653676509857178},"lr":{"min":0.6913878917694092,"max":0.6913878917694092},"total":{"min":126.84638977050781,"max":126.84638977050781}},"gwa-vestas-v126-mode0-100":{"lg":{"min":137.3411865234375,"max":137.3411865234375},"li":{"min":7.6813764572143555,"max":7.6813764572143555},"lr":{"min":0.7981768250465393,"max":0.7981768250465393},"total":{"min":145.82073974609375,"max":145.82073974609375}},"gwa-vestas-v126-mode0-120":{"lg":{"min":133.208740234375,"max":133.208740234375},"li":{"min":7.443318843841553,"max":7.443318843841553},"lr":{"min":0.7734400629997253,