{"worldpop": {"min": -3.4028234663852886e+38, "max": 19182.52734375}, "slope": {"min": 0.0, "max": 42.8057975769043}, "land-cover": {"min": 10.0, "max": 210.0}, "airports": {"min": 1118.0340576171875, "max": 499925.0}, "ports": {"min": 500.0, "max": 499987.25}, "anchorages": {"min": 0.0, "max": 499986.5}, "grid": {"min": 0.0, "max": 499944.5}, "roads": {"min": 0.0, "max": 499938.0}, "pp-whs": {"min": 0.0, "max": 3064926.0}, "unep-coral": {"min": 0.0, "max": 499992.0}, "unesco": {"min": 3041.38134765625, "max": 499988.25}, "unesco-ramsar": {"min": 0.0, "max": 500000.0}, "wwf-glw-1": {"min": 0.0, "max": 499962.5}, "wwf-glw-2": {"min": 0.0, "max": 499985.0}, "jrc-gsw": {"min": 0.0, "max": 255.0}, "pp-marine-protected": {"min": 0.0, "max": 1.0}, "unep-tidal": {"min": 0.0, "max": 1.0}, "wwf-glw-3": {"min": 1.0, "max": 255.0}, "gsa-pvout": {"min": 0.0, "max": 5.255665302276611}, "gsa-ghi": {"min": 0.0, "max": 6.630212306976318}, "gsa-gti": {"min": 0.0, "max": 6.6590094566345215}, "gsa-temp": {"min": 0.7086529731750488, "max": 32.080780029296875}, "gwa-iec1": {"min": 0.0, "max": 0.8119747638702393}, "gwa-iec2": {"min": 0.0, "max": 0.8385159969329834}, "gwa-iec3": {"min": 0.0, "max": 0.859610915184021}, "gwa-power-10": {"min": 0.0, "max": 2032.408447265625}, "gwa-speed-10": {"min": 0.0, "max": 10.954380989074707}, "gwa-power-50": {"min": 0.0, "max": 2028.5015869140625}, "gwa-speed-50": {"min": 0.0, "max": 12.716877937316895}, "gwa-power-100": {"min": 0.0, "max": 2110.478271484375}, "gwa-speed-100": {"min": 0.0, "max": 13.74817943572998}, "gwa-power-150": {"min": 0.0, "max": 2377.886474609375}, "gwa-speed-150": {"min": 0.0, "max": 14.22864818572998}, "gwa-power-200": {"min": 0.0, "max": 2567.864501953125}, "gwa-speed-200": {"min": 0.0, "max": 14.767228126525879}, "gebco": {"min": -8422.0, "max": 5042.0}, "srtm90": {"min": -3.0, "max": 4823.0}, "waterbodies": {"min": 0.0, "max": 2.0}, "gwa-enercon-e44-50": {"min": 3.207268309779465e-05, "max": 0.6281697154045105}, "gwa-enercon-e48-50": {"min": 4.4253440137254074e-05, "max": 0.6978220343589783}, "gwa-enercon-e53-50": {"min": 0.00017520766414236277, "max": 0.7359724640846252}, "gwa-offshore-dtu-10mw-119": {"min": 0.00011003318650182337, "max": 0.7997092008590698}, "gwa-offshore-iea-15mw-150": {"min": 0.0003727100556716323, "max": 0.8648963570594788}, "gwa-offshore-leanwind-8mw-110": {"min": 0.00011237966100452468, "max": 0.8023574352264404}, "gwa-vestas-v100-mode0-100": {"min": 0.00035333269624970853, "max": 0.8527641296386719}, "gwa-vestas-v100-mode0-120": {"min": 0.0004580205713864416, "max": 0.8642162680625916}, "gwa-vestas-v100-mode0-150": {"min": 0.0005682616611011326, "max": 0.8738086819648743}, "gwa-vestas-v100-mode0-80": {"min": 0.0002521096321288496, "max": 0.8370998501777649}, "gwa-vestas-v110-mode0-100": {"min": 0.00046815010136924684, "max": 0.8777479529380798}, "gwa-vestas-v110-mode0-120": {"min": 0.0006006357725709677, "max": 0.8880223035812378}, "gwa-vestas-v110-mode0-150": {"min": 0.0007973669562488794, "max": 0.898892343044281}, "gwa-vestas-v110-mode0-80": {"min": 0.00033597942092455924, "max": 0.863705039024353}, "gwa-vestas-v112-mode0-100": {"min": 0.00020900022354908288, "max": 0.8074102997779846}, "gwa-vestas-v112-mode0-120": {"min": 0.00027280155336484313, "max": 0.8279993534088135}, "gwa-vestas-v112-mode0-150": {"min": 0.00031238843803294003, "max": 0.8522518277168274}, "gwa-vestas-v112-mode0-80": {"min": 0.00014453171752393246, "max": 0.783079981803894}, "gwa-vestas-v120-mode0-100": {"min": 0.0004929858259856701, "max": 0.8611376881599426}, "gwa-vestas-v120-mode0-120": {"min": 0.0006416102987714112, "max": 0.8845465779304504}, "gwa-vestas-v120-mode0-150": {"min": 0.0008346530376002192, "max": 0.9052160978317261}, "gwa-vestas-v120-mode0-80": {"min": 0.00035362690687179565, "max": 0.8371928334236145}, "gwa-vestas-v126-mode0-100": {"min": 0.0003157910832669586, "max": 0.8356471061706543}, "gwa-vestas-v126-mode0-120": {"min": 0.00040015619015321136, "max": 0.8501043915748596}, "gwa-vestas-v126-mode0-150": {"min": 0.0005187999340705574, "max": 0.8642680048942566}, "gwa-vestas-v126-mode0-80": {"min": 0.00022076278401073068, "max": 0.8170106410980225}, "gwa-vestas-v136-mode0-100": {"min": 0.00038502149982377887, "max": 0.858579158782959}, "gwa-vestas-v136-mode0-120": {"min": 0.0004976027412340045, "max": 0.8710501194000244}, "gwa-vestas-v136-mode0-150": {"min": 0.0006431139772757888, "max": 0.8825740218162537}, "gwa-vestas-v136-mode0-80": {"min": 0.00027798075461760163, "max": 0.8421007990837097}, "air-density": {"min": 0.7015520930290222, "max": 1.1904993057250977}}