{"worldpop":{"min":9.498211860656738,"max":882.8798828125},"slope":{"min":1.0239007472991943,"max":21.813077926635742},"land-cover":{"min":10.0,"max":210.0},"airports":{"min":0.0,"max":16985.2890625},"ports":{"min":500.0,"max":19104.97265625},"anchorages":{"min":0.0,"max":17670.59765625},"grid":{"min":0.0,"max":3605.55126953125},"roads":{"min":0.0,"max":8602.3251953125},"pp-whs":{"min":243064.28125,"max":288646.84375},"unep-coral":{"min":0.0,"max":5500.0},"unesco":{"min":0.0,"max":39623.2265625},"unesco-ramsar":{"min":65535.0,"max":65535.0},"wwf-glw-1":{"min":65535.0,"max":65535.0},"wwf-glw-2":{"min":0.0,"max":27586.228515625},"jrc-gsw":{"min":0.0,"max":1.0},"pp-marine-protected":{"min":0.0,"max":1.0},"unep-tidal":{"min":0.0,"max":0.0},"wwf-glw-3":{"min":255.0,"max":255.0},"gsa-pvout":{"min":4.091485023498535,"max":4.991577625274658},"gsa-ghi":{"min":4.968171119689941,"max":5.996592998504639},"gsa-gti":{"min":5.105327129364014,"max":6.268021583557129},"gsa-temp":{"min":19.485307693481445,"max":26.353656768798828},"gwa-iec1":{"min":0.13010773062705994,"max":0.7352458834648132},"gwa-iec2":{"min":0.16657163202762604,"max":0.7784863710403442},"gwa-iec3":{"min":0.1956942230463028,"max":0.8075958490371704},"gwa-power-10":{"min":5.000964641571045,"max":649.98876953125},"gwa-speed-10":{"min":1.5935447216033936,"max":7.949411392211914},"gwa-power-50":{"min":39.8858528137207,"max":928.2432250976562},"gwa-speed-50":{"min":3.570272445678711,"max":10.378613471984863},"gwa-power-100":{"min":108.21572875976562,"max":1176.2904052734375},"gwa-speed-100":{"min":5.166160583496094,"max":11.701730728149414},"gwa-power-150":{"min":180.0297393798828,"max":1376.1190185546875},"gwa-speed-150":{"min":6.167342185974121,"max":12.427868843078613},"gwa-power-200":{"min":253.4224853515625,"max":1431.9256591796875},"gwa-speed-200":{"min":6.910069942474365,"max":12.727649688720703},"gebco":{"min":-26.0,"max":887.0},"srtm90":{"min":4.0,"max":877.0},"waterbodies":{"min":0.0,"max":2.0},"gwa-enercon-e44-50":{"min":0.024868762120604515,"max":0.4785972833633423},"gwa-enercon-e48-50":{"min":0.03316643834114075,"max":0.5621092319488525},"gwa-enercon-e53-50":{"min":0.04839129373431206,"max":0.6146487593650818},"gwa-offshore-dtu-10mw-119":{"min":0.1370519995689392,"max":0.7172196507453918},"gwa-offshore-iea-15mw-150":{"min":0.2347773164510727,"max":0.7937095165252686},"gwa-offshore-leanwind-8mw-110":{"min":0.12714852392673492,"max":0.7240538597106934},"gwa-vestas-v100-mode0-100":{"min":0.18920719623565674,"max":0.8093761801719666},"gwa-vestas-v100-mode0-120":{"min":0.24300086498260498,"max":0.8249621987342834},"gwa-vestas-v100-mode0-150":{"min":0.3101695775985718,"max":0.8386548161506653},"gwa-vestas-v100-mode0-80":{"min":0.13643775880336761,"max":0.7842786312103271},"gwa-vestas-v110-mode0-100":{"min":0.2290382832288742,"max":0.841587245464325},"gwa-vestas-v110-mode0-120":{"min":0.29020458459854126,"max":0.8551399111747742},"gwa-vestas-v110-mode0-150":{"min":0.3645724058151245,"max":0.8668678998947144},"gwa-vestas-v110-mode0-80":{"min":0.1670861542224884,"max":0.8192081451416016},"gwa-vestas-v112-mode0-100":{"min":0.129336878657341,"max":0.7332470417022705},"gwa-vestas-v112-mode0-120":{"min":0.16876257956027985,"max":0.7546877861022949},"gwa-vestas-v112-mode0-150":{"min":0.21961183845996857,"max":0.7766775488853455},"gwa-vestas-v112-mode0-80":{"min":0.09182140976190567,"max":0.7036269903182983},"gwa-vestas-v120-mode0-100":{"min":0.2462601512670517,"max":0.8357073664665222},"gwa-vestas-v120-mode0-120":{"min":0.3105774521827698,"max":0.8453920483589172},"gwa-vestas-v120-mode0-150":{"min":0.3880249261856079,"max":0.8508021235466003},"gwa-vestas-v120-mode0-80":{"min":0.17999036610126495,"max":0.8158039450645447},"gwa-vestas-v126-mode0-100":{"min":0.16589601337909698,"max":0.7812855243682861},"gwa-vestas-v126-mode0-120":{"min":0.21379174292087555,"max":0.7990487217903137},"gwa-vestas-v126-mode0-150":{"min":0.27442067861557007,"max":0.8156967163085938},"gwa-vestas-v126-mode0-80":{"min":0.11945001780986786,"max":0.7543181777000427},"gwa-vestas-v136-mode0-100":{"min":0.1953083872795105,"max":0.8126481771469116},"gwa-vestas-v136-mode0-120":{"min":0.24983692169189453,"max":0.8284208178520203},"gwa-vestas-v136-mode0-150":{"min":0.31745395064353943,"max":0.8426114320755005},"gwa-vestas-v136-mode0-80":{"min":0.14139007031917572,"max":0.7876483201980591},"air-density":{"min":1.0714044570922852,"max":1.154532551765442},"lcoe":{"gwa-vestas-v100-mode0-120":{"lg":{"min":46.133758544921875,"max":147.03965759277344},"li":{"min":1.2930800914764404,"max":4.267708778381348},"lr":{"min":0.0,"max":0.18945281207561493},"total":{"min":47.45537185668945,"max":151.3315887451172}},"gwa-vestas-v110-mode0-120":{"lg":{"min":44.64686965942383,"max":123.77330017089844},"li":{"min":1.2474476099014282,"max":3.572909116744995},"lr":{"min":0.0,"max":0.16865754127502441},"total":{"min":45.921844482421875,"max":127.34542083740234}},"gwa-vestas-v112-mode0-120":{"lg":{"min":50.0571403503418,"max":209.9624786376953},"li":{"min":1.4134881496429443,"max":6.145064830780029},"lr":{"min":0.0,"max":0.2510616183280945},"total":{"min":51.5018196105957,"max":216.1424102783203}},"gwa-vestas-v112-mode0-100":{"lg":{"min":51.40388870239258,"max":272.7459716796875},"li":{"min":1.454819679260254,"max":8.01826286315918},"lr":{"min":0.0,"max":0.2796386182308197},"total":{"min":52.890811920166016,"max":280.8097229003906}},"gwa-offshore-dtu-10mw-119":{"lg":{"min":52.463199615478516,"max":257.6173095703125},"li":{"min":1.4873298406600952,"max":7.566886901855469},"lr":{"min":0.0,"max":0.29030492901802063},"total":{"min":53.98335266113281,"max":265.2271423339844}},"gwa-vestas-v126-mode0-150":{"lg":{"min":46.61235809326172,"max":130.66232299804688},"li":{"min":1.3077682256698608,"max":3.7790772914886475},"lr":{"min":0.0,"max":0.19703984260559082},"total":{"min":47.9489860534668,"max":134.4628448486328}},"gwa-vestas-v120-mode0-80":{"lg":{"min":46.60675048828125,"max":197.11456298828125},"li":{"min":1.307596206665039,"max":5.761735916137695},"lr":{"min":0.0,"max":0.20406436920166016},"total":{"min":47.943199157714844,"max":202.90899658203125}},"gsa-pvout":{"lg":{"min":155.24681547595722,"max":188.51985420645235},"li":{"min":4.541846316185025,"max":5.551690113786782},"lr":{"min":0.0,"max":0.451741331798952},"total":{"min":159.92640687124074,"max":194.11133563388117}},"gwa-vestas-v126-mode0-80":{"lg":{"min":50.07970428466797,"max":294.989990234375},"li":{"min":1.4141806364059448,"max":8.68193244934082},"lr":{"min":0.0,"max":0.27974528074264526},"total":{"min":51.52509307861328,"max":303.72119140625}},"gwa-offshore-leanwind-8mw-110":{"lg":{"min":52.00576400756836,"max":277.371337890625},"li":{"min":1.4732911586761475,"max":8.156264305114746},"lr":{"min":0.0,"max":0.29026108980178833},"total":{"min":53.511566162109375,"max":285.5738830566406}},"gwa-vestas-v110-mode0-100":{"lg":{"min":45.30143356323242,"max":155.75961303710938},"li":{"min":1.2675360441207886,"max":4.527876377105713},"lr":{"min":0.0,"max":0.18267276883125305},"total":{"min":46.59693908691406,"max":160.3131866455078}},"gwa-vestas-v136-mode0-100":{"lg":{"min":46.772212982177734,"max":181.96861267089844},"li":{"min":1.3126741647720337,"max":5.30984354019165},"lr":{"min":0.0,"max":0.20453496277332306},"total":{"min":48.113853454589844,"max":187.30859375}},"gwa-vestas-v126-mode0-100":{"lg":{"min":48.48918914794922,"max":213.5213623046875},"li":{"min":1.3653680086135864,"max":6.251246929168701},"lr":{"min":0.0,"max":0.23089972138404846},"total":{"min":49.88468551635742,"max":219.80809020996094}},"gwa-vestas-v126-mode0-120":{"lg":{"min":47.50018310546875,"max":166.58233642578125},"li":{"min":1.3350152969360352,"max":4.850781440734863},"lr":{"min":0.0,"max":0.2092227041721344},"total":{"min":48.86465835571289,"max":171.4606475830078}},"gwa-vestas-v120-mode0-120":{"lg":{"min":45.11555099487305,"max":115.91654968261719},"li":{"min":1.2618314027786255,"max":3.3369626998901367},"lr":{"min":0.0,