{"worldpop": {"min": -3.4028234663852886e+38, "max": 22585.623046875}, "slope": {"min": 0.0, "max": 35.607242584228516}, "land-cover": {"min": 10.0, "max": 210.0}, "airports": {"min": 0.0, "max": 401997.84375}, "ports": {"min": 0.0, "max": 369259.40625}, "anchorages": {"min": 0.0, "max": 339208.28125}, "grid": {"min": 0.0, "max": 366235.21875}, "roads": {"min": 0.0, "max": 343112.9375}, "pp-whs": {"min": 0.0, "max": 736671.1875}, "unep-coral": {"min": 65535.0, "max": 500000.0}, "unesco": {"min": 0.0, "max": 486241.1875}, "unesco-ramsar": {"min": 0.0, "max": 499990.5}, "wwf-glw-1": {"min": 0.0, "max": 499995.25}, "wwf-glw-2": {"min": 0.0, "max": 432604.03125}, "jrc-gsw": {"min": 0.0, "max": 255.0}, "pp-marine-protected": {"min": 0.0, "max": 1.0}, "unep-tidal": {"min": 0.0, "max": 1.0}, "wwf-glw-3": {"min": 1.0, "max": 255.0}, "gsa-pvout": {"min": 2.706860303878784, "max": 4.079734802246094}, "gsa-ghi": {"min": 3.111445665359497, "max": 4.261870384216309}, "gsa-gti": {"min": 3.2497706413269043, "max": 4.89487886428833}, "gsa-temp": {"min": 3.404268980026245, "max": 22.0}, "gwa-iec1": {"min": 0.03478405252099037, "max": 0.62735515832901}, "gwa-iec2": {"min": 0.04462768882513046, "max": 0.6542989611625671}, "gwa-iec3": {"min": 0.05193599313497543, "max": 0.6818392276763916}, "gwa-power-10": {"min": 4.390162944793701, "max": 3397.28759765625}, "gwa-speed-10": {"min": 0.9958468079566956, "max": 10.011449813842773}, "gwa-power-50": {"min": 14.039711952209473, "max": 3269.411865234375}, "gwa-speed-50": {"min": 1.8016672134399414, "max": 11.643038749694824}, "gwa-power-100": {"min": 33.56261444091797, "max": 3029.927978515625}, "gwa-speed-100": {"min": 2.48746919631958, "max": 11.91625690460205}, "gwa-power-150": {"min": 53.429962158203125, "max": 2829.801025390625}, "gwa-speed-150": {"min": 2.970090866088867, "max": 12.103609085083008}, "gwa-power-200": {"min": 80.4441909790039, "max": 2751.157470703125}, "gwa-speed-200": {"min": 3.1939356327056885, "max": 12.250328063964844}, "gebco": {"min": -3300.0, "max": 1775.0}, "srtm90": {"min": -6.0, "max": 1780.0}, "waterbodies": {"min": 0.0, "max": 2.0}, "gwa-enercon-e44-50": {"min": 0.006016224157065153, "max": 0.4317788779735565}, "gwa-enercon-e48-50": {"min": 0.00795679446309805, "max": 0.4926547110080719}, "gwa-enercon-e53-50": {"min": 0.0121922567486763, "max": 0.5321906805038452}, "gwa-offshore-dtu-10mw-119": {"min": 0.029864991083741188, "max": 0.5866838097572327}, "gwa-offshore-iea-15mw-150": {"min": 0.06032320857048035, "max": 0.6307315230369568}, "gwa-offshore-leanwind-8mw-110": {"min": 0.027986470609903336, "max": 0.5957164764404297}, "gwa-vestas-v100-mode0-100": {"min": 0.044290173798799515, "max": 0.6654800176620483}, "gwa-vestas-v100-mode0-120": {"min": 0.05785743147134781, "max": 0.6675041317939758}, "gwa-vestas-v100-mode0-150": {"min": 0.07981929183006287, "max": 0.6720510125160217}, "gwa-vestas-v100-mode0-80": {"min": 0.03216569498181343, "max": 0.6488112807273865}, "gwa-vestas-v110-mode0-100": {"min": 0.05366654694080353, "max": 0.6960097551345825}, "gwa-vestas-v110-mode0-120": {"min": 0.06970201432704926, "max": 0.6982297897338867}, "gwa-vestas-v110-mode0-150": {"min": 0.09518484026193619, "max": 0.7044245004653931}, "gwa-vestas-v110-mode0-80": {"min": 0.03919338062405586, "max": 0.6789523363113403}, "gwa-vestas-v112-mode0-100": {"min": 0.030340058729052544, "max": 0.6159293055534363}, "gwa-vestas-v112-mode0-120": {"min": 0.039984412491321564, "max": 0.6178989410400391}, "gwa-vestas-v112-mode0-150": {"min": 0.056060925126075745, "max": 0.6134570837020874}, "gwa-vestas-v112-mode0-80": {"min": 0.0214803796261549, "max": 0.6015727519989014}, "gwa-vestas-v120-mode0-100": {"min": 0.05732051283121109, "max": 0.6785805821418762}, "gwa-vestas-v120-mode0-120": {"min": 0.07438771426677704, "max": 0.6807636618614197}, "gwa-vestas-v120-mode0-150": {"min": 0.1013646125793457, "max": 0.6941888928413391}, "gwa-vestas-v120-mode0-80": {"min": 0.04187199845910072, "max": 0.6610028147697449}, "gwa-vestas-v126-mode0-100": {"min": 0.039220038801431656, "max": 0.6453442573547363}, "gwa-vestas-v126-mode0-120": {"min": 0.05128959193825722, "max": 0.6473506093025208}, "gwa-vestas-v126-mode0-150": {"min": 0.07101200520992279, "max": 0.6493768692016602}, "gwa-vestas-v126-mode0-80": {"min": 0.028380058705806732, "max": 0.6291838884353638}, "gwa-vestas-v136-mode0-100": {"min": 0.04590194672346115, "max": 0.6735973954200745}, "gwa-vestas-v136-mode0-120": {"min": 0.05984796583652496, "max": 0.6755893230438232}, "gwa-vestas-v136-mode0-150": {"min": 0.08232109248638153, "max": 0.6791244149208069}, "gwa-vestas-v136-mode0-80": {"min": 0.033430229872465134, "max": 0.6571799516677856}, "air-density": {"min": 1.012630820274353, "max": 1.2310843467712402}}