{"worldpop": {"min": -3.4028234663852886e+38, "max": 10177.6279296875}, "slope": {"min": 0.0, "max": 4.686199188232422}, "land-cover": {"min": 10.0, "max": 210.0}, "airports": {"min": 0.0, "max": 137713.46875}, "ports": {"min": 0.0, "max": 122116.7421875}, "anchorages": {"min": 0.0, "max": 134344.71875}, "grid": {"min": 0.0, "max": 27500.0}, "roads": {"min": 0.0, "max": 31567.388671875}, "pp-whs": {"min": 62000.0, "max": 251056.28125}, "unep-coral": {"min": 0.0, "max": 131898.640625}, "unesco": {"min": 163000.0, "max": 340242.90625}, "unesco-ramsar": {"min": 56500.0, "max": 238981.6875}, "wwf-glw-1": {"min": 63500.0, "max": 250476.546875}, "wwf-glw-2": {"min": 4031.12890625, "max": 172180.859375}, "jrc-gsw": {"min": 0.0, "max": 1.0}, "pp-marine-protected": {"min": 0.0, "max": 1.0}, "unep-tidal": {"min": 0.0, "max": 1.0}, "wwf-glw-3": {"min": 6.0, "max": 255.0}, "gsa-pvout": {"min": 4.518401622772217, "max": 4.892316818237305}, "gsa-ghi": {"min": 5.427021503448486, "max": 5.766687870025635}, "gsa-gti": {"min": 5.908604145050049, "max": 6.405125141143799}, "gsa-temp": {"min": 25.200000762939453, "max": 27.100000381469727}, "gwa-iec1": {"min": 0.16741696000099182, "max": 0.49563607573509216}, "gwa-iec2": {"min": 0.2080123871564865, "max": 0.5491456985473633}, "gwa-iec3": {"min": 0.2391667664051056, "max": 0.584794819355011}, "gwa-power-10": {"min": 14.59306526184082, "max": 304.1314392089844}, "gwa-speed-10": {"min": 2.2111072540283203, "max": 5.7831711769104}, "gwa-power-50": {"min": 78.02803039550781, "max": 504.9698791503906}, "gwa-speed-50": {"min": 4.084437370300293, "max": 7.38995885848999}, "gwa-power-100": {"min": 139.14251708984375, "max": 679.4987182617188}, "gwa-speed-100": {"min": 5.241764545440674, "max": 8.596224784851074}, "gwa-power-150": {"min": 280.3932189941406, "max": 892.8380126953125}, "gwa-speed-150": {"min": 6.570014953613281, "max": 9.465662956237793}, "gwa-power-200": {"min": 451.62322998046875, "max": 1081.794677734375}, "gwa-speed-200": {"min": 7.469060897827148, "max": 9.964503288269043}, "gebco": {"min": -47.0, "max": 291.0}, "srtm90": {"min": -2.0, "max": 291.0}, "waterbodies": {"min": 0.0, "max": 1.0}, "gwa-enercon-e44-50": {"min": 0.057994294911623, "max": 0.29488545656204224}, "gwa-enercon-e48-50": {"min": 0.07590798288583755, "max": 0.3504343032836914}, "gwa-enercon-e53-50": {"min": 0.0983039140701294, "max": 0.39107006788253784}, "gwa-offshore-dtu-10mw-119": {"min": 0.1767757385969162, "max": 0.480997771024704}, "gwa-offshore-iea-15mw-150": {"min": 0.3124055564403534, "max": 0.5668529272079468}, "gwa-offshore-leanwind-8mw-110": {"min": 0.1627654880285263, "max": 0.48035064339637756}, "gwa-vestas-v100-mode0-100": {"min": 0.22831550240516663, "max": 0.5782821178436279}, "gwa-vestas-v100-mode0-120": {"min": 0.2863810062408447, "max": 0.6041179895401001}, "gwa-vestas-v100-mode0-150": {"min": 0.37971097230911255, "max": 0.6235610842704773}, "gwa-vestas-v100-mode0-80": {"min": 0.1900612860918045, "max": 0.5368366241455078}, "gwa-vestas-v110-mode0-100": {"min": 0.2672758400440216, "max": 0.6200366020202637}, "gwa-vestas-v110-mode0-120": {"min": 0.32942038774490356, "max": 0.644020140171051}, "gwa-vestas-v110-mode0-150": {"min": 0.4241275489330292, "max": 0.6608750224113464}, "gwa-vestas-v110-mode0-80": {"min": 0.22446376085281372, "max": 0.5791339874267578}, "gwa-vestas-v112-mode0-100": {"min": 0.16362883150577545, "max": 0.4907517731189728}, "gwa-vestas-v112-mode0-120": {"min": 0.21117469668388367, "max": 0.5206629633903503}, "gwa-vestas-v112-mode0-150": {"min": 0.29586392641067505, "max": 0.5483922362327576}, "gwa-vestas-v112-mode0-80": {"min": 0.13449649512767792, "max": 0.4517478942871094}, "gwa-vestas-v120-mode0-100": {"min": 0.28366899490356445, "max": 0.6345943808555603}, "gwa-vestas-v120-mode0-120": {"min": 0.3474299907684326, "max": 0.6539670825004578}, "gwa-vestas-v120-mode0-150": {"min": 0.44217029213905334, "max": 0.6634098887443542}, "gwa-vestas-v120-mode0-80": {"min": 0.2388860434293747, "max": 0.5935018062591553}, "gwa-vestas-v126-mode0-100": {"min": 0.2033563256263733, "max": 0.546037495136261}, "gwa-vestas-v126-mode0-120": {"min": 0.25745031237602234, "max": 0.5734221339225769}, "gwa-vestas-v126-mode0-150": {"min": 0.34794527292251587, "max": 0.5957431793212891}, "gwa-vestas-v126-mode0-80": {"min": 0.16869540512561798, "max": 0.5046486854553223}, "gwa-vestas-v136-mode0-100": {"min": 0.23378564417362213, "max": 0.5832391381263733}, "gwa-vestas-v136-mode0-120": {"min": 0.2921043634414673, "max": 0.6091174483299255}, "gwa-vestas-v136-mode0-150": {"min": 0.38521137833595276, "max": 0.629060685634613}, "gwa-vestas-v136-mode0-80": {"min": 0.19506753981113434, "max": 0.5418967008590698}, "air-density": {"min": 1.1257867813110352, "max": 1.1570892333984375}, "lcoe": {"gwa-vestas-v100-mode0-120": {"lg": {"min": 61.536376953125, "max": 125.37242126464844}, "li": {"min": 1.7148568630218506, "max": 3.595335006713867}, "lr": {"min": 0.0, "max": 0.6409518718719482}, "total": {"min": 63.3466796875, "max": 129.02940368652344}}, "gwa-vestas-v110-mode0-120": {"lg": {"min": 57.97154235839844, "max": 109.51490020751953}, "li": {"min": 1.605735182762146, "max": 3.1255979537963867}, "lr": {"min": 0.0, "max": 0.5980690717697144}, "total": {"min": 59.669681549072266, "max": 112.694091796875}}, "gwa-vestas-v112-mode0-120": {"lg": {"min": 70.75865173339844, "max": 168.59716796875}, "li": {"min": 2.0018768310546875, "max": 4.875752925872803}, "lr": {"min": 0.0, "max": 0.7552367448806763}, "total": {"min": 72.85911560058594, "max": 173.5565185546875}}, "gwa-vestas-v112-mode0-100": {"lg": {"min": 74.82758331298828, "max": 216.42442321777344}, "li": {"min": 2.1238937377929688, "max": 6.292508125305176}, "lr": {"min": 0.0, "max": 0.8046849966049194}, "total": {"min": 77.05607604980469, "max": 222.8248291015625}}, "gwa-offshore-dtu-10mw-119": {"lg": {"min": 76.26387023925781, "max": 200.62631225585938}, "li": {"min": 2.1688055992126465, "max": 5.824530601501465}, "lr": {"min": 0.0, "max": 0.8236343264579773}, "total": {"min": 78.53755187988281, "max": 206.5507049560547}}, "gwa-vestas-v126-mode0-150": {"lg": {"min": 62.3452033996582, "max": 103.89720916748047}, "li": {"min": 1.7410707473754883, "max": 3.2425341606140137}, "lr": {"min": 0.0, "max": 0.6588163375854492}, "total": {"min": 64.1628646850586, "max": 106.90714263916016}}, "gwa-vestas-v120-mode0-80": {"lg": {"min": 62.5655517578125, "max": 149.50352478027344}, "li": {"min": 1.7507351636886597, "max": 4.329918384552002}, "lr": {"min": 0.0, "max": 0.6513159871101379}, "total": {"min": 64.39350891113281, "max": 153.8875732421875}}, "gsa-pvout": {"lg": {"min": 158.31548038948222, "max": 171.08568273765695}, "li": {"min": 4.5803357084605105, "max": 6.524213381576092}, "lr": {"min": 0.0, "max": 1.6724699015638222}, "total": {"min": 163.23093067672946, "max": 176.35579989367125}}, "gwa-vestas-v126-mode0-80": {"lg": {"min": 72.87713623046875, "max": 210.0444793701172}, "li": {"min": 2.063748598098755, "max": 6.1150803565979}, "lr": {"min": 0.0, "max": 0.7796450853347778}, "total": {"min": 75.04426574707031, "max": 216.25265502929688}}, "gwa-offshore-leanwind-8mw-110": {"lg": {"min": 76.36122131347656, "max": 217.55116271972656}, "li": {"min": 2.171616315841675, "max": 6.3258843421936035}, "lr": {"min": 0.0, "max": 0.8239957690238953}, "total": {"min": 78.6379623413086, "max": 223.9855194091797}}, "gwa-vestas-v110-mode0-100": {"lg": {"min": 60.0592041015625, "max": 134.0482635498047}, "li": {"min": 1.6763041019439697, "max": 3.8523335456848145}, "lr": {"min": 0.0, "max": 0.6223422884941101}, "total": {"min": 61.80927658081055, "max": 137.96665954589844}}, "gwa-vestas-v136-mode0-100": {"lg": {"min": 63.5960693359375, "max": 152.6779022216797}, "li": {"min": 1.7834198474884033, "max": 4.404186725616455}, "lr": {"min": 0.0, "max": 0.6655911207199097}, "total": {"min": 65.47117614746094, "max": 157.15760803222656}}, "gwa-vestas-v126-mode0-100": {"lg": {"min": 67.65635681152344,