{"worldpop": {"min": -3.4028234663852886e+38, "max": 10177.6279296875}, "slope": {"min": 0.0, "max": 4.686199188232422}, "land-cover": {"min": 10.0, "max": 210.0}, "airports": {"min": 0.0, "max": 140727.5625}, "ports": {"min": 0.0, "max": 103848.453125}, "anchorages": {"min": 0.0, "max": 48254.53125}, "grid": {"min": 0.0, "max": 113257.4453125}, "roads": {"min": 0.0, "max": 97739.4453125}, "pp-whs": {"min": 84807.1328125, "max": 272244.375}, "unep-coral": {"min": 0.0, "max": 75221.3359375}, "unesco": {"min": 173329.890625, "max": 335179.03125}, "unesco-ramsar": {"min": 70846.6640625, "max": 255648.6875}, "wwf-glw-1": {"min": 83182.03125, "max": 252103.65625}, "wwf-glw-2": {"min": 6800.7353515625, "max": 160577.859375}, "jrc-gsw": {"min": 0.0, "max": 255.0}, "pp-marine-protected": {"min": 0.0, "max": 1.0}, "unep-tidal": {"min": 0.0, "max": 1.0}, "wwf-glw-3": {"min": 6.0, "max": 255.0}, "gsa-pvout": {"min": 4.47850227355957, "max": 4.875593662261963}, "gsa-ghi": {"min": 5.399875164031982, "max": 5.730895042419434}, "gsa-gti": {"min": 5.858927249908447, "max": 6.353565216064453}, "gsa-temp": {"min": 25.299999237060547, "max": 27.096168518066406}, "gwa-iec1": {"min": 0.16741696000099182, "max": 0.4888826608657837}, "gwa-iec2": {"min": 0.2080123871564865, "max": 0.5411092042922974}, "gwa-iec3": {"min": 0.2391667664051056, "max": 0.5763389468193054}, "gwa-power-10": {"min": 14.59306526184082, "max": 264.1664733886719}, "gwa-speed-10": {"min": 2.2111072540283203, "max": 5.691784858703613}, "gwa-power-50": {"min": 77.3742904663086, "max": 462.99981689453125}, "gwa-speed-50": {"min": 4.074945449829102, "max": 7.2676849365234375}, "gwa-power-100": {"min": 139.14251708984375, "max": 638.300048828125}, "gwa-speed-100": {"min": 5.241764545440674, "max": 8.585916519165039}, "gwa-power-150": {"min": 280.3932189941406, "max": 871.5865478515625}, "gwa-speed-150": {"min": 6.570014953613281, "max": 9.465662956237793}, "gwa-power-200": {"min": 451.62322998046875, "max": 1081.794677734375}, "gwa-speed-200": {"min": 6.807973384857178, "max": 9.964503288269043}, "gebco": {"min": -76.0, "max": 117.0}, "srtm90": {"min": -2.0, "max": 119.0}, "waterbodies": {"min": 0.0, "max": 1.0}, "gwa-enercon-e44-50": {"min": 0.05745605006814003, "max": 0.2769218385219574}, "gwa-enercon-e48-50": {"min": 0.07515284419059753, "max": 0.33362478017807007}, "gwa-enercon-e53-50": {"min": 0.09727020561695099, "max": 0.37727978825569153}, "gwa-offshore-dtu-10mw-119": {"min": 0.1767757385969162, "max": 0.47898852825164795}, "gwa-offshore-iea-15mw-150": {"min": 0.3124055564403534, "max": 0.5609949231147766}, "gwa-offshore-leanwind-8mw-110": {"min": 0.1627654880285263, "max": 0.4780590236186981}, "gwa-vestas-v100-mode0-100": {"min": 0.22831550240516663, "max": 0.5731490850448608}, "gwa-vestas-v100-mode0-120": {"min": 0.2863810062408447, "max": 0.5983625650405884}, "gwa-vestas-v100-mode0-150": {"min": 0.3740357756614685, "max": 0.6163283586502075}, "gwa-vestas-v100-mode0-80": {"min": 0.1900612860918045, "max": 0.5346224308013916}, "gwa-vestas-v110-mode0-100": {"min": 0.2672758400440216, "max": 0.6139351725578308}, "gwa-vestas-v110-mode0-120": {"min": 0.32942038774490356, "max": 0.637514054775238}, "gwa-vestas-v110-mode0-150": {"min": 0.4070065915584564, "max": 0.6538887619972229}, "gwa-vestas-v110-mode0-80": {"min": 0.22446376085281372, "max": 0.5758807063102722}, "gwa-vestas-v112-mode0-100": {"min": 0.16362883150577545, "max": 0.4885186553001404}, "gwa-vestas-v112-mode0-120": {"min": 0.21117469668388367, "max": 0.5176812410354614}, "gwa-vestas-v112-mode0-150": {"min": 0.29586392641067505, "max": 0.5433682203292847}, "gwa-vestas-v112-mode0-80": {"min": 0.13449649512767792, "max": 0.4503386318683624}, "gwa-vestas-v120-mode0-100": {"min": 0.28366899490356445, "max": 0.6249247789382935}, "gwa-vestas-v120-mode0-120": {"min": 0.3474299907684326, "max": 0.6471924781799316}, "gwa-vestas-v120-mode0-150": {"min": 0.41459155082702637, "max": 0.6570703387260437}, "gwa-vestas-v120-mode0-80": {"min": 0.2388860434293747, "max": 0.5883035659790039}, "gwa-vestas-v126-mode0-100": {"min": 0.2033563256263733, "max": 0.5419600605964661}, "gwa-vestas-v126-mode0-120": {"min": 0.25745031237602234, "max": 0.5686072111129761}, "gwa-vestas-v126-mode0-150": {"min": 0.34794527292251587, "max": 0.5883283615112305}, "gwa-vestas-v126-mode0-80": {"min": 0.16869540512561798, "max": 0.5034409761428833}, "gwa-vestas-v136-mode0-100": {"min": 0.23378564417362213, "max": 0.5781938433647156}, "gwa-vestas-v136-mode0-120": {"min": 0.2921043634414673, "max": 0.6035159826278687}, "gwa-vestas-v136-mode0-150": {"min": 0.37892380356788635, "max": 0.6217910647392273}, "gwa-vestas-v136-mode0-80": {"min": 0.19506753981113434, "max": 0.5397211909294128}, "air-density": {"min": 1.1433831453323364, "max": 1.1570998430252075}}