{"worldpop": {"min": -3.4028234663852886e+38, "max": 129571.4765625}, "slope": {"min": 0.0, "max": 32.31815719604492}, "land-cover": {"min": 10.0, "max": 210.0}, "airports": {"min": 0.0, "max": 111072.0546875}, "ports": {"min": 0.0, "max": 73730.9296875}, "anchorages": {"min": 0.0, "max": 75709.9765625}, "grid": {"min": 0.0, "max": 12747.548828125}, "roads": {"min": 0.0, "max": 8276.47265625}, "pp-whs": {"min": 367001.375, "max": 490757.84375}, "unep-coral": {"min": 65535.0, "max": 499999.25}, "unesco": {"min": 0.0, "max": 50089.921875}, "unesco-ramsar": {"min": 203180.953125, "max": 288423.75}, "wwf-glw-1": {"min": 24377.2421875, "max": 188123.625}, "wwf-glw-2": {"min": 0.0, "max": 66500.0}, "jrc-gsw": {"min": 0.0, "max": 1.0}, "pp-marine-protected": {"min": 0.0, "max": 0.0}, "unep-tidal": {"min": 0.0, "max": 0.0}, "wwf-glw-3": {"min": 1.0, "max": 255.0}, "gsa-pvout": {"min": 3.6338233947753906, "max": 5.3625874519348145}, "gsa-ghi": {"min": 4.300116062164307, "max": 5.838547706604004}, "gsa-gti": {"min": 4.595774173736572, "max": 6.603806495666504}, "gsa-temp": {"min": 3.536374092102051, "max": 22.799999237060547}, "gwa-iec1": {"min": 0.018394548445940018, "max": 0.5242844223976135}, "gwa-iec2": {"min": 0.02352692000567913, "max": 0.5524330139160156}, "gwa-iec3": {"min": 0.027250617742538452, "max": 0.5793395638465881}, "gwa-power-10": {"min": 4.274827003479004, "max": 1490.79052734375}, "gwa-speed-10": {"min": 0.7963895201683044, "max": 8.799562454223633}, "gwa-power-50": {"min": 13.812891960144043, "max": 1468.9403076171875}, "gwa-speed-50": {"min": 1.3100380897521973, "max": 9.566861152648926}, "gwa-power-100": {"min": 20.304723739624023, "max": 1462.6761474609375}, "gwa-speed-100": {"min": 1.7635891437530518, "max": 10.221165657043457}, "gwa-power-150": {"min": 27.380708694458008, "max": 1502.609130859375}, "gwa-speed-150": {"min": 1.869113564491272, "max": 10.734898567199707}, "gwa-power-200": {"min": 37.22444534301758, "max": 1552.255859375}, "gwa-speed-200": {"min": 2.135714292526245, "max": 11.094809532165527}, "gebco": {"min": -145.0, "max": 3021.0}, "srtm90": {"min": 0.0, "max": 3045.0}, "waterbodies": {"min": 0.0, "max": 2.0}, "gwa-enercon-e44-50": {"min": 0.008500835858285427, "max": 0.34362825751304626}, "gwa-enercon-e48-50": {"min": 0.010925504378974438, "max": 0.39760822057724}, "gwa-enercon-e53-50": {"min": 0.01463751308619976, "max": 0.43531444668769836}, "gwa-offshore-dtu-10mw-119": {"min": 0.013139860704541206, "max": 0.491192102432251}, "gwa-offshore-iea-15mw-150": {"min": 0.023075520992279053, "max": 0.551958441734314}, "gwa-offshore-leanwind-8mw-110": {"min": 0.01302981749176979, "max": 0.49703726172447205}, "gwa-vestas-v100-mode0-100": {"min": 0.02191998064517975, "max": 0.560356616973877}, "gwa-vestas-v100-mode0-120": {"min": 0.02558056451380253, "max": 0.5764414668083191}, "gwa-vestas-v100-mode0-150": {"min": 0.02974163368344307, "max": 0.5882028937339783}, "gwa-vestas-v100-mode0-80": {"min": 0.018168160691857338, "max": 0.5347804427146912}, "gwa-vestas-v110-mode0-100": {"min": 0.026508145034313202, "max": 0.5961389541625977}, "gwa-vestas-v110-mode0-120": {"min": 0.030889224261045456, "max": 0.612318217754364}, "gwa-vestas-v110-mode0-150": {"min": 0.03477811440825462, "max": 0.6214767694473267}, "gwa-vestas-v110-mode0-80": {"min": 0.0219833105802536, "max": 0.5700884461402893}, "gwa-vestas-v112-mode0-100": {"min": 0.015102552250027657, "max": 0.5064879059791565}, "gwa-vestas-v112-mode0-120": {"min": 0.017656560987234116, "max": 0.5235517024993896}, "gwa-vestas-v112-mode0-150": {"min": 0.02140820026397705, "max": 0.5374799966812134}, "gwa-vestas-v112-mode0-80": {"min": 0.012518474832177162, "max": 0.4804931879043579}, "gwa-vestas-v120-mode0-100": {"min": 0.028198780491948128, "max": 0.5851116180419922}, "gwa-vestas-v120-mode0-120": {"min": 0.03286529332399368, "max": 0.5986302495002747}, "gwa-vestas-v120-mode0-150": {"min": 0.03659477084875107, "max": 0.6111278533935547}, "gwa-vestas-v120-mode0-80": {"min": 0.02337530069053173, "max": 0.5632131099700928}, "gwa-vestas-v126-mode0-100": {"min": 0.0194811150431633, "max": 0.5372868776321411}, "gwa-vestas-v126-mode0-120": {"min": 0.022723060101270676, "max": 0.5535657405853271}, "gwa-vestas-v126-mode0-150": {"min": 0.02678440511226654, "max": 0.5658656358718872}, "gwa-vestas-v126-mode0-80": {"min": 0.01615828648209572, "max": 0.5117166042327881}, "gwa-vestas-v136-mode0-100": {"min": 0.02272060140967369, "max": 0.5667604207992554}, "gwa-vestas-v136-mode0-120": {"min": 0.026496976613998413, "max": 0.5830341577529907}, "gwa-vestas-v136-mode0-150": {"min": 0.0305289626121521, "max": 0.5950683355331421}, "gwa-vestas-v136-mode0-80": {"min": 0.018841758370399475, "max": 0.5409657955169678}, "air-density": {"min": 0.8808841705322266, "max": 1.1788727045059204}, "lcoe": {"gwa-vestas-v100-mode0-120": {"lg": {"min": 64.29885864257812, "max": 1362.795654296875}, "li": {"min": 1.8408143520355225, "max": 40.54081726074219}, "lr": {"min": 0.0, "max": 0.3750201165676117}, "total": {"min": 66.17195892333984, "max": 1403.33642578125}}, "gwa-vestas-v110-mode0-120": {"lg": {"min": 60.765846252441406, "max": 1129.271484375}, "li": {"min": 1.7329578399658203, "max": 33.57342529296875}, "lr": {"min": 0.0, "max": 0.32834023237228394}, "total": {"min": 62.52919387817383, "max": 1162.844970703125}}, "gwa-vestas-v112-mode0-120": {"lg": {"min": 70.39031219482422, "max": 1972.603271484375}, "li": {"min": 2.0267751216888428, "max": 58.73493957519531}, "lr": {"min": 0.0, "max": 0.5162596106529236}, "total": {"min": 72.45262908935547, "max": 2031.3382568359375}}, "gwa-vestas-v112-mode0-100": {"lg": {"min": 72.62702941894531, "max": 2305.515625}, "li": {"min": 2.0950582027435303, "max": 68.66766357421875}, "lr": {"min": 0.0, "max": 0.5542627573013306}, "total": {"min": 74.75882720947266, "max": 2374.183349609375}}, "gwa-offshore-dtu-10mw-119": {"lg": {"min": 74.76408386230469, "max": 2649.291259765625}, "li": {"min": 2.1602985858917236, "max": 78.92450714111328}, "lr": {"min": 0.0, "max": 0.6617788076400757}, "total": {"min": 76.96227264404297, "max": 2728.2158203125}}, "gwa-vestas-v126-mode0-150": {"lg": {"min": 65.42581939697266, "max": 1301.7237548828125}, "li": {"min": 1.875218391418457, "max": 38.83345413208008}, "lr": {"min": 0.0, "max": 0.4093865156173706}, "total": {"min": 67.33393096923828, "max": 1340.7769775390625}}, "gwa-vestas-v120-mode0-80": {"lg": {"min": 65.71511840820312, "max": 1490.9866943359375}, "li": {"min": 1.854499340057373, "max": 44.365501403808594}, "lr": {"min": 0.0, "max": 0.38558506965637207}, "total": {"min": 67.58439636230469, "max": 1535.3521728515625}}, "gsa-pvout": {"lg": {"min": 144.7828267213515, "max": 211.75919410648672}, "li": {"min": 4.177487797335972, "max": 6.314249484261407}, "lr": {"min": 0.0, "max": 0.40865837174620984}, "total": {"min": 149.06306996774063, "max": 218.10861907162837}}, "gwa-vestas-v126-mode0-80": {"lg": {"min": 71.92579650878906, "max": 2155.141357421875}, "li": {"min": 2.0602314472198486, "max": 64.18112182617188}, "lr": {"min": 0.0, "max": 0.506745457649231}, "total": {"min": 74.03582000732422, "max": 2219.322509765625}}, "gwa-offshore-leanwind-8mw-110": {"lg": {"min": 73.93190002441406, "max": 2671.632080078125}, "li": {"min": 2.1348934173583984, "max": 79.591064453125}, "lr": {"min": 0.0, "max": 0.6098910570144653}, "total": {"min": 76.10424041748047, "max": 2751.22314453125}}, "gwa-vestas-v110-mode0-100": {"lg": {"min": 62.30647277832031, "max": 1315.248291015625}, "li": {"min": 1.778426170349121, "max": 39.12220001220703}, "lr": {"min": 0.0, "max": 0.36186984181404114}, "total": {"min": 64.11768341064453, "max": 1354.3704833984375}}, "gwa-vestas-v136-mode0-100": {"lg": {"min": 65.3288345336914, "max": 1533.83447265625}, "li": {"min": 1.8701794147491455, "max": 45.64390563964844}, "lr": {"min": 0.0, "max": 0.4074498116970062}, "total": {"min": 67.23393249511719, "max": 1579.4783935546875}},