{"worldpop": {"min": -3.4028234663852886e+38, "max": 131527.734375}, "slope": {"min": 0.0, "max": 29.335865020751953}, "land-cover": {"min": 10.0, "max": 210.0}, "airports": {"min": 0.0, "max": 141670.390625}, "ports": {"min": 0.0, "max": 139234.515625}, "anchorages": {"min": 0.0, "max": 135300.59375}, "grid": {"min": 0.0, "max": 136341.46875}, "roads": {"min": 0.0, "max": 137200.578125}, "pp-whs": {"min": 372017.8125, "max": 480010.40625}, "unep-coral": {"min": 65535.0, "max": 500000.0}, "unesco": {"min": 0.0, "max": 142021.125}, "unesco-ramsar": {"min": 102022.0546875, "max": 236700.765625}, "wwf-glw-1": {"min": 48836.4609375, "max": 203988.359375}, "wwf-glw-2": {"min": 21053.50390625, "max": 142969.40625}, "jrc-gsw": {"min": 0.0, "max": 255.0}, "pp-marine-protected": {"min": 0.0, "max": 0.0}, "unep-tidal": {"min": 0.0, "max": 0.0}, "wwf-glw-3": {"min": 255.0, "max": 255.0}, "gsa-pvout": {"min": 3.863875389099121, "max": 4.775000095367432}, "gsa-ghi": {"min": 4.492823600769043, "max": 5.376216888427734}, "gsa-gti": {"min": 4.863000869750977, "max": 5.944216728210449}, "gsa-temp": {"min": 16.65593910217285, "max": 22.799999237060547}, "gwa-iec1": {"min": 0.03145759552717209, "max": 0.3575242757797241}, "gwa-iec2": {"min": 0.03918776288628578, "max": 0.3976043462753296}, "gwa-iec3": {"min": 0.04490361362695694, "max": 0.4255478084087372}, "gwa-power-10": {"min": 4.502699375152588, "max": 515.48095703125}, "gwa-speed-10": {"min": 0.8989455103874207, "max": 5.06054162979126}, "gwa-power-50": {"min": 19.459308624267578, "max": 470.4853515625}, "gwa-speed-50": {"min": 1.6353145837783813, "max": 6.213979721069336}, "gwa-power-100": {"min": 33.80696487426758, "max": 533.978271484375}, "gwa-speed-100": {"min": 2.248830795288086, "max": 6.955627918243408}, "gwa-power-150": {"min": 40.67689514160156, "max": 616.74755859375}, "gwa-speed-150": {"min": 2.407241106033325, "max": 7.2177019119262695}, "gwa-power-200": {"min": 52.59349060058594, "max": 669.243408203125}, "gwa-speed-200": {"min": 2.649735450744629, "max": 7.339230537414551}, "gebco": {"min": -2187.0, "max": 1005.0}, "srtm90": {"min": 0.0, "max": 1010.0}, "waterbodies": {"min": 0.0, "max": 1.0}, "gwa-enercon-e44-50": {"min": 0.012995296157896519, "max": 0.21298497915267944}, "gwa-enercon-e48-50": {"min": 0.016682971268892288, "max": 0.2557029724121094}, "gwa-enercon-e53-50": {"min": 0.022090677171945572, "max": 0.28964975476264954}, "gwa-offshore-dtu-10mw-119": {"min": 0.02119779773056507, "max": 0.3204020857810974}, "gwa-offshore-iea-15mw-150": {"min": 0.033747706562280655, "max": 0.3709051311016083}, "gwa-offshore-leanwind-8mw-110": {"min": 0.021483149379491806, "max": 0.3248231112957001}, "gwa-vestas-v100-mode0-100": {"min": 0.035496197640895844, "max": 0.4060668349266052}, "gwa-vestas-v100-mode0-120": {"min": 0.038535527884960175, "max": 0.41392233967781067}, "gwa-vestas-v100-mode0-150": {"min": 0.044098030775785446, "max": 0.41598811745643616}, "gwa-vestas-v100-mode0-80": {"min": 0.03320838510990143, "max": 0.3897080421447754}, "gwa-vestas-v110-mode0-100": {"min": 0.04230503737926483, "max": 0.4405013620853424}, "gwa-vestas-v110-mode0-120": {"min": 0.04584858939051628, "max": 0.4479745924472809}, "gwa-vestas-v110-mode0-150": {"min": 0.05219368636608124, "max": 0.44870713353157043}, "gwa-vestas-v110-mode0-80": {"min": 0.03953222185373306, "max": 0.42348355054855347}, "gwa-vestas-v112-mode0-100": {"min": 0.025069890543818474, "max": 0.34161555767059326}, "gwa-vestas-v112-mode0-120": {"min": 0.0272857453674078, "max": 0.35066354274749756}, "gwa-vestas-v112-mode0-150": {"min": 0.03149886801838875, "max": 0.35706692934036255}, "gwa-vestas-v112-mode0-80": {"min": 0.023518448695540428, "max": 0.32681596279144287}, "gwa-vestas-v120-mode0-100": {"min": 0.04486152529716492, "max": 0.4483964145183563}, "gwa-vestas-v120-mode0-120": {"min": 0.0486031249165535, "max": 0.4546908736228943}, "gwa-vestas-v120-mode0-150": {"min": 0.055253177881240845, "max": 0.45273998379707336}, "gwa-vestas-v120-mode0-80": {"min": 0.04189816489815712, "max": 0.4314810335636139}, "gwa-vestas-v126-mode0-100": {"min": 0.0317038856446743, "max": 0.3818790316581726}, "gwa-vestas-v126-mode0-120": {"min": 0.03442422300577164, "max": 0.39008527994155884}, "gwa-vestas-v126-mode0-150": {"min": 0.039476435631513596, "max": 0.39350542426109314}, "gwa-vestas-v126-mode0-80": {"min": 0.02968723140656948, "max": 0.3661000430583954}, "gwa-vestas-v136-mode0-100": {"min": 0.03663003444671631, "max": 0.41123631596565247}, "gwa-vestas-v136-mode0-120": {"min": 0.039742156863212585, "max": 0.419173926115036}, "gwa-vestas-v136-mode0-150": {"min": 0.04541053995490074, "max": 0.4214228093624115}, "gwa-vestas-v136-mode0-80": {"min": 0.03426399827003479, "max": 0.39480847120285034}, "air-density": {"min": 1.0701645612716675, "max": 1.1796867847442627}}