{"worldpop": {"min": -3.4028234663852886e+38, "max": 9808.419921875}, "slope": {"min": 0.0, "max": 24.965309143066406}, "land-cover": {"min": 10.0, "max": 210.0}, "airports": {"min": 0.0, "max": 362555.1875}, "ports": {"min": 0.0, "max": 294571.71875}, "anchorages": {"min": 0.0, "max": 295081.375}, "grid": {"min": 0.0, "max": 108466.5859375}, "roads": {"min": 0.0, "max": 23307.724609375}, "pp-whs": {"min": 500.0, "max": 300000.0}, "unep-coral": {"min": 65535.0, "max": 65535.0}, "unesco": {"min": 500.0, "max": 310580.5}, "unesco-ramsar": {"min": 65535.0, "max": 65535.0}, "wwf-glw-1": {"min": 0.0, "max": 262992.40625}, "wwf-glw-2": {"min": 0.0, "max": 160895.15625}, "jrc-gsw": {"min": 0.0, "max": 1.0}, "pp-marine-protected": {"min": 0.0, "max": 0.0}, "unep-tidal": {"min": 0.0, "max": 1.0}, "wwf-glw-3": {"min": 1.0, "max": 255.0}, "gsa-pvout": {"min": 3.509072780609131, "max": 4.228519916534424}, "gsa-ghi": {"min": 4.398379802703857, "max": 5.255213737487793}, "gsa-gti": {"min": 4.420380115509033, "max": 5.335852146148682}, "gsa-temp": {"min": 20.14811134338379, "max": 26.299999237060547}, "gwa-iec1": {"min": 0.010035202838480473, "max": 0.24877165257930756}, "gwa-iec2": {"min": 0.014125500805675983, "max": 0.286239355802536}, "gwa-iec3": {"min": 0.016991717740893364, "max": 0.3140096068382263}, "gwa-power-10": {"min": 0.5428324937820435, "max": 352.7445983886719}, "gwa-speed-10": {"min": 0.6216797828674316, "max": 5.202442169189453}, "gwa-power-50": {"min": 6.509359836578369, "max": 321.8998718261719}, "gwa-speed-50": {"min": 1.4673049449920654, "max": 5.905033111572266}, "gwa-power-100": {"min": 12.428598403930664, "max": 297.39947509765625}, "gwa-speed-100": {"min": 1.9312365055084229, "max": 6.205562591552734}, "gwa-power-150": {"min": 20.455093383789062, "max": 312.10504150390625}, "gwa-speed-150": {"min": 2.2766003608703613, "max": 6.611606121063232}, "gwa-power-200": {"min": 32.07295227050781, "max": 327.1019592285156}, "gwa-speed-200": {"min": 2.712691307067871, "max": 6.9356689453125}, "gebco": {"min": -21.0, "max": 1258.0}, "srtm90": {"min": 0.0, "max": 1289.0}, "waterbodies": {"min": 0.0, "max": 2.0}, "gwa-enercon-e44-50": {"min": 0.0010928340489044785, "max": 0.21294233202934265}, "gwa-enercon-e48-50": {"min": 0.0015067319618538022, "max": 0.25600162148475647}, "gwa-enercon-e53-50": {"min": 0.004238951951265335, "max": 0.29075121879577637}, "gwa-offshore-dtu-10mw-119": {"min": 0.005211366340517998, "max": 0.2749886214733124}, "gwa-offshore-iea-15mw-150": {"min": 0.02061067894101143, "max": 0.33194416761398315}, "gwa-offshore-leanwind-8mw-110": {"min": 0.00467317271977663, "max": 0.283442884683609}, "gwa-vestas-v100-mode0-100": {"min": 0.01243358850479126, "max": 0.36962735652923584}, "gwa-vestas-v100-mode0-120": {"min": 0.018424497917294502, "max": 0.38094910979270935}, "gwa-vestas-v100-mode0-150": {"min": 0.02864219807088375, "max": 0.3935711681842804}, "gwa-vestas-v100-mode0-80": {"min": 0.008231435902416706, "max": 0.3587886691093445}, "gwa-vestas-v110-mode0-100": {"min": 0.01643242873251438, "max": 0.4065668284893036}, "gwa-vestas-v110-mode0-120": {"min": 0.024065300822257996, "max": 0.4187968075275421}, "gwa-vestas-v110-mode0-150": {"min": 0.03549700975418091, "max": 0.43200308084487915}, "gwa-vestas-v110-mode0-80": {"min": 0.01097344234585762, "max": 0.39439958333969116}, "gwa-vestas-v112-mode0-100": {"min": 0.007446258328855038, "max": 0.2986881732940674}, "gwa-vestas-v112-mode0-120": {"min": 0.011220122687518597, "max": 0.3076028525829315}, "gwa-vestas-v112-mode0-150": {"min": 0.01892162673175335, "max": 0.3185206949710846}, "gwa-vestas-v112-mode0-80": {"min": 0.004868887830525637, "max": 0.2912898659706116}, "gwa-vestas-v120-mode0-100": {"min": 0.017466913908720016, "max": 0.41737470030784607}, "gwa-vestas-v120-mode0-120": {"min": 0.025647077709436417, "max": 0.4301809072494507}, "gwa-vestas-v120-mode0-150": {"min": 0.03797091916203499, "max": 0.4444044530391693}, "gwa-vestas-v120-mode0-80": {"min": 0.011642592027783394, "max": 0.40401944518089294}, "gwa-vestas-v126-mode0-100": {"min": 0.011022049002349377, "max": 0.3418775796890259}, "gwa-vestas-v126-mode0-120": {"min": 0.016263151541352272, "max": 0.3522607982158661}, "gwa-vestas-v126-mode0-150": {"min": 0.025215839967131615, "max": 0.3642190992832184}, "gwa-vestas-v126-mode0-80": {"min": 0.007322236429899931, "max": 0.33234652876853943}, "gwa-vestas-v136-mode0-100": {"min": 0.013392556458711624, "max": 0.3732287287712097}, "gwa-vestas-v136-mode0-120": {"min": 0.019696973264217377, "max": 0.3845210671424866}, "gwa-vestas-v136-mode0-150": {"min": 0.029893510043621063, "max": 0.39710497856140137}, "gwa-vestas-v136-mode0-80": {"min": 0.00892078410834074, "max": 0.3624364137649536}, "air-density": {"min": 1.027411937713623, "max": 1.1575051546096802}, "lcoe": {"gwa-vestas-v100-mode0-120": {"lg": {"min": 95.24252319335938, "max": 1890.55126953125}, "li": {"min": 2.9406137466430664, "max": 117.10494232177734}, "lr": {"min": 0.0, "max": 9.864240646362305}, "total": {"min": 98.24492645263672, "max": 2009.9595947265625}}, "gwa-vestas-v110-mode0-120": {"lg": {"min": 86.99671173095703, "max": 1448.3516845703125}, "li": {"min": 2.67486310005188, "max": 89.65604400634766}, "lr": {"min": 0.0, "max": 7.716006755828857}, "total": {"min": 89.727783203125, "max": 1539.7711181640625}}, "gwa-vestas-v112-mode0-120": {"lg": {"min": 116.99881744384766, "max": 3101.89501953125}, "li": {"min": 3.64178729057312, "max": 192.29734802246094}, "lr": {"min": 0.0, "max": 15.669852256774902}, "total": {"min": 120.71713256835938, "max": 3297.974609375}}, "gwa-vestas-v112-mode0-100": {"lg": {"min": 120.37138366699219, "max": 4671.94970703125}, "li": {"min": 3.7504804134368896, "max": 289.7562255859375}, "lr": {"min": 0.0, "max": 20.353565216064453}, "total": {"min": 124.20067596435547, "max": 4967.4052734375}}, "gwa-offshore-dtu-10mw-119": {"lg": {"min": 130.40072631835938, "max": 6673.7978515625}, "li": {"min": 4.073711395263672, "max": 414.01806640625}, "lr": {"min": 0.0, "max": 27.786123275756836}, "total": {"min": 134.56004333496094, "max": 7095.958984375}}, "gwa-vestas-v126-mode0-150": {"lg": {"min": 99.43366241455078, "max": 1382.4493408203125}, "li": {"min": 3.075687885284424, "max": 80.61759185791016}, "lr": {"min": 0.0, "max": 7.642942428588867}, "total": {"min": 102.57398223876953, "max": 1434.373291015625}}, "gwa-vestas-v120-mode0-80": {"lg": {"min": 90.03239440917969, "max": 2989.48291015625}, "li": {"min": 2.7726988792419434, "max": 185.3195343017578}, "lr": {"min": 0.0, "max": 11.830282211303711}, "total": {"min": 92.86335754394531, "max": 3178.447509765625}}, "gsa-pvout": {"lg": {"min": 182.5400648278316, "max": 219.14521562382114}, "li": {"min": 5.433272277430738, "max": 15.499863155304768}, "lr": {"min": 0.0, "max": 1.5132968451532294}, "total": {"min": 190.54456104680932, "max": 230.68870945466963}}, "gwa-vestas-v126-mode0-80": {"lg": {"min": 108.58589172363281, "max": 4751.01416015625}, "li": {"min": 3.3706510066986084, "max": 294.6640625}, "lr": {"min": 0.0, "max": 18.604354858398438}, "total": {"min": 112.02737426757812, "max": 5051.4736328125}}, "gwa-offshore-leanwind-8mw-110": {"lg": {"min": 126.63056182861328, "max": 7441.93603515625}, "li": {"min": 3.952204465866089, "max": 461.6990966796875}, "lr": {"min": 0.0, "max": 28.934221267700195}, "total": {"min": 130.6658172607422, "max": 7912.71630859375}}, "gwa-vestas-v110-mode0-100": {"lg": {"min": 89.49334716796875, "max": 2119.25390625}, "li": {"min": 2.75532603263855, "max": 131.30133056640625}, "lr": {"min": 0.0, "max": 9.904560089111328}, "total": {"min": 92.30657196044922, "max": 2253.1376953125}}, "gwa-vestas-v136-mode0-100": {"lg": {"min": 97.12992095947266, "max": 2599.379150390625}, "li": {"min": 3.001441478729248, "max": 161.10440063476562}, "lr": {"min": 0.0, "max": 12.004663467407227}, "total": {"min": 100.1944351196289, "max": 2763.65234375}}, "gwa-vestas-v126-mode0-100": {"lg": {"min": 105.6701889038086, "max": 3157.56640625},