{"worldpop": {"min": -3.4028234663852886e+38, "max": 9808.419921875}, "slope": {"min": 0.0, "max": 31.727901458740234}, "land-cover": {"min": 10.0, "max": 210.0}, "airports": {"min": 500.0, "max": 500000.0}, "ports": {"min": 0.0, "max": 429270.3125}, "anchorages": {"min": 0.0, "max": 493390.5625}, "grid": {"min": 0.0, "max": 429298.28125}, "roads": {"min": 0.0, "max": 427057.375}, "pp-whs": {"min": 63287.04296875, "max": 628410.125}, "unep-coral": {"min": 65535.0, "max": 65535.0}, "unesco": {"min": 65535.0, "max": 500000.0}, "unesco-ramsar": {"min": 65535.0, "max": 65535.0}, "wwf-glw-1": {"min": 0.0, "max": 500000.0}, "wwf-glw-2": {"min": 0.0, "max": 441716.25}, "jrc-gsw": {"min": 0.0, "max": 255.0}, "pp-marine-protected": {"min": 0.0, "max": 0.0}, "unep-tidal": {"min": 0.0, "max": 1.0}, "wwf-glw-3": {"min": 1.0, "max": 255.0}, "gsa-pvout": {"min": 3.509072780609131, "max": 4.039999961853027}, "gsa-ghi": {"min": 4.398573875427246, "max": 5.03810977935791}, "gsa-gti": {"min": 4.420469284057617, "max": 5.09168004989624}, "gsa-temp": {"min": 23.650699615478516, "max": 26.399999618530273}, "gwa-iec1": {"min": 0.013686052523553371, "max": 0.1488090306520462}, "gwa-iec2": {"min": 0.02074706181883812, "max": 0.1874193400144577}, "gwa-iec3": {"min": 0.02529408223927021, "max": 0.2179219275712967}, "gwa-power-10": {"min": 0.9655543565750122, "max": 83.21837615966797}, "gwa-speed-10": {"min": 0.876526415348053, "max": 4.141449928283691}, "gwa-power-50": {"min": 9.556256294250488, "max": 101.4496841430664}, "gwa-speed-50": {"min": 2.0638270378112793, "max": 4.911083698272705}, "gwa-power-100": {"min": 18.957530975341797, "max": 123.28984069824219}, "gwa-speed-100": {"min": 2.6992127895355225, "max": 5.359806060791016}, "gwa-power-150": {"min": 29.931718826293945, "max": 159.79476928710938}, "gwa-speed-150": {"min": 3.2575459480285645, "max": 5.801860332489014}, "gwa-power-200": {"min": 40.14619827270508, "max": 191.26473999023438}, "gwa-speed-200": {"min": 3.5205600261688232, "max": 6.145383834838867}, "gebco": {"min": -5406.0, "max": 343.0}, "srtm90": {"min": 0.0, "max": 350.0}, "waterbodies": {"min": 0.0, "max": 2.0}, "gwa-enercon-e44-50": {"min": 0.0025043620262295008, "max": 0.08597561717033386}, "gwa-enercon-e48-50": {"min": 0.0034480043686926365, "max": 0.11154242604970932}, "gwa-enercon-e53-50": {"min": 0.008513592183589935, "max": 0.13982385396957397}, "gwa-offshore-dtu-10mw-119": {"min": 0.008310816250741482, "max": 0.14435987174510956}, "gwa-offshore-iea-15mw-150": {"min": 0.029378078877925873, "max": 0.2167271375656128}, "gwa-offshore-leanwind-8mw-110": {"min": 0.007968468591570854, "max": 0.1443680375814438}, "gwa-vestas-v100-mode0-100": {"min": 0.02085781842470169, "max": 0.22405946254730225}, "gwa-vestas-v100-mode0-120": {"min": 0.028180943801999092, "max": 0.24665766954421997}, "gwa-vestas-v100-mode0-150": {"min": 0.042254287749528885, "max": 0.28328171372413635}, "gwa-vestas-v100-mode0-80": {"min": 0.015185234136879444, "max": 0.20685157179832458}, "gwa-vestas-v110-mode0-100": {"min": 0.027219215407967567, "max": 0.26431822776794434}, "gwa-vestas-v110-mode0-120": {"min": 0.036426372826099396, "max": 0.2900944948196411}, "gwa-vestas-v110-mode0-150": {"min": 0.05382790416479111, "max": 0.33063679933547974}, "gwa-vestas-v110-mode0-80": {"min": 0.020026709884405136, "max": 0.24398915469646454}, "gwa-vestas-v112-mode0-100": {"min": 0.012683474458754063, "max": 0.1584281027317047}, "gwa-vestas-v112-mode0-120": {"min": 0.01737797074019909, "max": 0.17506136000156403}, "gwa-vestas-v112-mode0-150": {"min": 0.026640759781003, "max": 0.2031654715538025}, "gwa-vestas-v112-mode0-80": {"min": 0.00909687951207161, "max": 0.14643679559230804}, "gwa-vestas-v120-mode0-100": {"min": 0.029027357697486877, "max": 0.2812841534614563}, "gwa-vestas-v120-mode0-120": {"min": 0.03892795369029045, "max": 0.3084907829761505}, "gwa-vestas-v120-mode0-150": {"min": 0.05770917609333992, "max": 0.35069525241851807}, "gwa-vestas-v120-mode0-80": {"min": 0.02130596712231636, "max": 0.26010996103286743}, "gwa-vestas-v126-mode0-100": {"min": 0.018395094200968742, "max": 0.19856292009353638}, "gwa-vestas-v126-mode0-120": {"min": 0.02477569505572319, "max": 0.2187175452709198}, "gwa-vestas-v126-mode0-150": {"min": 0.037035021930933, "max": 0.25192639231681824}, "gwa-vestas-v126-mode0-80": {"min": 0.01344203855842352, "max": 0.18350501358509064}, "gwa-vestas-v136-mode0-100": {"min": 0.022269682958722115, "max": 0.22966121137142181}, "gwa-vestas-v136-mode0-120": {"min": 0.029911622405052185, "max": 0.25257837772369385}, "gwa-vestas-v136-mode0-150": {"min": 0.044492192566394806, "max": 0.2894796133041382}, "gwa-vestas-v136-mode0-80": {"min": 0.016325298696756363, "max": 0.2120811492204666}, "air-density": {"min": 1.1207568645477295, "max": 1.1575119495391846}}