{"worldpop": {"min": -3.4028234663852886e+38, "max": 3513.2421875}, "slope": {"min": 0.0, "max": 22.940706253051758}, "land-cover": {"min": 10.0, "max": 210.0}, "airports": {"min": 0.0, "max": 500000.0}, "ports": {"min": 0.0, "max": 500000.0}, "anchorages": {"min": 0.0, "max": 499999.25}, "grid": {"min": 0.0, "max": 499984.25}, "roads": {"min": 0.0, "max": 131948.859375}, "pp-whs": {"min": 0.0, "max": 989820.6875}, "unep-coral": {"min": 65535.0, "max": 65535.0}, "unesco": {"min": 500.0, "max": 500000.0}, "unesco-ramsar": {"min": 65535.0, "max": 500000.0}, "wwf-glw-1": {"min": 65535.0, "max": 499992.0}, "wwf-glw-2": {"min": 0.0, "max": 500000.0}, "jrc-gsw": {"min": 0.0, "max": 1.0}, "pp-marine-protected": {"min": 0.0, "max": 0.0}, "unep-tidal": {"min": 0.0, "max": 1.0}, "wwf-glw-3": {"min": 1.0, "max": 255.0}, "gsa-pvout": {"min": 4.449806213378906, "max": 5.951120376586914}, "gsa-ghi": {"min": 5.0799150466918945, "max": 6.908509254455566}, "gsa-gti": {"min": 5.531413555145264, "max": 7.492920875549316}, "gsa-temp": {"min": 14.899999618530273, "max": 25.600000381469727}, "gwa-iec1": {"min": 0.110992930829525, "max": 0.6725223660469055}, "gwa-iec2": {"min": 0.13696898519992828, "max": 0.7069413661956787}, "gwa-iec3": {"min": 0.15656433999538422, "max": 0.733728289604187}, "gwa-power-10": {"min": 19.328569412231445, "max": 1659.5010986328125}, "gwa-speed-10": {"min": 2.207404375076294, "max": 10.711600303649902}, "gwa-power-50": {"min": 74.42503356933594, "max": 1893.5751953125}, "gwa-speed-50": {"min": 3.651238441467285, "max": 11.844168663024902}, "gwa-power-100": {"min": 108.31578063964844, "max": 2087.959228515625}, "gwa-speed-100": {"min": 4.393869400024414, "max": 12.763155937194824}, "gwa-power-150": {"min": 153.35240173339844, "max": 2053.2451171875}, "gwa-speed-150": {"min": 5.111311435699463, "max": 12.785788536071777}, "gwa-power-200": {"min": 195.38792419433594, "max": 1989.677734375}, "gwa-speed-200": {"min": 5.733383655548096, "max": 12.629138946533203}, "gebco": {"min": -81.0, "max": 2152.0}, "srtm90": {"min": -52.0, "max": 2212.0}, "waterbodies": {"min": 0.0, "max": 2.0}, "gwa-enercon-e44-50": {"min": 0.03331857547163963, "max": 0.4747640788555145}, "gwa-enercon-e48-50": {"min": 0.04341258108615875, "max": 0.5339527130126953}, "gwa-enercon-e53-50": {"min": 0.0573604516685009, "max": 0.579882025718689}, "gwa-offshore-dtu-10mw-119": {"min": 0.08702054619789124, "max": 0.6585828065872192}, "gwa-offshore-iea-15mw-150": {"min": 0.1449332982301712, "max": 0.7065771818161011}, "gwa-offshore-leanwind-8mw-110": {"min": 0.08387943357229233, "max": 0.6680641174316406}, "gwa-vestas-v100-mode0-100": {"min": 0.12838506698608398, "max": 0.7375609278678894}, "gwa-vestas-v100-mode0-120": {"min": 0.15254391729831696, "max": 0.7418738603591919}, "gwa-vestas-v100-mode0-150": {"min": 0.1876322478055954, "max": 0.7396143078804016}, "gwa-vestas-v100-mode0-80": {"min": 0.10706213861703873, "max": 0.7146510481834412}, "gwa-vestas-v110-mode0-100": {"min": 0.1530081033706665, "max": 0.7703019976615906}, "gwa-vestas-v110-mode0-120": {"min": 0.1789756864309311, "max": 0.7736833095550537}, "gwa-vestas-v110-mode0-150": {"min": 0.21730029582977295, "max": 0.7743551731109619}, "gwa-vestas-v110-mode0-80": {"min": 0.12808258831501007, "max": 0.7501077055931091}, "gwa-vestas-v112-mode0-100": {"min": 0.08941569179296494, "max": 0.6782933473587036}, "gwa-vestas-v112-mode0-120": {"min": 0.10729920864105225, "max": 0.6918160915374756}, "gwa-vestas-v112-mode0-150": {"min": 0.13658839464187622, "max": 0.6919979453086853}, "gwa-vestas-v112-mode0-80": {"min": 0.07424861192703247, "max": 0.6498973369598389}, "gwa-vestas-v120-mode0-100": {"min": 0.16231058537960052, "max": 0.753295361995697}, "gwa-vestas-v120-mode0-120": {"min": 0.18936984241008759, "max": 0.7647395730018616}, "gwa-vestas-v120-mode0-150": {"min": 0.22909626364707947, "max": 0.7705602645874023}, "gwa-vestas-v120-mode0-80": {"min": 0.13632836937904358, "max": 0.7363818287849426}, "gwa-vestas-v126-mode0-100": {"min": 0.11338900774717331, "max": 0.7137843370437622}, "gwa-vestas-v126-mode0-120": {"min": 0.13496802747249603, "max": 0.7206975221633911}, "gwa-vestas-v126-mode0-150": {"min": 0.16770432889461517, "max": 0.7137995362281799}, "gwa-vestas-v126-mode0-80": {"min": 0.09456051886081696, "max": 0.6890445351600647}, "gwa-vestas-v136-mode0-100": {"min": 0.13181431591510773, "max": 0.7433725595474243}, "gwa-vestas-v136-mode0-120": {"min": 0.1561492383480072, "max": 0.7487956881523132}, "gwa-vestas-v136-mode0-150": {"min": 0.19111847877502441, "max": 0.7433687448501587}, "gwa-vestas-v136-mode0-80": {"min": 0.1101045086979866, "max": 0.7199802994728088}, "air-density": {"min": 0.948623776435852, "max": 1.1869680881500244}, "lcoe": {"gwa-vestas-v100-mode0-120": {"lg": {"min": 50.85265350341797, "max": 231.86065673828125}, "li": {"min": 1.6123069524765015, "max": 42.35512924194336}, "lr": {"min": 0.0, "max": 3.3152971267700195}, "total": {"min": 55.50728988647461, "max": 275.8360900878906}}, "gwa-vestas-v110-mode0-120": {"lg": {"min": 48.92634201049805, "max": 198.20941162109375}, "li": {"min": 1.5178061723709106, "max": 36.01171875}, "lr": {"min": 0.0, "max": 2.9527528285980225}, "total": {"min": 53.296260833740234, "max": 235.50350952148438}}, "gwa-vestas-v112-mode0-120": {"lg": {"min": 54.242774963378906, "max": 327.9423828125}, "li": {"min": 1.8591731786727905, "max": 60.214962005615234}, "lr": {"min": 0.0, "max": 4.286786079406738}, "total": {"min": 59.26411437988281, "max": 390.4609069824219}}, "gwa-vestas-v112-mode0-100": {"lg": {"min": 55.24443817138672, "max": 392.73223876953125}, "li": {"min": 1.9158074855804443, "max": 72.2582015991211}, "lr": {"min": 0.0, "max": 5.373717308044434}, "total": {"min": 60.36588668823242, "max": 467.75469970703125}}, "gwa-offshore-dtu-10mw-119": {"lg": {"min": 56.77811813354492, "max": 403.431640625}, "li": {"min": 1.9745463132858276, "max": 74.24703216552734}, "lr": {"min": 0.0, "max": 5.018673419952393}, "total": {"min": 62.05284118652344, "max": 480.51904296875}}, "gwa-vestas-v126-mode0-150": {"lg": {"min": 52.695411682128906, "max": 211.26214599609375}, "li": {"min": 1.59615957736969, "max": 38.43204879760742}, "lr": {"min": 0.0, "max": 2.8702027797698975}, "total": {"min": 57.39092254638672, "max": 251.06275939941406}}, "gwa-vestas-v120-mode0-80": {"lg": {"min": 51.202091217041016, "max": 258.9635009765625}, "li": {"min": 1.6279382705688477, "max": 47.3930549621582}, "lr": {"min": 0.0, "max": 3.879521131515503}, "total": {"min": 55.9195442199707, "max": 308.16961669921875}}, "gsa-pvout": {"lg": {"min": 130.86018299915781, "max": 173.66137036573622}, "li": {"min": 4.077458495583051, "max": 33.41053887345855}, "lr": {"min": 0.0, "max": 6.230780619933601}, "total": {"min": 145.01915626358854, "max": 179.1023702719685}}, "gwa-vestas-v126-mode0-80": {"lg": {"min": 54.44486618041992, "max": 371.5821838378906}, "li": {"min": 1.8909510374069214, "max": 68.32679748535156}, "lr": {"min": 0.0, "max": 5.135019302368164}, "total": {"min": 59.48640441894531, "max": 442.5228576660156}}, "gwa-offshore-leanwind-8mw-110": {"lg": {"min": 56.02907943725586, "max": 418.3895263671875}, "li": {"min": 1.951176404953003, "max": 77.02742767333984}, "lr": {"min": 0.0, "max": 5.40233039855957}, "total": {"min": 61.228946685791016, "max": 498.3636779785156}}, "gwa-vestas-v110-mode0-100": {"lg": {"min": 49.12355041503906, "max": 231.1693878173828}, "li": {"min": 1.577488899230957, "max": 42.22663116455078}, "lr": {"min": 0.0, "max": 3.5552635192871094}, "total": {"min": 53.633270263671875, "max": 275.01141357421875}}, "gwa-vestas-v136-mode0-100": {"lg": {"min": 50.75819778442383, "max": 267.69488525390625}, "li": {"min": 1.6703706979751587, "max": 49.01605224609375}, "lr": {"min": 0.0, "max": 3.9801225662231445}, "total": {"min": 55.43128204345703, "max": 318.5860595703125}}, "gwa-vestas-v126-mode0-100": {"lg": {"min": 52.69644546508789, "max": 310.54437255859375}, "li": {"min": 1.7779594659805298,