{"worldpop": {"min": -3.4028234663852886e+38, "max": 3516.486328125}, "slope": {"min": 0.0, "max": 40.866455078125}, "land-cover": {"min": 10.0, "max": 210.0}, "airports": {"min": 707.1067504882812, "max": 370902.28125}, "ports": {"min": 0.0, "max": 359793.34375}, "anchorages": {"min": 0.0, "max": 343683.71875}, "grid": {"min": 0.0, "max": 349900.6875}, "roads": {"min": 0.0, "max": 350026.0625}, "pp-whs": {"min": 255411.921875, "max": 921615.1875}, "unep-coral": {"min": 65535.0, "max": 65535.0}, "unesco": {"min": 500.0, "max": 434220.28125}, "unesco-ramsar": {"min": 65535.0, "max": 500000.0}, "wwf-glw-1": {"min": 65535.0, "max": 499996.5}, "wwf-glw-2": {"min": 0.0, "max": 448310.71875}, "jrc-gsw": {"min": 0.0, "max": 255.0}, "pp-marine-protected": {"min": 0.0, "max": 0.0}, "unep-tidal": {"min": 0.0, "max": 1.0}, "wwf-glw-3": {"min": 1.0, "max": 255.0}, "gsa-pvout": {"min": 4.38127326965332, "max": 5.119365215301514}, "gsa-ghi": {"min": 5.046353816986084, "max": 5.77400016784668}, "gsa-gti": {"min": 5.47697114944458, "max": 6.494434356689453}, "gsa-temp": {"min": 14.907079696655273, "max": 21.88036346435547}, "gwa-iec1": {"min": 0.14884036779403687, "max": 0.5586429238319397}, "gwa-iec2": {"min": 0.17266693711280823, "max": 0.6129534244537354}, "gwa-iec3": {"min": 0.1908310055732727, "max": 0.6496104598045349}, "gwa-power-10": {"min": 19.372262954711914, "max": 624.3912963867188}, "gwa-speed-10": {"min": 2.013174295425415, "max": 6.807267189025879}, "gwa-power-50": {"min": 97.20730590820312, "max": 755.2962036132812}, "gwa-speed-50": {"min": 3.5475354194641113, "max": 8.260079383850098}, "gwa-power-100": {"min": 171.20556640625, "max": 862.3949584960938}, "gwa-speed-100": {"min": 4.613773822784424, "max": 9.140460014343262}, "gwa-power-150": {"min": 264.1075744628906, "max": 1008.791015625}, "gwa-speed-150": {"min": 5.437815189361572, "max": 10.065397262573242}, "gwa-power-200": {"min": 338.6521911621094, "max": 1096.0927734375}, "gwa-speed-200": {"min": 6.037986755371094, "max": 10.717660903930664}, "gebco": {"min": -4298.0, "max": 864.0}, "srtm90": {"min": -10.0, "max": 852.0}, "waterbodies": {"min": 0.0, "max": 2.0}, "gwa-enercon-e44-50": {"min": 0.06617821753025055, "max": 0.3618659973144531}, "gwa-enercon-e48-50": {"min": 0.08360747992992401, "max": 0.433461457490921}, "gwa-enercon-e53-50": {"min": 0.10236027091741562, "max": 0.4826623797416687}, "gwa-offshore-dtu-10mw-119": {"min": 0.16594523191452026, "max": 0.5385299324989319}, "gwa-offshore-iea-15mw-150": {"min": 0.23253586888313293, "max": 0.6378448009490967}, "gwa-offshore-leanwind-8mw-110": {"min": 0.160805344581604, "max": 0.5397982001304626}, "gwa-vestas-v100-mode0-100": {"min": 0.20768782496452332, "max": 0.6451398134231567}, "gwa-vestas-v100-mode0-120": {"min": 0.23784293234348297, "max": 0.6714217662811279}, "gwa-vestas-v100-mode0-150": {"min": 0.2732904553413391, "max": 0.7013052701950073}, "gwa-vestas-v100-mode0-80": {"min": 0.17456884682178497, "max": 0.6230852007865906}, "gwa-vestas-v110-mode0-100": {"min": 0.23195059597492218, "max": 0.6853443384170532}, "gwa-vestas-v110-mode0-120": {"min": 0.2646174132823944, "max": 0.7127485871315002}, "gwa-vestas-v110-mode0-150": {"min": 0.30203360319137573, "max": 0.7401379942893982}, "gwa-vestas-v110-mode0-80": {"min": 0.195224791765213, "max": 0.6637356877326965}, "gwa-vestas-v112-mode0-100": {"min": 0.16465499997138977, "max": 0.5580471158027649}, "gwa-vestas-v112-mode0-120": {"min": 0.19080619513988495, "max": 0.5784932971000671}, "gwa-vestas-v112-mode0-150": {"min": 0.22188176214694977, "max": 0.6176756620407104}, "gwa-vestas-v112-mode0-80": {"min": 0.13888712227344513, "max": 0.5362412333488464}, "gwa-vestas-v120-mode0-100": {"min": 0.2397705763578415, "max": 0.699355959892273}, "gwa-vestas-v120-mode0-120": {"min": 0.273171067237854, "max": 0.7254621386528015}, "gwa-vestas-v120-mode0-150": {"min": 0.31087982654571533, "max": 0.7497395873069763}, "gwa-vestas-v120-mode0-80": {"min": 0.2016451358795166, "max": 0.6742370128631592}, "gwa-vestas-v126-mode0-100": {"min": 0.19184748828411102, "max": 0.6137537360191345}, "gwa-vestas-v126-mode0-120": {"min": 0.22009563446044922, "max": 0.6376492977142334}, "gwa-vestas-v126-mode0-150": {"min": 0.25388458371162415, "max": 0.6698148250579834}, "gwa-vestas-v126-mode0-80": {"min": 0.16129934787750244, "max": 0.5916901230812073}, "gwa-vestas-v136-mode0-100": {"min": 0.2113218605518341, "max": 0.6503618359565735}, "gwa-vestas-v136-mode0-120": {"min": 0.24178604781627655, "max": 0.6758707761764526}, "gwa-vestas-v136-mode0-150": {"min": 0.2775093913078308, "max": 0.7057302594184875}, "gwa-vestas-v136-mode0-80": {"min": 0.17775289714336395, "max": 0.6284368634223938}, "air-density": {"min": 1.0938016176223755, "max": 1.1887789964675903}}