{"worldpop":{"min":-3.4028234663852886e+38,"max":2727.88671875},"slope":{"min":0.22235122323036194,"max":25.95859718322754},"land-cover":{"min":17.258312225341797,"max":210.0},"airports":{"min":0.0,"max":20402.20703125},"ports":{"min":0.0,"max":31674.12109375},"anchorages":{"min":0.0,"max":16031.2197265625},"grid":{"min":0.0,"max":6403.12451171875},"roads":{"min":0.0,"max":8062.2578125},"pp-whs":{"min":0.0,"max":33533.56640625},"unep-coral":{"min":0.0,"max":17269.916015625},"unesco":{"min":0.0,"max":39385.91015625},"unesco-ramsar":{"min":65535.0,"max":65535.0},"wwf-glw-1":{"min":65535.0,"max":65535.0},"wwf-glw-2":{"min":378169.9375,"max":422413.3125},"jrc-gsw":{"min":0.0,"max":1.0},"pp-marine-protected":{"min":0.0,"max":1.0},"unep-tidal":{"min":0.0,"max":1.0},"wwf-glw-3":{"min":255.0,"max":255.0},"gsa-pvout":{"min":3.870568037033081,"max":4.8239030838012695},"gsa-ghi":{"min":4.7690582275390625,"max":5.946432113647461},"gsa-gti":{"min":4.846025466918945,"max":6.1271586418151855},"gsa-temp":{"min":20.982707977294922,"max":27.08950424194336},"gwa-iec1":{"min":0.06977274268865585,"max":0.5976680517196655},"gwa-iec2":{"min":0.09275443106889725,"max":0.6557633280754089},"gwa-iec3":{"min":0.11028698086738586,"max":0.6950096487998962},"gwa-power-10":{"min":2.740556478500366,"max":1211.697509765625},"gwa-speed-10":{"min":1.176833152770996,"max":8.582379341125488},"gwa-power-50":{"min":21.248369216918945,"max":847.0380859375},"gwa-speed-50":{"min":2.8000359535217285,"max":9.377360343933105},"gwa-power-100":{"min":63.03032684326172,"max":813.2865600585938},"gwa-speed-100":{"min":4.353205680847168,"max":9.984696388244629},"gwa-power-150":{"min":114.23845672607422,"max":825.1725463867188},"gwa-speed-150":{"min":5.427114486694336,"max":10.378156661987305},"gwa-power-200":{"min":171.44688415527344,"max":868.4161987304688},"gwa-speed-200":{"min":6.2254252433776855,"max":10.722604751586914},"gebco":{"min":-285.0,"max":715.0},"srtm90":{"min":5.0,"max":700.0},"waterbodies":{"min":0.0,"max":1.0},"gwa-enercon-e44-50":{"min":0.007966753095388412,"max":0.4584069550037384},"gwa-enercon-e48-50":{"min":0.0108952596783638,"max":0.5342886447906494},"gwa-enercon-e53-50":{"min":0.02074986696243286,"max":0.5828481912612915},"gwa-offshore-dtu-10mw-119":{"min":0.07029952108860016,"max":0.6197207570075989},"gwa-offshore-iea-15mw-150":{"min":0.1474144160747528,"max":0.7083081603050232},"gwa-offshore-leanwind-8mw-110":{"min":0.06312069296836853,"max":0.6303148865699768},"gwa-vestas-v100-mode0-100":{"min":0.10221411287784576,"max":0.738781750202179},"gwa-vestas-v100-mode0-120":{"min":0.14064182341098785,"max":0.7586973309516907},"gwa-vestas-v100-mode0-150":{"min":0.2008197158575058,"max":0.7831393480300903},"gwa-vestas-v100-mode0-80":{"min":0.06642693281173706,"max":0.7160105109214783},"gwa-vestas-v110-mode0-100":{"min":0.1269765943288803,"max":0.7789495587348938},"gwa-vestas-v110-mode0-120":{"min":0.17300067842006683,"max":0.798255980014801},"gwa-vestas-v110-mode0-150":{"min":0.24432769417762756,"max":0.821386456489563},"gwa-vestas-v110-mode0-80":{"min":0.08378587663173676,"max":0.7566126585006714},"gwa-vestas-v112-mode0-100":{"min":0.06710903346538544,"max":0.6455541253089905},"gwa-vestas-v112-mode0-120":{"min":0.09408152848482132,"max":0.6637611985206604},"gwa-vestas-v112-mode0-150":{"min":0.13680098950862885,"max":0.6868348121643066},"gwa-vestas-v112-mode0-80":{"min":0.04248763993382454,"max":0.6246841549873352},"gwa-vestas-v120-mode0-100":{"min":0.1368640512228012,"max":0.785266101360321},"gwa-vestas-v120-mode0-120":{"min":0.18676753342151642,"max":0.805521547794342},"gwa-vestas-v120-mode0-150":{"min":0.26356154680252075,"max":0.8297613859176636},"gwa-vestas-v120-mode0-80":{"min":0.0900140330195427,"max":0.7620651125907898},"gwa-vestas-v126-mode0-100":{"min":0.08926025778055191,"max":0.7037836313247681},"gwa-vestas-v126-mode0-120":{"min":0.12293926626443863,"max":0.7232416868209839},"gwa-vestas-v126-mode0-150":{"min":0.1758480817079544,"max":0.7474722266197205},"gwa-vestas-v126-mode0-80":{"min":0.058059584349393845,"max":0.6815536618232727},"gwa-vestas-v136-mode0-100":{"min":0.10632801800966263,"max":0.7418866157531738},"gwa-vestas-v136-mode0-120":{"min":0.1458912044763565,"max":0.7613745331764221},"gwa-vestas-v136-mode0-150":{"min":0.20766118168830872,"max":0.7852274775505066},"gwa-vestas-v136-mode0-80":{"min":0.06953281164169312,"max":0.7195252180099487},"air-density":{"min":1.0831570625305176,"max":1.1518138647079468},"lcoe":{"gwa-vestas-v100-mode0-120":{"lg":{"min":49.81373596191406,"max":251.1438446044922},"li":{"min":1.4097856283187866,"max":7.395603179931641},"lr":{"min":0.0,"max":0.4251740276813507},"total":{"min":51.282596588134766,"max":258.87420654296875}},"gwa-vestas-v110-mode0-120":{"lg":{"min":47.54337692260742,"max":204.9169158935547},"li":{"min":1.3399218320846558,"max":6.012294769287109},"lr":{"min":0.0,"max":0.3474109470844269},"total":{"min":48.9394416809082,"max":211.20135498046875}},"gwa-vestas-v112-mode0-120":{"lg":{"min":56.36635971069336,"max":373.45361328125},"li":{"min":1.6114238500595093,"max":11.055635452270508},"lr":{"min":0.0,"max":0.6313643455505371},"total":{"min":58.04530715942383,"max":385.0096740722656}},"gwa-vestas-v112-mode0-100":{"lg":{"min":57.84328842163086,"max":521.944580078125},"li":{"min":1.656872034072876,"max":15.49912166595459},"lr":{"min":0.0,"max":0.8648566603660583},"total":{"min":59.56958770751953,"max":538.145263671875}},"gwa-offshore-dtu-10mw-119":{"lg":{"min":60.0877799987793,"max":498.43804931640625},"li":{"min":1.7259397506713867,"max":14.79570484161377},"lr":{"min":0.0,"max":0.8293601870536804},"total":{"min":61.88603973388672,"max":513.9034423828125}},"gwa-vestas-v126-mode0-150":{"lg":{"min":50.50174331665039,"max":201.66358947753906},"li":{"min":1.4309570789337158,"max":6.006243705749512},"lr":{"min":0.0,"max":0.35687530040740967},"total":{"min":51.99266052246094,"max":207.8462677001953}},"gwa-vestas-v120-mode0-80":{"lg":{"min":49.611270904541016,"max":390.14825439453125},"li":{"min":1.4035552740097046,"max":11.55521011352539},"lr":{"min":0.0,"max":0.6379138231277466},"total":{"min":51.073638916015625,"max":402.22650146484375}},"gsa-pvout":{"lg":{"min":160.50401902952808,"max":199.0515306281853},"li":{"min":4.641744756265146,"max":6.230980344850628},"lr":{"min":0.0,"max":0.47650653011967214},"total":{"min":165.26611405185773,"max":205.6503998023447}},"gwa-vestas-v126-mode0-80":{"lg":{"min":54.99930191040039,"max":602.6739501953125},"li":{"min":1.5693564414978027,"max":17.914888381958008},"lr":{"min":0.0,"max":0.9728823304176331},"total":{"min":56.63441467285156,"max":621.3997802734375}},"gwa-offshore-leanwind-8mw-110":{"lg":{"min":59.14507293701172,"max":554.67138671875},"li":{"min":1.6969306468963623,"max":16.47844886779785},"lr":{"min":0.0,"max":0.9080756306648254},"total":{"min":60.913108825683594,"max":571.8956909179688}},"gwa-vestas-v110-mode0-100":{"lg":{"min":48.62260818481445,"max":277.741455078125},"li":{"min":1.3731319904327393,"max":8.19151782989502},"lr":{"min":0.0,"max":0.46699148416519165},"total":{"min":50.05327606201172,"max":286.30377197265625}},"gwa-vestas-v136-mode0-100":{"lg":{"min":50.85184860229492,"max":330.9012145996094},"li":{"min":1.4417304992675781,"max":9.782285690307617},"lr":{"min":0.0,"max":0.554323136806488},"total":{"min":52.3539924621582,"max":341.12628173828125}},"gwa-vestas-v126-mode0-100":{"lg":{"min":53.3884162902832,"max":393.4091491699219},"li":{"min":1.51978600025177,"max":11.652790069580078},"lr":{"min":0.0,"max":0.6579174995422363},"total":{"min":54.971885681152344,"max":405.5893859863281}},"gwa-vestas-v126-mode0-120":{"lg":{"min":52.05967330932617,"max":286.73114013671875},"li":{"min":1.4788978099822998,"max":8.460526466369629},"lr":{"min":0.0,"max":0.4858739376068115},"total":{"min":53.60054016113281,"max":295.57464599609375}},"gwa-vestas-v120-mode0-120":{"lg":{"min":47.150630950927734,"max":190.10707092285156},"li":{"min":1.3278361558914185,"max":5.56912088394165},