{"worldpop": {"min": -3.4028234663852886e+38, "max": 2727.88671875}, "slope": {"min": 0.0, "max": 30.987192153930664}, "land-cover": {"min": 15.945120811462402, "max": 210.0}, "airports": {"min": 0.0, "max": 180156.1875}, "ports": {"min": 0.0, "max": 177975.421875}, "anchorages": {"min": 0.0, "max": 175497.140625}, "grid": {"min": 0.0, "max": 174600.25}, "roads": {"min": 0.0, "max": 174889.25}, "pp-whs": {"min": 0.0, "max": 174741.234375}, "unep-coral": {"min": 0.0, "max": 177995.09375}, "unesco": {"min": 0.0, "max": 175818.796875}, "unesco-ramsar": {"min": 65535.0, "max": 65535.0}, "wwf-glw-1": {"min": 65535.0, "max": 65535.0}, "wwf-glw-2": {"min": 327189.53125, "max": 440732.34375}, "jrc-gsw": {"min": 0.0, "max": 255.0}, "pp-marine-protected": {"min": 0.0, "max": 1.0}, "unep-tidal": {"min": 0.0, "max": 1.0}, "wwf-glw-3": {"min": 255.0, "max": 255.0}, "gsa-pvout": {"min": 3.870568037033081, "max": 4.9070000648498535}, "gsa-ghi": {"min": 4.7690582275390625, "max": 6.039000034332275}, "gsa-gti": {"min": 4.846025466918945, "max": 6.224999904632568}, "gsa-temp": {"min": 20.982707977294922, "max": 27.100000381469727}, "gwa-iec1": {"min": 0.06977274268865585, "max": 0.5976680517196655}, "gwa-iec2": {"min": 0.09275443106889725, "max": 0.6557633280754089}, "gwa-iec3": {"min": 0.11028698086738586, "max": 0.6950096487998962}, "gwa-power-10": {"min": 2.740556478500366, "max": 1211.697509765625}, "gwa-speed-10": {"min": 1.176833152770996, "max": 8.582379341125488}, "gwa-power-50": {"min": 21.248369216918945, "max": 847.0380859375}, "gwa-speed-50": {"min": 2.8000359535217285, "max": 9.377360343933105}, "gwa-power-100": {"min": 63.03032684326172, "max": 813.2865600585938}, "gwa-speed-100": {"min": 4.353205680847168, "max": 9.984696388244629}, "gwa-power-150": {"min": 114.23845672607422, "max": 825.1725463867188}, "gwa-speed-150": {"min": 5.427114486694336, "max": 10.378156661987305}, "gwa-power-200": {"min": 171.44688415527344, "max": 868.4161987304688}, "gwa-speed-200": {"min": 6.2254252433776855, "max": 10.722604751586914}, "gebco": {"min": -3062.0, "max": 715.0}, "srtm90": {"min": 5.0, "max": 700.0}, "waterbodies": {"min": 0.0, "max": 1.0}, "gwa-enercon-e44-50": {"min": 0.007966753095388412, "max": 0.4584069550037384}, "gwa-enercon-e48-50": {"min": 0.0108952596783638, "max": 0.5342886447906494}, "gwa-enercon-e53-50": {"min": 0.02074986696243286, "max": 0.5828481912612915}, "gwa-offshore-dtu-10mw-119": {"min": 0.07029952108860016, "max": 0.6197207570075989}, "gwa-offshore-iea-15mw-150": {"min": 0.1474144160747528, "max": 0.7083081603050232}, "gwa-offshore-leanwind-8mw-110": {"min": 0.06312069296836853, "max": 0.6303148865699768}, "gwa-vestas-v100-mode0-100": {"min": 0.10221411287784576, "max": 0.738781750202179}, "gwa-vestas-v100-mode0-120": {"min": 0.14064182341098785, "max": 0.7586973309516907}, "gwa-vestas-v100-mode0-150": {"min": 0.2008197158575058, "max": 0.7831393480300903}, "gwa-vestas-v100-mode0-80": {"min": 0.06642693281173706, "max": 0.7160105109214783}, "gwa-vestas-v110-mode0-100": {"min": 0.1269765943288803, "max": 0.7789495587348938}, "gwa-vestas-v110-mode0-120": {"min": 0.17300067842006683, "max": 0.798255980014801}, "gwa-vestas-v110-mode0-150": {"min": 0.24432769417762756, "max": 0.821386456489563}, "gwa-vestas-v110-mode0-80": {"min": 0.08378587663173676, "max": 0.7566126585006714}, "gwa-vestas-v112-mode0-100": {"min": 0.06710903346538544, "max": 0.6455541253089905}, "gwa-vestas-v112-mode0-120": {"min": 0.09408152848482132, "max": 0.6637611985206604}, "gwa-vestas-v112-mode0-150": {"min": 0.13680098950862885, "max": 0.6868348121643066}, "gwa-vestas-v112-mode0-80": {"min": 0.04248763993382454, "max": 0.6246841549873352}, "gwa-vestas-v120-mode0-100": {"min": 0.1368640512228012, "max": 0.785266101360321}, "gwa-vestas-v120-mode0-120": {"min": 0.18676753342151642, "max": 0.805521547794342}, "gwa-vestas-v120-mode0-150": {"min": 0.26356154680252075, "max": 0.8297613859176636}, "gwa-vestas-v120-mode0-80": {"min": 0.0900140330195427, "max": 0.7620651125907898}, "gwa-vestas-v126-mode0-100": {"min": 0.08926025778055191, "max": 0.7037836313247681}, "gwa-vestas-v126-mode0-120": {"min": 0.12293926626443863, "max": 0.7232416868209839}, "gwa-vestas-v126-mode0-150": {"min": 0.1758480817079544, "max": 0.7474722266197205}, "gwa-vestas-v126-mode0-80": {"min": 0.058059584349393845, "max": 0.6815536618232727}, "gwa-vestas-v136-mode0-100": {"min": 0.10632801800966263, "max": 0.7418866157531738}, "gwa-vestas-v136-mode0-120": {"min": 0.1458912044763565, "max": 0.7613745331764221}, "gwa-vestas-v136-mode0-150": {"min": 0.20766118168830872, "max": 0.7852274775505066}, "gwa-vestas-v136-mode0-80": {"min": 0.06953281164169312, "max": 0.7195252180099487}, "air-density": {"min": 1.0831570625305176, "max": 1.152267575263977}}