{"worldpop":{"min":12.28054428100586,"max":566.2642822265625},"slope":{"min":0.08057499676942825,"max":34.93712615966797},"land-cover":{"min":10.0,"max":201.0},"airports":{"min":18668.154296875,"max":37503.3359375},"ports":{"min":185951.59375,"max":201120.0},"anchorages":{"min":244115.75,"max":262111.609375},"grid":{"min":0.0,"max":4472.13623046875},"roads":{"min":0.0,"max":9394.146484375},"pp-whs":{"min":12903.48828125,"max":26177.28125},"unep-coral":{"min":65535.0,"max":65535.0},"unesco":{"min":20155.642578125,"max":37802.1171875},"unesco-ramsar":{"min":0.0,"max":17528.546875},"wwf-glw-1":{"min":19000.0,"max":38082.1484375},"wwf-glw-2":{"min":11704.69921875,"max":26172.50390625},"jrc-gsw":{"min":0.0,"max":1.0},"pp-marine-protected":{"min":0.0,"max":0.0},"unep-tidal":{"min":0.0,"max":0.0},"wwf-glw-3":{"min":255.0,"max":255.0},"gsa-pvout":{"min":2.3797500133514404,"max":3.5461807250976562},"gsa-ghi":{"min":2.6129446029663086,"max":3.4169745445251465},"gsa-gti":{"min":2.87365984916687,"max":4.117935657501221},"gsa-temp":{"min":0.2516588270664215,"max":10.399999618530273},"gwa-iec1":{"min":0.05292930081486702,"max":0.3256441652774811},"gwa-iec2":{"min":0.06222112104296684,"max":0.34064191579818726},"gwa-iec3":{"min":0.06926597654819489,"max":0.36276137828826904},"gwa-power-10":{"min":8.721991539001465,"max":1859.796142578125},"gwa-speed-10":{"min":1.0662130117416382,"max":7.644872188568115},"gwa-power-50":{"min":37.21528625488281,"max":1390.772216796875},"gwa-speed-50":{"min":1.869429588317871,"max":8.111230850219727},"gwa-power-100":{"min":81.8096694946289,"max":1366.3006591796875},"gwa-speed-100":{"min":2.5436294078826904,"max":8.457952499389648},"gwa-power-150":{"min":107.86117553710938,"max":1434.509033203125},"gwa-speed-150":{"min":2.7613284587860107,"max":8.781367301940918},"gwa-power-200":{"min":136.9545440673828,"max":1426.9910888671875},"gwa-speed-200":{"min":2.906128168106079,"max":9.20297908782959},"gebco":{"min":429.0,"max":2223.0},"srtm90":{"min":429.0,"max":2206.0},"waterbodies":{"min":1.0,"max":1.0},"gwa-enercon-e44-50":{"min":0.017655283212661743,"max":0.2589665651321411},"gwa-enercon-e48-50":{"min":0.02240186184644699,"max":0.29675596952438354},"gwa-enercon-e53-50":{"min":0.028691284358501434,"max":0.32465696334838867},"gwa-offshore-dtu-10mw-119":{"min":0.06000237166881561,"max":0.3274301290512085},"gwa-offshore-iea-15mw-150":{"min":0.08061952143907547,"max":0.3730395436286926},"gwa-offshore-leanwind-8mw-110":{"min":0.05989457294344902,"max":0.33539384603500366},"gwa-vestas-v100-mode0-100":{"min":0.08189082890748978,"max":0.3751582205295563},"gwa-vestas-v100-mode0-120":{"min":0.08821878582239151,"max":0.38400012254714966},"gwa-vestas-v100-mode0-150":{"min":0.0960594117641449,"max":0.3953682780265808},"gwa-vestas-v100-mode0-80":{"min":0.06295730918645859,"max":0.3653218448162079},"gwa-vestas-v110-mode0-100":{"min":0.09256716072559357,"max":0.4029199779033661},"gwa-vestas-v110-mode0-120":{"min":0.0994519516825676,"max":0.41205260157585144},"gwa-vestas-v110-mode0-150":{"min":0.10775749385356903,"max":0.4238463044166565},"gwa-vestas-v110-mode0-80":{"min":0.07228495925664902,"max":0.39352554082870483},"gwa-vestas-v112-mode0-100":{"min":0.06418972462415695,"max":0.34396839141845703},"gwa-vestas-v112-mode0-120":{"min":0.06955917179584503,"max":0.35229408740997314},"gwa-vestas-v112-mode0-150":{"min":0.07665493339300156,"max":0.3634568154811859},"gwa-vestas-v112-mode0-80":{"min":0.04775628075003624,"max":0.3344939351081848},"gwa-vestas-v120-mode0-100":{"min":0.0960090234875679,"max":0.39042913913726807},"gwa-vestas-v120-mode0-120":{"min":0.10297666490077972,"max":0.39937978982925415},"gwa-vestas-v120-mode0-150":{"min":0.1111573576927185,"max":0.4113042652606964},"gwa-vestas-v120-mode0-80":{"min":0.07560650259256363,"max":0.38074037432670593},"gwa-vestas-v126-mode0-100":{"min":0.07528359442949295,"max":0.3588716387748718},"gwa-vestas-v126-mode0-120":{"min":0.08122965693473816,"max":0.3674047589302063},"gwa-vestas-v126-mode0-150":{"min":0.08875950425863266,"max":0.37851402163505554},"gwa-vestas-v126-mode0-80":{"min":0.057314369827508926,"max":0.3493252396583557},"gwa-vestas-v136-mode0-100":{"min":0.08361423015594482,"max":0.3810651898384094},"gwa-vestas-v136-mode0-120":{"min":0.09003374725580215,"max":0.38998863101005554},"gwa-vestas-v136-mode0-150":{"min":0.09797106683254242,"max":0.40149518847465515},"gwa-vestas-v136-mode0-80":{"min":0.06442970782518387,"max":0.37110260128974915},"air-density":{"min":0.9884157180786133,"max":1.178165316581726},"lcoe":{"gwa-vestas-v100-mode0-120":{"lg":{"min":94.51757049560547,"max":398.00634765625},"li":{"min":2.7326622009277344,"max":11.671388626098633},"lr":{"min":0.0,"max":0.6107344031333923},"total":{"min":97.51590728759766,"max":409.677734375}},"gwa-vestas-v110-mode0-120":{"lg":{"min":88.35515594482422,"max":353.5030517578125},"li":{"min":2.547096014022827,"max":10.353096961975098},"lr":{"min":0.0,"max":0.5498220324516296},"total":{"min":91.14936065673828,"max":363.85614013671875}},"gwa-vestas-v112-mode0-120":{"lg":{"min":102.6640396118164,"max":503.7005920410156},"li":{"min":2.9822421073913574,"max":14.802299499511719},"lr":{"min":0.0,"max":0.7398374080657959},"total":{"min":105.93222045898438,"max":518.5028686523438}},"gwa-vestas-v112-mode0-100":{"lg":{"min":105.05220031738281,"max":545.5003662109375},"li":{"min":3.054427146911621,"max":16.050905227661133},"lr":{"min":0.0,"max":0.8743131160736084},"total":{"min":108.39949035644531,"max":561.5408935546875}},"gwa-offshore-dtu-10mw-119":{"lg":{"min":110.15625762939453,"max":583.289794921875},"li":{"min":3.2087035179138184,"max":17.1599178314209},"lr":{"min":0.0,"max":0.8422207832336426},"total":{"min":113.67261505126953,"max":600.44970703125}},"gwa-vestas-v126-mode0-150":{"lg":{"min":95.82952117919922,"max":395.6060485839844},"li":{"min":2.7654812335968018,"max":11.600287437438965},"lr":{"min":0.0,"max":0.5516154170036316},"total":{"min":98.87130737304688,"max":407.2063293457031}},"gwa-vestas-v120-mode0-80":{"lg":{"min":95.29254913330078,"max":463.7324523925781},"li":{"min":2.7478835582733154,"max":13.895978927612305},"lr":{"min":0.0,"max":0.7319740056991577},"total":{"min":98.30500793457031,"max":477.8619384765625}},"gsa-pvout":{"lg":{"min":216.89389304969572,"max":321.2434985978255},"li":{"min":6.533688452549379,"max":9.664766782959894},"lr":{"min":0.0,"max":0.8004376600272616},"total":{"min":223.71818421445275,"max":331.00533160063907}},"gwa-vestas-v126-mode0-80":{"lg":{"min":103.50257873535156,"max":610.4580688476562},"li":{"min":2.9950032234191895,"max":18.33094024658203},"lr":{"min":0.0,"max":0.9319372773170471},"total":{"min":106.78594970703125,"max":629.0970458984375}},"gwa-offshore-leanwind-8mw-110":{"lg":{"min":107.63565063476562,"max":584.3323974609375},"li":{"min":3.1325151920318604,"max":17.1908016204834},"lr":{"min":0.0,"max":0.8723077178001404},"total":{"min":111.06851196289062,"max":601.523193359375}},"gwa-vestas-v110-mode0-100":{"lg":{"min":90.26715087890625,"max":379.4977722167969},"li":{"min":2.6028831005096436,"max":11.12312126159668},"lr":{"min":0.0,"max":0.634525716304779},"total":{"min":93.12468719482422,"max":390.6208801269531}},"gwa-vestas-v136-mode0-100":{"lg":{"min":95.21472930908203,"max":419.7038269042969},"li":{"min":2.7523725032806396,"max":12.314119338989258},"lr":{"min":0.0,"max":0.6938635110855103},"total":{"min":98.23616027832031,"max":432.0179443359375}},"gwa-vestas-v126-mode0-100":{"lg":{"min":100.8556900024414,"max":465.704345703125},"li":{"min":2.923685312271118,"max":13.676761627197266},"lr":{"min":0.0,"max":0.7599931955337524},"total":{"min":104.06397247314453,"max":479.381103515625}},"gwa-vestas-v126-mode0-120":{"lg":{"min":98.6061782836914,"max":431.9072570800781},"li":{"min":2.8579156398773193,"max":12.675613403320312},"lr":{"min":0.0,"max":0.6566041111946106},"total":{"min":101.73994445800781,"max":444.5828857421875}},"gwa-vestas-v120-mode0-120":{"lg":{"min":91.03184509277344,"max":341.5401611328125},