{"worldpop":{"min":-3.4028234663852886e+38,"max":23287.287109375},"slope":{"min":0.0,"max":33.23036575317383},"land-cover":{"min":10.0,"max":210.0},"airports":{"min":0.0,"max":275408.78125},"ports":{"min":0.0,"max":167798.25},"anchorages":{"min":0.0,"max":165825.953125},"grid":{"min":0.0,"max":24418.23046875},"roads":{"min":0.0,"max":14713.9384765625},"pp-whs":{"min":0.0,"max":260155.734375},"unep-coral":{"min":0.0,"max":120785.96875},"unesco":{"min":0.0,"max":175139.9375},"unesco-ramsar":{"min":65535.0,"max":65535.0},"wwf-glw-1":{"min":0.0,"max":159713.8125},"wwf-glw-2":{"min":0.0,"max":69645.53125},"jrc-gsw":{"min":0.0,"max":1.0},"pp-marine-protected":{"min":0.0,"max":1.0},"unep-tidal":{"min":0.0,"max":1.0},"wwf-glw-3":{"min":1.0,"max":255.0},"gsa-pvout":{"min":3.230297088623047,"max":4.599969387054443},"gsa-ghi":{"min":3.9370503425598145,"max":5.759969711303711},"gsa-gti":{"min":3.966488838195801,"max":5.830635070800781},"gsa-temp":{"min":14.542817115783691,"max":28.100000381469727},"gwa-iec1":{"min":0.0013618783559650183,"max":0.7411509156227112},"gwa-iec2":{"min":0.0021342525724321604,"max":0.7521671056747437},"gwa-iec3":{"min":0.0026185500901192427,"max":0.7724891304969788},"gwa-power-10":{"min":0.5893256664276123,"max":5813.078125},"gwa-speed-10":{"min":0.44475889205932617,"max":13.250101089477539},"gwa-power-50":{"min":1.358513593673706,"max":5970.68603515625},"gwa-speed-50":{"min":0.799836277961731,"max":14.849071502685547},"gwa-power-100":{"min":3.571352481842041,"max":4800.84375},"gwa-speed-100":{"min":1.217729926109314,"max":14.75412654876709},"gwa-power-150":{"min":6.346521854400635,"max":4193.603515625},"gwa-speed-150":{"min":1.514878749847412,"max":14.225102424621582},"gwa-power-200":{"min":9.438140869140625,"max":3503.33447265625},"gwa-speed-200":{"min":1.684982419013977,"max":13.908535957336426},"gebco":{"min":-157.0,"max":2436.0},"srtm90":{"min":0.0,"max":2442.0},"waterbodies":{"min":0.0,"max":2.0},"gwa-enercon-e44-50":{"min":0.00011089418694609776,"max":0.5920318961143494},"gwa-enercon-e48-50":{"min":0.00015326810535043478,"max":0.6577645540237427},"gwa-enercon-e53-50":{"min":0.0005396191845647991,"max":0.695163369178772},"gwa-offshore-dtu-10mw-119":{"min":0.00042530466453172266,"max":0.7234985828399658},"gwa-offshore-iea-15mw-150":{"min":0.002345819491893053,"max":0.7803486585617065},"gwa-offshore-leanwind-8mw-110":{"min":0.00039016682421788573,"max":0.7316451668739319},"gwa-vestas-v100-mode0-100":{"min":0.001277294708415866,"max":0.7665852308273315},"gwa-vestas-v100-mode0-120":{"min":0.0020682502072304487,"max":0.7799991369247437},"gwa-vestas-v100-mode0-150":{"min":0.0034458544105291367,"max":0.7942318916320801},"gwa-vestas-v100-mode0-80":{"min":0.0006926912465132773,"max":0.754754900932312},"gwa-vestas-v110-mode0-100":{"min":0.0017251624958589673,"max":0.7953176498413086},"gwa-vestas-v110-mode0-120":{"min":0.0027788288425654173,"max":0.8085833191871643},"gwa-vestas-v110-mode0-150":{"min":0.004542386159300804,"max":0.8250889778137207},"gwa-vestas-v110-mode0-80":{"min":0.0009287907159887254,"max":0.7825638055801392},"gwa-vestas-v112-mode0-100":{"min":0.0007403843337669969,"max":0.7402875423431396},"gwa-vestas-v112-mode0-120":{"min":0.0012103564804419875,"max":0.753460168838501},"gwa-vestas-v112-mode0-150":{"min":0.0020745727233588696,"max":0.7664769887924194},"gwa-vestas-v112-mode0-80":{"min":0.0003985182265751064,"max":0.7278209924697876},"gwa-vestas-v120-mode0-100":{"min":0.001821964862756431,"max":0.7990279793739319},"gwa-vestas-v120-mode0-120":{"min":0.0029392261058092117,"max":0.8132696747779846},"gwa-vestas-v120-mode0-150":{"min":0.004827549215406179,"max":0.8251364231109619},"gwa-vestas-v120-mode0-80":{"min":0.0009861094877123833,"max":0.7784573435783386},"gwa-vestas-v126-mode0-100":{"min":0.0011447564465925097,"max":0.7509638071060181},"gwa-vestas-v126-mode0-120":{"min":0.001838462776504457,"max":0.7647155523300171},"gwa-vestas-v126-mode0-150":{"min":0.0030619485769420862,"max":0.7791747450828552},"gwa-vestas-v126-mode0-80":{"min":0.0006223198142834008,"max":0.7392405867576599},"gwa-vestas-v136-mode0-100":{"min":0.0014010408194735646,"max":0.7758584022521973},"gwa-vestas-v136-mode0-120":{"min":0.002257924061268568,"max":0.7891762256622314},"gwa-vestas-v136-mode0-150":{"min":0.003717367770150304,"max":0.8027519583702087},"gwa-vestas-v136-mode0-80":{"min":0.0007622862467542291,"max":0.7642629146575928},"air-density":{"min":0.9194667935371399,"max":1.153233528137207},"lcoe":{"gwa-vestas-v100-mode0-120":{"lg":{"min":48.562564849853516,"max":10000.0},"li":{"min":1.3538553714752197,"max":505.0057678222656},"lr":{"min":0.0,"max":7.175242900848389},"total":{"min":49.967777252197266,"max":10000.0}},"gwa-vestas-v110-mode0-120":{"lg":{"min":46.98723602294922,"max":10000.0},"li":{"min":1.3023840188980103,"max":375.86993408203125},"lr":{"min":0.0,"max":5.430208206176758},"total":{"min":48.34539031982422,"max":10000.0}},"gwa-vestas-v112-mode0-120":{"lg":{"min":50.132179260253906,"max":10000.0},"li":{"min":1.4361903667449951,"max":862.9510498046875},"lr":{"min":0.0,"max":11.970035552978516},"total":{"min":51.59653091430664,"max":10000.0}},"gwa-vestas-v112-mode0-100":{"lg":{"min":50.95305252075195,"max":10000.0},"li":{"min":1.4617457389831543,"max":1410.7244873046875},"lr":{"min":0.0,"max":17.631229400634766},"total":{"min":52.44346237182617,"max":10000.0}},"gwa-offshore-dtu-10mw-119":{"lg":{"min":52.042606353759766,"max":10000.0},"li":{"min":1.4956659078598022,"max":2455.83544921875},"lr":{"min":0.0,"max":28.15108871459961},"total":{"min":53.56760025024414,"max":10000.0}},"gwa-vestas-v126-mode0-150":{"lg":{"min":48.609710693359375,"max":10000.0},"li":{"min":1.3604800701141357,"max":348.38671875},"lr":{"min":0.0,"max":5.436146259307861},"total":{"min":50.01641082763672,"max":10000.0}},"gwa-vestas-v120-mode0-80":{"lg":{"min":48.650821685791016,"max":10000.0},"li":{"min":1.3703285455703735,"max":1066.7169189453125},"lr":{"min":0.0,"max":15.533245086669922},"total":{"min":50.071861267089844,"max":10000.0}},"gsa-pvout":{"lg":{"min":168.1228791975214,"max":237.7123178802244},"li":{"min":4.861703321862595,"max":7.322821205195907},"lr":{"min":0.0,"max":0.8948366975670218},"total":{"min":173.10909726154148,"max":245.25384101580858}},"gwa-vestas-v126-mode0-80":{"lg":{"min":51.01955032348633,"max":10000.0},"li":{"min":1.4601731300354004,"max":1683.093017578125},"lr":{"min":0.0,"max":24.81170082092285},"total":{"min":52.50224304199219,"max":10000.0}},"gwa-offshore-leanwind-8mw-110":{"lg":{"min":51.5076789855957,"max":10000.0},"li":{"min":1.479012370109558,"max":2677.004150390625},"lr":{"min":0.0,"max":32.36497116088867},"total":{"min":53.015689849853516,"max":10000.0}},"gwa-vestas-v110-mode0-100":{"lg":{"min":47.70425033569336,"max":10000.0},"li":{"min":1.328084945678711,"max":605.4376831054688},"lr":{"min":0.0,"max":7.519392013549805},"total":{"min":49.09661865234375,"max":10000.0}},"gwa-vestas-v136-mode0-100":{"lg":{"min":48.80039596557617,"max":10000.0},"li":{"min":1.374280333518982,"max":745.5015869140625},"lr":{"min":0.0,"max":9.282194137573242},"total":{"min":50.21310806274414,"max":10000.0}},"gwa-vestas-v126-mode0-100":{"lg":{"min":50.2855339050293,"max":10000.0},"li":{"min":1.4302796125411987,"max":912.4021606445312},"lr":{"min":0.0,"max":11.365368843078613},"total":{"min":51.74507522583008,"max":10000.0}},"gwa-vestas-v126-mode0-120":{"lg":{"min":49.45318603515625,"max":10000.0},"li":{"min":1.396074652671814,"max":568.1259155273438},"lr":{"min":0.0,"max":8.095316886901855},"total":{"min":50.88648223876953,"max":10000.0}},"gwa-vestas-v120-mode0-120":{"lg":{"min":46.739524841308594,"max":10000.0},"li":{"min":1.3105270862579346,"max":355.3582458496094},"lr":{"min":0.0,"max":5.108597278594971},"total":{"min":48.09973907470703,"max":10000.0}},"gwa-vestas-v120-mode0-150":{"lg":{"min":46.12486267089844,"max":7204.083984375},"li":{"min":1.2819361686706543,"max":220.9697265625},"lr":{"min":0.0,"max":3.4479610919952393},