{"worldpop": {"min": -3.4028234663852886e+38, "max": 23287.287109375}, "slope": {"min": 0.0, "max": 48.98197937011719}, "land-cover": {"min": 10.0, "max": 210.0}, "airports": {"min": 0.0, "max": 499996.5}, "ports": {"min": 0.0, "max": 443717.25}, "anchorages": {"min": 0.0, "max": 419810.96875}, "grid": {"min": 0.0, "max": 427594.71875}, "roads": {"min": 0.0, "max": 426594.9375}, "pp-whs": {"min": 0.0, "max": 548744.25}, "unep-coral": {"min": 0.0, "max": 426594.9375}, "unesco": {"min": 0.0, "max": 446175.125}, "unesco-ramsar": {"min": 65535.0, "max": 65535.0}, "wwf-glw-1": {"min": 0.0, "max": 500000.0}, "wwf-glw-2": {"min": 0.0, "max": 433593.40625}, "jrc-gsw": {"min": 0.0, "max": 255.0}, "pp-marine-protected": {"min": 0.0, "max": 1.0}, "unep-tidal": {"min": 0.0, "max": 1.0}, "wwf-glw-3": {"min": 1.0, "max": 255.0}, "gsa-pvout": {"min": 3.249114751815796, "max": 4.599969387054443}, "gsa-ghi": {"min": 3.9538354873657227, "max": 5.759969711303711}, "gsa-gti": {"min": 3.9805939197540283, "max": 5.830635070800781}, "gsa-temp": {"min": 14.542817115783691, "max": 28.100000381469727}, "gwa-iec1": {"min": 0.0017959482502192259, "max": 0.7424294948577881}, "gwa-iec2": {"min": 0.002656675409525633, "max": 0.7479652762413025}, "gwa-iec3": {"min": 0.0032080269884318113, "max": 0.7675533890724182}, "gwa-power-10": {"min": 0.7077273726463318, "max": 4250.697265625}, "gwa-speed-10": {"min": 0.5021236538887024, "max": 13.117968559265137}, "gwa-power-50": {"min": 1.8348687887191772, "max": 5071.9052734375}, "gwa-speed-50": {"min": 0.8317054510116577, "max": 14.400716781616211}, "gwa-power-100": {"min": 3.911416530609131, "max": 4339.2880859375}, "gwa-speed-100": {"min": 1.2453643083572388, "max": 14.248733520507812}, "gwa-power-150": {"min": 6.45339298248291, "max": 3824.74609375}, "gwa-speed-150": {"min": 1.5427992343902588, "max": 13.782039642333984}, "gwa-power-200": {"min": 9.295232772827148, "max": 3320.747314453125}, "gwa-speed-200": {"min": 1.743681788444519, "max": 13.498013496398926}, "gebco": {"min": -4517.0, "max": 2385.0}, "srtm90": {"min": -2.0, "max": 2442.0}, "waterbodies": {"min": 0.0, "max": 2.0}, "gwa-enercon-e44-50": {"min": 0.00021698916680179536, "max": 0.5979313254356384}, "gwa-enercon-e48-50": {"min": 0.00029653930687345564, "max": 0.6649192571640015}, "gwa-enercon-e53-50": {"min": 0.0007107617566362023, "max": 0.7027396559715271}, "gwa-offshore-dtu-10mw-119": {"min": 0.0007514051394537091, "max": 0.7320519685745239}, "gwa-offshore-iea-15mw-150": {"min": 0.0030817710794508457, "max": 0.7855817675590515}, "gwa-offshore-leanwind-8mw-110": {"min": 0.0007093412568792701, "max": 0.7395310401916504}, "gwa-vestas-v100-mode0-100": {"min": 0.001960037276148796, "max": 0.7735305428504944}, "gwa-vestas-v100-mode0-120": {"min": 0.002921597333624959, "max": 0.792383074760437}, "gwa-vestas-v100-mode0-150": {"min": 0.004487338941544294, "max": 0.8092814087867737}, "gwa-vestas-v100-mode0-80": {"min": 0.0011245959904044867, "max": 0.7522192001342773}, "gwa-vestas-v110-mode0-100": {"min": 0.002586031099781394, "max": 0.8083879351615906}, "gwa-vestas-v110-mode0-120": {"min": 0.0038578128442168236, "max": 0.8251365423202515}, "gwa-vestas-v110-mode0-150": {"min": 0.0058569456450641155, "max": 0.8395405411720276}, "gwa-vestas-v110-mode0-80": {"min": 0.001467416645027697, "max": 0.7842389345169067}, "gwa-vestas-v112-mode0-100": {"min": 0.0011810155119746923, "max": 0.7475186586380005}, "gwa-vestas-v112-mode0-120": {"min": 0.0017548365285620093, "max": 0.7610297799110413}, "gwa-vestas-v112-mode0-150": {"min": 0.002746447455137968, "max": 0.7723889350891113}, "gwa-vestas-v112-mode0-80": {"min": 0.0006732928450219333, "max": 0.7332175374031067}, "gwa-vestas-v120-mode0-100": {"min": 0.002742763375863433, "max": 0.8132551312446594}, "gwa-vestas-v120-mode0-120": {"min": 0.004098050761967897, "max": 0.8273288011550903}, "gwa-vestas-v120-mode0-150": {"min": 0.00623413547873497, "max": 0.8365281224250793}, "gwa-vestas-v120-mode0-80": {"min": 0.0015602101339027286, "max": 0.790908694267273}, "gwa-vestas-v126-mode0-100": {"min": 0.0017452635802328587, "max": 0.7527075409889221}, "gwa-vestas-v126-mode0-120": {"min": 0.0025872611440718174, "max": 0.7660900950431824}, "gwa-vestas-v126-mode0-150": {"min": 0.003975728526711464, "max": 0.7827672362327576}, "gwa-vestas-v126-mode0-80": {"min": 0.0009994946885854006, "max": 0.7391600012779236}, "gwa-vestas-v136-mode0-100": {"min": 0.002118760487064719, "max": 0.7767079472541809}, "gwa-vestas-v136-mode0-120": {"min": 0.003153035882860422, "max": 0.7955002188682556}, "gwa-vestas-v136-mode0-150": {"min": 0.004809266421943903, "max": 0.8126718401908875}, "gwa-vestas-v136-mode0-80": {"min": 0.0012100841850042343, "max": 0.762910008430481}, "air-density": {"min": 0.9244179129600525, "max": 1.153233528137207}}