{"worldpop": {"min": -3.4028234663852886e+38, "max": 2817.262451171875}, "slope": {"min": 0.16481579840183258, "max": 35.22230529785156}, "land-cover": {"min": 10.0, "max": 210.0}, "airports": {"min": 500.0, "max": 178998.59375}, "ports": {"min": 161400.125, "max": 381067.25}, "anchorages": {"min": 160822.890625, "max": 379829.21875}, "grid": {"min": 0.0, "max": 29832.869140625}, "roads": {"min": 0.0, "max": 32070.236328125}, "pp-whs": {"min": 0.0, "max": 198952.875}, "unep-coral": {"min": 65535.0, "max": 500000.0}, "unesco": {"min": 0.0, "max": 203354.375}, "unesco-ramsar": {"min": 0.0, "max": 202591.34375}, "wwf-glw-1": {"min": 17677.669921875, "max": 187096.234375}, "wwf-glw-2": {"min": 0.0, "max": 134399.59375}, "jrc-gsw": {"min": 0.0, "max": 1.0}, "pp-marine-protected": {"min": 0.0, "max": 0.0}, "unep-tidal": {"min": 0.0, "max": 0.0}, "wwf-glw-3": {"min": 3.0, "max": 255.0}, "gsa-pvout": {"min": 3.9506192207336426, "max": 5.404134750366211}, "gsa-ghi": {"min": 4.49306583404541, "max": 5.759979248046875}, "gsa-gti": {"min": 4.9452619552612305, "max": 6.578408718109131}, "gsa-temp": {"min": 2.4449613094329834, "max": 16.100000381469727}, "gwa-iec1": {"min": 0.02448449470102787, "max": 0.5745826363563538}, "gwa-iec2": {"min": 0.03183114901185036, "max": 0.5833021402359009}, "gwa-iec3": {"min": 0.037213120609521866, "max": 0.608268678188324}, "gwa-power-10": {"min": 5.593169689178467, "max": 4616.12158203125}, "gwa-speed-10": {"min": 0.9560742378234863, "max": 13.183424949645996}, "gwa-power-50": {"min": 16.449790954589844, "max": 3666.26708984375}, "gwa-speed-50": {"min": 1.7658655643463135, "max": 14.183752059936523}, "gwa-power-100": {"min": 25.626840591430664, "max": 3653.93505859375}, "gwa-speed-100": {"min": 2.376638889312744, "max": 14.68433952331543}, "gwa-power-150": {"min": 32.992210388183594, "max": 3670.33349609375}, "gwa-speed-150": {"min": 2.5968778133392334, "max": 15.063045501708984}, "gwa-power-200": {"min": 40.804344177246094, "max": 3708.022705078125}, "gwa-speed-200": {"min": 2.703620433807373, "max": 15.366436958312988}, "gebco": {"min": 1406.0, "max": 3422.0}, "srtm90": {"min": 1404.0, "max": 3426.0}, "waterbodies": {"min": 1.0, "max": 2.0}, "gwa-enercon-e44-50": {"min": 0.009370534680783749, "max": 0.43836143612861633}, "gwa-enercon-e48-50": {"min": 0.012144949287176132, "max": 0.49091967940330505}, "gwa-enercon-e53-50": {"min": 0.016559913754463196, "max": 0.5249778032302856}, "gwa-offshore-dtu-10mw-119": {"min": 0.021820826455950737, "max": 0.5549347996711731}, "gwa-offshore-iea-15mw-150": {"min": 0.03534461930394173, "max": 0.610424816608429}, "gwa-offshore-leanwind-8mw-110": {"min": 0.021718855947256088, "max": 0.5696659088134766}, "gwa-vestas-v100-mode0-100": {"min": 0.03826862573623657, "max": 0.6118569374084473}, "gwa-vestas-v100-mode0-120": {"min": 0.042547762393951416, "max": 0.6234805583953857}, "gwa-vestas-v100-mode0-150": {"min": 0.04799839109182358, "max": 0.6385757923126221}, "gwa-vestas-v100-mode0-80": {"min": 0.02945515513420105, "max": 0.5925788283348083}, "gwa-vestas-v110-mode0-100": {"min": 0.04691646248102188, "max": 0.6616697311401367}, "gwa-vestas-v110-mode0-120": {"min": 0.05192001536488533, "max": 0.6730388402938843}, "gwa-vestas-v110-mode0-150": {"min": 0.058044254779815674, "max": 0.6858410835266113}, "gwa-vestas-v110-mode0-80": {"min": 0.036156002432107925, "max": 0.6415479183197021}, "gwa-vestas-v112-mode0-100": {"min": 0.025682296603918076, "max": 0.5749924778938293}, "gwa-vestas-v112-mode0-120": {"min": 0.028714619576931, "max": 0.5875133872032166}, "gwa-vestas-v112-mode0-150": {"min": 0.03282471373677254, "max": 0.5991213917732239}, "gwa-vestas-v112-mode0-80": {"min": 0.01975001022219658, "max": 0.5567300319671631}, "gwa-vestas-v120-mode0-100": {"min": 0.049984194338321686, "max": 0.633072555065155}, "gwa-vestas-v120-mode0-120": {"min": 0.05532296746969223, "max": 0.6404373645782471}, "gwa-vestas-v120-mode0-150": {"min": 0.0617346465587616, "max": 0.6575413346290588}, "gwa-vestas-v120-mode0-80": {"min": 0.03848939388990402, "max": 0.6149662733078003}, "gwa-vestas-v126-mode0-100": {"min": 0.033752091228961945, "max": 0.5850785374641418}, "gwa-vestas-v126-mode0-120": {"min": 0.03750656172633171, "max": 0.5974903702735901}, "gwa-vestas-v126-mode0-150": {"min": 0.04240112006664276, "max": 0.6126858592033386}, "gwa-vestas-v126-mode0-80": {"min": 0.026000099256634712, "max": 0.5655313730239868}, "gwa-vestas-v136-mode0-100": {"min": 0.03975486755371094, "max": 0.616815447807312}, "gwa-vestas-v136-mode0-120": {"min": 0.044104669243097305, "max": 0.62895667552948}, "gwa-vestas-v136-mode0-150": {"min": 0.04958900436758995, "max": 0.6441022157669067}, "gwa-vestas-v136-mode0-80": {"min": 0.030629238113760948, "max": 0.5974109768867493}, "air-density": {"min": 0.8440954089164734, "max": 1.0270380973815918}, "lcoe": {"gwa-vestas-v100-mode0-120": {"lg": {"min": 59.74954605102539, "max": 820.93505859375}, "li": {"min": 1.7111350297927856, "max": 27.894014358520508}, "lr": {"min": 0.0, "max": 5.793865203857422}, "total": {"min": 62.066925048828125, "max": 845.7463989257812}}, "gwa-vestas-v110-mode0-120": {"lg": {"min": 55.644508361816406, "max": 673.4674682617188}, "li": {"min": 1.6003142595291138, "max": 22.792736053466797}, "lr": {"min": 0.0, "max": 4.734279155731201}, "total": {"min": 57.7293701171875, "max": 693.800048828125}}, "gwa-vestas-v112-mode0-120": {"lg": {"min": 63.16250228881836, "max": 1214.4901123046875}, "li": {"min": 1.815711259841919, "max": 41.485321044921875}, "lr": {"min": 0.0, "max": 8.616914749145508}, "total": {"min": 65.089111328125, "max": 1251.254150390625}}, "gwa-vestas-v112-mode0-100": {"lg": {"min": 64.45081329345703, "max": 1357.4132080078125}, "li": {"min": 1.8559473752975464, "max": 51.331241607666016}, "lr": {"min": 0.0, "max": 10.66201114654541}, "total": {"min": 66.41937255859375, "max": 1419.406494140625}}, "gwa-offshore-dtu-10mw-119": {"lg": {"min": 66.6357650756836, "max": 1596.9168701171875}, "li": {"min": 1.9307897090911865, "max": 55.12179183959961}, "lr": {"min": 0.0, "max": 11.449346542358398}, "total": {"min": 68.67546844482422, "max": 1645.2957763671875}}, "gwa-vestas-v126-mode0-150": {"lg": {"min": 60.731781005859375, "max": 823.7604370117188}, "li": {"min": 1.7507959604263306, "max": 24.496469497680664}, "lr": {"min": 0.0, "max": 5.074958801269531}, "total": {"min": 62.69087600708008, "max": 848.6575927734375}}, "gwa-vestas-v120-mode0-80": {"lg": {"min": 60.52140426635742, "max": 907.0736694335938}, "li": {"min": 1.7782666683197021, "max": 34.2510986328125}, "lr": {"min": 0.0, "max": 7.114295482635498}, "total": {"min": 62.80314254760742, "max": 948.4390869140625}}, "gsa-pvout": {"lg": {"min": 143.70048026146517, "max": 195.09921200748735}, "li": {"min": 4.1658091325062845, "max": 6.962778473389143}, "lr": {"min": 0.0, "max": 1.591137727796476}, "total": {"min": 148.36474504433417, "max": 202.23364111062867}}, "gwa-vestas-v126-mode0-80": {"lg": {"min": 65.46212768554688, "max": 1340.8702392578125}, "li": {"min": 1.8764252662658691, "max": 50.70380783081055}, "lr": {"min": 0.0, "max": 10.531688690185547}, "total": {"min": 67.67601013183594, "max": 1402.1058349609375}}, "gwa-offshore-leanwind-8mw-110": {"lg": {"min": 65.01603698730469, "max": 1604.3953857421875}, "li": {"min": 1.8744502067565918, "max": 57.766414642333984}, "lr": {"min": 0.0, "max": 11.998661041259766}, "total": {"min": 67.00299835205078, "max": 1657.220458984375}}, "gwa-vestas-v110-mode0-100": {"lg": {"min": 56.53188705444336, "max": 744.8649291992188}, "li": {"min": 1.632051706314087, "max": 28.098968505859375}, "lr": {"min": 0.0, "max": 5.8364362716674805}, "total": {"min": 58.65257263183594, "max": 778.80029296875}}, "gwa-vestas-v136-mode0-100": {"lg": {"min": 60.351959228515625, "max": 878.3272094726562}, "li": {"min": 1.7240419387817383, "max": 33.160823822021484}, "lr": {"min": 0.0, "max": 6.887834548950195}, "total": {"min": 62.504913330078125, "max": 918.3758544921875}},