{"worldpop":{"min":5.250064373016357,"max":4471.81689453125},"slope":{"min":0.16560819745063782,"max":10.046740531921387},"land-cover":{"min":10.131319046020508,"max":210.0},"airports":{"min":0.0,"max":50537.11328125},"ports":{"min":52801.515625,"max":122362.1640625},"anchorages":{"min":173241.171875,"max":242621.109375},"grid":{"min":0.0,"max":2692.582275390625},"roads":{"min":0.0,"max":11011.357421875},"pp-whs":{"min":145651.125,"max":217578.71875},"unep-coral":{"min":65535.0,"max":65535.0},"unesco":{"min":0.0,"max":49185.87109375},"unesco-ramsar":{"min":0.0,"max":68308.125},"wwf-glw-1":{"min":163101.953125,"max":226312.28125},"wwf-glw-2":{"min":0.0,"max":36224.9921875},"jrc-gsw":{"min":0.0,"max":1.0},"pp-marine-protected":{"min":0.0,"max":0.0},"unep-tidal":{"min":0.0,"max":0.0},"wwf-glw-3":{"min":1.0,"max":255.0},"gsa-pvout":{"min":2.6303045749664307,"max":3.0393972396850586},"gsa-ghi":{"min":2.8439877033233643,"max":3.1009624004364014},"gsa-gti":{"min":3.1437385082244873,"max":3.623296022415161},"gsa-temp":{"min":8.201835632324219,"max":10.600000381469727},"gwa-iec1":{"min":0.15121124684810638,"max":0.44075047969818115},"gwa-iec2":{"min":0.1824311912059784,"max":0.49398723244667053},"gwa-iec3":{"min":0.20543265342712402,"max":0.5310268998146057},"gwa-power-10":{"min":16.410900115966797,"max":304.83807373046875},"gwa-speed-10":{"min":1.8443018198013306,"max":5.478174209594727},"gwa-power-50":{"min":74.86277770996094,"max":396.2429504394531},"gwa-speed-50":{"min":3.269246816635132,"max":6.922215461730957},"gwa-power-100":{"min":143.09039306640625,"max":536.1050415039062},"gwa-speed-100":{"min":4.702887535095215,"max":8.076559066772461},"gwa-power-150":{"min":245.3483123779297,"max":737.3590698242188},"gwa-speed-150":{"min":5.9406819343566895,"max":9.117156982421875},"gwa-power-200":{"min":375.1922607421875,"max":948.9005737304688},"gwa-speed-200":{"min":6.890923500061035,"max":9.751635551452637},"gebco":{"min":142.0,"max":549.0},"srtm90":{"min":142.0,"max":549.0},"waterbodies":{"min":1.0,"max":2.0},"gwa-enercon-e44-50":{"min":0.04797535017132759,"max":0.2508116364479065},"gwa-enercon-e48-50":{"min":0.06142435967922211,"max":0.30554261803627014},"gwa-enercon-e53-50":{"min":0.07700991630554199,"max":0.3476937413215637},"gwa-offshore-dtu-10mw-119":{"min":0.15892665088176727,"max":0.44333600997924805},"gwa-offshore-iea-15mw-150":{"min":0.26031363010406494,"max":0.5522606372833252},"gwa-offshore-leanwind-8mw-110":{"min":0.1479184627532959,"max":0.43683645129203796},"gwa-vestas-v100-mode0-100":{"min":0.1965770423412323,"max":0.5295946598052979},"gwa-vestas-v100-mode0-120":{"min":0.24744468927383423,"max":0.5676950216293335},"gwa-vestas-v100-mode0-150":{"min":0.3164544403553009,"max":0.6134894490242004},"gwa-vestas-v100-mode0-80":{"min":0.14777494966983795,"max":0.4935971200466156},"gwa-vestas-v110-mode0-100":{"min":0.22589892148971558,"max":0.5709241628646851},"gwa-vestas-v110-mode0-120":{"min":0.2819020450115204,"max":0.6084986329078674},"gwa-vestas-v110-mode0-150":{"min":0.3553674519062042,"max":0.6521042585372925},"gwa-vestas-v110-mode0-80":{"min":0.170799121260643,"max":0.5345731377601624},"gwa-vestas-v112-mode0-100":{"min":0.14688798785209656,"max":0.44541582465171814},"gwa-vestas-v112-mode0-120":{"min":0.18749380111694336,"max":0.48315975069999695},"gwa-vestas-v112-mode0-150":{"min":0.24596692621707916,"max":0.5329960584640503},"gwa-vestas-v112-mode0-80":{"min":0.10953524708747864,"max":0.41161608695983887},"gwa-vestas-v120-mode0-100":{"min":0.23798051476478577,"max":0.583640992641449},"gwa-vestas-v120-mode0-120":{"min":0.2961171269416809,"max":0.6197249293327332},"gwa-vestas-v120-mode0-150":{"min":0.3711969554424286,"max":0.6591252088546753},"gwa-vestas-v120-mode0-80":{"min":0.18019339442253113,"max":0.5477473139762878},"gwa-vestas-v126-mode0-100":{"min":0.17795996367931366,"max":0.4986104965209961},"gwa-vestas-v126-mode0-120":{"min":0.2249610424041748,"max":0.5366941094398499},"gwa-vestas-v126-mode0-150":{"min":0.2901323437690735,"max":0.584053099155426},"gwa-vestas-v126-mode0-80":{"min":0.13350878655910492,"max":0.463329941034317},"gwa-vestas-v136-mode0-100":{"min":0.20098505914211273,"max":0.5349180102348328},"gwa-vestas-v136-mode0-120":{"min":0.25249800086021423,"max":0.5729570388793945},"gwa-vestas-v136-mode0-150":{"min":0.32198598980903625,"max":0.618800699710846},"gwa-vestas-v136-mode0-80":{"min":0.15132291615009308,"max":0.49895504117012024},"air-density":{"min":1.1666163206100464,"max":1.213231086730957},"lcoe":{"gwa-vestas-v100-mode0-120":{"lg":{"min":65.22787475585938,"max":144.4708251953125},"li":{"min":1.8137125968933105,"max":4.161074161529541},"lr":{"min":0.0,"max":0.4050092399120331},"total":{"min":67.04158782958984,"max":149.0369110107422}},"gwa-vestas-v110-mode0-120":{"lg":{"min":61.12216567993164,"max":127.30085754394531},"li":{"min":1.6920920610427856,"max":3.6524593830108643},"lr":{"min":0.0,"max":0.35550427436828613},"total":{"min":62.81425857543945,"max":131.30882263183594}},"gwa-vestas-v112-mode0-120":{"lg":{"min":75.94051361083984,"max":189.3861846923828},"li":{"min":2.1310460567474365,"max":5.49157190322876},"lr":{"min":0.0,"max":0.5345103740692139},"total":{"min":78.0715560913086,"max":195.4122772216797}},"gwa-vestas-v112-mode0-100":{"lg":{"min":82.03665924072266,"max":240.63446044921875},"li":{"min":2.3116281032562256,"max":7.009665489196777},"lr":{"min":0.0,"max":0.6822708249092102},"total":{"min":84.3482894897461,"max":248.32638549804688}},"gwa-offshore-dtu-10mw-119":{"lg":{"min":82.40274047851562,"max":222.70945739746094},"li":{"min":2.322472333908081,"max":6.47868537902832},"lr":{"min":0.0,"max":0.630588948726654},"total":{"min":84.72521209716797,"max":229.8187255859375}},"gwa-vestas-v126-mode0-150":{"lg":{"min":63.51301574707031,"max":123.80313110351562},"li":{"min":1.7629146575927734,"max":3.5488486289978027},"lr":{"min":0.0,"max":0.34541958570480347},"total":{"min":65.27593231201172,"max":127.69740295410156}},"gwa-vestas-v120-mode0-80":{"lg":{"min":67.45765686035156,"max":196.89697265625},"li":{"min":1.8859779834747314,"max":5.714058876037598},"lr":{"min":0.0,"max":0.5561656951904297},"total":{"min":69.36616516113281,"max":203.16720581054688}},"gsa-pvout":{"lg":{"min":252.39142780233024,"max":291.02387822652366},"li":{"min":7.358154621486549,"max":8.502318196285024},"lr":{"min":0.0,"max":0.9616241200038115},"total":{"min":259.79906237629956,"max":299.9608495672262}},"gwa-vestas-v126-mode0-80":{"lg":{"min":79.01945495605469,"max":264.3481140136719},"li":{"min":2.228593349456787,"max":7.712119102478027},"lr":{"min":0.0,"max":0.7506425976753235},"total":{"min":81.27568054199219,"max":272.8108825683594}},"gwa-offshore-leanwind-8mw-110":{"lg":{"min":83.56927490234375,"max":238.98594665527344},"li":{"min":2.357027769088745,"max":6.9608330726623535},"lr":{"min":0.0,"max":0.6775177121162415},"total":{"min":85.92630004882812,"max":246.62429809570312}},"gwa-vestas-v110-mode0-100":{"lg":{"min":64.88157653808594,"max":157.86863708496094},"li":{"min":1.8034545183181763,"max":4.557948589324951},"lr":{"min":0.0,"max":0.4436381161212921},"total":{"min":66.68502807617188,"max":162.87022399902344}},"gwa-vestas-v136-mode0-100":{"lg":{"min":68.97959899902344,"max":176.9420166015625},"li":{"min":1.9248476028442383,"max":5.122946739196777},"lr":{"min":0.0,"max":0.4986310303211212},"total":{"min":70.90444946289062,"max":182.56358337402344}},"gwa-vestas-v126-mode0-100":{"lg":{"min":73.71125030517578,"max":199.31787109375},"li":{"min":2.0650100708007812,"max":5.785771369934082},"lr":{"min":0.0,"max":0.563145637512207},"total":{"min":75.77626037597656,"max":205.66677856445312}},"gwa-vestas-v126-mode0-120":{"lg":{"min":68.76456451416016,"max":158.5101318359375},"li":{"min":1.9184776544570923,"max":4.576951026916504},"lr":{"min":0.0,"max":0.4454876780509949},"total":{"min":70.68304443359375,"max":163.53256225585938}},"gwa-vestas-v120-mode0-120":{"lg":{"min":60.087398529052734,"max":121.38179016113281},"li":{"min":1.6614397764205933,