{"worldpop":{"min":-3.4028234663852886e+38,"max":2209.63525390625},"slope":{"min":0.0,"max":3.923696517944336},"land-cover":{"min":10.0,"max":210.0},"airports":{"min":0.0,"max":170166.09375},"ports":{"min":0.0,"max":323987.625},"anchorages":{"min":0.0,"max":264129.6875},"grid":{"min":0.0,"max":14764.8232421875},"roads":{"min":0.0,"max":14508.6181640625},"pp-whs":{"min":247500.5,"max":470590.34375},"unep-coral":{"min":65535.0,"max":65535.0},"unesco":{"min":707.1067504882812,"max":200098.09375},"unesco-ramsar":{"min":0.0,"max":122258.953125},"wwf-glw-1":{"min":0.0,"max":236008.46875},"wwf-glw-2":{"min":0.0,"max":44127.65625},"jrc-gsw":{"min":0.0,"max":1.0},"pp-marine-protected":{"min":0.0,"max":1.0},"unep-tidal":{"min":0.0,"max":1.0},"wwf-glw-3":{"min":1.0,"max":255.0},"gsa-pvout":{"min":2.7389557361602783,"max":3.084235429763794},"gsa-ghi":{"min":2.670020818710327,"max":2.9679999351501465},"gsa-gti":{"min":3.221449375152588,"max":3.628999948501587},"gsa-temp":{"min":5.699999809265137,"max":8.199999809265137},"gwa-iec1":{"min":0.23546329140663147,"max":0.5350165367126465},"gwa-iec2":{"min":0.2886984944343567,"max":0.5892708897590637},"gwa-iec3":{"min":0.3288002610206604,"max":0.6263673901557922},"gwa-power-10":{"min":10.881150245666504,"max":387.61590576171875},"gwa-speed-10":{"min":1.9851016998291016,"max":6.776119709014893},"gwa-power-50":{"min":101.83740234375,"max":587.018798828125},"gwa-speed-50":{"min":4.473713397979736,"max":8.006669044494629},"gwa-power-100":{"min":194.74923706054688,"max":729.8213500976562},"gwa-speed-100":{"min":5.922079086303711,"max":8.924126625061035},"gwa-power-150":{"min":337.33258056640625,"max":934.4479370117188},"gwa-speed-150":{"min":7.123631000518799,"max":9.690521240234375},"gwa-power-200":{"min":484.0045471191406,"max":1116.7847900390625},"gwa-speed-200":{"min":7.833569526672363,"max":10.170845985412598},"gebco":{"min":-13.0,"max":273.0},"srtm90":{"min":-2.0,"max":276.0},"waterbodies":{"min":0.0,"max":2.0},"gwa-enercon-e44-50":{"min":0.07927800714969635,"max":0.3464338183403015},"gwa-enercon-e48-50":{"min":0.10373556613922119,"max":0.41281116008758545},"gwa-enercon-e53-50":{"min":0.13031449913978577,"max":0.4583524763584137},"gwa-offshore-dtu-10mw-119":{"min":0.24772213399410248,"max":0.5296689867973328},"gwa-offshore-iea-15mw-150":{"min":0.3901408016681671,"max":0.6120474338531494},"gwa-offshore-leanwind-8mw-110":{"min":0.23067305982112885,"max":0.5228488445281982},"gwa-vestas-v100-mode0-100":{"min":0.3181057870388031,"max":0.6178784370422363},"gwa-vestas-v100-mode0-120":{"min":0.38041138648986816,"max":0.641272783279419},"gwa-vestas-v100-mode0-150":{"min":0.4626893103122711,"max":0.6704909205436707},"gwa-vestas-v100-mode0-80":{"min":0.26451489329338074,"max":0.588676929473877},"gwa-vestas-v110-mode0-100":{"min":0.3638908863067627,"max":0.6561910510063171},"gwa-vestas-v110-mode0-120":{"min":0.42866894602775574,"max":0.6779721975326538},"gwa-vestas-v110-mode0-150":{"min":0.5112887024879456,"max":0.7110275030136108},"gwa-vestas-v110-mode0-80":{"min":0.30646777153015137,"max":0.6275722980499268},"gwa-vestas-v112-mode0-100":{"min":0.2349623143672943,"max":0.5383807420730591},"gwa-vestas-v112-mode0-120":{"min":0.28711408376693726,"max":0.5642358064651489},"gwa-vestas-v112-mode0-150":{"min":0.36890801787376404,"max":0.5923178195953369},"gwa-vestas-v112-mode0-80":{"min":0.1943863332271576,"max":0.5093536972999573},"gwa-vestas-v120-mode0-100":{"min":0.3830394744873047,"max":0.6636548638343811},"gwa-vestas-v120-mode0-120":{"min":0.44872230291366577,"max":0.6827023029327393},"gwa-vestas-v120-mode0-150":{"min":0.5309908390045166,"max":0.7226004004478455},"gwa-vestas-v120-mode0-80":{"min":0.3239833116531372,"max":0.6361532807350159},"gwa-vestas-v126-mode0-100":{"min":0.2881537079811096,"max":0.5899267792701721},"gwa-vestas-v126-mode0-120":{"min":0.3461781442165375,"max":0.6142194867134094},"gwa-vestas-v126-mode0-150":{"min":0.4288760721683502,"max":0.6400107145309448},"gwa-vestas-v126-mode0-80":{"min":0.23836326599121094,"max":0.5606817603111267},"gwa-vestas-v136-mode0-100":{"min":0.3252795934677124,"max":0.6244279742240906},"gwa-vestas-v136-mode0-120":{"min":0.38782158493995667,"max":0.6478182077407837},"gwa-vestas-v136-mode0-150":{"min":0.4699607789516449,"max":0.6765958070755005},"gwa-vestas-v136-mode0-80":{"min":0.2712360620498657,"max":0.5953047275543213},"air-density":{"min":1.2122089862823486,"max":1.2443047761917114},"lcoe":{"gwa-vestas-v100-mode0-120":{"lg":{"min":58.20276641845703,"max":95.37150573730469},"li":{"min":1.6287580728530884,"max":3.1216213703155518},"lr":{"min":0.0,"max":0.4044165015220642},"total":{"min":59.89641571044922,"max":98.35531616210938}},"gwa-vestas-v110-mode0-120":{"lg":{"min":55.26871109008789,"max":85.08533477783203},"li":{"min":1.5405915975570679,"max":2.749279022216797},"lr":{"min":0.0,"max":0.3587336838245392},"total":{"min":56.87068176269531,"max":87.73324584960938}},"gwa-vestas-v112-mode0-120":{"lg":{"min":65.60325622558594,"max":125.06253814697266},"li":{"min":1.8511378765106201,"max":4.129000186920166},"lr":{"min":0.0,"max":0.52806556224823},"total":{"min":67.52814483642578,"max":129.07293701171875}},"gwa-vestas-v112-mode0-100":{"lg":{"min":68.56167602539062,"max":151.933349609375},"li":{"min":1.940036416053772,"max":5.037471294403076},"lr":{"min":0.0,"max":0.6310577392578125},"total":{"min":70.5790023803711,"max":156.83389282226562}},"gwa-offshore-dtu-10mw-119":{"lg":{"min":69.62355041503906,"max":144.31349182128906},"li":{"min":1.9719454050064087,"max":4.774046897888184},"lr":{"min":0.0,"max":0.6059615612030029},"total":{"min":71.67406463623047,"max":148.9616241455078}},"gwa-vestas-v126-mode0-150":{"lg":{"min":58.30965042114258,"max":85.0461654663086},"li":{"min":1.635719656944275,"max":2.7413947582244873},"lr":{"min":0.0,"max":0.36672353744506836},"total":{"min":60.2016487121582,"max":87.7767562866211}},"gwa-vestas-v120-mode0-80":{"lg":{"min":58.63896942138672,"max":111.28565216064453},"li":{"min":1.6418657302856445,"max":3.5214476585388184},"lr":{"min":0.0,"max":0.44629743695259094},"total":{"min":60.346248626708984,"max":114.7891616821289}},"gsa-pvout":{"lg":{"min":248.78034742038201,"max":279.63797766305123},"li":{"min":7.255408640727758,"max":9.698623628684299},"lr":{"min":0.0,"max":1.3260368830539582},"total":{"min":256.1250196701052,"max":289.1545292689288}},"gwa-vestas-v126-mode0-80":{"lg":{"min":65.99374389648438,"max":149.8226318359375},"li":{"min":1.8628718852996826,"max":4.8586106300354},"lr":{"min":0.0,"max":0.6071715950965881},"total":{"min":67.93083190917969,"max":154.5845947265625}},"gwa-offshore-leanwind-8mw-110":{"lg":{"min":70.47955322265625,"max":154.68408203125},"li":{"min":1.997667670249939,"max":5.125034809112549},"lr":{"min":0.0,"max":0.644443154335022},"total":{"min":72.55680847167969,"max":159.67575073242188}},"gwa-vestas-v110-mode0-100":{"lg":{"min":56.970489501953125,"max":99.51972961425781},"li":{"min":1.5917290449142456,"max":3.2134175300598145},"lr":{"min":0.0,"max":0.4110472500324249},"total":{"min":58.625633239746094,"max":102.63900756835938}},"gwa-vestas-v136-mode0-100":{"lg":{"min":59.66496276855469,"max":110.85809326171875},"li":{"min":1.6726962327957153,"max":3.621899366378784},"lr":{"min":0.0,"max":0.4604724943637848},"total":{"min":61.404300689697266,"max":114.3476333618164}},"gwa-vestas-v126-mode0-100":{"lg":{"min":62.92046356201172,"max":124.62577056884766},"li":{"min":1.770521879196167,"max":4.116943836212158},"lr":{"min":0.0,"max":0.5201979875564575},"total":{"min":64.76152801513672,"max":128.6217041015625}},"gwa-vestas-v126-mode0-120":{"lg":{"min":60.59012985229492,"max":104.40714263916016},"li":{"min":1.700496792793274,"max":3.434173107147217},"lr":{"min":0.0,"max":0.4429052770137787},"total":{"min":62.358375549316406,"max":107.73330688476562}},"gwa-vestas-v120-mode0-120":{"lg":{"min":54.91349792480469,"max":81.46163177490234},"li":{"min":1.5224690437316895,"max":2.6177165508270264},"lr":{"min":0.0,"max":0.34291568398475647},