{"worldpop":{"min":-3.4028234663852886e+38,"max":2209.63525390625},"slope":{"min":0.0,"max":3.1078667640686035},"land-cover":{"min":10.0,"max":210.0},"airports":{"min":0.0,"max":148677.5},"ports":{"min":0.0,"max":137761.5625},"anchorages":{"min":0.0,"max":108794.53125},"grid":{"min":0.0,"max":111203.640625},"roads":{"min":0.0,"max":112219.6484375},"pp-whs":{"min":275358.84375,"max":454163.5},"unep-coral":{"min":65535.0,"max":65535.0},"unesco":{"min":0.0,"max":211935.140625},"unesco-ramsar":{"min":0.0,"max":135507.390625},"wwf-glw-1":{"min":135517.53125,"max":265647.3125},"wwf-glw-2":{"min":0.0,"max":129392.8046875},"jrc-gsw":{"min":0.0,"max":255.0},"pp-marine-protected":{"min":0.0,"max":1.0},"unep-tidal":{"min":0.0,"max":1.0},"wwf-glw-3":{"min":1.0,"max":255.0},"gsa-pvout":{"min":2.7730700969696045,"max":3.0969998836517334},"gsa-ghi":{"min":2.7270145416259766,"max":2.9679999351501465},"gsa-gti":{"min":3.26627254486084,"max":3.628999948501587},"gsa-temp":{"min":6.534332752227783,"max":8.699999809265137},"gwa-iec1":{"min":0.24123474955558777,"max":0.5835085511207581},"gwa-iec2":{"min":0.2935667932033539,"max":0.6324774026870728},"gwa-iec3":{"min":0.33254000544548035,"max":0.6661565899848938},"gwa-power-10":{"min":13.498108863830566,"max":498.2180480957031},"gwa-speed-10":{"min":2.223715305328369,"max":7.434340953826904},"gwa-power-50":{"min":106.2568359375,"max":758.5859985351562},"gwa-speed-50":{"min":4.650393486022949,"max":8.762839317321777},"gwa-power-100":{"min":203.00888061523438,"max":900.7506713867188},"gwa-speed-100":{"min":6.4731292724609375,"max":9.506502151489258},"gwa-power-150":{"min":348.0071716308594,"max":1030.6644287109375},"gwa-speed-150":{"min":7.1304426193237305,"max":9.945287704467773},"gwa-power-200":{"min":487.51007080078125,"max":1171.8719482421875},"gwa-speed-200":{"min":7.833569526672363,"max":10.275215148925781},"gebco":{"min":-249.0,"max":184.0},"srtm90":{"min":-2.0,"max":183.0},"waterbodies":{"min":0.0,"max":2.0},"gwa-enercon-e44-50":{"min":0.08334723114967346,"max":0.40369245409965515},"gwa-enercon-e48-50":{"min":0.10902085155248642,"max":0.4729856848716736},"gwa-enercon-e53-50":{"min":0.1373705118894577,"max":0.5181769132614136},"gwa-offshore-dtu-10mw-119":{"min":0.2545044422149658,"max":0.5608723759651184},"gwa-offshore-iea-15mw-150":{"min":0.39084896445274353,"max":0.6278718113899231},"gwa-offshore-leanwind-8mw-110":{"min":0.23803968727588654,"max":0.5588501691818237},"gwa-vestas-v100-mode0-100":{"min":0.3271862864494324,"max":0.6565852761268616},"gwa-vestas-v100-mode0-120":{"min":0.3842795193195343,"max":0.6678761839866638},"gwa-vestas-v100-mode0-150":{"min":0.4626893103122711,"max":0.6757864356040955},"gwa-vestas-v100-mode0-80":{"min":0.2796801030635834,"max":0.6363500356674194},"gwa-vestas-v110-mode0-100":{"min":0.37595754861831665,"max":0.693009078502655},"gwa-vestas-v110-mode0-120":{"min":0.4350124001502991,"max":0.7026263475418091},"gwa-vestas-v110-mode0-150":{"min":0.5112887024879456,"max":0.713000476360321},"gwa-vestas-v110-mode0-80":{"min":0.3248531222343445,"max":0.6735575199127197},"gwa-vestas-v112-mode0-100":{"min":0.2429477572441101,"max":0.5800194144248962},"gwa-vestas-v112-mode0-120":{"min":0.2928610146045685,"max":0.5941711664199829},"gwa-vestas-v112-mode0-150":{"min":0.36987659335136414,"max":0.6085162162780762},"gwa-vestas-v112-mode0-80":{"min":0.20418111979961395,"max":0.5623087882995605},"gwa-vestas-v120-mode0-100":{"min":0.39653506875038147,"max":0.6973337531089783},"gwa-vestas-v120-mode0-120":{"min":0.45627620816230774,"max":0.7040439248085022},"gwa-vestas-v120-mode0-150":{"min":0.5309908390045166,"max":0.7190920114517212},"gwa-vestas-v120-mode0-80":{"min":0.34389010071754456,"max":0.6792262196540833},"gwa-vestas-v126-mode0-100":{"min":0.295656681060791,"max":0.6295899152755737},"gwa-vestas-v126-mode0-120":{"min":0.35036933422088623,"max":0.6420290470123291},"gwa-vestas-v126-mode0-150":{"min":0.4289274215698242,"max":0.6514759063720703},"gwa-vestas-v126-mode0-80":{"min":0.251338928937912,"max":0.609586775302887},"gwa-vestas-v136-mode0-100":{"min":0.3347513675689697,"max":0.6630910634994507},"gwa-vestas-v136-mode0-120":{"min":0.39200106263160706,"max":0.6745131611824036},"gwa-vestas-v136-mode0-150":{"min":0.4699607789516449,"max":0.6822171211242676},"gwa-vestas-v136-mode0-80":{"min":0.2868320643901825,"max":0.6429368853569031},"air-density":{"min":1.2195801734924316,"max":1.24430513381958}}