{"worldpop":{"min":-3.4028234663852886e+38,"max":68832.6640625},"slope":{"min":0.0,"max":5.160994529724121},"land-cover":{"min":11.313191413879395,"max":210.0},"airports":{"min":4031.12890625,"max":13152.9462890625},"ports":{"min":0.0,"max":8381.52734375},"anchorages":{"min":0.0,"max":2000.0},"grid":{"min":0.0,"max":6264.982421875},"roads":{"min":0.0,"max":4743.41650390625},"pp-whs":{"min":312730.3125,"max":323670.34375},"unep-coral":{"min":85422.4765625,"max":89990.28125},"unesco":{"min":0.0,"max":9013.8779296875},"unesco-ramsar":{"min":363940.25,"max":368277.40625},"wwf-glw-1":{"min":195947.046875,"max":205364.296875},"wwf-glw-2":{"min":24020.82421875,"max":29347.060546875},"jrc-gsw":{"min":0.0,"max":1.0},"pp-marine-protected":{"min":0.0,"max":0.0},"unep-tidal":{"min":0.0,"max":0.0},"wwf-glw-3":{"min":255.0,"max":255.0},"gsa-pvout":{"min":3.32780385017395,"max":3.4367337226867676},"gsa-ghi":{"min":4.01129674911499,"max":4.136549949645996},"gsa-gti":{"min":4.149991035461426,"max":4.281708240509033},"gsa-temp":{"min":22.91119384765625,"max":23.399999618530273},"gwa-iec1":{"min":0.2266652137041092,"max":0.3979213237762451},"gwa-iec2":{"min":0.27730363607406616,"max":0.45530447363853455},"gwa-iec3":{"min":0.315652072429657,"max":0.49616333842277527},"gwa-power-10":{"min":18.374975204467773,"max":186.10073852539062},"gwa-speed-10":{"min":2.492504119873047,"max":5.515990257263184},"gwa-power-50":{"min":101.20973205566406,"max":335.0567321777344},"gwa-speed-50":{"min":4.66322660446167,"max":6.708926200866699},"gwa-power-100":{"min":189.6138153076172,"max":411.7412109375},"gwa-speed-100":{"min":5.9847917556762695,"max":7.584404945373535},"gwa-power-150":{"min":260.3855285644531,"max":466.4793701171875},"gwa-speed-150":{"min":6.741634845733643,"max":8.065394401550293},"gwa-power-200":{"min":328.80902099609375,"max":524.8180541992188},"gwa-speed-200":{"min":7.26242208480835,"max":8.370004653930664},"gebco":{"min":-6.0,"max":97.0},"srtm90":{"min":0.0,"max":112.0},"waterbodies":{"min":0.0,"max":1.0},"gwa-enercon-e44-50":{"min":0.07233864068984985,"max":0.27362605929374695},"gwa-enercon-e48-50":{"min":0.09470521658658981,"max":0.33367955684661865},"gwa-enercon-e53-50":{"min":0.12160812318325043,"max":0.3791297674179077},"gwa-offshore-dtu-10mw-119":{"min":0.2152325063943863,"max":0.41925448179244995},"gwa-offshore-iea-15mw-150":{"min":0.3179020583629608,"max":0.5047654509544373},"gwa-offshore-leanwind-8mw-110":{"min":0.21105751395225525,"max":0.42436107993125916},"gwa-vestas-v100-mode0-100":{"min":0.3038417100906372,"max":0.5382800698280334},"gwa-vestas-v100-mode0-120":{"min":0.3440181314945221,"max":0.5573967099189758},"gwa-vestas-v100-mode0-150":{"min":0.3970017433166504,"max":0.5798056125640869},"gwa-vestas-v100-mode0-80":{"min":0.2582866847515106,"max":0.516875684261322},"gwa-vestas-v110-mode0-100":{"min":0.35166823863983154,"max":0.5834671854972839},"gwa-vestas-v110-mode0-120":{"min":0.3947506844997406,"max":0.603219747543335},"gwa-vestas-v110-mode0-150":{"min":0.4497326910495758,"max":0.6254173517227173},"gwa-vestas-v110-mode0-80":{"min":0.3018946051597595,"max":0.5614169836044312},"gwa-vestas-v112-mode0-100":{"min":0.2212202399969101,"max":0.44522902369499207},"gwa-vestas-v112-mode0-120":{"min":0.2538297772407532,"max":0.4618578255176544},"gwa-vestas-v112-mode0-150":{"min":0.29926007986068726,"max":0.48328983783721924},"gwa-vestas-v112-mode0-80":{"min":0.18541228771209717,"max":0.4276962876319885},"gwa-vestas-v120-mode0-100":{"min":0.37193527817726135,"max":0.5999879837036133},"gwa-vestas-v120-mode0-120":{"min":0.41615238785743713,"max":0.620148241519928},"gwa-vestas-v120-mode0-150":{"min":0.4717683494091034,"max":0.6420659422874451},"gwa-vestas-v120-mode0-80":{"min":0.32041633129119873,"max":0.5785739421844482},"gwa-vestas-v126-mode0-100":{"min":0.2719270884990692,"max":0.5038467049598694},"gwa-vestas-v126-mode0-120":{"min":0.3092290461063385,"max":0.5220851302146912},"gwa-vestas-v126-mode0-150":{"min":0.3595528304576874,"max":0.5442252159118652},"gwa-vestas-v126-mode0-80":{"min":0.23011139035224915,"max":0.4838417172431946},"gwa-vestas-v136-mode0-100":{"min":0.31031712889671326,"max":0.5436316728591919},"gwa-vestas-v136-mode0-120":{"min":0.35066747665405273,"max":0.5627025961875916},"gwa-vestas-v136-mode0-150":{"min":0.4036194682121277,"max":0.5849753618240356},"gwa-vestas-v136-mode0-80":{"min":0.264413446187973,"max":0.5222394466400146},"air-density":{"min":1.1581926345825195,"max":1.1667205095291138},"lcoe":{"gwa-vestas-v100-mode0-120":{"lg":{"min":66.3591079711914,"max":105.03759002685547},"li":{"min":1.9663084745407104,"max":3.0145418643951416},"lr":{"min":0.0,"max":0.11338749527931213},"total":{"min":68.35880279541016,"max":108.05213165283203}},"gwa-vestas-v110-mode0-120":{"lg":{"min":61.62205123901367,"max":92.05243682861328},"li":{"min":1.8169394731521606,"max":2.6271190643310547},"lr":{"min":0.0,"max":0.10320795327425003},"total":{"min":63.46984100341797,"max":94.67955780029297}},"gwa-vestas-v112-mode0-120":{"lg":{"min":79.2585678100586,"max":140.93727111816406},"li":{"min":2.3730545043945312,"max":4.085639476776123},"lr":{"min":0.0,"max":0.14129237830638885},"total":{"min":81.67191314697266,"max":145.0229034423828}},"gwa-vestas-v112-mode0-100":{"lg":{"min":82.06939697265625,"max":161.1228790283203},"li":{"min":2.4616854190826416,"max":4.687008380889893},"lr":{"min":0.0,"max":0.1493714302778244},"total":{"min":84.57288360595703,"max":165.80381774902344}},"gwa-offshore-dtu-10mw-119":{"lg":{"min":86.90611267089844,"max":165.4940185546875},"li":{"min":2.614197015762329,"max":4.818310260772705},"lr":{"min":0.0,"max":0.15844205021858215},"total":{"min":89.564697265625,"max":170.3123321533203}},"gwa-vestas-v126-mode0-150":{"lg":{"min":67.86833190917969,"max":100.67219543457031},"li":{"min":2.01389741897583,"max":2.884296417236328},"lr":{"min":0.0,"max":0.11439621448516846},"total":{"min":69.91642761230469,"max":103.55648803710938}},"gwa-vestas-v120-mode0-80":{"lg":{"min":64.07661437988281,"max":112.47999572753906},"li":{"min":1.901647925376892,"max":3.222118854522705},"lr":{"min":0.0,"max":0.10932237654924393},"total":{"min":66.09957885742188,"max":115.7117919921875}},"gsa-pvout":{"lg":{"min":223.67376030332093,"max":230.86439886905285},"li":{"min":6.670093170715072,"max":7.137700388720563},"lr":{"min":0.0,"max":0.3549679688927707},"total":{"min":230.944848933032,"max":237.63309014455479}},"gwa-vestas-v126-mode0-80":{"lg":{"min":75.83911895751953,"max":155.0518798828125},"li":{"min":2.2652320861816406,"max":4.47719144821167},"lr":{"min":0.0,"max":0.1375740021467209},"total":{"min":78.14281463623047,"max":159.5519561767578}},"gwa-offshore-leanwind-8mw-110":{"lg":{"min":85.90845489501953,"max":168.68856811523438},"li":{"min":2.5827388763427734,"max":4.913622856140137},"lr":{"min":0.0,"max":0.15744146704673767},"total":{"min":88.53504943847656,"max":173.60218811035156}},"gwa-vestas-v110-mode0-100":{"lg":{"min":63.572776794433594,"max":102.8396224975586},"li":{"min":1.87844979763031,"max":2.9489638805389404},"lr":{"min":0.0,"max":0.10798197239637375},"total":{"min":65.48312377929688,"max":105.78858947753906}},"gwa-vestas-v136-mode0-100":{"lg":{"min":67.93806457519531,"max":116.01045227050781},"li":{"min":2.016096353530884,"max":3.341926336288452},"lr":{"min":0.0,"max":0.11761413514614105},"total":{"min":69.98839569091797,"max":119.35237884521484}},"gwa-vestas-v126-mode0-100":{"lg":{"min":72.98677062988281,"max":131.82382202148438},"li":{"min":2.1752920150756836,"max":3.8137316703796387},"lr":{"min":0.0,"max":0.1288776844739914},"total":{"min":75.1989974975586,"max":135.63755798339844}},"gwa-vestas-v126-mode0-120":{"lg":{"min":70.57679748535156,"max":116.40457153320312},"li":{"min":2.0993008613586426,"max":3.3536853790283203},"lr":{"min":0.0,"max":0.12243163585662842},"total":{"min":72.71174621582031,"max":119.75825500488281}},"gwa-vestas-v120-mode0-120":{"lg":{"min":60.049110412597656,"max":87.52410888671875},"li":{"min":1.7673413753509521,