{"worldpop": {"min": 58.39105224609375, "max": 1221.94189453125}, "slope": {"min": 0.06407687067985535, "max": 13.250927925109863}, "land-cover": {"min": 38.571502685546875, "max": 210.0}, "airports": {"min": 0.0, "max": 5590.169921875}, "ports": {"min": 4031.12890625, "max": 9708.244140625}, "anchorages": {"min": 0.0, "max": 3605.55126953125}, "grid": {"min": 0.0, "max": 1581.1387939453125}, "roads": {"min": 0.0, "max": 4000.0}, "pp-whs": {"min": 366044.40625, "max": 373647.21875}, "unep-coral": {"min": 1000.0, "max": 6800.7353515625}, "unesco": {"min": 88252.4765625, "max": 95720.9453125}, "unesco-ramsar": {"min": 65535.0, "max": 65535.0}, "wwf-glw-1": {"min": 65535.0, "max": 65535.0}, "wwf-glw-2": {"min": 0.0, "max": 4716.990234375}, "jrc-gsw": {"min": 0.0, "max": 1.0}, "pp-marine-protected": {"min": 0.0, "max": 1.0}, "unep-tidal": {"min": 0.0, "max": 1.0}, "wwf-glw-3": {"min": 1.0, "max": 255.0}, "gsa-pvout": {"min": 4.656531810760498, "max": 4.8557891845703125}, "gsa-ghi": {"min": 5.604318141937256, "max": 5.84481954574585}, "gsa-gti": {"min": 5.837807655334473, "max": 6.114027500152588}, "gsa-temp": {"min": 23.198442459106445, "max": 26.299999237060547}, "gwa-iec1": {"min": 0.1535091996192932, "max": 0.5577134490013123}, "gwa-iec2": {"min": 0.19458338618278503, "max": 0.6163763999938965}, "gwa-iec3": {"min": 0.22724172472953796, "max": 0.6549899578094482}, "gwa-power-10": {"min": 9.892355918884277, "max": 206.87611389160156}, "gwa-speed-10": {"min": 1.7474747896194458, "max": 5.1643171310424805}, "gwa-power-50": {"min": 51.84419250488281, "max": 446.7269592285156}, "gwa-speed-50": {"min": 3.8760125637054443, "max": 7.680135250091553}, "gwa-power-100": {"min": 126.24398040771484, "max": 663.2838134765625}, "gwa-speed-100": {"min": 5.402832984924316, "max": 9.294496536254883}, "gwa-power-150": {"min": 202.95513916015625, "max": 705.2235717773438}, "gwa-speed-150": {"min": 6.386025428771973, "max": 9.576310157775879}, "gwa-power-200": {"min": 278.8628845214844, "max": 703.2510986328125}, "gwa-speed-200": {"min": 7.102825164794922, "max": 9.632051467895508}, "gebco": {"min": -6.0, "max": 322.0}, "srtm90": {"min": 0.0, "max": 355.0}, "waterbodies": {"min": 0.0, "max": 1.0}, "gwa-enercon-e44-50": {"min": 0.03410099446773529, "max": 0.34330084919929504}, "gwa-enercon-e48-50": {"min": 0.04520895332098007, "max": 0.41556239128112793}, "gwa-enercon-e53-50": {"min": 0.0631769523024559, "max": 0.4676648676395416}, "gwa-offshore-dtu-10mw-119": {"min": 0.1438312977552414, "max": 0.5642130970954895}, "gwa-offshore-iea-15mw-150": {"min": 0.24880659580230713, "max": 0.6307114362716675}, "gwa-offshore-leanwind-8mw-110": {"min": 0.1360243409872055, "max": 0.574135959148407}, "gwa-vestas-v100-mode0-100": {"min": 0.20564912259578705, "max": 0.6842520236968994}, "gwa-vestas-v100-mode0-120": {"min": 0.25319263339042664, "max": 0.7002699375152588}, "gwa-vestas-v100-mode0-150": {"min": 0.32619965076446533, "max": 0.7028856873512268}, "gwa-vestas-v100-mode0-80": {"min": 0.16150350868701935, "max": 0.6485941410064697}, "gwa-vestas-v110-mode0-100": {"min": 0.2475033849477768, "max": 0.7256356477737427}, "gwa-vestas-v110-mode0-120": {"min": 0.3014678657054901, "max": 0.740777313709259}, "gwa-vestas-v110-mode0-150": {"min": 0.381156325340271, "max": 0.7432551383972168}, "gwa-vestas-v110-mode0-80": {"min": 0.19623583555221558, "max": 0.6900654435157776}, "gwa-vestas-v112-mode0-100": {"min": 0.14156574010849, "max": 0.5919085741043091}, "gwa-vestas-v112-mode0-120": {"min": 0.17653650045394897, "max": 0.6072428226470947}, "gwa-vestas-v112-mode0-150": {"min": 0.23291398584842682, "max": 0.6096189618110657}, "gwa-vestas-v112-mode0-80": {"min": 0.10984201729297638, "max": 0.5579327940940857}, "gwa-vestas-v120-mode0-100": {"min": 0.265622079372406, "max": 0.7366692423820496}, "gwa-vestas-v120-mode0-120": {"min": 0.3224039375782013, "max": 0.7510988712310791}, "gwa-vestas-v120-mode0-150": {"min": 0.4047238826751709, "max": 0.753807544708252}, "gwa-vestas-v120-mode0-80": {"min": 0.21106970310211182, "max": 0.7021712064743042}, "gwa-vestas-v126-mode0-100": {"min": 0.1806306093931198, "max": 0.6499520540237427}, "gwa-vestas-v126-mode0-120": {"min": 0.2230338454246521, "max": 0.666348397731781}, "gwa-vestas-v126-mode0-150": {"min": 0.28949669003486633, "max": 0.668876588344574}, "gwa-vestas-v126-mode0-80": {"min": 0.14159557223320007, "max": 0.6152660846710205}, "gwa-vestas-v136-mode0-100": {"min": 0.2119455188512802, "max": 0.6884357929229736}, "gwa-vestas-v136-mode0-120": {"min": 0.2601011395454407, "max": 0.7042881846427917}, "gwa-vestas-v136-mode0-150": {"min": 0.33343571424484253, "max": 0.706774890422821}, "gwa-vestas-v136-mode0-80": {"min": 0.1669563353061676, "max": 0.6531944870948792}, "air-density": {"min": 1.1224899291992188, "max": 1.1550580263137817}, "lcoe": {"gwa-vestas-v100-mode0-120": {"lg": {"min": 53.63623046875, "max": 141.28187561035156}, "li": {"min": 1.4887419939041138, "max": 4.108061790466309}, "lr": {"min": 0.0, "max": 0.1181977316737175}, "total": {"min": 55.139652252197266, "max": 145.3899383544922}}, "gwa-vestas-v110-mode0-120": {"lg": {"min": 50.92200469970703, "max": 119.29840087890625}, "li": {"min": 1.4079960584640503, "max": 3.4502220153808594}, "lr": {"min": 0.0, "max": 0.10357348620891571}, "total": {"min": 52.34321594238281, "max": 122.74862670898438}}, "gwa-vestas-v112-mode0-120": {"lg": {"min": 61.240299224853516, "max": 200.89276123046875}, "li": {"min": 1.711493730545044, "max": 5.891875267028809}, "lr": {"min": 0.0, "max": 0.15942925214767456}, "total": {"min": 62.97404098510742, "max": 206.78463745117188}}, "gwa-vestas-v112-mode0-100": {"lg": {"min": 62.72319030761719, "max": 249.5308837890625}, "li": {"min": 1.7520560026168823, "max": 7.347336292266846}, "lr": {"min": 0.0, "max": 0.17300748825073242}, "total": {"min": 64.48518371582031, "max": 256.87823486328125}}, "gwa-offshore-dtu-10mw-119": {"lg": {"min": 65.60572814941406, "max": 245.6634063720703}, "li": {"min": 1.8393080234527588, "max": 7.23160457611084}, "lr": {"min": 0.0, "max": 0.18642780184745789}, "total": {"min": 67.47168731689453, "max": 252.89500427246094}}, "gwa-vestas-v126-mode0-150": {"lg": {"min": 55.96588134765625, "max": 124.06616973876953}, "li": {"min": 1.5579527616500854, "max": 3.5928943157196045}, "lr": {"min": 0.0, "max": 0.11744242906570435}, "total": {"min": 57.53986740112305, "max": 127.65906524658203}}, "gwa-vestas-v120-mode0-80": {"lg": {"min": 53.5018310546875, "max": 168.67904663085938}, "li": {"min": 1.476928949356079, "max": 4.956799507141113}, "lr": {"min": 0.0, "max": 0.11182234436273575}, "total": {"min": 54.98714065551758, "max": 173.63584899902344}}, "gsa-pvout": {"lg": {"min": 159.4763173044629, "max": 166.1292950859352}, "li": {"min": 4.638767465199869, "max": 4.8800523867503784}, "lr": {"min": 0.0, "max": 0.21093293134144137}, "total": {"min": 164.22037886748004, "max": 171.07072739022652}}, "gwa-vestas-v126-mode0-80": {"lg": {"min": 60.493858337402344, "max": 249.47915649414062}, "li": {"min": 1.685542106628418, "max": 7.388862609863281}, "lr": {"min": 0.0, "max": 0.15156503021717072}, "total": {"min": 62.18896484375, "max": 256.8680114746094}}, "gwa-offshore-leanwind-8mw-110": {"lg": {"min": 64.54100036621094, "max": 259.53338623046875}, "li": {"min": 1.8062916994094849, "max": 7.646653652191162}, "lr": {"min": 0.0, "max": 0.18564845621585846}, "total": {"min": 66.3575439453125, "max": 267.1800537109375}}, "gwa-vestas-v110-mode0-100": {"lg": {"min": 51.901123046875, "max": 144.43751525878906}, "li": {"min": 1.4345506429672241, "max": 4.202491760253906}, "lr": {"min": 0.0, "max": 0.11088103801012039}, "total": {"min": 53.351993560791016, "max": 148.6400146484375}}, "gwa-vestas-v136-mode0-100": {"lg": {"min": 54.48947525024414, "max": 167.99856567382812}, "li": {"min": 1.5098916292190552, "max": 4.9075398445129395}, "lr": {"min": 0.0, "max": 0.12490299344062805}, "total": {"min": 56.018741607666016, "max": 172.90611267089844}},