{"worldpop": {"min": -3.4028234663852886e+38, "max": 1279.8289794921875}, "slope": {"min": 0.0, "max": 17.62134552001953}, "land-cover": {"min": 38.571502685546875, "max": 210.0}, "airports": {"min": 0.0, "max": 50331.40234375}, "ports": {"min": 500.0, "max": 55409.8359375}, "anchorages": {"min": 0.0, "max": 48283.01953125}, "grid": {"min": 0.0, "max": 48231.2109375}, "roads": {"min": 0.0, "max": 52576.1328125}, "pp-whs": {"min": 359018.8125, "max": 385054.875}, "unep-coral": {"min": 0.0, "max": 46981.37890625}, "unesco": {"min": 77346.6171875, "max": 105717.78125}, "unesco-ramsar": {"min": 65535.0, "max": 65535.0}, "wwf-glw-1": {"min": 65535.0, "max": 65535.0}, "wwf-glw-2": {"min": 0.0, "max": 49381.171875}, "jrc-gsw": {"min": 0.0, "max": 255.0}, "pp-marine-protected": {"min": 0.0, "max": 1.0}, "unep-tidal": {"min": 0.0, "max": 1.0}, "wwf-glw-3": {"min": 1.0, "max": 255.0}, "gsa-pvout": {"min": 4.656531810760498, "max": 4.997000217437744}, "gsa-ghi": {"min": 5.604318141937256, "max": 6.020999908447266}, "gsa-gti": {"min": 5.837807655334473, "max": 6.308000087738037}, "gsa-temp": {"min": 23.198442459106445, "max": 26.299999237060547}, "gwa-iec1": {"min": 0.1535091996192932, "max": 0.5577134490013123}, "gwa-iec2": {"min": 0.19458338618278503, "max": 0.6163763999938965}, "gwa-iec3": {"min": 0.22724172472953796, "max": 0.6549899578094482}, "gwa-power-10": {"min": 9.402799606323242, "max": 284.6730651855469}, "gwa-speed-10": {"min": 1.6796772480010986, "max": 6.079803466796875}, "gwa-power-50": {"min": 51.84419250488281, "max": 440.23052978515625}, "gwa-speed-50": {"min": 3.8760125637054443, "max": 7.898033618927002}, "gwa-power-100": {"min": 126.24398040771484, "max": 663.2838134765625}, "gwa-speed-100": {"min": 5.402832984924316, "max": 9.294496536254883}, "gwa-power-150": {"min": 202.95513916015625, "max": 705.2235717773438}, "gwa-speed-150": {"min": 6.386025428771973, "max": 9.576310157775879}, "gwa-power-200": {"min": 275.30194091796875, "max": 703.2510986328125}, "gwa-speed-200": {"min": 7.069413185119629, "max": 9.632051467895508}, "gebco": {"min": -1537.0, "max": 322.0}, "srtm90": {"min": 0.0, "max": 355.0}, "waterbodies": {"min": 0.0, "max": 2.0}, "gwa-enercon-e44-50": {"min": 0.03186749666929245, "max": 0.3522154688835144}, "gwa-enercon-e48-50": {"min": 0.04229823127388954, "max": 0.4220803678035736}, "gwa-enercon-e53-50": {"min": 0.05961716175079346, "max": 0.4725092649459839}, "gwa-offshore-dtu-10mw-119": {"min": 0.1438312977552414, "max": 0.5642130970954895}, "gwa-offshore-iea-15mw-150": {"min": 0.1864781230688095, "max": 0.6307114362716675}, "gwa-offshore-leanwind-8mw-110": {"min": 0.1353895217180252, "max": 0.5740481019020081}, "gwa-vestas-v100-mode0-100": {"min": 0.20250001549720764, "max": 0.6842520236968994}, "gwa-vestas-v100-mode0-120": {"min": 0.25319263339042664, "max": 0.7002699375152588}, "gwa-vestas-v100-mode0-150": {"min": 0.326172411441803, "max": 0.7028856873512268}, "gwa-vestas-v100-mode0-80": {"min": 0.15242494642734528, "max": 0.6454299688339233}, "gwa-vestas-v110-mode0-100": {"min": 0.24404887855052948, "max": 0.7256356477737427}, "gwa-vestas-v110-mode0-120": {"min": 0.3014678657054901, "max": 0.740777313709259}, "gwa-vestas-v110-mode0-150": {"min": 0.38106197118759155, "max": 0.7432551383972168}, "gwa-vestas-v110-mode0-80": {"min": 0.18569639325141907, "max": 0.6885001063346863}, "gwa-vestas-v112-mode0-100": {"min": 0.13917571306228638, "max": 0.5904520750045776}, "gwa-vestas-v112-mode0-120": {"min": 0.17653650045394897, "max": 0.6072428226470947}, "gwa-vestas-v112-mode0-150": {"min": 0.23291398584842682, "max": 0.6096189618110657}, "gwa-vestas-v112-mode0-80": {"min": 0.10331011563539505, "max": 0.5521457195281982}, "gwa-vestas-v120-mode0-100": {"min": 0.26204654574394226, "max": 0.7366692423820496}, "gwa-vestas-v120-mode0-120": {"min": 0.3224039375782013, "max": 0.7510988712310791}, "gwa-vestas-v120-mode0-150": {"min": 0.4046013653278351, "max": 0.753807544708252}, "gwa-vestas-v120-mode0-80": {"min": 0.1998620480298996, "max": 0.7021712064743042}, "gwa-vestas-v126-mode0-100": {"min": 0.17778928577899933, "max": 0.6499520540237427}, "gwa-vestas-v126-mode0-120": {"min": 0.2230338454246521, "max": 0.666348397731781}, "gwa-vestas-v126-mode0-150": {"min": 0.28949669003486633, "max": 0.668876588344574}, "gwa-vestas-v126-mode0-80": {"min": 0.1335715502500534, "max": 0.6104247570037842}, "gwa-vestas-v136-mode0-100": {"min": 0.20878326892852783, "max": 0.6884357929229736}, "gwa-vestas-v136-mode0-120": {"min": 0.2601011395454407, "max": 0.7042881846427917}, "gwa-vestas-v136-mode0-150": {"min": 0.3333946168422699, "max": 0.706774890422821}, "gwa-vestas-v136-mode0-80": {"min": 0.1577056497335434, "max": 0.6498907804489136}, "air-density": {"min": 1.1224899291992188, "max": 1.1551979780197144}}