{"worldpop": {"min": -3.4028234663852886e+38, "max": 55188.64453125}, "slope": {"min": 0.0, "max": 36.56987762451172}, "land-cover": {"min": 10.0, "max": 210.0}, "airports": {"min": 0.0, "max": 316839.46875}, "ports": {"min": 0.0, "max": 473681.59375}, "anchorages": {"min": 0.0, "max": 477123.125}, "grid": {"min": 0.0, "max": 78230.4296875}, "roads": {"min": 0.0, "max": 55706.8203125}, "pp-whs": {"min": 111789.9765625, "max": 831502.375}, "unep-coral": {"min": 65535.0, "max": 65535.0}, "unesco": {"min": 0.0, "max": 443806.28125}, "unesco-ramsar": {"min": 65535.0, "max": 500000.0}, "wwf-glw-1": {"min": 0.0, "max": 499986.5}, "wwf-glw-2": {"min": 0.0, "max": 287403.90625}, "jrc-gsw": {"min": 0.0, "max": 1.0}, "pp-marine-protected": {"min": 0.0, "max": 1.0}, "unep-tidal": {"min": 0.0, "max": 1.0}, "wwf-glw-3": {"min": 1.0, "max": 255.0}, "gsa-pvout": {"min": 3.784357786178589, "max": 5.6785664558410645}, "gsa-ghi": {"min": 4.287692070007324, "max": 6.206883430480957}, "gsa-gti": {"min": 4.679571628570557, "max": 7.014903545379639}, "gsa-temp": {"min": -0.3118149936199188, "max": 26.200000762939453}, "gwa-iec1": {"min": 0.015770137310028076, "max": 0.7356199026107788}, "gwa-iec2": {"min": 0.018605060875415802, "max": 0.7758000493049622}, "gwa-iec3": {"min": 0.020772021263837814, "max": 0.8016635775566101}, "gwa-power-10": {"min": 2.5292484760284424, "max": 8054.001953125}, "gwa-speed-10": {"min": 0.5692011117935181, "max": 14.045660972595215}, "gwa-power-50": {"min": 11.148014068603516, "max": 5536.5654296875}, "gwa-speed-50": {"min": 1.0258365869522095, "max": 14.811168670654297}, "gwa-power-100": {"min": 17.849180221557617, "max": 5518.73095703125}, "gwa-speed-100": {"min": 1.4171595573425293, "max": 15.411050796508789}, "gwa-power-150": {"min": 24.6910457611084, "max": 4849.07421875}, "gwa-speed-150": {"min": 1.6804639101028442, "max": 15.164642333984375}, "gwa-power-200": {"min": 32.57900619506836, "max": 4378.9375}, "gwa-speed-200": {"min": 1.8681628704071045, "max": 15.224791526794434}, "gebco": {"min": -347.0, "max": 3946.0}, "srtm90": {"min": -63.0, "max": 3994.0}, "waterbodies": {"min": 0.0, "max": 2.0}, "gwa-enercon-e44-50": {"min": 0.0053678578697144985, "max": 0.5450790524482727}, "gwa-enercon-e48-50": {"min": 0.006945190019905567, "max": 0.6055597066879272}, "gwa-enercon-e53-50": {"min": 0.009624644182622433, "max": 0.6445247530937195}, "gwa-offshore-dtu-10mw-119": {"min": 0.0152888810262084, "max": 0.7248623967170715}, "gwa-offshore-iea-15mw-150": {"min": 0.025910750031471252, "max": 0.7880913615226746}, "gwa-offshore-leanwind-8mw-110": {"min": 0.015031572431325912, "max": 0.726943850517273}, "gwa-vestas-v100-mode0-100": {"min": 0.024419069290161133, "max": 0.7954148650169373}, "gwa-vestas-v100-mode0-120": {"min": 0.028132686391472816, "max": 0.807659387588501}, "gwa-vestas-v100-mode0-150": {"min": 0.034138891845941544, "max": 0.815483033657074}, "gwa-vestas-v100-mode0-80": {"min": 0.019049692898988724, "max": 0.7682510018348694}, "gwa-vestas-v110-mode0-100": {"min": 0.02915300615131855, "max": 0.8230486512184143}, "gwa-vestas-v110-mode0-120": {"min": 0.03363191336393356, "max": 0.8339371085166931}, "gwa-vestas-v110-mode0-150": {"min": 0.040529392659664154, "max": 0.8421757817268372}, "gwa-vestas-v110-mode0-80": {"min": 0.022814318537712097, "max": 0.7990975379943848}, "gwa-vestas-v112-mode0-100": {"min": 0.01705295406281948, "max": 0.7367236614227295}, "gwa-vestas-v112-mode0-120": {"min": 0.019710293039679527, "max": 0.7568120956420898}, "gwa-vestas-v112-mode0-150": {"min": 0.02419034205377102, "max": 0.7724481225013733}, "gwa-vestas-v112-mode0-80": {"min": 0.013338166289031506, "max": 0.7033054828643799}, "gwa-vestas-v120-mode0-100": {"min": 0.030872618779540062, "max": 0.8157768845558167}, "gwa-vestas-v120-mode0-120": {"min": 0.03564799949526787, "max": 0.8240079879760742}, "gwa-vestas-v120-mode0-150": {"min": 0.0428929440677166, "max": 0.8313217163085938}, "gwa-vestas-v120-mode0-80": {"min": 0.024164296686649323, "max": 0.7903069257736206}, "gwa-vestas-v126-mode0-100": {"min": 0.021750403568148613, "max": 0.7741773128509521}, "gwa-vestas-v126-mode0-120": {"min": 0.025044240057468414, "max": 0.7889052033424377}, "gwa-vestas-v126-mode0-150": {"min": 0.03046996332705021, "max": 0.7962183952331543}, "gwa-vestas-v126-mode0-80": {"min": 0.016980594024062157, "max": 0.7447436451911926}, "gwa-vestas-v136-mode0-100": {"min": 0.025187373161315918, "max": 0.8012699484825134}, "gwa-vestas-v136-mode0-120": {"min": 0.029020370915532112, "max": 0.8142740726470947}, "gwa-vestas-v136-mode0-150": {"min": 0.03513926640152931, "max": 0.8215118050575256}, "gwa-vestas-v136-mode0-80": {"min": 0.019674286246299744, "max": 0.7738308310508728}, "air-density": {"min": 0.8040010929107666, "max": 1.1979094743728638}, "lcoe": {"gwa-vestas-v100-mode0-120": {"lg": {"min": 47.03641128540039, "max": 1239.529296875}, "li": {"min": 1.3498035669326782, "max": 38.267662048339844}, "lr": {"min": 0.0, "max": 3.9195454120635986}, "total": {"min": 48.73100662231445, "max": 1278.9803466796875}}, "gwa-vestas-v110-mode0-120": {"lg": {"min": 45.68031692504883, "max": 1037.5052490234375}, "li": {"min": 1.2898026704788208, "max": 32.12148666381836}, "lr": {"min": 0.0, "max": 3.3763768672943115}, "total": {"min": 47.25972366333008, "max": 1070.5054931640625}}, "gwa-vestas-v112-mode0-120": {"lg": {"min": 49.927860260009766, "max": 1767.482666015625}, "li": {"min": 1.430430293083191, "max": 54.61979293823242}, "lr": {"min": 0.0, "max": 5.299528121948242}, "total": {"min": 51.736305236816406, "max": 1823.7913818359375}}, "gwa-vestas-v112-mode0-100": {"lg": {"min": 51.18018341064453, "max": 2042.2838134765625}, "li": {"min": 1.4625287055969238, "max": 66.68689727783203}, "lr": {"min": 0.0, "max": 6.34286642074585}, "total": {"min": 53.037940979003906, "max": 2107.3671875}}, "gwa-offshore-dtu-10mw-119": {"lg": {"min": 51.95222473144531, "max": 2277.466552734375}, "li": {"min": 1.4931620359420776, "max": 70.41535949707031}, "lr": {"min": 0.0, "max": 6.511288166046143}, "total": {"min": 53.84038162231445, "max": 2350.059326171875}}, "gwa-vestas-v126-mode0-150": {"lg": {"min": 47.654808044433594, "max": 1144.7547607421875}, "li": {"min": 1.3595409393310547, "max": 35.33224105834961}, "lr": {"min": 0.0, "max": 3.7983174324035645}, "total": {"min": 49.277950286865234, "max": 1181.1795654296875}}, "gwa-vestas-v120-mode0-80": {"lg": {"min": 47.98134231567383, "max": 1442.4344482421875}, "li": {"min": 1.3764148950576782, "max": 47.38743209838867}, "lr": {"min": 0.0, "max": 4.787497520446777}, "total": {"min": 49.68401336669922, "max": 1492.5008544921875}}, "gsa-pvout": {"lg": {"min": 136.94908598758562, "max": 203.49493749801732}, "li": {"min": 4.030256085547926, "max": 8.888708373842606}, "lr": {"min": 0.0, "max": 2.6652269627588145}, "total": {"min": 141.7281698823324, "max": 210.14977488958988}}, "gwa-vestas-v126-mode0-80": {"lg": {"min": 50.672115325927734, "max": 2050.9697265625}, "li": {"min": 1.4579099416732788, "max": 67.43486785888672}, "lr": {"min": 0.0, "max": 6.674209117889404}, "total": {"min": 52.50986862182617, "max": 2122.216796875}}, "gwa-offshore-leanwind-8mw-110": {"lg": {"min": 51.814918518066406, "max": 2316.38330078125}, "li": {"min": 1.4839831590652466, "max": 71.89852142333984}, "lr": {"min": 0.0, "max": 6.786619663238525}, "total": {"min": 53.697669982910156, "max": 2390.218505859375}}, "gwa-vestas-v110-mode0-100": {"lg": {"min": 46.231719970703125, "max": 1196.287353515625}, "li": {"min": 1.3254032135009766, "max": 39.278419494628906}, "lr": {"min": 0.0, "max": 3.858863115310669}, "total": {"min": 47.894630432128906, "max": 1237.7862548828125}}, "gwa-vestas-v136-mode0-100": {"lg": {"min": 47.37958526611328, "max": 1384.0074462890625}, "li": {"min": 1.3598480224609375, "max": 45.462623596191406}, "lr": {"min": 0.0, "max": 4.4261932373046875}, "total": {"min": 49.08769226074219, "max": 1432.0401611328125}}, "gwa-vestas-v126-mode0-100": {"lg": {"min": 48.897666931152344,