{"worldpop": {"min": -3.4028234663852886e+38, "max": 52629.70703125}, "slope": {"min": 0.0, "max": 35.0789680480957}, "land-cover": {"min": 10.0, "max": 210.0}, "airports": {"min": 0.0, "max": 442462.4375}, "ports": {"min": 0.0, "max": 393855.3125}, "anchorages": {"min": 0.0, "max": 386803.5625}, "grid": {"min": 0.0, "max": 377310.5625}, "roads": {"min": 0.0, "max": 377200.875}, "pp-whs": {"min": 88550.8359375, "max": 753018.75}, "unep-coral": {"min": 65535.0, "max": 65535.0}, "unesco": {"min": 0.0, "max": 413202.4375}, "unesco-ramsar": {"min": 47565.7421875, "max": 500000.0}, "wwf-glw-1": {"min": 0.0, "max": 500000.0}, "wwf-glw-2": {"min": 0.0, "max": 482503.125}, "jrc-gsw": {"min": 0.0, "max": 255.0}, "pp-marine-protected": {"min": 0.0, "max": 1.0}, "unep-tidal": {"min": 0.0, "max": 1.0}, "wwf-glw-3": {"min": 1.0, "max": 255.0}, "gsa-pvout": {"min": 3.738595724105835, "max": 5.563281059265137}, "gsa-ghi": {"min": 4.2143235206604, "max": 5.956174850463867}, "gsa-gti": {"min": 4.645058631896973, "max": 6.761932849884033}, "gsa-temp": {"min": 0.21901902556419373, "max": 23.299999237060547}, "gwa-iec1": {"min": 0.01604655012488365, "max": 0.6825718879699707}, "gwa-iec2": {"min": 0.020650599151849747, "max": 0.7039420008659363}, "gwa-iec3": {"min": 0.023444680497050285, "max": 0.7291762232780457}, "gwa-power-10": {"min": 2.748584508895874, "max": 5290.2529296875}, "gwa-speed-10": {"min": 0.5917233824729919, "max": 11.426424026489258}, "gwa-power-50": {"min": 11.204888343811035, "max": 3791.914794921875}, "gwa-speed-50": {"min": 1.0929276943206787, "max": 11.830729484558105}, "gwa-power-100": {"min": 17.849180221557617, "max": 2918.506591796875}, "gwa-speed-100": {"min": 1.4505884647369385, "max": 12.138880729675293}, "gwa-power-150": {"min": 24.6910457611084, "max": 2633.8359375}, "gwa-speed-150": {"min": 1.6804639101028442, "max": 12.585081100463867}, "gwa-power-200": {"min": 32.57900619506836, "max": 2529.464111328125}, "gwa-speed-200": {"min": 1.868378758430481, "max": 13.128522872924805}, "gebco": {"min": -4600.0, "max": 3946.0}, "srtm90": {"min": -3.0, "max": 3994.0}, "waterbodies": {"min": 0.0, "max": 2.0}, "gwa-enercon-e44-50": {"min": 0.005352983251214027, "max": 0.5049173831939697}, "gwa-enercon-e48-50": {"min": 0.006900239270180464, "max": 0.571098804473877}, "gwa-enercon-e53-50": {"min": 0.009400341659784317, "max": 0.6116273403167725}, "gwa-offshore-dtu-10mw-119": {"min": 0.0152888810262084, "max": 0.6811521649360657}, "gwa-offshore-iea-15mw-150": {"min": 0.025910750031471252, "max": 0.7371476292610168}, "gwa-offshore-leanwind-8mw-110": {"min": 0.015031572431325912, "max": 0.6837990283966064}, "gwa-vestas-v100-mode0-100": {"min": 0.02289140783250332, "max": 0.7297841310501099}, "gwa-vestas-v100-mode0-120": {"min": 0.028132686391472816, "max": 0.7402189373970032}, "gwa-vestas-v100-mode0-150": {"min": 0.034138891845941544, "max": 0.7575362324714661}, "gwa-vestas-v100-mode0-80": {"min": 0.017561890184879303, "max": 0.7080934643745422}, "gwa-vestas-v110-mode0-100": {"min": 0.02729550562798977, "max": 0.7571389079093933}, "gwa-vestas-v110-mode0-120": {"min": 0.03363075479865074, "max": 0.7666054368019104}, "gwa-vestas-v110-mode0-150": {"min": 0.040529392659664154, "max": 0.7966417074203491}, "gwa-vestas-v110-mode0-80": {"min": 0.020971717312932014, "max": 0.7365499138832092}, "gwa-vestas-v112-mode0-100": {"min": 0.016136271879076958, "max": 0.6940447092056274}, "gwa-vestas-v112-mode0-120": {"min": 0.019710293039679527, "max": 0.7107637524604797}, "gwa-vestas-v112-mode0-150": {"min": 0.02419034205377102, "max": 0.7227444052696228}, "gwa-vestas-v112-mode0-80": {"min": 0.012356329709291458, "max": 0.6676855087280273}, "gwa-vestas-v120-mode0-100": {"min": 0.028887543827295303, "max": 0.7463527321815491}, "gwa-vestas-v120-mode0-120": {"min": 0.03555823862552643, "max": 0.7719966173171997}, "gwa-vestas-v120-mode0-150": {"min": 0.0428929440677166, "max": 0.8089290261268616}, "gwa-vestas-v120-mode0-80": {"min": 0.022200392559170723, "max": 0.712343156337738}, "gwa-vestas-v126-mode0-100": {"min": 0.020426472648978233, "max": 0.7134849429130554}, "gwa-vestas-v126-mode0-120": {"min": 0.025044240057468414, "max": 0.7256852984428406}, "gwa-vestas-v126-mode0-150": {"min": 0.03046996332705021, "max": 0.7299660444259644}, "gwa-vestas-v126-mode0-80": {"min": 0.015672508627176285, "max": 0.6903142929077148}, "gwa-vestas-v136-mode0-100": {"min": 0.023604949936270714, "max": 0.7392216920852661}, "gwa-vestas-v136-mode0-120": {"min": 0.029020370915532112, "max": 0.7503054738044739}, "gwa-vestas-v136-mode0-150": {"min": 0.03513926640152931, "max": 0.7620328664779663}, "gwa-vestas-v136-mode0-80": {"min": 0.018123988062143326, "max": 0.7171128988265991}, "air-density": {"min": 0.8040010929107666, "max": 1.198813796043396}}