{"worldpop": {"min": -3.4028234663852886e+38, "max": 41085.01171875}, "slope": {"min": 0.0, "max": 41.852027893066406}, "land-cover": {"min": 10.0, "max": 210.0}, "airports": {"min": 500.0, "max": 403226.03125}, "ports": {"min": 0.0, "max": 499999.25}, "anchorages": {"min": 0.0, "max": 499996.5}, "grid": {"min": 0.0, "max": 499999.25}, "roads": {"min": 0.0, "max": 499802.21875}, "pp-whs": {"min": 0.0, "max": 781706.1875}, "unep-coral": {"min": 500.0, "max": 499995.25}, "unesco": {"min": 500.0, "max": 499990.25}, "unesco-ramsar": {"min": 0.0, "max": 500000.0}, "wwf-glw-1": {"min": 0.0, "max": 419152.71875}, "wwf-glw-2": {"min": 0.0, "max": 275522.21875}, "jrc-gsw": {"min": 0.0, "max": 1.0}, "pp-marine-protected": {"min": 0.0, "max": 1.0}, "unep-tidal": {"min": 0.0, "max": 1.0}, "wwf-glw-3": {"min": 1.0, "max": 255.0}, "gsa-pvout": {"min": 3.1672070026397705, "max": 5.755642890930176}, "gsa-ghi": {"min": 3.8596572875976562, "max": 6.395840167999268}, "gsa-gti": {"min": 3.917282819747925, "max": 7.234522819519043}, "gsa-temp": {"min": -0.8593491315841675, "max": 30.299999237060547}, "gwa-iec1": {"min": 0.00045622148900292814, "max": 0.6630352735519409}, "gwa-iec2": {"min": 0.0006891636876389384, "max": 0.6774051189422607}, "gwa-iec3": {"min": 0.0008399899234063923, "max": 0.7061392068862915}, "gwa-power-10": {"min": 0.21773917973041534, "max": 4356.77099609375}, "gwa-speed-10": {"min": 0.24514630436897278, "max": 11.673280715942383}, "gwa-power-50": {"min": 0.5088418126106262, "max": 4122.40283203125}, "gwa-speed-50": {"min": 0.4302504062652588, "max": 13.833870887756348}, "gwa-power-100": {"min": 1.184479832649231, "max": 4267.6279296875}, "gwa-speed-100": {"min": 0.6520790457725525, "max": 14.749358177185059}, "gwa-power-150": {"min": 1.5104862451553345, "max": 4470.3251953125}, "gwa-speed-150": {"min": 0.7087523341178894, "max": 15.401996612548828}, "gwa-power-200": {"min": 1.980072259902954, "max": 4348.94775390625}, "gwa-speed-200": {"min": 0.783845067024231, "max": 15.736640930175781}, "gebco": {"min": -384.0, "max": 5232.0}, "srtm90": {"min": -20.0, "max": 4911.0}, "waterbodies": {"min": 0.0, "max": 2.0}, "gwa-enercon-e44-50": {"min": 1.844976213760674e-05, "max": 0.5435593724250793}, "gwa-enercon-e48-50": {"min": 2.5530589482514188e-05, "max": 0.5963970422744751}, "gwa-enercon-e53-50": {"min": 9.265441622119397e-05, "max": 0.6311895251274109}, "gwa-offshore-dtu-10mw-119": {"min": 6.92124740453437e-05, "max": 0.6526333093643188}, "gwa-offshore-iea-15mw-150": {"min": 0.0005313464789651334, "max": 0.7184983491897583}, "gwa-offshore-leanwind-8mw-110": {"min": 6.592263525817543e-05, "max": 0.6574865579605103}, "gwa-vestas-v100-mode0-100": {"min": 0.0003042813332285732, "max": 0.7023781538009644}, "gwa-vestas-v100-mode0-120": {"min": 0.00047941255616024137, "max": 0.721356213092804}, "gwa-vestas-v100-mode0-150": {"min": 0.0007991314050741494, "max": 0.7452667951583862}, "gwa-vestas-v100-mode0-80": {"min": 0.0001647507306188345, "max": 0.683280348777771}, "gwa-vestas-v110-mode0-100": {"min": 0.000416511669754982, "max": 0.7328940629959106}, "gwa-vestas-v110-mode0-120": {"min": 0.0006571651319973171, "max": 0.7508315443992615}, "gwa-vestas-v110-mode0-150": {"min": 0.0010913839796558022, "max": 0.7733504176139832}, "gwa-vestas-v110-mode0-80": {"min": 0.0002210368256783113, "max": 0.7149838805198669}, "gwa-vestas-v112-mode0-100": {"min": 0.00016956028412096202, "max": 0.6684650182723999}, "gwa-vestas-v112-mode0-120": {"min": 0.0002691207337193191, "max": 0.678097665309906}, "gwa-vestas-v112-mode0-150": {"min": 0.00045627454528585076, "max": 0.7026925086975098}, "gwa-vestas-v112-mode0-80": {"min": 9.157547901850194e-05, "max": 0.6594210863113403}, "gwa-vestas-v120-mode0-100": {"min": 0.00043698964873328805, "max": 0.7132934331893921}, "gwa-vestas-v120-mode0-120": {"min": 0.0006920655723661184, "max": 0.7270140647888184}, "gwa-vestas-v120-mode0-150": {"min": 0.001145699294283986, "max": 0.7471815347671509}, "gwa-vestas-v120-mode0-80": {"min": 0.00023374048760160804, "max": 0.7012683153152466}, "gwa-vestas-v126-mode0-100": {"min": 0.0002761210489552468, "max": 0.6811333894729614}, "gwa-vestas-v126-mode0-120": {"min": 0.00042624547495506704, "max": 0.7014705538749695}, "gwa-vestas-v126-mode0-150": {"min": 0.0007198148523457348, "max": 0.7274864912033081}, "gwa-vestas-v126-mode0-80": {"min": 0.00014964313595555723, "max": 0.6605408787727356}, "gwa-vestas-v136-mode0-100": {"min": 0.00034082261845469475, "max": 0.7097898721694946}, "gwa-vestas-v136-mode0-120": {"min": 0.0005349309649318457, "max": 0.7291709780693054}, "gwa-vestas-v136-mode0-150": {"min": 0.0008840971859171987, "max": 0.7537139654159546}, "gwa-vestas-v136-mode0-80": {"min": 0.00018480251310393214, "max": 0.690223753452301}, "air-density": {"min": 0.6882882118225098, "max": 1.2036398649215698}, "lcoe": {"gwa-vestas-v100-mode0-120": {"lg": {"min": 52.1852912902832, "max": 10000.0}, "li": {"min": 1.437648892402649, "max": 2442.229248046875}, "lr": {"min": 0.0, "max": 245.50741577148438}, "total": {"min": 53.76887893676758, "max": 10000.0}}, "gwa-vestas-v110-mode0-120": {"lg": {"min": 50.29368591308594, "max": 10000.0}, "li": {"min": 1.381211280822754, "max": 1781.645751953125}, "lr": {"min": 0.0, "max": 182.60609436035156}, "total": {"min": 51.81510543823242, "max": 10000.0}}, "gwa-vestas-v112-mode0-120": {"lg": {"min": 55.25922393798828, "max": 10000.0}, "li": {"min": 1.5431594848632812, "max": 4350.595703125}, "lr": {"min": 0.0, "max": 437.3477478027344}, "total": {"min": 57.04753875732422, "max": 10000.0}}, "gwa-vestas-v112-mode0-100": {"lg": {"min": 55.99787139892578, "max": 10000.0}, "li": {"min": 1.5986764430999756, "max": 6905.1279296875}, "lr": {"min": 0.0, "max": 694.14453125}, "total": {"min": 57.811954498291016, "max": 10000.0}}, "gwa-offshore-dtu-10mw-119": {"lg": {"min": 57.25925064086914, "max": 10000.0}, "li": {"min": 1.6235414743423462, "max": 10000.0}, "lr": {"min": 0.0, "max": 1700.551025390625}, "total": {"min": 59.0770378112793, "max": 10000.0}}, "gwa-vestas-v126-mode0-150": {"lg": {"min": 51.77925109863281, "max": 10000.0}, "li": {"min": 1.4255343675613403, "max": 1626.5787353515625}, "lr": {"min": 0.0, "max": 181.87393188476562}, "total": {"min": 53.349491119384766, "max": 10000.0}}, "gwa-vestas-v120-mode0-80": {"lg": {"min": 53.5655632019043, "max": 10000.0}, "li": {"min": 1.4788304567337036, "max": 5136.181640625}, "lr": {"min": 0.0, "max": 538.9790649414062}, "total": {"min": 55.194515228271484, "max": 10000.0}}, "gsa-pvout": {"lg": {"min": 135.16870423172188, "max": 242.3678172581068}, "li": {"min": 4.059944608646888, "max": 41.664503582102355}, "lr": {"min": 0.0, "max": 29.057253244361817}, "total": {"min": 141.92598574684843, "max": 249.95351264214872}}, "gwa-vestas-v126-mode0-80": {"lg": {"min": 56.62166213989258, "max": 10000.0}, "li": {"min": 1.570011854171753, "max": 8004.06494140625}, "lr": {"min": 0.0, "max": 839.9281616210938}, "total": {"min": 58.35104751586914, "max": 10000.0}}, "gwa-offshore-leanwind-8mw-110": {"lg": {"min": 56.86611557006836, "max": 10000.0}, "li": {"min": 1.622653603553772, "max": 10000.0}, "lr": {"min": 0.0, "max": 1785.416259765625}, "total": {"min": 58.71049118041992, "max": 10000.0}}, "gwa-vestas-v110-mode0-100": {"lg": {"min": 51.42671585083008, "max": 10000.0}, "li": {"min": 1.4150161743164062, "max": 2811.051025390625}, "lr": {"min": 0.0, "max": 282.58355712890625}, "total": {"min": 52.985374450683594, "max": 10000.0}}, "gwa-vestas-v136-mode0-100": {"lg": {"min": 52.970497131347656, "max": 10000.0}, "li": {"min": 1.4610761404037476, "max": 3435.322265625}, "lr": {"min": 0.0, "max": 345.3390197753906}, "total": {"min": 54.57988739013672, "max": 10000.0}}, "gwa-vestas-v126-mode0-100": {"lg": {"min": 55.030765533447266, "max": 10000.0}, "li": {"min": 1.5225460529327393, "max": 4240.2978515625}, "lr": {"min": 0.0, "max": 426.25994873046875}, "total": {"min": 56.70786666870117, "max": 10000.0}},