{"worldpop": {"min": -3.4028234663852886e+38, "max": 1972.5269775390625}, "slope": {"min": 0.0, "max": 35.046688079833984}, "land-cover": {"min": 10.0, "max": 210.0}, "airports": {"min": 0.0, "max": 114119.453125}, "ports": {"min": 87437.1171875, "max": 238365.78125}, "anchorages": {"min": 52810.984375, "max": 198389.140625}, "grid": {"min": 0.0, "max": 10012.4921875}, "roads": {"min": 0.0, "max": 14983.32421875}, "pp-whs": {"min": 0.0, "max": 138968.515625}, "unep-coral": {"min": 65535.0, "max": 65535.0}, "unesco": {"min": 2000.0, "max": 151494.21875}, "unesco-ramsar": {"min": 0.0, "max": 208462.21875}, "wwf-glw-1": {"min": 0.0, "max": 152777.625}, "wwf-glw-2": {"min": 0.0, "max": 71876.6328125}, "jrc-gsw": {"min": 0.0, "max": 1.0}, "pp-marine-protected": {"min": 0.0, "max": 0.0}, "unep-tidal": {"min": 0.0, "max": 0.0}, "wwf-glw-3": {"min": 1.0, "max": 255.0}, "gsa-pvout": {"min": 2.882415533065796, "max": 4.2131733894348145}, "gsa-ghi": {"min": 3.184725046157837, "max": 4.305492877960205}, "gsa-gti": {"min": 3.449232339859009, "max": 4.996107578277588}, "gsa-temp": {"min": 0.6701740026473999, "max": 15.769817352294922}, "gwa-iec1": {"min": 0.011591482907533646, "max": 0.5231530070304871}, "gwa-iec2": {"min": 0.01468148734420538, "max": 0.5549424290657043}, "gwa-iec3": {"min": 0.016904668882489204, "max": 0.5822352766990662}, "gwa-power-10": {"min": 2.105320453643799, "max": 2331.352783203125}, "gwa-speed-10": {"min": 0.5520025491714478, "max": 9.618614196777344}, "gwa-power-50": {"min": 8.47470760345459, "max": 1841.83349609375}, "gwa-speed-50": {"min": 0.9924779534339905, "max": 9.695441246032715}, "gwa-power-100": {"min": 15.883821487426758, "max": 1628.0101318359375}, "gwa-speed-100": {"min": 1.3499757051467896, "max": 10.128569602966309}, "gwa-power-150": {"min": 22.380765914916992, "max": 1645.0350341796875}, "gwa-speed-150": {"min": 1.5348753929138184, "max": 10.57597827911377}, "gwa-power-200": {"min": 30.902263641357422, "max": 1730.4443359375}, "gwa-speed-200": {"min": 1.7180581092834473, "max": 10.900733947753906}, "gebco": {"min": 45.0, "max": 2564.0}, "srtm90": {"min": 45.0, "max": 2598.0}, "waterbodies": {"min": 1.0, "max": 2.0}, "gwa-enercon-e44-50": {"min": 0.00466170534491539, "max": 0.36830630898475647}, "gwa-enercon-e48-50": {"min": 0.006069231778383255, "max": 0.42207229137420654}, "gwa-enercon-e53-50": {"min": 0.008606724441051483, "max": 0.4588625431060791}, "gwa-offshore-dtu-10mw-119": {"min": 0.011292134411633015, "max": 0.48737454414367676}, "gwa-offshore-iea-15mw-150": {"min": 0.021562691777944565, "max": 0.5517838597297668}, "gwa-offshore-leanwind-8mw-110": {"min": 0.01103218924254179, "max": 0.4918375611305237}, "gwa-vestas-v100-mode0-100": {"min": 0.01910189725458622, "max": 0.5653378963470459}, "gwa-vestas-v100-mode0-120": {"min": 0.022813329473137856, "max": 0.5793666839599609}, "gwa-vestas-v100-mode0-150": {"min": 0.028577784076333046, "max": 0.593183696269989}, "gwa-vestas-v100-mode0-80": {"min": 0.01537360344082117, "max": 0.5473616123199463}, "gwa-vestas-v110-mode0-100": {"min": 0.02329944260418415, "max": 0.5984597206115723}, "gwa-vestas-v110-mode0-120": {"min": 0.027739113196730614, "max": 0.6123709082603455}, "gwa-vestas-v110-mode0-150": {"min": 0.03325384482741356, "max": 0.6267162561416626}, "gwa-vestas-v110-mode0-80": {"min": 0.018567407503724098, "max": 0.5804138779640198}, "gwa-vestas-v112-mode0-100": {"min": 0.012965613976120949, "max": 0.5073958039283752}, "gwa-vestas-v112-mode0-120": {"min": 0.015559389255940914, "max": 0.5205464959144592}, "gwa-vestas-v112-mode0-150": {"min": 0.01999172940850258, "max": 0.535642683506012}, "gwa-vestas-v112-mode0-80": {"min": 0.010623710229992867, "max": 0.4929434359073639}, "gwa-vestas-v120-mode0-100": {"min": 0.02484867349267006, "max": 0.5938462018966675}, "gwa-vestas-v120-mode0-120": {"min": 0.029299255460500717, "max": 0.6085354089736938}, "gwa-vestas-v120-mode0-150": {"min": 0.03493475168943405, "max": 0.6212915778160095}, "gwa-vestas-v120-mode0-80": {"min": 0.01972932368516922, "max": 0.5753726363182068}, "gwa-vestas-v126-mode0-100": {"min": 0.01692131534218788, "max": 0.5423733592033386}, "gwa-vestas-v126-mode0-120": {"min": 0.02020871639251709, "max": 0.5561355948448181}, "gwa-vestas-v126-mode0-150": {"min": 0.025622505694627762, "max": 0.5703122615814209}, "gwa-vestas-v126-mode0-80": {"min": 0.0136799868196249, "max": 0.5252126455307007}, "gwa-vestas-v136-mode0-100": {"min": 0.01985093764960766, "max": 0.5721758008003235}, "gwa-vestas-v136-mode0-120": {"min": 0.023679912090301514, "max": 0.5861858129501343}, "gwa-vestas-v136-mode0-150": {"min": 0.029342031106352806, "max": 0.6001565456390381}, "gwa-vestas-v136-mode0-80": {"min": 0.015933984890580177, "max": 0.5543391108512878}, "air-density": {"min": 0.9437620043754578, "max": 1.2045819759368896}, "lcoe": {"gwa-vestas-v100-mode0-120": {"lg": {"min": 63.994407653808594, "max": 1527.6163330078125}, "li": {"min": 1.8777400255203247, "max": 45.86048126220703}, "lr": {"min": 0.0, "max": 2.9412169456481934}, "total": {"min": 65.91383361816406, "max": 1576.41796875}}, "gwa-vestas-v110-mode0-120": {"lg": {"min": 60.760963439941406, "max": 1257.0595703125}, "li": {"min": 1.7730979919433594, "max": 37.71678924560547}, "lr": {"min": 0.0, "max": 2.4189293384552}, "total": {"min": 62.5561408996582, "max": 1297.1953125}}, "gwa-vestas-v112-mode0-120": {"lg": {"min": 70.77359008789062, "max": 2237.94140625}, "li": {"min": 2.0955541133880615, "max": 67.2410888671875}, "lr": {"min": 0.0, "max": 4.312441349029541}, "total": {"min": 72.90990447998047, "max": 2309.4951171875}}, "gwa-vestas-v112-mode0-100": {"lg": {"min": 72.50422668457031, "max": 2684.842041015625}, "li": {"min": 2.0936596393585205, "max": 80.69268798828125}, "lr": {"min": 0.0, "max": 5.175146579742432}, "total": {"min": 74.69590759277344, "max": 2770.709716796875}}, "gwa-offshore-dtu-10mw-119": {"lg": {"min": 75.31837463378906, "max": 3082.139404296875}, "li": {"min": 2.238182783126831, "max": 92.65123748779297}, "lr": {"min": 0.0, "max": 5.942096710205078}, "total": {"min": 77.60009002685547, "max": 3180.732666015625}}, "gwa-vestas-v126-mode0-150": {"lg": {"min": 64.94688415527344, "max": 1360.5714111328125}, "li": {"min": 1.9069575071334839, "max": 40.83246994018555}, "lr": {"min": 0.0, "max": 2.6819565296173096}, "total": {"min": 66.89678955078125, "max": 1404.022705078125}}, "gwa-vestas-v120-mode0-80": {"lg": {"min": 64.41087341308594, "max": 1765.78173828125}, "li": {"min": 1.8526897430419922, "max": 54.315948486328125}, "lr": {"min": 0.0, "max": 3.8984439373016357}, "total": {"min": 66.3436279296875, "max": 1823.08056640625}}, "gsa-pvout": {"lg": {"min": 183.19039883737344, "max": 265.91928657171854}, "li": {"min": 5.436105574037691, "max": 8.27423732276113}, "lr": {"min": 0.0, "max": 1.0204148827384594}, "total": {"min": 188.87321471695878, "max": 275.12898828375853}}, "gwa-vestas-v126-mode0-80": {"lg": {"min": 70.18036651611328, "max": 2544.84765625}, "li": {"min": 2.0120463371276855, "max": 78.33464813232422}, "lr": {"min": 0.0, "max": 5.565950393676758}, "total": {"min": 72.29769897460938, "max": 2627.484375}}, "gwa-offshore-leanwind-8mw-110": {"lg": {"min": 74.67121887207031, "max": 3154.667724609375}, "li": {"min": 2.186399459838867, "max": 94.8343276977539}, "lr": {"min": 0.0, "max": 6.082106590270996}, "total": {"min": 76.93223571777344, "max": 3255.583984375}}, "gwa-vestas-v110-mode0-100": {"lg": {"min": 62.08036804199219, "max": 1495.828125}, "li": {"min": 1.775985836982727, "max": 44.90365982055664}, "lr": {"min": 0.0, "max": 2.879852294921875}, "total": {"min": 63.93855667114258, "max": 1543.6116943359375}}, "gwa-vestas-v136-mode0-100": {"lg": {"min": 64.74839782714844, "max": 1754.98828125}, "li": {"min": 1.860687255859375, "max": 52.70431900024414}, "lr": {"min": 0.0, "max": 3.3801400661468506}, "total": {"min": 66.69194793701172, "max": 1811.07275390625}}, "gwa-vestas-v126-mode0-100": {"lg": {"min": 68.08641052246094, "max": 2058.140625},