{"worldpop": {"min": -3.4028234663852886e+38, "max": 42338.38671875}, "slope": {"min": 0.0, "max": 22.064014434814453}, "land-cover": {"min": 10.0, "max": 210.0}, "airports": {"min": 500.0, "max": 499996.5}, "ports": {"min": 0.0, "max": 499996.5}, "anchorages": {"min": 65535.0, "max": 499993.25}, "grid": {"min": 0.0, "max": 500000.0}, "roads": {"min": 0.0, "max": 260547.484375}, "pp-whs": {"min": 0.0, "max": 1095664.375}, "unep-coral": {"min": 65535.0, "max": 65535.0}, "unesco": {"min": 0.0, "max": 500000.0}, "unesco-ramsar": {"min": 65535.0, "max": 500000.0}, "wwf-glw-1": {"min": 0.0, "max": 499996.5}, "wwf-glw-2": {"min": 0.0, "max": 499995.25}, "jrc-gsw": {"min": 0.0, "max": 1.0}, "pp-marine-protected": {"min": 0.0, "max": 0.0}, "unep-tidal": {"min": 0.0, "max": 0.0}, "wwf-glw-3": {"min": 1.0, "max": 255.0}, "gsa-pvout": {"min": 4.418413162231445, "max": 5.139517784118652}, "gsa-ghi": {"min": 5.607154369354248, "max": 6.339115142822266}, "gsa-gti": {"min": 5.765312194824219, "max": 6.7884674072265625}, "gsa-temp": {"min": 24.63573455810547, "max": 31.100000381469727}, "gwa-iec1": {"min": 0.016285590827465057, "max": 0.5384995937347412}, "gwa-iec2": {"min": 0.02178705297410488, "max": 0.5744385123252869}, "gwa-iec3": {"min": 0.02574583888053894, "max": 0.6062487363815308}, "gwa-power-10": {"min": 2.8379385471343994, "max": 1084.90673828125}, "gwa-speed-10": {"min": 0.9784299731254578, "max": 7.858348846435547}, "gwa-power-50": {"min": 11.975443840026855, "max": 980.1343994140625}, "gwa-speed-50": {"min": 1.6550565958023071, "max": 9.011550903320312}, "gwa-power-100": {"min": 17.773876190185547, "max": 1009.4300537109375}, "gwa-speed-100": {"min": 2.0644023418426514, "max": 9.945712089538574}, "gwa-power-150": {"min": 29.25527000427246, "max": 1245.032470703125}, "gwa-speed-150": {"min": 2.571399211883545, "max": 10.841192245483398}, "gwa-power-200": {"min": 44.46818923950195, "max": 1411.162353515625}, "gwa-speed-200": {"min": 3.0987985134124756, "max": 11.230026245117188}, "gebco": {"min": 25.0, "max": 972.0}, "srtm90": {"min": 23.0, "max": 898.0}, "waterbodies": {"min": 1.0, "max": 2.0}, "gwa-enercon-e44-50": {"min": 0.005892584566026926, "max": 0.39073437452316284}, "gwa-enercon-e48-50": {"min": 0.007924126461148262, "max": 0.4486578702926636}, "gwa-enercon-e53-50": {"min": 0.013243340887129307, "max": 0.4876214563846588}, "gwa-offshore-dtu-10mw-119": {"min": 0.013709843158721924, "max": 0.544675886631012}, "gwa-offshore-iea-15mw-150": {"min": 0.031969159841537476, "max": 0.6184449195861816}, "gwa-offshore-leanwind-8mw-110": {"min": 0.013138229958713055, "max": 0.5483418107032776}, "gwa-vestas-v100-mode0-100": {"min": 0.024105973541736603, "max": 0.613565981388092}, "gwa-vestas-v100-mode0-120": {"min": 0.03029775433242321, "max": 0.6349661946296692}, "gwa-vestas-v100-mode0-150": {"min": 0.044223371893167496, "max": 0.6529160737991333}, "gwa-vestas-v100-mode0-80": {"min": 0.02084280364215374, "max": 0.5872420072555542}, "gwa-vestas-v110-mode0-100": {"min": 0.029803015291690826, "max": 0.6494110822677612}, "gwa-vestas-v110-mode0-120": {"min": 0.03727089241147041, "max": 0.6727505922317505}, "gwa-vestas-v110-mode0-150": {"min": 0.05425756424665451, "max": 0.6888167858123779}, "gwa-vestas-v110-mode0-80": {"min": 0.025772815570235252, "max": 0.6236261129379272}, "gwa-vestas-v112-mode0-100": {"min": 0.01599307358264923, "max": 0.556196928024292}, "gwa-vestas-v112-mode0-120": {"min": 0.02024795114994049, "max": 0.5788795948028564}, "gwa-vestas-v112-mode0-150": {"min": 0.029418321326375008, "max": 0.6033793091773987}, "gwa-vestas-v112-mode0-80": {"min": 0.013827449642121792, "max": 0.5310910940170288}, "gwa-vestas-v120-mode0-100": {"min": 0.03186456114053726, "max": 0.6521920561790466}, "gwa-vestas-v120-mode0-120": {"min": 0.03984393924474716, "max": 0.6710336208343506}, "gwa-vestas-v120-mode0-150": {"min": 0.05792377144098282, "max": 0.6850059032440186}, "gwa-vestas-v120-mode0-80": {"min": 0.027551300823688507, "max": 0.6224162578582764}, "gwa-vestas-v126-mode0-100": {"min": 0.021249715238809586, "max": 0.5894399285316467}, "gwa-vestas-v126-mode0-120": {"min": 0.026706889271736145, "max": 0.6106432676315308}, "gwa-vestas-v126-mode0-150": {"min": 0.03889907896518707, "max": 0.6303408741950989}, "gwa-vestas-v126-mode0-80": {"min": 0.018382485955953598, "max": 0.5634793043136597}, "gwa-vestas-v136-mode0-100": {"min": 0.02514721266925335, "max": 0.6199482679367065}, "gwa-vestas-v136-mode0-120": {"min": 0.03154192864894867, "max": 0.6408481001853943}, "gwa-vestas-v136-mode0-150": {"min": 0.046039141714572906, "max": 0.6594812273979187}, "gwa-vestas-v136-mode0-80": {"min": 0.021750247105956078, "max": 0.5936513543128967}, "air-density": {"min": 1.0455148220062256, "max": 1.1456656455993652}, "lcoe": {"gwa-vestas-v100-mode0-120": {"lg": {"min": 58.741127014160156, "max": 1151.2388916015625}, "li": {"min": 1.656623125076294, "max": 43.90171813964844}, "lr": {"min": 0.0, "max": 6.8865065574646}, "total": {"min": 60.41628646850586, "max": 1200.0550537109375}}, "gwa-vestas-v110-mode0-120": {"lg": {"min": 55.6666374206543, "max": 936.5979614257812}, "li": {"min": 1.5635802745819092, "max": 35.21534729003906}, "lr": {"min": 0.0, "max": 5.697116374969482}, "total": {"min": 57.247711181640625, "max": 976.2809448242188}}, "gwa-vestas-v112-mode0-120": {"lg": {"min": 64.04488372802734, "max": 1720.6556396484375}, "li": {"min": 1.8820401430130005, "max": 67.06452178955078}, "lr": {"min": 0.0, "max": 10.373705863952637}, "total": {"min": 65.97772979736328, "max": 1793.7010498046875}}, "gwa-vestas-v112-mode0-100": {"lg": {"min": 66.49362182617188, "max": 2177.363525390625}, "li": {"min": 1.9639936685562134, "max": 83.07047271728516}, "lr": {"min": 0.0, "max": 12.710314750671387}, "total": {"min": 68.50529479980469, "max": 2269.84228515625}}, "gwa-offshore-dtu-10mw-119": {"lg": {"min": 67.81549072265625, "max": 2539.314208984375}, "li": {"min": 2.0029921531677246, "max": 100.12552642822266}, "lr": {"min": 0.0, "max": 14.885602951049805}, "total": {"min": 69.86971282958984, "max": 2647.9384765625}}, "gwa-vestas-v126-mode0-150": {"lg": {"min": 59.14280319213867, "max": 897.5624389648438}, "li": {"min": 1.675965428352356, "max": 35.288883209228516}, "lr": {"min": 0.0, "max": 5.860719203948975}, "total": {"min": 60.91785430908203, "max": 935.8466796875}}, "gwa-vestas-v120-mode0-80": {"lg": {"min": 59.844879150390625, "max": 1265.601318359375}, "li": {"min": 1.6900259256362915, "max": 46.66613006591797}, "lr": {"min": 0.0, "max": 7.231754779815674}, "total": {"min": 61.55381393432617, "max": 1319.2838134765625}}, "gsa-pvout": {"lg": {"min": 150.89320121757237, "max": 174.86682306607855}, "li": {"min": 4.50678912611533, "max": 37.460109503149326}, "lr": {"min": 0.0, "max": 13.459461160981151}, "total": {"min": 156.04058114213552, "max": 201.8058594991037}}, "gwa-vestas-v126-mode0-80": {"lg": {"min": 65.68595886230469, "max": 1894.8626708984375}, "li": {"min": 1.9119505882263184, "max": 71.19203186035156}, "lr": {"min": 0.0, "max": 10.886746406555176}, "total": {"min": 67.671630859375, "max": 1975.32080078125}}, "gwa-offshore-leanwind-8mw-110": {"lg": {"min": 67.38885498046875, "max": 2649.61962890625}, "li": {"min": 1.9883463382720947, "max": 104.48175048828125}, "lr": {"min": 0.0, "max": 15.495879173278809}, "total": {"min": 69.4293441772461, "max": 2762.9697265625}}, "gwa-vestas-v110-mode0-100": {"lg": {"min": 57.52350616455078, "max": 1170.2833251953125}, "li": {"min": 1.619774580001831, "max": 43.1342658996582}, "lr": {"min": 0.0, "max": 6.769373893737793}, "total": {"min": 59.16140365600586, "max": 1219.9097900390625}}, "gwa-vestas-v136-mode0-100": {"lg": {"min": 60.06719207763672, "max": 1386.211181640625}, "li": {"min": 1.711137056350708, "max": 51.5532112121582}, "lr": {"min": 0.0, "max": 8.039432525634766}, "total": {"min": 61.87199783325195, "max": 1445.025634765625}}, "gwa-vestas-v126-mode0-100": {"lg": {"min": 62.969120025634766, "max": 1639.728271484375},