{"worldpop": {"min": 35.226566314697266, "max": 6339.23828125}, "slope": {"min": 0.2403346449136734, "max": 19.13272476196289}, "land-cover": {"min": 10.0, "max": 210.0}, "airports": {"min": 0.0, "max": 42026.7734375}, "ports": {"min": 0.0, "max": 36280.16015625}, "anchorages": {"min": 0.0, "max": 10124.228515625}, "grid": {"min": 0.0, "max": 2500.0}, "roads": {"min": 0.0, "max": 7382.41162109375}, "pp-whs": {"min": 178040.71875, "max": 199060.28125}, "unep-coral": {"min": 65535.0, "max": 65535.0}, "unesco": {"min": 0.0, "max": 16770.509765625}, "unesco-ramsar": {"min": 65535.0, "max": 65535.0}, "wwf-glw-1": {"min": 442518.375, "max": 483717.375}, "wwf-glw-2": {"min": 92521.625, "max": 106071.90625}, "jrc-gsw": {"min": 0.0, "max": 1.0}, "pp-marine-protected": {"min": 0.0, "max": 1.0}, "unep-tidal": {"min": 0.0, "max": 0.0}, "wwf-glw-3": {"min": 255.0, "max": 255.0}, "gsa-pvout": {"min": 4.476099014282227, "max": 4.630722999572754}, "gsa-ghi": {"min": 4.9404215812683105, "max": 5.055202960968018}, "gsa-gti": {"min": 5.493178844451904, "max": 5.6857194900512695}, "gsa-temp": {"min": 18.299999237060547, "max": 19.399999618530273}, "gwa-iec1": {"min": 0.22409166395664215, "max": 0.38096746802330017}, "gwa-iec2": {"min": 0.2631346881389618, "max": 0.42233267426490784}, "gwa-iec3": {"min": 0.29126307368278503, "max": 0.45256659388542175}, "gwa-power-10": {"min": 28.30912208557129, "max": 339.56353759765625}, "gwa-speed-10": {"min": 2.312018632888794, "max": 5.440231800079346}, "gwa-power-50": {"min": 134.59646606445312, "max": 496.3292236328125}, "gwa-speed-50": {"min": 4.305140972137451, "max": 6.697289943695068}, "gwa-power-100": {"min": 223.10391235351562, "max": 574.6631469726562}, "gwa-speed-100": {"min": 5.509030342102051, "max": 7.4417643547058105}, "gwa-power-150": {"min": 323.1421203613281, "max": 662.047607421875}, "gwa-speed-150": {"min": 6.314303398132324, "max": 7.935094356536865}, "gwa-power-200": {"min": 437.6916809082031, "max": 755.5450439453125}, "gwa-speed-200": {"min": 6.905645847320557, "max": 8.262042999267578}, "gebco": {"min": -89.0, "max": 235.0}, "srtm90": {"min": 8.0, "max": 235.0}, "waterbodies": {"min": 0.0, "max": 1.0}, "gwa-enercon-e44-50": {"min": 0.0921800434589386, "max": 0.24918130040168762}, "gwa-enercon-e48-50": {"min": 0.11654363572597504, "max": 0.2951260507106781}, "gwa-enercon-e53-50": {"min": 0.14089561998844147, "max": 0.3300502300262451}, "gwa-offshore-dtu-10mw-119": {"min": 0.21847525238990784, "max": 0.36711034178733826}, "gwa-offshore-iea-15mw-150": {"min": 0.30344441533088684, "max": 0.43150219321250916}, "gwa-offshore-leanwind-8mw-110": {"min": 0.21304160356521606, "max": 0.3695193827152252}, "gwa-vestas-v100-mode0-100": {"min": 0.2820899486541748, "max": 0.4495236873626709}, "gwa-vestas-v100-mode0-120": {"min": 0.3148046135902405, "max": 0.46402278542518616}, "gwa-vestas-v100-mode0-150": {"min": 0.3577745258808136, "max": 0.4805157780647278}, "gwa-vestas-v100-mode0-80": {"min": 0.2476511150598526, "max": 0.4292569160461426}, "gwa-vestas-v110-mode0-100": {"min": 0.3163400888442993, "max": 0.48401737213134766}, "gwa-vestas-v110-mode0-120": {"min": 0.35072723031044006, "max": 0.49881091713905334}, "gwa-vestas-v110-mode0-150": {"min": 0.394472599029541, "max": 0.5152482986450195}, "gwa-vestas-v110-mode0-80": {"min": 0.27917197346687317, "max": 0.4627809524536133}, "gwa-vestas-v112-mode0-100": {"min": 0.22041800618171692, "max": 0.384736031293869}, "gwa-vestas-v112-mode0-120": {"min": 0.24896764755249023, "max": 0.3989456593990326}, "gwa-vestas-v112-mode0-150": {"min": 0.28893426060676575, "max": 0.4160490334033966}, "gwa-vestas-v112-mode0-80": {"min": 0.19184638559818268, "max": 0.3669598400592804}, "gwa-vestas-v120-mode0-100": {"min": 0.32984504103660583, "max": 0.49000006914138794}, "gwa-vestas-v120-mode0-120": {"min": 0.3646107316017151, "max": 0.5049856901168823}, "gwa-vestas-v120-mode0-150": {"min": 0.4077090620994568, "max": 0.518950343132019}, "gwa-vestas-v120-mode0-80": {"min": 0.2916591763496399, "max": 0.4679916501045227}, "gwa-vestas-v126-mode0-100": {"min": 0.2590577006340027, "max": 0.42517194151878357}, "gwa-vestas-v126-mode0-120": {"min": 0.29025009274482727, "max": 0.4395151138305664}, "gwa-vestas-v126-mode0-150": {"min": 0.3321944773197174, "max": 0.45609599351882935}, "gwa-vestas-v126-mode0-80": {"min": 0.22680509090423584, "max": 0.4057807922363281}, "gwa-vestas-v136-mode0-100": {"min": 0.28695857524871826, "max": 0.45505082607269287}, "gwa-vestas-v136-mode0-120": {"min": 0.3198446035385132, "max": 0.46963679790496826}, "gwa-vestas-v136-mode0-150": {"min": 0.3629014194011688, "max": 0.4862523674964905}, "gwa-vestas-v136-mode0-80": {"min": 0.25221145153045654, "max": 0.4347364604473114}, "air-density": {"min": 1.1650737524032593, "max": 1.1900198459625244}, "lcoe": {"gwa-vestas-v100-mode0-120": {"lg": {"min": 78.90744018554688, "max": 114.41375732421875}, "li": {"min": 2.237618923187256, "max": 3.279407262802124}, "lr": {"min": 0.0, "max": 0.2104315608739853}, "total": {"min": 81.2386703491211, "max": 117.70316314697266}}, "gwa-vestas-v110-mode0-120": {"lg": {"min": 73.68323516845703, "max": 103.10482025146484}, "li": {"min": 2.076892137527466, "max": 2.944448709487915}, "lr": {"min": 0.0, "max": 0.19387505948543549}, "total": {"min": 75.8414306640625, "max": 106.05731201171875}}, "gwa-vestas-v112-mode0-120": {"lg": {"min": 91.12655639648438, "max": 143.61154174804688}, "li": {"min": 2.6071999073028564, "max": 4.144151210784912}, "lr": {"min": 0.0, "max": 0.25132063031196594}, "total": {"min": 93.83806610107422, "max": 147.7707977294922}}, "gwa-vestas-v112-mode0-100": {"lg": {"min": 94.34442901611328, "max": 161.6947479248047}, "li": {"min": 2.7034924030303955, "max": 4.6738176345825195}, "lr": {"min": 0.0, "max": 0.2642737030982971}, "total": {"min": 97.15608215332031, "max": 166.39273071289062}}, "gwa-offshore-dtu-10mw-119": {"lg": {"min": 98.68204498291016, "max": 163.0970001220703}, "li": {"min": 2.8332924842834473, "max": 4.720685958862305}, "lr": {"min": 0.0, "max": 0.27649950981140137}, "total": {"min": 101.6286849975586, "max": 167.83676147460938}}, "gwa-vestas-v126-mode0-150": {"lg": {"min": 80.20930480957031, "max": 108.63377380371094}, "li": {"min": 2.266096353530884, "max": 3.1051502227783203}, "lr": {"min": 0.0, "max": 0.21322926878929138}, "total": {"min": 82.56962585449219, "max": 111.75098419189453}}, "gwa-vestas-v120-mode0-80": {"lg": {"min": 78.27218627929688, "max": 123.17594146728516}, "li": {"min": 2.2200465202331543, "max": 3.5302698612213135}, "lr": {"min": 0.0, "max": 0.20859746634960175}, "total": {"min": 80.58364868164062, "max": 126.72639465332031}}, "gsa-pvout": {"lg": {"min": 167.03290438523058, "max": 172.66477207383582}, "li": {"min": 4.83018565864407, "max": 5.115323645829796}, "lr": {"min": 0.0, "max": 0.4174327607703958}, "total": {"min": 172.05327471966456, "max": 177.95971266235085}}, "gwa-vestas-v126-mode0-80": {"lg": {"min": 89.6589584350586, "max": 157.25387573242188}, "li": {"min": 2.5632832050323486, "max": 4.539738178253174}, "lr": {"min": 0.0, "max": 0.2487742155790329}, "total": {"min": 92.32479095458984, "max": 161.81954956054688}}, "gwa-offshore-leanwind-8mw-110": {"lg": {"min": 98.06478881835938, "max": 167.15480041503906}, "li": {"min": 2.814821481704712, "max": 4.840044975280762}, "lr": {"min": 0.0, "max": 0.2761891782283783}, "total": {"min": 100.99222564697266, "max": 172.01544189453125}}, "gwa-vestas-v110-mode0-100": {"lg": {"min": 75.81304931640625, "max": 113.87781524658203}, "li": {"min": 2.148953914642334, "max": 3.260885238647461}, "lr": {"min": 0.0, "max": 0.20190082490444183}, "total": {"min": 78.04798126220703, "max": 117.15125274658203}}, "gwa-vestas-v136-mode0-100": {"lg": {"min": 80.38435363769531, "max": 125.12813568115234}, "li": {"min": 2.2857470512390137, "max": 3.593413829803467}, "lr": {"min": 0.0, "max": 0.21695224940776825}, "total": {"min": 82.76154327392578, "max": 128.7367401123047}},