{"worldpop":{"min":-3.4028234663852886e+38,"max":6339.23828125},"slope":{"min":0.0,"max":46.48151397705078},"land-cover":{"min":10.0,"max":210.0},"airports":{"min":0.0,"max":295325.25},"ports":{"min":0.0,"max":294649.34375},"anchorages":{"min":0.0,"max":260604.09375},"grid":{"min":0.0,"max":282214.90625},"roads":{"min":0.0,"max":283403.0},"pp-whs":{"min":139299.140625,"max":361400.0625},"unep-coral":{"min":65535.0,"max":65535.0},"unesco":{"min":0.0,"max":296298.8125},"unesco-ramsar":{"min":65535.0,"max":500000.0},"wwf-glw-1":{"min":65535.0,"max":500000.0},"wwf-glw-2":{"min":49396.35546875,"max":291551.875},"jrc-gsw":{"min":0.0,"max":255.0},"pp-marine-protected":{"min":0.0,"max":1.0},"unep-tidal":{"min":0.0,"max":0.0},"wwf-glw-3":{"min":255.0,"max":255.0},"gsa-pvout":{"min":4.476099014282227,"max":4.630722999572754},"gsa-ghi":{"min":4.9404215812683105,"max":5.063000202178955},"gsa-gti":{"min":5.493178844451904,"max":5.6857194900512695},"gsa-temp":{"min":18.299999237060547,"max":20.200000762939453},"gwa-iec1":{"min":0.22409166395664215,"max":0.38096746802330017},"gwa-iec2":{"min":0.2631346881389618,"max":0.42233267426490784},"gwa-iec3":{"min":0.29126307368278503,"max":0.45256659388542175},"gwa-power-10":{"min":28.30912208557129,"max":425.8945617675781},"gwa-speed-10":{"min":2.312018632888794,"max":5.555427551269531},"gwa-power-50":{"min":134.59646606445312,"max":540.5546875},"gwa-speed-50":{"min":4.305140972137451,"max":6.697289943695068},"gwa-power-100":{"min":223.10391235351562,"max":574.6631469726562},"gwa-speed-100":{"min":6.059942245483398,"max":7.367367744445801},"gwa-power-150":{"min":323.1421203613281,"max":662.047607421875},"gwa-speed-150":{"min":6.314303398132324,"max":7.935094356536865},"gwa-power-200":{"min":437.6916809082031,"max":755.5450439453125},"gwa-speed-200":{"min":6.905645847320557,"max":8.262042999267578},"gebco":{"min":-3955.0,"max":235.0},"srtm90":{"min":7.0,"max":235.0},"waterbodies":{"min":0.0,"max":1.0},"gwa-enercon-e44-50":{"min":0.0921800434589386,"max":0.25888264179229736},"gwa-enercon-e48-50":{"min":0.11654363572597504,"max":0.3037533760070801},"gwa-enercon-e53-50":{"min":0.14089561998844147,"max":0.3374532163143158},"gwa-offshore-dtu-10mw-119":{"min":0.21847525238990784,"max":0.36711034178733826},"gwa-offshore-iea-15mw-150":{"min":0.30344441533088684,"max":0.43150219321250916},"gwa-offshore-leanwind-8mw-110":{"min":0.21304160356521606,"max":0.3695193827152252},"gwa-vestas-v100-mode0-100":{"min":0.2820899486541748,"max":0.4495236873626709},"gwa-vestas-v100-mode0-120":{"min":0.3148046135902405,"max":0.46402278542518616},"gwa-vestas-v100-mode0-150":{"min":0.3577745258808136,"max":0.4805157780647278},"gwa-vestas-v100-mode0-80":{"min":0.2476511150598526,"max":0.4292569160461426},"gwa-vestas-v110-mode0-100":{"min":0.3163400888442993,"max":0.48401737213134766},"gwa-vestas-v110-mode0-120":{"min":0.35072723031044006,"max":0.49881091713905334},"gwa-vestas-v110-mode0-150":{"min":0.394472599029541,"max":0.5152482986450195},"gwa-vestas-v110-mode0-80":{"min":0.27917197346687317,"max":0.4627809524536133},"gwa-vestas-v112-mode0-100":{"min":0.22041800618171692,"max":0.384736031293869},"gwa-vestas-v112-mode0-120":{"min":0.24896764755249023,"max":0.3989456593990326},"gwa-vestas-v112-mode0-150":{"min":0.28893426060676575,"max":0.4160490334033966},"gwa-vestas-v112-mode0-80":{"min":0.19184638559818268,"max":0.3669598400592804},"gwa-vestas-v120-mode0-100":{"min":0.32984504103660583,"max":0.49000006914138794},"gwa-vestas-v120-mode0-120":{"min":0.3646107316017151,"max":0.5049856901168823},"gwa-vestas-v120-mode0-150":{"min":0.4077090620994568,"max":0.518950343132019},"gwa-vestas-v120-mode0-80":{"min":0.2916591763496399,"max":0.4679916501045227},"gwa-vestas-v126-mode0-100":{"min":0.2590577006340027,"max":0.42517194151878357},"gwa-vestas-v126-mode0-120":{"min":0.29025009274482727,"max":0.4395151138305664},"gwa-vestas-v126-mode0-150":{"min":0.3321944773197174,"max":0.45609599351882935},"gwa-vestas-v126-mode0-80":{"min":0.22680509090423584,"max":0.4057807922363281},"gwa-vestas-v136-mode0-100":{"min":0.28695857524871826,"max":0.45505082607269287},"gwa-vestas-v136-mode0-120":{"min":0.3198446035385132,"max":0.46963679790496826},"gwa-vestas-v136-mode0-150":{"min":0.3629014194011688,"max":0.4862523674964905},"gwa-vestas-v136-mode0-80":{"min":0.25221145153045654,"max":0.4347364604473114},"air-density":{"min":1.1650737524032593,"max":1.1910065412521362}}