{"worldpop":{"min":-3.4028234663852886e+38,"max":33808.328125},"slope":{"min":0.0,"max":38.67527770996094},"land-cover":{"min":10.0,"max":220.0},"airports":{"min":500.0,"max":392817.0625},"ports":{"min":0.0,"max":499996.5},"anchorages":{"min":0.0,"max":499999.25},"grid":{"min":0.0,"max":82129.46875},"roads":{"min":0.0,"max":76843.9921875},"pp-whs":{"min":0.0,"max":637865.625},"unep-coral":{"min":0.0,"max":499990.5},"unesco":{"min":707.1067504882812,"max":499996.5},"unesco-ramsar":{"min":0.0,"max":500000.0},"wwf-glw-1":{"min":0.0,"max":377388.71875},"wwf-glw-2":{"min":0.0,"max":169718.15625},"jrc-gsw":{"min":0.0,"max":1.0},"pp-marine-protected":{"min":0.0,"max":1.0},"unep-tidal":{"min":0.0,"max":1.0},"wwf-glw-3":{"min":1.0,"max":255.0},"gsa-pvout":{"min":2.1078341007232666,"max":4.503194808959961},"gsa-ghi":{"min":2.6199729442596436,"max":5.343995094299316},"gsa-gti":{"min":2.5298686027526855,"max":5.797450542449951},"gsa-temp":{"min":-7.158463478088379,"max":29.039676666259766},"gwa-iec1":{"min":6.109277455834672e-05,"max":0.5057570338249207},"gwa-iec2":{"min":0.00011490438191685826,"max":0.540951132774353},"gwa-iec3":{"min":0.00014543415454681963,"max":0.5679406523704529},"gwa-power-10":{"min":0.03807494416832924,"max":17422.619140625},"gwa-speed-10":{"min":0.14701946079730988,"max":9.89804458618164},"gwa-power-50":{"min":0.29016703367233276,"max":1916.490234375},"gwa-speed-50":{"min":0.34189373254776,"max":10.923310279846191},"gwa-power-100":{"min":0.4900231957435608,"max":1769.34375},"gwa-speed-100":{"min":0.3841521739959717,"max":11.555588722229004},"gwa-power-150":{"min":0.4806641936302185,"max":1740.2088623046875},"gwa-speed-150":{"min":0.39777010679244995,"max":12.327896118164062},"gwa-power-200":{"min":0.4525570869445801,"max":1674.7706298828125},"gwa-speed-200":{"min":0.41785934567451477,"max":13.052377700805664},"gebco":{"min":-196.0,"max":5504.0},"srtm90":{"min":-20.0,"max":5340.0},"waterbodies":{"min":0.0,"max":2.0},"gwa-enercon-e44-50":{"min":6.48389777779812e-06,"max":0.39032915234565735},"gwa-enercon-e48-50":{"min":8.905931281333324e-06,"max":0.44278857111930847},"gwa-enercon-e53-50":{"min":3.847388506983407e-05,"max":0.47788986563682556},"gwa-offshore-dtu-10mw-119":{"min":8.434164556092583e-06,"max":0.4963237941265106},"gwa-offshore-iea-15mw-150":{"min":5.393734318204224e-05,"max":0.5679745078086853},"gwa-offshore-leanwind-8mw-110":{"min":9.007293556351215e-06,"max":0.5032169818878174},"gwa-vestas-v100-mode0-100":{"min":5.986878750263713e-05,"max":0.5651065111160278},"gwa-vestas-v100-mode0-120":{"min":7.271452341228724e-05,"max":0.5847576260566711},"gwa-vestas-v100-mode0-150":{"min":8.176262053893879e-05,"max":0.6131299734115601},"gwa-vestas-v100-mode0-80":{"min":3.4239164961036295e-05,"max":0.5552831888198853},"gwa-vestas-v110-mode0-100":{"min":7.856284355511889e-05,"max":0.6250174045562744},"gwa-vestas-v110-mode0-120":{"min":9.320360550191253e-05,"max":0.6444553732872009},"gwa-vestas-v110-mode0-150":{"min":0.00010930092685157433,"max":0.6655516028404236},"gwa-vestas-v110-mode0-80":{"min":4.31627340731211e-05,"max":0.6006810069084167},"gwa-vestas-v112-mode0-100":{"min":3.202365405741148e-05,"max":0.5140788555145264},"gwa-vestas-v112-mode0-120":{"min":4.052031727042049e-05,"max":0.5267159342765808},"gwa-vestas-v112-mode0-150":{"min":4.5551234507001936e-05,"max":0.5521499514579773},"gwa-vestas-v112-mode0-80":{"min":1.8510821973904967e-05,"max":0.5036776661872864},"gwa-vestas-v120-mode0-100":{"min":8.236303256126121e-05,"max":0.5976216197013855},"gwa-vestas-v120-mode0-120":{"min":9.743322880240157e-05,"max":0.6163867115974426},"gwa-vestas-v120-mode0-150":{"min":0.00011299446487100795,"max":0.640753448009491},"gwa-vestas-v120-mode0-80":{"min":4.3748525058617815e-05,"max":0.5818465352058411},"gwa-vestas-v126-mode0-100":{"min":5.5072228860808536e-05,"max":0.5399691462516785},"gwa-vestas-v126-mode0-120":{"min":5.8470213843975216e-05,"max":0.5595080852508545},"gwa-vestas-v126-mode0-150":{"min":7.425341755151749e-05,"max":0.5887510180473328},"gwa-vestas-v126-mode0-80":{"min":3.1397856218973175e-05,"max":0.5310325622558594},"gwa-vestas-v136-mode0-100":{"min":6.854331877548248e-05,"max":0.571110188961029},"gwa-vestas-v136-mode0-120":{"min":8.153805538313463e-05,"max":0.5908008813858032},"gwa-vestas-v136-mode0-150":{"min":9.167557436740026e-05,"max":0.6195237636566162},"gwa-vestas-v136-mode0-80":{"min":3.899805960827507e-05,"max":0.5612000823020935},"air-density":{"min":0.6781450510025024,"max":1.1611533164978027},"lcoe":{"gwa-vestas-v100-mode0-120":{"lg":{"min":63.441314697265625,"max":10000.0},"li":{"min":1.8932909965515137,"max":10000.0},"lr":{"min":0.0,"max":2218.21826171875},"total":{"min":65.4132080078125,"max":10000.0}},"gwa-vestas-v110-mode0-120":{"lg":{"min":57.935096740722656,"max":10000.0},"li":{"min":1.7830069065093994,"max":10000.0},"lr":{"min":0.0,"max":1621.5147705078125},"total":{"min":61.07719802856445,"max":10000.0}},"gwa-vestas-v112-mode0-120":{"lg":{"min":69.9914779663086,"max":10000.0},"li":{"min":2.126373529434204,"max":10000.0},"lr":{"min":0.0,"max":4002.91650390625},"total":{"min":72.71926879882812,"max":10000.0}},"gwa-vestas-v112-mode0-100":{"lg":{"min":71.61367797851562,"max":10000.0},"li":{"min":2.2088565826416016,"max":10000.0},"lr":{"min":0.0,"max":3017.8388671875},"total":{"min":74.40852355957031,"max":10000.0}},"gwa-offshore-dtu-10mw-119":{"lg":{"min":74.03243255615234,"max":10000.0},"li":{"min":2.278014659881592,"max":10000.0},"lr":{"min":0.0,"max":10000.0},"total":{"min":76.92725372314453,"max":10000.0}},"gwa-vestas-v126-mode0-150":{"lg":{"min":63.03813552856445,"max":10000.0},"li":{"min":1.8804490566253662,"max":10000.0},"lr":{"min":0.0,"max":3093.142822265625},"total":{"min":64.99665832519531,"max":10000.0}},"gwa-vestas-v120-mode0-80":{"lg":{"min":63.73870849609375,"max":10000.0},"li":{"min":1.9105432033538818,"max":10000.0},"lr":{"min":0.0,"max":1695.0889892578125},"total":{"min":65.97281646728516,"max":10000.0}},"gsa-pvout":{"lg":{"min":171.6499134618152,"max":362.16870965546167},"li":{"min":5.010744217052853,"max":17.079265324519767},"lr":{"min":0.0,"max":4.791184554454887},"total":{"min":177.18633704840855,"max":383.4641703469952}},"gwa-vestas-v126-mode0-80":{"lg":{"min":69.45503997802734,"max":10000.0},"li":{"min":2.1158692836761475,"max":10000.0},"lr":{"min":0.0,"max":2603.268310546875},"total":{"min":72.09943389892578,"max":10000.0}},"gwa-offshore-leanwind-8mw-110":{"lg":{"min":73.07310485839844,"max":10000.0},"li":{"min":2.2657642364501953,"max":10000.0},"lr":{"min":0.0,"max":8652.99609375},"total":{"min":75.92827606201172,"max":10000.0}},"gwa-vestas-v110-mode0-100":{"lg":{"min":59.61246109008789,"max":10000.0},"li":{"min":1.8407182693481445,"max":10000.0},"lr":{"min":0.0,"max":1258.3739013671875},"total":{"min":62.85227966308594,"max":10000.0}},"gwa-vestas-v136-mode0-100":{"lg":{"min":64.86174011230469,"max":10000.0},"li":{"min":1.9385335445404053,"max":10000.0},"lr":{"min":0.0,"max":1513.2103271484375},"total":{"min":66.88075256347656,"max":10000.0}},"gwa-vestas-v126-mode0-100":{"lg":{"min":68.37174987792969,"max":10000.0},"li":{"min":2.0503323078155518,"max":10000.0},"lr":{"min":0.0,"max":1867.7760009765625},"total":{"min":70.5072021484375,"max":10000.0}},"gwa-vestas-v126-mode0-120":{"lg":{"min":66.12378692626953,"max":10000.0},"li":{"min":1.9787315130233765,"max":10000.0},"lr":{"min":0.0,"max":2643.621337890625},"total":{"min":68.18466186523438,"max":10000.0}},"gwa-vestas-v120-mode0-120":{"lg":{"min":60.39115905761719,"max":10000.0},"li":{"min":1.796139121055603,"max":10000.0},"lr":{"min":0.0,"max":1561.77392578125},"total":{"min":62.26186752319336,"max":10000.0}},"gwa-vestas-v120-mode0-150":{"lg":{"min":58.246700286865234,"max":10000.0},"li":{"min":1.7278351783752441,"max":10000.0},"lr":{"min":0.0,"max":2039.9146728515625},"total":{"min":60.046268463134766,"max":10000.0}},"gwa-enercon-e53-50":{"lg":{"min":76.73383331298828,"max":10000.0},"li":{"min":2.5276145935058594,"max":10000.0},