{"worldpop": {"min": -3.4028234663852886e+38, "max": 36525.43359375}, "slope": {"min": 0.0, "max": 36.68887710571289}, "land-cover": {"min": 10.0, "max": 210.0}, "airports": {"min": 500.0, "max": 499996.5}, "ports": {"min": 0.0, "max": 499999.25}, "anchorages": {"min": 0.0, "max": 499996.5}, "grid": {"min": 0.0, "max": 475783.5625}, "roads": {"min": 0.0, "max": 397443.09375}, "pp-whs": {"min": 13086.251953125, "max": 764008.0}, "unep-coral": {"min": 0.0, "max": 393001.59375}, "unesco": {"min": 58978.80859375, "max": 500000.0}, "unesco-ramsar": {"min": 65535.0, "max": 499999.25}, "wwf-glw-1": {"min": 0.0, "max": 500000.0}, "wwf-glw-2": {"min": 0.0, "max": 438712.875}, "jrc-gsw": {"min": 0.0, "max": 255.0}, "pp-marine-protected": {"min": 0.0, "max": 1.0}, "unep-tidal": {"min": 0.0, "max": 1.0}, "wwf-glw-3": {"min": 1.0, "max": 255.0}, "gsa-pvout": {"min": 3.6336915493011475, "max": 4.3807854652404785}, "gsa-ghi": {"min": 4.439205169677734, "max": 5.230000019073486}, "gsa-gti": {"min": 4.562634468078613, "max": 5.63845682144165}, "gsa-temp": {"min": 17.620174407958984, "max": 27.956714630126953}, "gwa-iec1": {"min": 0.007611349690705538, "max": 0.5127718448638916}, "gwa-iec2": {"min": 0.0105019211769104, "max": 0.5365399718284607}, "gwa-iec3": {"min": 0.01248242985457182, "max": 0.5635364055633545}, "gwa-power-10": {"min": 0.7674938440322876, "max": 1537.4923095703125}, "gwa-speed-10": {"min": 0.5275505781173706, "max": 8.940980911254883}, "gwa-power-50": {"min": 4.630952835083008, "max": 1262.502197265625}, "gwa-speed-50": {"min": 1.1235402822494507, "max": 9.481043815612793}, "gwa-power-100": {"min": 10.226096153259277, "max": 1252.6751708984375}, "gwa-speed-100": {"min": 1.660071611404419, "max": 9.972037315368652}, "gwa-power-150": {"min": 15.083574295043945, "max": 1221.42578125}, "gwa-speed-150": {"min": 1.961113452911377, "max": 10.226248741149902}, "gwa-power-200": {"min": 22.108219146728516, "max": 1219.3829345703125}, "gwa-speed-200": {"min": 2.011319160461426, "max": 10.289685249328613}, "gebco": {"min": -3605.0, "max": 1589.0}, "srtm90": {"min": -22.0, "max": 1517.0}, "waterbodies": {"min": 0.0, "max": 2.0}, "gwa-enercon-e44-50": {"min": 0.0013889501569792628, "max": 0.384675532579422}, "gwa-enercon-e48-50": {"min": 0.0018876170506700873, "max": 0.43695172667503357}, "gwa-enercon-e53-50": {"min": 0.004045408219099045, "max": 0.4721857011318207}, "gwa-offshore-dtu-10mw-119": {"min": 0.006066253874450922, "max": 0.49050065875053406}, "gwa-offshore-iea-15mw-150": {"min": 0.014168327674269676, "max": 0.5466198325157166}, "gwa-offshore-leanwind-8mw-110": {"min": 0.005947616416960955, "max": 0.49795129895210266}, "gwa-vestas-v100-mode0-100": {"min": 0.012133264914155006, "max": 0.5640060305595398}, "gwa-vestas-v100-mode0-120": {"min": 0.014772184193134308, "max": 0.572837769985199}, "gwa-vestas-v100-mode0-150": {"min": 0.01978183537721634, "max": 0.5881410241127014}, "gwa-vestas-v100-mode0-80": {"min": 0.007995379157364368, "max": 0.5542672872543335}, "gwa-vestas-v110-mode0-100": {"min": 0.015291018411517143, "max": 0.5982064604759216}, "gwa-vestas-v110-mode0-120": {"min": 0.018560485914349556, "max": 0.6075007319450378}, "gwa-vestas-v110-mode0-150": {"min": 0.024650627747178078, "max": 0.6247490048408508}, "gwa-vestas-v110-mode0-80": {"min": 0.010406222194433212, "max": 0.5876051187515259}, "gwa-vestas-v112-mode0-100": {"min": 0.007819541729986668, "max": 0.5105347037315369}, "gwa-vestas-v112-mode0-120": {"min": 0.009564912877976894, "max": 0.5208835005760193}, "gwa-vestas-v112-mode0-150": {"min": 0.012965288944542408, "max": 0.5333054661750793}, "gwa-vestas-v112-mode0-80": {"min": 0.004908690229058266, "max": 0.5044697523117065}, "gwa-vestas-v120-mode0-100": {"min": 0.016358574852347374, "max": 0.5887478590011597}, "gwa-vestas-v120-mode0-120": {"min": 0.019856037572026253, "max": 0.598290741443634}, "gwa-vestas-v120-mode0-150": {"min": 0.026379695162177086, "max": 0.6142135858535767}, "gwa-vestas-v120-mode0-80": {"min": 0.011093106120824814, "max": 0.5767955780029297}, "gwa-vestas-v126-mode0-100": {"min": 0.010687586851418018, "max": 0.5402436256408691}, "gwa-vestas-v126-mode0-120": {"min": 0.013001607730984688, "max": 0.5486255884170532}, "gwa-vestas-v126-mode0-150": {"min": 0.01742175593972206, "max": 0.5623003244400024}, "gwa-vestas-v126-mode0-80": {"min": 0.0070681204088032246, "max": 0.5315548777580261}, "gwa-vestas-v136-mode0-100": {"min": 0.012761305086314678, "max": 0.5702285170555115}, "gwa-vestas-v136-mode0-120": {"min": 0.015512676909565926, "max": 0.5789410471916199}, "gwa-vestas-v136-mode0-150": {"min": 0.020700816065073013, "max": 0.5936781764030457}, "gwa-vestas-v136-mode0-80": {"min": 0.008545385673642159, "max": 0.5608218908309937}, "air-density": {"min": 1.0000206232070923, "max": 1.1612164974212646}}