{"worldpop":{"min":-3.4028234663852886e+38,"max":5029.5595703125},"slope":{"min":0.0,"max":34.07094955444336},"land-cover":{"min":10.0,"max":220.0},"airports":{"min":1118.0340576171875,"max":499979.25},"ports":{"min":65535.0,"max":65535.0},"anchorages":{"min":65535.0,"max":65535.0},"grid":{"min":0.0,"max":126570.140625},"roads":{"min":0.0,"max":109592.4296875},"pp-whs":{"min":0.0,"max":833024.0},"unep-coral":{"min":65535.0,"max":65535.0},"unesco":{"min":1000.0,"max":499996.5},"unesco-ramsar":{"min":0.0,"max":499993.25},"wwf-glw-1":{"min":0.0,"max":498805.8125},"wwf-glw-2":{"min":0.0,"max":236449.25},"jrc-gsw":{"min":0.0,"max":1.0},"pp-marine-protected":{"min":0.0,"max":0.0},"unep-tidal":{"min":0.0,"max":0.0},"wwf-glw-3":{"min":1.0,"max":255.0},"gsa-pvout":{"min":2.6361801624298096,"max":5.305514812469482},"gsa-ghi":{"min":2.753471851348877,"max":4.942257881164551},"gsa-gti":{"min":3.0749597549438477,"max":6.302961826324463},"gsa-temp":{"min":-15.250557899475098,"max":12.5},"gwa-iec1":{"min":0.01688750833272934,"max":0.625883162021637},"gwa-iec2":{"min":0.022571753710508347,"max":0.6461490988731384},"gwa-iec3":{"min":0.026709312573075294,"max":0.6751238703727722},"gwa-power-10":{"min":1.305716633796692,"max":7436.013671875},"gwa-speed-10":{"min":0.5911020040512085,"max":14.58945083618164},"gwa-power-50":{"min":8.272480964660645,"max":5388.35888671875},"gwa-speed-50":{"min":1.315699815750122,"max":14.561290740966797},"gwa-power-100":{"min":17.828475952148438,"max":4559.81396484375},"gwa-speed-100":{"min":1.8690423965454102,"max":15.0167818069458},"gwa-power-150":{"min":27.888771057128906,"max":4139.84375},"gwa-speed-150":{"min":2.2346134185791016,"max":15.520681381225586},"gwa-power-200":{"min":40.63804626464844,"max":3759.77294921875},"gwa-speed-200":{"min":2.495640277862549,"max":15.70041275024414},"gebco":{"min":533.0,"max":3902.0},"srtm90":{"min":532.0,"max":3890.0},"waterbodies":{"min":1.0,"max":2.0},"gwa-enercon-e44-50":{"min":0.005052504595369101,"max":0.4588198661804199},"gwa-enercon-e48-50":{"min":0.006665832828730345,"max":0.5147717595100403},"gwa-enercon-e53-50":{"min":0.00961560383439064,"max":0.5501419901847839},"gwa-offshore-dtu-10mw-119":{"min":0.018725810572504997,"max":0.5934445261955261},"gwa-offshore-iea-15mw-150":{"min":0.03393581137061119,"max":0.6687294244766235},"gwa-offshore-leanwind-8mw-110":{"min":0.0179612897336483,"max":0.6154894828796387},"gwa-vestas-v100-mode0-100":{"min":0.029336465522646904,"max":0.6769914031028748},"gwa-vestas-v100-mode0-120":{"min":0.036735162138938904,"max":0.6924079656600952},"gwa-vestas-v100-mode0-150":{"min":0.04592444747686386,"max":0.7132109999656677},"gwa-vestas-v100-mode0-80":{"min":0.020739104598760605,"max":0.6518340706825256},"gwa-vestas-v110-mode0-100":{"min":0.035290881991386414,"max":0.7275570034980774},"gwa-vestas-v110-mode0-120":{"min":0.04387092590332031,"max":0.7441971898078918},"gwa-vestas-v110-mode0-150":{"min":0.05535711720585823,"max":0.7557539939880371},"gwa-vestas-v110-mode0-80":{"min":0.025196658447384834,"max":0.7017837762832642},"gwa-vestas-v112-mode0-100":{"min":0.020247314125299454,"max":0.6162391304969788},"gwa-vestas-v112-mode0-120":{"min":0.025200899690389633,"max":0.635847270488739},"gwa-vestas-v112-mode0-150":{"min":0.03147771582007408,"max":0.6577633023262024},"gwa-vestas-v112-mode0-80":{"min":0.013798201456665993,"max":0.5894232392311096},"gwa-vestas-v120-mode0-100":{"min":0.03748229518532753,"max":0.7043777704238892},"gwa-vestas-v120-mode0-120":{"min":0.04653511196374893,"max":0.7264232039451599},"gwa-vestas-v120-mode0-150":{"min":0.05852344259619713,"max":0.7439197301864624},"gwa-vestas-v120-mode0-80":{"min":0.026800796389579773,"max":0.672935962677002},"gwa-vestas-v126-mode0-100":{"min":0.026067107915878296,"max":0.6483442187309265},"gwa-vestas-v126-mode0-120":{"min":0.032695017755031586,"max":0.6650058627128601},"gwa-vestas-v126-mode0-150":{"min":0.04062381386756897,"max":0.6872411966323853},"gwa-vestas-v126-mode0-80":{"min":0.01838177628815174,"max":0.6226479411125183},"gwa-vestas-v136-mode0-100":{"min":0.030325189232826233,"max":0.6813052296638489},"gwa-vestas-v136-mode0-120":{"min":0.03788136690855026,"max":0.6972440481185913},"gwa-vestas-v136-mode0-150":{"min":0.04748592898249626,"max":0.7186288237571716},"gwa-vestas-v136-mode0-80":{"min":0.021509582176804543,"max":0.6559516191482544},"air-density":{"min":0.8266600966453552,"max":1.1874830722808838},"lcoe":{"gwa-vestas-v100-mode0-120":{"lg":{"min":54.1998291015625,"max":950.1986694335938},"li":{"min":1.5780572891235352,"max":61.533775329589844},"lr":{"min":0.0,"max":21.48824691772461},"total":{"min":56.54585266113281,"max":1031.84375}},"gwa-vestas-v110-mode0-120":{"lg":{"min":50.706382751464844,"max":796.2960205078125},"li":{"min":1.4923988580703735,"max":51.525081634521484},"lr":{"min":0.0,"max":17.62101173400879},"total":{"min":52.88914489746094,"max":864.6612548828125}},"gwa-vestas-v112-mode0-120":{"lg":{"min":58.66526794433594,"max":1383.2664794921875},"li":{"min":1.7759164571762085,"max":88.7677993774414},"lr":{"min":0.0,"max":31.74955940246582},"total":{"min":61.219974517822266,"max":1503.7838134765625}},"gwa-vestas-v112-mode0-100":{"lg":{"min":60.4046630859375,"max":1720.7098388671875},"li":{"min":1.820883870124817,"max":111.11386108398438},"lr":{"min":0.0,"max":39.5172233581543},"total":{"min":63.04065704345703,"max":1870.7122802734375}},"gwa-offshore-dtu-10mw-119":{"lg":{"min":62.57120895385742,"max":1860.195556640625},"li":{"min":1.8782756328582764,"max":119.46233367919922},"lr":{"min":0.0,"max":42.72806167602539},"total":{"min":65.3084487915039,"max":2022.3858642578125}},"gwa-vestas-v126-mode0-150":{"lg":{"min":54.577239990234375,"max":859.6251220703125},"li":{"min":1.5977978706359863,"max":55.066925048828125},"lr":{"min":0.0,"max":19.69577407836914},"total":{"min":56.837284088134766,"max":934.3878173828125}},"gwa-vestas-v120-mode0-80":{"lg":{"min":55.652400970458984,"max":1300.93017578125},"li":{"min":1.6220617294311523,"max":83.62327575683594},"lr":{"min":0.0,"max":30.577505111694336},"total":{"min":58.46699142456055,"max":1402.5809326171875}},"gsa-pvout":{"lg":{"min":146.29725987183366,"max":290.3841518813243},"li":{"min":4.263417639672718,"max":18.855567591206515},"lr":{"min":0.0,"max":8.114026401919842},"total":{"min":151.39445409110058,"max":314.70377873602456}},"gwa-vestas-v126-mode0-80":{"lg":{"min":59.824100494384766,"max":1894.935791015625},"li":{"min":1.825681209564209,"max":125.82691192626953},"lr":{"min":0.0,"max":46.00959777832031},"total":{"min":62.43296432495117,"max":2057.097412109375}},"gwa-offshore-leanwind-8mw-110":{"lg":{"min":60.473358154296875,"max":1939.2039794921875},"li":{"min":1.8438773155212402,"max":124.5472183227539},"lr":{"min":0.0,"max":44.54677963256836},"total":{"min":63.11256408691406,"max":2108.298095703125}},"gwa-vestas-v110-mode0-100":{"lg":{"min":51.774620056152344,"max":988.921875},"li":{"min":1.546531081199646,"max":64.05204772949219},"lr":{"min":0.0,"max":21.630924224853516},"total":{"min":54.007301330566406,"max":1073.908203125}},"gwa-vestas-v136-mode0-100":{"lg":{"min":55.01789474487305,"max":1150.200927734375},"li":{"min":1.6308939456939697,"max":74.54045104980469},"lr":{"min":0.0,"max":25.517749786376953},"total":{"min":57.40214538574219,"max":1249.1036376953125}},"gwa-vestas-v126-mode0-100":{"lg":{"min":57.6115837097168,"max":1337.4337158203125},"li":{"min":1.725803256034851,"max":86.71669006347656},"lr":{"min":0.0,"max":30.060083389282227},"total":{"min":60.11705017089844,"max":1452.4923095703125}},"gwa-vestas-v126-mode0-120":{"lg":{"min":56.26835250854492,"max":1067.1209716796875},"li":{"min":1.6540553569793701,"max":69.13754272460938},"lr":{"min":0.0,"max":24.341028213500977},"total":{"min":58.71104431152344,"max":1158.85498046875}},"gwa-vestas-v120-mode0-120":{"lg":{"min":51.849185943603516,"max":750.9362182617188},"li":{"min":1.4901841878890991,"max":48.575218200683594},"lr":{"min":0.0,"max":16.528636932373047},"total":{"min":54.34210968017578,