{"worldpop": {"min": -3.4028234663852886e+38, "max": 1599.8653564453125}, "slope": {"min": 0.19133663177490234, "max": 32.08086013793945}, "land-cover": {"min": 10.607707977294922, "max": 210.0}, "airports": {"min": 0.0, "max": 451506.9375}, "ports": {"min": 500.0, "max": 438510.25}, "anchorages": {"min": 500.0, "max": 438510.25}, "grid": {"min": 0.0, "max": 489663.15625}, "roads": {"min": 65535.0, "max": 65535.0}, "pp-whs": {"min": 657325.0625, "max": 1270177.25}, "unep-coral": {"min": 0.0, "max": 213547.421875}, "unesco": {"min": 65535.0, "max": 65535.0}, "unesco-ramsar": {"min": 65535.0, "max": 65535.0}, "wwf-glw-1": {"min": 65535.0, "max": 65535.0}, "wwf-glw-2": {"min": 65535.0, "max": 384312.6875}, "jrc-gsw": {"min": 0.0, "max": 1.0}, "pp-marine-protected": {"min": 0.0, "max": 0.0}, "unep-tidal": {"min": 0.0, "max": 0.0}, "wwf-glw-3": {"min": 255.0, "max": 255.0}, "gsa-pvout": {"min": 3.744569778442383, "max": 4.760544300079346}, "gsa-ghi": {"min": 4.484371185302734, "max": 5.805490970611572}, "gsa-gti": {"min": 4.595640659332275, "max": 5.990779876708984}, "gsa-temp": {"min": 20.639236450195312, "max": 27.184049606323242}, "gwa-iec1": {"min": 0.18552106618881226, "max": 0.6127129197120667}, "gwa-iec2": {"min": 0.22954075038433075, "max": 0.6460452675819397}, "gwa-iec3": {"min": 0.2637258470058441, "max": 0.6749242544174194}, "gwa-power-10": {"min": 23.866596221923828, "max": 1229.0399169921875}, "gwa-speed-10": {"min": 2.2330548763275146, "max": 9.06261920928955}, "gwa-power-50": {"min": 86.60494995117188, "max": 1555.6798095703125}, "gwa-speed-50": {"min": 4.301382541656494, "max": 10.56659984588623}, "gwa-power-100": {"min": 158.84471130371094, "max": 1432.51611328125}, "gwa-speed-100": {"min": 5.537331581115723, "max": 11.077227592468262}, "gwa-power-150": {"min": 217.2134246826172, "max": 1374.432373046875}, "gwa-speed-150": {"min": 5.831264972686768, "max": 11.301945686340332}, "gwa-power-200": {"min": 238.185546875, "max": 1387.15771484375}, "gwa-speed-200": {"min": 6.06752347946167, "max": 11.463085174560547}, "gebco": {"min": -1230.0, "max": 818.0}, "srtm90": {"min": -1.0, "max": 850.0}, "waterbodies": {"min": 0.0, "max": 1.0}, "gwa-enercon-e44-50": {"min": 0.059768564999103546, "max": 0.4703749120235443}, "gwa-enercon-e48-50": {"min": 0.07826509326696396, "max": 0.5346716046333313}, "gwa-enercon-e53-50": {"min": 0.10167207568883896, "max": 0.5752408504486084}, "gwa-offshore-dtu-10mw-119": {"min": 0.1769675463438034, "max": 0.6274620294570923}, "gwa-offshore-iea-15mw-150": {"min": 0.23430827260017395, "max": 0.6798757314682007}, "gwa-offshore-leanwind-8mw-110": {"min": 0.17386366426944733, "max": 0.6356489658355713}, "gwa-vestas-v100-mode0-100": {"min": 0.2567024230957031, "max": 0.6876584887504578}, "gwa-vestas-v100-mode0-120": {"min": 0.27221959829330444, "max": 0.6973170638084412}, "gwa-vestas-v100-mode0-150": {"min": 0.29058489203453064, "max": 0.7065978050231934}, "gwa-vestas-v100-mode0-80": {"min": 0.21527938544750214, "max": 0.6703354120254517}, "gwa-vestas-v110-mode0-100": {"min": 0.293674111366272, "max": 0.7217607498168945}, "gwa-vestas-v110-mode0-120": {"min": 0.3086685240268707, "max": 0.7313257455825806}, "gwa-vestas-v110-mode0-150": {"min": 0.3280560374259949, "max": 0.7406930923461914}, "gwa-vestas-v110-mode0-80": {"min": 0.25470319390296936, "max": 0.7041192650794983}, "gwa-vestas-v112-mode0-100": {"min": 0.18313069641590118, "max": 0.6462682485580444}, "gwa-vestas-v112-mode0-120": {"min": 0.2068275362253189, "max": 0.6588680148124695}, "gwa-vestas-v112-mode0-150": {"min": 0.22108222544193268, "max": 0.6652263402938843}, "gwa-vestas-v112-mode0-80": {"min": 0.1517183780670166, "max": 0.624359130859375}, "gwa-vestas-v120-mode0-100": {"min": 0.30803045630455017, "max": 0.6993536353111267}, "gwa-vestas-v120-mode0-120": {"min": 0.32348936796188354, "max": 0.7065508365631104}, "gwa-vestas-v120-mode0-150": {"min": 0.3432103097438812, "max": 0.7192016839981079}, "gwa-vestas-v120-mode0-80": {"min": 0.27140286564826965, "max": 0.6875830292701721}, "gwa-vestas-v126-mode0-100": {"min": 0.22805002331733704, "max": 0.66812664270401}, "gwa-vestas-v126-mode0-120": {"min": 0.24741342663764954, "max": 0.6786325573921204}, "gwa-vestas-v126-mode0-150": {"min": 0.26453036069869995, "max": 0.6840189695358276}, "gwa-vestas-v126-mode0-80": {"min": 0.19061674177646637, "max": 0.6495328545570374}, "gwa-vestas-v136-mode0-100": {"min": 0.26276925206184387, "max": 0.6959676146507263}, "gwa-vestas-v136-mode0-120": {"min": 0.2769921123981476, "max": 0.7059312462806702}, "gwa-vestas-v136-mode0-150": {"min": 0.2954063415527344, "max": 0.7133725881576538}, "gwa-vestas-v136-mode0-80": {"min": 0.2209126055240631, "max": 0.6779799461364746}, "air-density": {"min": 1.0735142230987549, "max": 1.1494251489639282}, "lcoe": {"gwa-vestas-v100-mode0-120": {"lg": {"min": 53.84642028808594, "max": 131.68646240234375}, "li": {"min": 1.6472774744033813, "max": 22.384153366088867}, "lr": {"min": 1.106157898902893, "max": 2.833531141281128}, "total": {"min": 57.82407760620117, "max": 141.8756103515625}}, "gwa-vestas-v110-mode0-120": {"lg": {"min": 51.52842330932617, "max": 116.60869598388672}, "li": {"min": 1.545708417892456, "max": 20.029939651489258}, "lr": {"min": 1.0547184944152832, "max": 2.4989356994628906}, "total": {"min": 55.32110595703125, "max": 125.59466552734375}}, "gwa-vestas-v112-mode0-120": {"lg": {"min": 56.755271911621094, "max": 172.05673217773438}, "li": {"min": 1.9327061176300049, "max": 28.751426696777344}, "lr": {"min": 1.1707090139389038, "max": 3.729400396347046}, "total": {"min": 60.965049743652344, "max": 185.4673614501953}}, "gwa-vestas-v112-mode0-100": {"lg": {"min": 57.78379440307617, "max": 193.80303955078125}, "li": {"min": 1.9947601556777954, "max": 32.45429229736328}, "lr": {"min": 1.1935333013534546, "max": 4.211979389190674}, "total": {"min": 62.07564926147461, "max": 203.72804260253906}}, "gwa-offshore-dtu-10mw-119": {"lg": {"min": 59.39579772949219, "max": 200.41317749023438}, "li": {"min": 2.096766233444214, "max": 32.92691421508789}, "lr": {"min": 1.2293057441711426, "max": 4.358667373657227}, "total": {"min": 63.8162841796875, "max": 216.08660888671875}}, "gwa-vestas-v126-mode0-150": {"lg": {"min": 54.815494537353516, "max": 135.3979949951172}, "li": {"min": 1.7075440883636475, "max": 22.030359268188477}, "lr": {"min": 1.1276627779006958, "max": 2.9158949851989746}, "total": {"min": 58.93790054321289, "max": 145.88333129882812}}, "gwa-vestas-v120-mode0-80": {"lg": {"min": 54.55208969116211, "max": 132.07070922851562}, "li": {"min": 1.6141642332077026, "max": 24.65361213684082}, "lr": {"min": 1.1218175888061523, "max": 2.8420581817626953}, "total": {"min": 58.5860595703125, "max": 138.76766967773438}}, "gsa-pvout": {"lg": {"min": 162.5869540193649, "max": 205.6146753013296}, "li": {"min": 4.780353660682942, "max": 41.549769292649536}, "lr": {"min": 3.5192537302488325, "max": 4.474095631097567}, "total": {"min": 173.5639638135425, "max": 226.91807749931638}}, "gwa-vestas-v126-mode0-80": {"lg": {"min": 57.51347732543945, "max": 186.3489227294922}, "li": {"min": 1.8822784423828125, "max": 32.433589935302734}, "lr": {"min": 1.1875346899032593, "max": 4.046563148498535}, "total": {"min": 61.78376007080078, "max": 195.8841552734375}}, "gwa-offshore-leanwind-8mw-110": {"lg": {"min": 58.682315826416016, "max": 203.91964721679688}, "li": {"min": 2.059605836868286, "max": 33.35429763793945}, "lr": {"min": 1.213472843170166, "max": 4.436480522155762}, "total": {"min": 63.04587173461914, "max": 214.3736572265625}}, "gwa-vestas-v110-mode0-100": {"lg": {"min": 52.15828323364258, "max": 122.35826873779297}, "li": {"min": 1.580695390701294, "max": 22.139694213867188}, "lr": {"min": 1.0686959028244019, "max": 2.626526117324829}, "total": {"min": 56.00122833251953, "max": 131.8030548095703}}, "gwa-vestas-v136-mode0-100": {"lg": {"min": 53.94306945800781, "max": 136.27865600585938}, "li": {"min": 1.6789600849151611, "max": 24.5417537689209},