{"worldpop": {"min": -3.4028234663852886e+38, "max": 1388.9541015625}, "slope": {"min": 0.0, "max": 71.89137268066406}, "land-cover": {"min": 10.607707977294922, "max": 210.0}, "airports": {"min": 707.1067504882812, "max": 500000.0}, "ports": {"min": 707.1067504882812, "max": 500000.0}, "anchorages": {"min": 1118.0340576171875, "max": 500000.0}, "grid": {"min": 0.0, "max": 500000.0}, "roads": {"min": 65535.0, "max": 499999.25}, "pp-whs": {"min": 268708.96875, "max": 1520325.125}, "unep-coral": {"min": 0.0, "max": 426616.90625}, "unesco": {"min": 65535.0, "max": 65535.0}, "unesco-ramsar": {"min": 65535.0, "max": 65535.0}, "wwf-glw-1": {"min": 65535.0, "max": 65535.0}, "wwf-glw-2": {"min": 65535.0, "max": 500000.0}, "jrc-gsw": {"min": 0.0, "max": 255.0}, "pp-marine-protected": {"min": 0.0, "max": 0.0}, "unep-tidal": {"min": 0.0, "max": 0.0}, "wwf-glw-3": {"min": 255.0, "max": 255.0}, "gsa-pvout": {"min": 3.755228281021118, "max": 4.802918910980225}, "gsa-ghi": {"min": 4.549091815948486, "max": 5.868902206420898}, "gsa-gti": {"min": 4.652289390563965, "max": 6.072995662689209}, "gsa-temp": {"min": 20.94661521911621, "max": 27.299999237060547}, "gwa-iec1": {"min": 0.20516900718212128, "max": 0.6099922060966492}, "gwa-iec2": {"min": 0.24636884033679962, "max": 0.6445941925048828}, "gwa-iec3": {"min": 0.2770013213157654, "max": 0.6736391186714172}, "gwa-power-10": {"min": 27.99346351623535, "max": 799.8674926757812}, "gwa-speed-10": {"min": 2.7366719245910645, "max": 8.093901634216309}, "gwa-power-50": {"min": 104.03965759277344, "max": 1159.1229248046875}, "gwa-speed-50": {"min": 4.4707183837890625, "max": 9.917437553405762}, "gwa-power-100": {"min": 184.98768615722656, "max": 1272.718505859375}, "gwa-speed-100": {"min": 5.5853352546691895, "max": 10.581125259399414}, "gwa-power-150": {"min": 217.2134246826172, "max": 1176.57470703125}, "gwa-speed-150": {"min": 5.867003917694092, "max": 10.79948616027832}, "gwa-power-200": {"min": 238.185546875, "max": 1223.8800048828125}, "gwa-speed-200": {"min": 6.090266227722168, "max": 11.044159889221191}, "gebco": {"min": -9917.0, "max": 718.0}, "srtm90": {"min": 0.0, "max": 850.0}, "waterbodies": {"min": 0.0, "max": 1.0}, "gwa-enercon-e44-50": {"min": 0.05215227231383324, "max": 0.45040640234947205}, "gwa-enercon-e48-50": {"min": 0.06441868841648102, "max": 0.5171604156494141}, "gwa-enercon-e53-50": {"min": 0.07902204245328903, "max": 0.5599152445793152}, "gwa-offshore-dtu-10mw-119": {"min": 0.17256997525691986, "max": 0.5897244811058044}, "gwa-offshore-iea-15mw-150": {"min": 0.23430827260017395, "max": 0.6374409198760986}, "gwa-offshore-leanwind-8mw-110": {"min": 0.1667441576719284, "max": 0.6033578515052795}, "gwa-vestas-v100-mode0-100": {"min": 0.2232302576303482, "max": 0.6821025609970093}, "gwa-vestas-v100-mode0-120": {"min": 0.2681562602519989, "max": 0.6840513944625854}, "gwa-vestas-v100-mode0-150": {"min": 0.2912961542606354, "max": 0.6815351843833923}, "gwa-vestas-v100-mode0-80": {"min": 0.1644456386566162, "max": 0.6703354120254517}, "gwa-vestas-v110-mode0-100": {"min": 0.256474107503891, "max": 0.7156994938850403}, "gwa-vestas-v110-mode0-120": {"min": 0.30621442198753357, "max": 0.7179629802703857}, "gwa-vestas-v110-mode0-150": {"min": 0.330337792634964, "max": 0.7157757878303528}, "gwa-vestas-v110-mode0-80": {"min": 0.18938788771629333, "max": 0.7034844160079956}, "gwa-vestas-v112-mode0-100": {"min": 0.16759832203388214, "max": 0.6231297254562378}, "gwa-vestas-v112-mode0-120": {"min": 0.20243343710899353, "max": 0.6235691905021667}, "gwa-vestas-v112-mode0-150": {"min": 0.22108222544193268, "max": 0.6211787462234497}, "gwa-vestas-v112-mode0-80": {"min": 0.12378843128681183, "max": 0.6146297454833984}, "gwa-vestas-v120-mode0-100": {"min": 0.26919126510620117, "max": 0.6993536353111267}, "gwa-vestas-v120-mode0-120": {"min": 0.3211146891117096, "max": 0.7055285573005676}, "gwa-vestas-v120-mode0-150": {"min": 0.3463340699672699, "max": 0.7168406248092651}, "gwa-vestas-v120-mode0-80": {"min": 0.1984109878540039, "max": 0.6875830292701721}, "gwa-vestas-v126-mode0-100": {"min": 0.2019324153661728, "max": 0.6582319140434265}, "gwa-vestas-v126-mode0-120": {"min": 0.2428780049085617, "max": 0.6597328186035156}, "gwa-vestas-v126-mode0-150": {"min": 0.26453036069869995, "max": 0.65719074010849}, "gwa-vestas-v126-mode0-80": {"min": 0.14908382296562195, "max": 0.6473221182823181}, "gwa-vestas-v136-mode0-100": {"min": 0.22791893780231476, "max": 0.6885531544685364}, "gwa-vestas-v136-mode0-120": {"min": 0.27326852083206177, "max": 0.690293550491333}, "gwa-vestas-v136-mode0-150": {"min": 0.29635143280029297, "max": 0.6877492070198059}, "gwa-vestas-v136-mode0-80": {"min": 0.16817541420459747, "max": 0.6772016286849976}, "air-density": {"min": 1.079145073890686, "max": 1.15496027469635}}