{"worldpop":{"min":-3.4028234663852886e+38,"max":20335.439453125},"slope":{"min":0.0,"max":31.61501121520996},"land-cover":{"min":10.0,"max":210.0},"airports":{"min":500.0,"max":380374.15625},"ports":{"min":0.0,"max":499992.5},"anchorages":{"min":0.0,"max":499996.5},"grid":{"min":0.0,"max":134851.78125},"roads":{"min":0.0,"max":38108.3984375},"pp-whs":{"min":1581.1387939453125,"max":691139.625},"unep-coral":{"min":0.0,"max":499989.0},"unesco":{"min":4609.77197265625,"max":499992.5},"unesco-ramsar":{"min":0.0,"max":499993.25},"wwf-glw-1":{"min":0.0,"max":386162.1875},"wwf-glw-2":{"min":0.0,"max":170418.609375},"jrc-gsw":{"min":0.0,"max":1.0},"pp-marine-protected":{"min":0.0,"max":1.0},"unep-tidal":{"min":0.0,"max":1.0},"wwf-glw-3":{"min":1.0,"max":255.0},"gsa-pvout":{"min":3.842305898666382,"max":4.91745662689209},"gsa-ghi":{"min":4.6587910652160645,"max":6.037778854370117},"gsa-gti":{"min":4.794164657592773,"max":6.329895496368408},"gsa-temp":{"min":11.29025936126709,"max":27.100000381469727},"gwa-iec1":{"min":0.006977614015340805,"max":0.6197169423103333},"gwa-iec2":{"min":0.010099846869707108,"max":0.6680862307548523},"gwa-iec3":{"min":0.01216415036469698,"max":0.6993685364723206},"gwa-power-10":{"min":0.9165768623352051,"max":3581.04150390625},"gwa-speed-10":{"min":0.5554345846176147,"max":11.571625709533691},"gwa-power-50":{"min":4.5739264488220215,"max":2431.3056640625},"gwa-speed-50":{"min":1.1791698932647705,"max":11.244401931762695},"gwa-power-100":{"min":10.679300308227539,"max":2216.36279296875},"gwa-speed-100":{"min":1.7568107843399048,"max":11.72822380065918},"gwa-power-150":{"min":16.029510498046875,"max":1931.4344482421875},"gwa-speed-150":{"min":1.9611355066299438,"max":11.674765586853027},"gwa-power-200":{"min":22.214534759521484,"max":1796.785888671875},"gwa-speed-200":{"min":2.003680944442749,"max":11.969940185546875},"gebco":{"min":-244.0,"max":2167.0},"srtm90":{"min":0.0,"max":2226.0},"waterbodies":{"min":0.0,"max":2.0},"gwa-enercon-e44-50":{"min":0.0009770101169124246,"max":0.42564868927001953},"gwa-enercon-e48-50":{"min":0.0013214398641139269,"max":0.49444645643234253},"gwa-enercon-e53-50":{"min":0.002786691300570965,"max":0.5398585796356201},"gwa-offshore-dtu-10mw-119":{"min":0.005519085563719273,"max":0.5703195333480835},"gwa-offshore-iea-15mw-150":{"min":0.012770304456353188,"max":0.6406803727149963},"gwa-offshore-leanwind-8mw-110":{"min":0.0050768740475177765,"max":0.5827831625938416},"gwa-vestas-v100-mode0-100":{"min":0.009079347364604473,"max":0.6832238435745239},"gwa-vestas-v100-mode0-120":{"min":0.012287097051739693,"max":0.693922221660614},"gwa-vestas-v100-mode0-150":{"min":0.017569083720445633,"max":0.6989936232566833},"gwa-vestas-v100-mode0-80":{"min":0.006394586991518736,"max":0.6609843969345093},"gwa-vestas-v110-mode0-100":{"min":0.011269435286521912,"max":0.721718966960907},"gwa-vestas-v110-mode0-120":{"min":0.01521432027220726,"max":0.7315093874931335},"gwa-vestas-v110-mode0-150":{"min":0.02164093405008316,"max":0.7351978421211243},"gwa-vestas-v110-mode0-80":{"min":0.008128420449793339,"max":0.7001310586929321},"gwa-vestas-v112-mode0-100":{"min":0.006004698574542999,"max":0.5971464514732361},"gwa-vestas-v112-mode0-120":{"min":0.008151407353579998,"max":0.6108530163764954},"gwa-vestas-v112-mode0-150":{"min":0.011742396280169487,"max":0.6235093474388123},"gwa-vestas-v112-mode0-80":{"min":0.0039616478607058525,"max":0.5769144296646118},"gwa-vestas-v120-mode0-100":{"min":0.012014521285891533,"max":0.7245944142341614},"gwa-vestas-v120-mode0-120":{"min":0.016229288652539253,"max":0.7319473028182983},"gwa-vestas-v120-mode0-150":{"min":0.023088758811354637,"max":0.7299371361732483},"gwa-vestas-v120-mode0-80":{"min":0.00866476260125637,"max":0.7044549584388733},"gwa-vestas-v126-mode0-100":{"min":0.008035419508814812,"max":0.6503280997276306},"gwa-vestas-v126-mode0-120":{"min":0.010862153954803944,"max":0.6621032357215881},"gwa-vestas-v126-mode0-150":{"min":0.015532960183918476,"max":0.6696812510490417},"gwa-vestas-v126-mode0-80":{"min":0.005645988043397665,"max":0.6278500556945801},"gwa-vestas-v136-mode0-100":{"min":0.009505126625299454,"max":0.6864330172538757},"gwa-vestas-v136-mode0-120":{"min":0.012845844030380249,"max":0.6973040103912354},"gwa-vestas-v136-mode0-150":{"min":0.0183199942111969,"max":0.7030897736549377},"gwa-vestas-v136-mode0-80":{"min":0.006817316170781851,"max":0.6643181443214417},"air-density":{"min":0.9495582580566406,"max":1.1767044067382812},"lcoe":{"gwa-vestas-v100-mode0-120":{"lg":{"min":54.09028244018555,"max":2832.883056640625},"li":{"min":1.6333181858062744,"max":103.8120346069336},"lr":{"min":0.0,"max":14.543207168579102},"total":{"min":56.532005310058594,"max":2951.23828125}},"gwa-vestas-v110-mode0-120":{"lg":{"min":51.5164909362793,"max":2288.608154296875},"li":{"min":1.5384644269943237,"max":83.83867645263672},"lr":{"min":0.0,"max":11.74510669708252},"total":{"min":53.83274841308594,"max":2384.19189453125}},"gwa-vestas-v112-mode0-120":{"lg":{"min":60.902008056640625,"max":4268.142578125},"li":{"min":1.823968768119812,"max":156.48199462890625},"lr":{"min":0.0,"max":21.92183494567871},"total":{"min":63.67577362060547,"max":4446.54638671875}},"gwa-vestas-v112-mode0-100":{"lg":{"min":62.20810317993164,"max":5792.59375},"li":{"min":1.8857227563858032,"max":212.42507934570312},"lr":{"min":0.0,"max":30.681114196777344},"total":{"min":65.0455322265625,"max":6034.77783203125}},"gwa-offshore-dtu-10mw-119":{"lg":{"min":64.94612121582031,"max":6301.92041015625},"li":{"min":1.9411654472351074,"max":231.11590576171875},"lr":{"min":0.0,"max":35.810890197753906},"total":{"min":67.91702270507812,"max":6565.41357421875}},"gwa-vestas-v126-mode0-150":{"lg":{"min":55.9034423828125,"max":2241.7421875},"li":{"min":1.645839810371399,"max":82.11882781982422},"lr":{"min":0.0,"max":11.504169464111328},"total":{"min":58.43355178833008,"max":2335.365234375}},"gwa-vestas-v120-mode0-80":{"lg":{"min":53.34135818481445,"max":4015.507568359375},"li":{"min":1.6366013288497925,"max":147.21099853515625},"lr":{"min":0.0,"max":22.771760940551758},"total":{"min":55.74657440185547,"max":4183.341796875}},"gsa-pvout":{"lg":{"min":157.52656409721698,"max":200.48623507198388},"li":{"min":4.646775098400594,"max":14.978921043457527},"lr":{"min":0.0,"max":2.236035748230273},"total":{"min":163.71659755718215,"max":209.73499297848224}},"gwa-vestas-v126-mode0-80":{"lg":{"min":59.3615608215332,"max":6160.3642578125},"li":{"min":1.819665789604187,"max":224.36624145507812},"lr":{"min":0.0,"max":35.57681655883789},"total":{"min":61.892818450927734,"max":6420.30712890625}},"gwa-offshore-leanwind-8mw-110":{"lg":{"min":63.6427001953125,"max":6850.48876953125},"li":{"min":1.9196295738220215,"max":249.5175323486328},"lr":{"min":0.0,"max":39.5649528503418},"total":{"min":66.55006408691406,"max":7139.5712890625}},"gwa-vestas-v110-mode0-100":{"lg":{"min":52.161075592041016,"max":3088.33935546875},"li":{"min":1.5889008045196533,"max":113.18655395507812},"lr":{"min":0.0,"max":15.856500625610352},"total":{"min":54.50875473022461,"max":3217.38232421875}},"gwa-vestas-v136-mode0-100":{"lg":{"min":54.63678741455078,"max":3660.843017578125},"li":{"min":1.6692806482315063,"max":134.19581604003906},"lr":{"min":0.0,"max":18.799728393554688},"total":{"min":57.10514831542969,"max":3813.838623046875}},"gwa-vestas-v126-mode0-100":{"lg":{"min":57.448036193847656,"max":4329.693359375},"li":{"min":1.7615264654159546,"max":158.74075317382812},"lr":{"min":0.0,"max":22.23826789855957},"total":{"min":60.053436279296875,"max":4510.67236328125}},"gwa-vestas-v126-mode0-120":{"lg":{"min":56.49748611450195,"max":3203.98779296875},"li":{"min":1.7157654762268066,"max":117.43053436279297},"lr":{"min":0.0,"max":16.451045989990234},"total":{"min":59.056549072265625,"max":3337.869140625}},"gwa-vestas-v120-mode0-120":{"lg":{"min":51.48806381225586,"max":2145.730224609375},"li":{"min":1.5319204330444336,"max":78.595458984375},"lr":{"min":0.0,"max":11.010575294494629},