{"worldpop":{"min":-3.4028234663852886e+38,"max":16933.03515625},"slope":{"min":0.0,"max":43.203155517578125},"land-cover":{"min":10.0,"max":210.0},"airports":{"min":500.0,"max":472701.28125},"ports":{"min":0.0,"max":440202.78125},"anchorages":{"min":0.0,"max":499999.25},"grid":{"min":0.0,"max":494862.625},"roads":{"min":0.0,"max":399505.9375},"pp-whs":{"min":0.0,"max":797739.3125},"unep-coral":{"min":0.0,"max":383555.09375},"unesco":{"min":1000.0,"max":499999.25},"unesco-ramsar":{"min":0.0,"max":500000.0},"wwf-glw-1":{"min":0.0,"max":499996.5},"wwf-glw-2":{"min":0.0,"max":394436.9375},"jrc-gsw":{"min":0.0,"max":255.0},"pp-marine-protected":{"min":0.0,"max":1.0},"unep-tidal":{"min":0.0,"max":1.0},"wwf-glw-3":{"min":1.0,"max":255.0},"gsa-pvout":{"min":0.0,"max":4.942999839782715},"gsa-ghi":{"min":0.0,"max":5.901002407073975},"gsa-gti":{"min":0.0,"max":6.216000080108643},"gsa-temp":{"min":14.563339233398438,"max":26.700000762939453},"gwa-iec1":{"min":0.0,"max":0.5263502597808838},"gwa-iec2":{"min":0.0,"max":0.5679998993873596},"gwa-iec3":{"min":0.0,"max":0.6021203398704529},"gwa-power-10":{"min":0.0,"max":3125.115478515625},"gwa-speed-10":{"min":0.11994098126888,"max":11.083131790161133},"gwa-power-50":{"min":0.0,"max":1904.280517578125},"gwa-speed-50":{"min":0.18117314577103,"max":10.716148376464844},"gwa-power-100":{"min":0.0,"max":1831.130126953125},"gwa-speed-100":{"min":3.7944753170013428,"max":8.261441230773926},"gwa-power-150":{"min":0.0,"max":1800.5533447265625},"gwa-speed-150":{"min":0.28240531682968,"max":11.853774070739746},"gwa-power-200":{"min":0.0,"max":1839.1236572265625},"gwa-speed-200":{"min":0.29232773184776,"max":12.10218334197998},"gebco":{"min":-4696.0,"max":1877.0},"srtm90":{"min":0.0,"max":1902.0},"waterbodies":{"min":0.0,"max":2.0},"gwa-enercon-e44-50":{"min":0.007203880697488785,"max":0.45284444093704224},"gwa-enercon-e48-50":{"min":0.009671831503510475,"max":0.5072128772735596},"gwa-enercon-e53-50":{"min":0.016178196296095848,"max":0.5418561100959778},"gwa-offshore-dtu-10mw-119":{"min":0.02293013408780098,"max":0.5704190731048584},"gwa-offshore-iea-15mw-150":{"min":0.05031067505478859,"max":0.6249386072158813},"gwa-offshore-leanwind-8mw-110":{"min":0.02128312736749649,"max":0.5778272151947021},"gwa-vestas-v100-mode0-100":{"min":0.03941914811730385,"max":0.6246684193611145},"gwa-vestas-v100-mode0-120":{"min":0.05104011297225952,"max":0.6391329765319824},"gwa-vestas-v100-mode0-150":{"min":0.06885193288326263,"max":0.6526067852973938},"gwa-vestas-v100-mode0-80":{"min":0.031234024092555046,"max":0.6056901812553406},"gwa-vestas-v110-mode0-100":{"min":0.04940757155418396,"max":0.663474440574646},"gwa-vestas-v110-mode0-120":{"min":0.06342903524637222,"max":0.6781780123710632},"gwa-vestas-v110-mode0-150":{"min":0.08400366455316544,"max":0.6912006735801697},"gwa-vestas-v110-mode0-80":{"min":0.03935932740569115,"max":0.6435747146606445},"gwa-vestas-v112-mode0-100":{"min":0.02558785118162632,"max":0.5859013199806213},"gwa-vestas-v112-mode0-120":{"min":0.0335574634373188,"max":0.5990927219390869},"gwa-vestas-v112-mode0-150":{"min":0.04650137573480606,"max":0.6128085255622864},"gwa-vestas-v112-mode0-80":{"min":0.020109297707676888,"max":0.569238007068634},"gwa-vestas-v120-mode0-100":{"min":0.053019966930150986,"max":0.6673117280006409},"gwa-vestas-v120-mode0-120":{"min":0.06808596849441528,"max":0.6826123595237732},"gwa-vestas-v120-mode0-150":{"min":0.08992620557546616,"max":0.6936290264129639},"gwa-vestas-v120-mode0-80":{"min":0.04221294820308685,"max":0.6453949809074402},"gwa-vestas-v126-mode0-100":{"min":0.034588322043418884,"max":0.5932822227478027},"gwa-vestas-v126-mode0-120":{"min":0.044772736728191376,"max":0.6070883274078369},"gwa-vestas-v126-mode0-150":{"min":0.060606490820646286,"max":0.620912492275238},"gwa-vestas-v126-mode0-80":{"min":0.02741467021405697,"max":0.5758718252182007},"gwa-vestas-v136-mode0-100":{"min":0.04127548635005951,"max":0.6287534832954407},"gwa-vestas-v136-mode0-120":{"min":0.053252652287483215,"max":0.6429738402366638},"gwa-vestas-v136-mode0-150":{"min":0.07137718796730042,"max":0.6563798189163208},"gwa-vestas-v136-mode0-80":{"min":0.03278923034667969,"max":0.6102421879768372},"air-density":{"min":0.9742192625999451,"max":1.176818609237671}}