{"worldpop": {"min": -3.4028234663852886e+38, "max": 27166.677734375}, "slope": {"min": 0.0, "max": 18.205171585083008}, "land-cover": {"min": 10.0, "max": 210.0}, "airports": {"min": 0.0, "max": 500000.0}, "ports": {"min": 1118.0340576171875, "max": 500000.0}, "anchorages": {"min": 500.0, "max": 500000.0}, "grid": {"min": 0.0, "max": 499996.5}, "roads": {"min": 0.0, "max": 227293.875}, "pp-whs": {"min": 0.0, "max": 1090549.0}, "unep-coral": {"min": 65535.0, "max": 65535.0}, "unesco": {"min": 707.1067504882812, "max": 499999.25}, "unesco-ramsar": {"min": 65535.0, "max": 500000.0}, "wwf-glw-1": {"min": 0.0, "max": 500000.0}, "wwf-glw-2": {"min": 0.0, "max": 500000.0}, "jrc-gsw": {"min": 0.0, "max": 1.0}, "pp-marine-protected": {"min": 0.0, "max": 1.0}, "unep-tidal": {"min": 0.0, "max": 1.0}, "wwf-glw-3": {"min": 1.0, "max": 255.0}, "gsa-pvout": {"min": 4.554505825042725, "max": 5.339277267456055}, "gsa-ghi": {"min": 5.704303741455078, "max": 6.240469932556152}, "gsa-gti": {"min": 5.932009696960449, "max": 6.851929664611816}, "gsa-temp": {"min": 20.299999237060547, "max": 31.73650360107422}, "gwa-iec1": {"min": 0.15828809142112732, "max": 0.7732784152030945}, "gwa-iec2": {"min": 0.19205212593078613, "max": 0.8191241025924683}, "gwa-iec3": {"min": 0.21558885276317596, "max": 0.8449394106864929}, "gwa-power-10": {"min": 22.68453598022461, "max": 1455.5906982421875}, "gwa-speed-10": {"min": 2.182905435562134, "max": 9.507599830627441}, "gwa-power-50": {"min": 85.52051544189453, "max": 1689.4771728515625}, "gwa-speed-50": {"min": 3.8999998569488525, "max": 10.938497543334961}, "gwa-power-100": {"min": 132.6426544189453, "max": 1920.8284912109375}, "gwa-speed-100": {"min": 4.769937515258789, "max": 12.026411056518555}, "gwa-power-150": {"min": 243.52951049804688, "max": 2075.149658203125}, "gwa-speed-150": {"min": 6.108924388885498, "max": 12.698554992675781}, "gwa-power-200": {"min": 387.459228515625, "max": 2263.44921875}, "gwa-speed-200": {"min": 7.233511924743652, "max": 13.307782173156738}, "gebco": {"min": -151.0, "max": 845.0}, "srtm90": {"min": -5.0, "max": 832.0}, "waterbodies": {"min": 0.0, "max": 2.0}, "gwa-enercon-e44-50": {"min": 0.06440263241529465, "max": 0.5035571455955505}, "gwa-enercon-e48-50": {"min": 0.08393683284521103, "max": 0.5713129043579102}, "gwa-enercon-e53-50": {"min": 0.10723709315061569, "max": 0.6239327788352966}, "gwa-offshore-dtu-10mw-119": {"min": 0.16406242549419403, "max": 0.7615010738372803}, "gwa-offshore-iea-15mw-150": {"min": 0.2764732837677002, "max": 0.8389108180999756}, "gwa-offshore-leanwind-8mw-110": {"min": 0.1551554799079895, "max": 0.7560082077980042}, "gwa-vestas-v100-mode0-100": {"min": 0.20855654776096344, "max": 0.8460365533828735}, "gwa-vestas-v100-mode0-120": {"min": 0.2504587769508362, "max": 0.8674334287643433}, "gwa-vestas-v100-mode0-150": {"min": 0.32906684279441833, "max": 0.8776514530181885}, "gwa-vestas-v100-mode0-80": {"min": 0.18309718370437622, "max": 0.8108153939247131}, "gwa-vestas-v110-mode0-100": {"min": 0.2376159131526947, "max": 0.8770955204963684}, "gwa-vestas-v110-mode0-120": {"min": 0.2832311689853668, "max": 0.8938300013542175}, "gwa-vestas-v110-mode0-150": {"min": 0.3630596399307251, "max": 0.8990899324417114}, "gwa-vestas-v110-mode0-80": {"min": 0.20919711887836456, "max": 0.8471347689628601}, "gwa-vestas-v112-mode0-100": {"min": 0.15689809620380402, "max": 0.7645414471626282}, "gwa-vestas-v112-mode0-120": {"min": 0.19182023406028748, "max": 0.7970889210700989}, "gwa-vestas-v112-mode0-150": {"min": 0.2637917995452881, "max": 0.8217443227767944}, "gwa-vestas-v112-mode0-80": {"min": 0.1313374936580658, "max": 0.718807578086853}, "gwa-vestas-v120-mode0-100": {"min": 0.2491828203201294, "max": 0.8850629329681396}, "gwa-vestas-v120-mode0-120": {"min": 0.2962280809879303, "max": 0.8959126472473145}, "gwa-vestas-v120-mode0-150": {"min": 0.37428033351898193, "max": 0.8881013989448547}, "gwa-vestas-v120-mode0-80": {"min": 0.21951711177825928, "max": 0.8589147925376892}, "gwa-vestas-v126-mode0-100": {"min": 0.1892879456281662, "max": 0.8184363842010498}, "gwa-vestas-v126-mode0-120": {"min": 0.22817197442054749, "max": 0.8438053727149963}, "gwa-vestas-v126-mode0-150": {"min": 0.30458924174308777, "max": 0.8590061068534851}, "gwa-vestas-v126-mode0-80": {"min": 0.16447828710079193, "max": 0.779201328754425}, "gwa-vestas-v136-mode0-100": {"min": 0.21247264742851257, "max": 0.8493652939796448}, "gwa-vestas-v136-mode0-120": {"min": 0.25472575426101685, "max": 0.8703921437263489}, "gwa-vestas-v136-mode0-150": {"min": 0.3333730697631836, "max": 0.8814464807510376}, "gwa-vestas-v136-mode0-80": {"min": 0.1866929680109024, "max": 0.8147662281990051}, "air-density": {"min": 1.0739350318908691, "max": 1.1793572902679443}, "lcoe": {"gwa-vestas-v100-mode0-120": {"lg": {"min": 44.07080841064453, "max": 142.7803497314453}, "li": {"min": 1.3105274438858032, "max": 19.4466495513916}, "lr": {"min": 0.0, "max": 4.513177394866943}, "total": {"min": 49.10905075073242, "max": 158.62277221679688}}, "gwa-vestas-v110-mode0-120": {"lg": {"min": 42.88743591308594, "max": 126.72222900390625}, "li": {"min": 1.2529791593551636, "max": 17.57278823852539}, "lr": {"min": 0.0, "max": 4.2068772315979}, "total": {"min": 47.21656036376953, "max": 140.73153686523438}}, "gwa-vestas-v112-mode0-120": {"lg": {"min": 47.60713195800781, "max": 185.20486450195312}, "li": {"min": 1.4775186777114868, "max": 24.52468490600586}, "lr": {"min": 0.0, "max": 5.350419998168945}, "total": {"min": 52.82664108276367, "max": 205.89024353027344}}, "gwa-vestas-v112-mode0-100": {"lg": {"min": 49.463539123535156, "max": 225.5371551513672}, "li": {"min": 1.5192761421203613, "max": 30.192317962646484}, "lr": {"min": 0.0, "max": 5.8412017822265625}, "total": {"min": 54.09587097167969, "max": 249.44776916503906}}, "gwa-offshore-dtu-10mw-119": {"lg": {"min": 49.64505386352539, "max": 215.86302185058594}, "li": {"min": 1.5472408533096313, "max": 27.96137809753418}, "lr": {"min": 0.0, "max": 5.857076644897461}, "total": {"min": 55.01797103881836, "max": 240.0481719970703}}, "gwa-vestas-v126-mode0-150": {"lg": {"min": 44.463924407958984, "max": 118.11682891845703}, "li": {"min": 1.3511377573013306, "max": 16.463884353637695}, "lr": {"min": 0.0, "max": 4.528592586517334}, "total": {"min": 50.24827575683594, "max": 129.4759063720703}}, "gwa-vestas-v120-mode0-80": {"lg": {"min": 44.46822738647461, "max": 162.3419189453125}, "li": {"min": 1.311943531036377, "max": 22.652313232421875}, "lr": {"min": 0.0, "max": 4.688562393188477}, "total": {"min": 49.320499420166016, "max": 180.41737365722656}}, "gsa-pvout": {"lg": {"min": 145.3974555368128, "max": 169.76117124995682}, "li": {"min": 4.243875542138729, "max": 37.41427020869536}, "lr": {"min": 0.0, "max": 11.647910091594632}, "total": {"min": 150.31831712009836, "max": 203.17615953423177}}, "gwa-vestas-v126-mode0-80": {"lg": {"min": 48.60818862915039, "max": 215.3273468017578}, "li": {"min": 1.5003262758255005, "max": 29.411624908447266}, "lr": {"min": 0.0, "max": 5.682741165161133}, "total": {"min": 53.87086868286133, "max": 237.23236083984375}}, "gwa-offshore-leanwind-8mw-110": {"lg": {"min": 49.9766960144043, "max": 228.0253448486328}, "li": {"min": 1.5381309986114502, "max": 29.847986221313477}, "lr": {"min": 0.0, "max": 5.911508560180664}, "total": {"min": 54.71758270263672, "max": 253.598876953125}}, "gwa-vestas-v110-mode0-100": {"lg": {"min": 43.62938690185547, "max": 150.28128051757812}, "li": {"min": 1.2788301706314087, "max": 20.80401611328125}, "lr": {"min": 0.0, "max": 4.451376438140869}, "total": {"min": 48.15021896362305, "max": 166.97996520996094}}, "gwa-vestas-v136-mode0-100": {"lg": {"min": 44.923213958740234, "max": 167.59170532226562}, "li": {"min": 1.3388643264770508, "max": 22.994102478027344}, "lr": {"min": 0.0, "max": 4.779122829437256}, "total": {"min": 50.04338455200195, "max": 186.26644897460938}}, "gwa-vestas-v126-mode0-100": {"lg": {"min": 46.46971893310547, "max": 187.6290283203125},