{"worldpop": {"min": -3.4028234663852886e+38, "max": 2460.547119140625}, "slope": {"min": 0.1349651962518692, "max": 24.551342010498047}, "land-cover": {"min": 10.0, "max": 210.0}, "airports": {"min": 500.0, "max": 38762.09765625}, "ports": {"min": 2000.0, "max": 35933.96875}, "anchorages": {"min": 0.0, "max": 18200.275390625}, "grid": {"min": 37901.1875, "max": 74515.1015625}, "roads": {"min": 0.0, "max": 6082.7626953125}, "pp-whs": {"min": 49135.015625, "max": 92272.6953125}, "unep-coral": {"min": 0.0, "max": 24864.6328125}, "unesco": {"min": 49844.76171875, "max": 95940.0859375}, "unesco-ramsar": {"min": 65535.0, "max": 65535.0}, "wwf-glw-1": {"min": 65535.0, "max": 65535.0}, "wwf-glw-2": {"min": 323376.34375, "max": 388861.46875}, "jrc-gsw": {"min": 0.0, "max": 1.0}, "pp-marine-protected": {"min": 0.0, "max": 1.0}, "unep-tidal": {"min": 0.0, "max": 1.0}, "wwf-glw-3": {"min": 255.0, "max": 255.0}, "gsa-pvout": {"min": 3.588165283203125, "max": 4.8656439781188965}, "gsa-ghi": {"min": 4.415602207183838, "max": 5.950158596038818}, "gsa-gti": {"min": 4.493837833404541, "max": 6.1456403732299805}, "gsa-temp": {"min": 18.054046630859375, "max": 26.865976333618164}, "gwa-iec1": {"min": 0.053762923926115036, "max": 0.7159252762794495}, "gwa-iec2": {"min": 0.0709671750664711, "max": 0.7491072416305542}, "gwa-iec3": {"min": 0.08402220159769058, "max": 0.776483952999115}, "gwa-power-10": {"min": 2.855029582977295, "max": 1444.934814453125}, "gwa-speed-10": {"min": 1.2290810346603394, "max": 10.59600830078125}, "gwa-power-50": {"min": 20.417617797851562, "max": 1374.9744873046875}, "gwa-speed-50": {"min": 2.368068218231201, "max": 11.623529434204102}, "gwa-power-100": {"min": 50.048439025878906, "max": 1294.42041015625}, "gwa-speed-100": {"min": 3.6962342262268066, "max": 11.901677131652832}, "gwa-power-150": {"min": 85.56461334228516, "max": 1388.1251220703125}, "gwa-speed-150": {"min": 4.615373611450195, "max": 12.441561698913574}, "gwa-power-200": {"min": 126.04344177246094, "max": 1534.217041015625}, "gwa-speed-200": {"min": 5.366411209106445, "max": 12.915826797485352}, "gebco": {"min": -229.0, "max": 1247.0}, "srtm90": {"min": 2.0, "max": 1241.0}, "waterbodies": {"min": 0.0, "max": 1.0}, "gwa-enercon-e44-50": {"min": 0.004767121281474829, "max": 0.5680219531059265}, "gwa-enercon-e48-50": {"min": 0.006467741448432207, "max": 0.6415817141532898}, "gwa-enercon-e53-50": {"min": 0.012118121609091759, "max": 0.6845762133598328}, "gwa-offshore-dtu-10mw-119": {"min": 0.038602765649557114, "max": 0.7141273021697998}, "gwa-offshore-iea-15mw-150": {"min": 0.08960144966840744, "max": 0.781362771987915}, "gwa-offshore-leanwind-8mw-110": {"min": 0.03419112041592598, "max": 0.7230510115623474}, "gwa-vestas-v100-mode0-100": {"min": 0.05778639763593674, "max": 0.7945429086685181}, "gwa-vestas-v100-mode0-120": {"min": 0.08412090688943863, "max": 0.8070165514945984}, "gwa-vestas-v100-mode0-150": {"min": 0.12345854938030243, "max": 0.820326566696167}, "gwa-vestas-v100-mode0-80": {"min": 0.03444766253232956, "max": 0.7812153697013855}, "gwa-vestas-v110-mode0-100": {"min": 0.07254331558942795, "max": 0.8257566094398499}, "gwa-vestas-v110-mode0-120": {"min": 0.10450124740600586, "max": 0.8374826312065125}, "gwa-vestas-v110-mode0-150": {"min": 0.15147371590137482, "max": 0.8498384356498718}, "gwa-vestas-v110-mode0-80": {"min": 0.0437563881278038, "max": 0.8137215375900269}, "gwa-vestas-v112-mode0-100": {"min": 0.03738563507795334, "max": 0.7366451621055603}, "gwa-vestas-v112-mode0-120": {"min": 0.055360887199640274, "max": 0.7482908368110657}, "gwa-vestas-v112-mode0-150": {"min": 0.08282247185707092, "max": 0.766775369644165}, "gwa-vestas-v112-mode0-80": {"min": 0.021880049258470535, "max": 0.7249615788459778}, "gwa-vestas-v120-mode0-100": {"min": 0.0779794454574585, "max": 0.8241716623306274}, "gwa-vestas-v120-mode0-120": {"min": 0.11250194162130356, "max": 0.8376863598823547}, "gwa-vestas-v120-mode0-150": {"min": 0.1630990207195282, "max": 0.850780189037323}, "gwa-vestas-v120-mode0-80": {"min": 0.04692338779568672, "max": 0.8086146712303162}, "gwa-vestas-v126-mode0-100": {"min": 0.05059964209794998, "max": 0.7721439003944397}, "gwa-vestas-v126-mode0-120": {"min": 0.07360607385635376, "max": 0.784615695476532}, "gwa-vestas-v126-mode0-150": {"min": 0.10808348655700684, "max": 0.7992223501205444}, "gwa-vestas-v126-mode0-80": {"min": 0.030221417546272278, "max": 0.7572154402732849}, "gwa-vestas-v136-mode0-100": {"min": 0.06047007441520691, "max": 0.8003676533699036}, "gwa-vestas-v136-mode0-120": {"min": 0.08763297647237778, "max": 0.8124058246612549}, "gwa-vestas-v136-mode0-150": {"min": 0.12802238762378693, "max": 0.8257684707641602}, "gwa-vestas-v136-mode0-80": {"min": 0.03626010939478874, "max": 0.7854422926902771}, "air-density": {"min": 1.0331908464431763, "max": 1.152267575263977}, "lcoe": {"gwa-vestas-v100-mode0-120": {"lg": {"min": 47.0706901550293, "max": 417.1999816894531}, "li": {"min": 2.1746633052825928, "max": 23.071489334106445}, "lr": {"min": 0.0, "max": 0.6925532221794128}, "total": {"min": 49.271644592285156, "max": 440.96405029296875}}, "gwa-vestas-v110-mode0-120": {"lg": {"min": 45.50385665893555, "max": 336.61572265625}, "li": {"min": 2.095553159713745, "max": 18.571975708007812}, "lr": {"min": 0.0, "max": 0.5574881434440613}, "total": {"min": 47.62474822998047, "max": 355.74517822265625}}, "gwa-vestas-v112-mode0-120": {"lg": {"min": 50.450870513916016, "max": 631.857666015625}, "li": {"min": 2.3453304767608643, "max": 35.05714416503906}, "lr": {"min": 0.0, "max": 1.0523351430892944}, "total": {"min": 52.824554443359375, "max": 667.9671020507812}}, "gwa-vestas-v112-mode0-100": {"lg": {"min": 51.185218811035156, "max": 933.735595703125}, "li": {"min": 2.3824081420898438, "max": 51.912837982177734}, "lr": {"min": 0.0, "max": 1.5583045482635498}, "total": {"min": 53.596431732177734, "max": 987.2067260742188}}, "gwa-offshore-dtu-10mw-119": {"lg": {"min": 52.67306137084961, "max": 904.4215087890625}, "li": {"min": 2.4575300216674805, "max": 50.27605056762695}, "lr": {"min": 0.0, "max": 1.5091718435287476}, "total": {"min": 55.16030502319336, "max": 956.2067260742188}}, "gwa-vestas-v126-mode0-150": {"lg": {"min": 47.490726470947266, "max": 325.5917663574219}, "li": {"min": 2.195871353149414, "max": 17.956439971923828}, "lr": {"min": 0.0, "max": 0.5390111804008484}, "total": {"min": 49.71315002441406, "max": 344.08721923828125}}, "gwa-vestas-v120-mode0-80": {"lg": {"min": 46.985565185546875, "max": 744.7555541992188}, "li": {"min": 2.203629732131958, "max": 41.360923767089844}, "lr": {"min": 0.0, "max": 1.2415601015090942}, "total": {"min": 49.56454086303711, "max": 787.3580322265625}}, "gsa-pvout": {"lg": {"min": 159.16141818409568, "max": 214.40285506298812}, "li": {"min": 7.1074494036205556, "max": 11.728091906529835}, "lr": {"min": 0.0, "max": 0.3750632475557531}, "total": {"min": 166.5315696800187, "max": 226.3733134374723}}, "gwa-vestas-v126-mode0-80": {"lg": {"min": 49.90340042114258, "max": 1154.1365966796875}, "li": {"min": 2.317688465118408, "max": 64.21917724609375}, "lr": {"min": 0.0, "max": 1.9277124404907227}, "total": {"min": 52.24911117553711, "max": 1220.283447265625}}, "gwa-offshore-leanwind-8mw-110": {"lg": {"min": 52.072349548339844, "max": 1020.6019287109375}, "li": {"min": 2.4271998405456543, "max": 56.76311492919922}, "lr": {"min": 0.0, "max": 1.7038986682891846}, "total": {"min": 54.52889633178711, "max": 1079.06884765625}}, "gwa-vestas-v110-mode0-100": {"lg": {"min": 46.093223571777344, "max": 483.1448974609375}, "li": {"min": 2.1255745887756348, "max": 26.753597259521484}, "lr": {"min": 0.0, "max": 0.8030816316604614}, "total": {"min": 48.24972915649414, "max": 510.7015686035156}}, "gwa-vestas-v136-mode0-100": {"lg": {"min": 47.428489685058594, "max": 578.8092651367188}, "li": {"min": 2.1927287578582764, "max": 32.095123291015625}, "lr": {"min": 0.0, "max": 0.9634221196174622}, "total": {"min": 49.64773178100586,