{"worldpop": {"min": -3.4028234663852886e+38, "max": 2460.547119140625}, "slope": {"min": 0.0, "max": 32.60065841674805}, "land-cover": {"min": 10.0, "max": 210.0}, "airports": {"min": 0.0, "max": 381885.125}, "ports": {"min": 0.0, "max": 387087.875}, "anchorages": {"min": 0.0, "max": 346589.4375}, "grid": {"min": 1000.0, "max": 378841.0}, "roads": {"min": 0.0, "max": 336508.90625}, "pp-whs": {"min": 20353.1328125, "max": 386766.71875}, "unep-coral": {"min": 0.0, "max": 333985.40625}, "unesco": {"min": 21272.046875, "max": 391193.6875}, "unesco-ramsar": {"min": 65535.0, "max": 65535.0}, "wwf-glw-1": {"min": 65535.0, "max": 65535.0}, "wwf-glw-2": {"min": 65535.0, "max": 500000.0}, "jrc-gsw": {"min": 0.0, "max": 255.0}, "pp-marine-protected": {"min": 0.0, "max": 1.0}, "unep-tidal": {"min": 0.0, "max": 1.0}, "wwf-glw-3": {"min": 255.0, "max": 255.0}, "gsa-pvout": {"min": 3.588165283203125, "max": 4.97599983215332}, "gsa-ghi": {"min": 4.415602207183838, "max": 6.086999893188477}, "gsa-gti": {"min": 4.493837833404541, "max": 6.295000076293945}, "gsa-temp": {"min": 18.054046630859375, "max": 26.899999618530273}, "gwa-iec1": {"min": 0.04977649822831154, "max": 0.7159252762794495}, "gwa-iec2": {"min": 0.0664144977927208, "max": 0.7491072416305542}, "gwa-iec3": {"min": 0.07896114140748978, "max": 0.776483952999115}, "gwa-power-10": {"min": 2.7613329887390137, "max": 1444.934814453125}, "gwa-speed-10": {"min": 1.2290810346603394, "max": 10.59600830078125}, "gwa-power-50": {"min": 17.77353286743164, "max": 1374.9744873046875}, "gwa-speed-50": {"min": 2.366689682006836, "max": 11.623529434204102}, "gwa-power-100": {"min": 47.1463508605957, "max": 1294.42041015625}, "gwa-speed-100": {"min": 3.6962342262268066, "max": 11.901677131652832}, "gwa-power-150": {"min": 83.10577392578125, "max": 1388.1251220703125}, "gwa-speed-150": {"min": 4.615373611450195, "max": 12.441561698913574}, "gwa-power-200": {"min": 124.12586212158203, "max": 1534.217041015625}, "gwa-speed-200": {"min": 5.366411209106445, "max": 12.915826797485352}, "gebco": {"min": -5903.0, "max": 1247.0}, "srtm90": {"min": 2.0, "max": 1241.0}, "waterbodies": {"min": 0.0, "max": 1.0}, "gwa-enercon-e44-50": {"min": 0.004767121281474829, "max": 0.5680219531059265}, "gwa-enercon-e48-50": {"min": 0.006467741448432207, "max": 0.6415817141532898}, "gwa-enercon-e53-50": {"min": 0.012118121609091759, "max": 0.6845762133598328}, "gwa-offshore-dtu-10mw-119": {"min": 0.038602765649557114, "max": 0.7141273021697998}, "gwa-offshore-iea-15mw-150": {"min": 0.08847920596599579, "max": 0.781362771987915}, "gwa-offshore-leanwind-8mw-110": {"min": 0.03419112041592598, "max": 0.7230510115623474}, "gwa-vestas-v100-mode0-100": {"min": 0.05778639763593674, "max": 0.7945429086685181}, "gwa-vestas-v100-mode0-120": {"min": 0.08412090688943863, "max": 0.8070165514945984}, "gwa-vestas-v100-mode0-150": {"min": 0.12171664088964462, "max": 0.820326566696167}, "gwa-vestas-v100-mode0-80": {"min": 0.03444766253232956, "max": 0.7812153697013855}, "gwa-vestas-v110-mode0-100": {"min": 0.07254331558942795, "max": 0.8257566094398499}, "gwa-vestas-v110-mode0-120": {"min": 0.10442859679460526, "max": 0.8374826312065125}, "gwa-vestas-v110-mode0-150": {"min": 0.1490473747253418, "max": 0.8498384356498718}, "gwa-vestas-v110-mode0-80": {"min": 0.0437563881278038, "max": 0.8137215375900269}, "gwa-vestas-v112-mode0-100": {"min": 0.03738563507795334, "max": 0.7366451621055603}, "gwa-vestas-v112-mode0-120": {"min": 0.055360887199640274, "max": 0.7482908368110657}, "gwa-vestas-v112-mode0-150": {"min": 0.08182597160339355, "max": 0.766775369644165}, "gwa-vestas-v112-mode0-80": {"min": 0.021880049258470535, "max": 0.7249615788459778}, "gwa-vestas-v120-mode0-100": {"min": 0.0779794454574585, "max": 0.8241716623306274}, "gwa-vestas-v120-mode0-120": {"min": 0.11234918236732483, "max": 0.8376863598823547}, "gwa-vestas-v120-mode0-150": {"min": 0.16033902764320374, "max": 0.850780189037323}, "gwa-vestas-v120-mode0-80": {"min": 0.04692338779568672, "max": 0.8111652731895447}, "gwa-vestas-v126-mode0-100": {"min": 0.05059964209794998, "max": 0.7721439003944397}, "gwa-vestas-v126-mode0-120": {"min": 0.07360607385635376, "max": 0.784615695476532}, "gwa-vestas-v126-mode0-150": {"min": 0.10662727057933807, "max": 0.7992223501205444}, "gwa-vestas-v126-mode0-80": {"min": 0.030221417546272278, "max": 0.7572154402732849}, "gwa-vestas-v136-mode0-100": {"min": 0.06047007441520691, "max": 0.8003676533699036}, "gwa-vestas-v136-mode0-120": {"min": 0.08763297647237778, "max": 0.8124058246612549}, "gwa-vestas-v136-mode0-150": {"min": 0.12614473700523376, "max": 0.8257684707641602}, "gwa-vestas-v136-mode0-80": {"min": 0.03626010939478874, "max": 0.7854422926902771}, "air-density": {"min": 1.0331908464431763, "max": 1.153995156288147}}