{"worldpop": {"min": -3.4028234663852886e+38, "max": 7572.02490234375}, "slope": {"min": 0.04764505475759506, "max": 34.14303207397461}, "land-cover": {"min": 10.0, "max": 210.0}, "airports": {"min": 500.0, "max": 53183.64453125}, "ports": {"min": 0.0, "max": 65535.0}, "anchorages": {"min": 0.0, "max": 43571.78125}, "grid": {"min": 65535.0, "max": 65535.0}, "roads": {"min": 0.0, "max": 6500.0}, "pp-whs": {"min": 170611.40625, "max": 762935.3125}, "unep-coral": {"min": 0.0, "max": 17334.935546875}, "unesco": {"min": 0.0, "max": 65535.0}, "unesco-ramsar": {"min": 65535.0, "max": 65535.0}, "wwf-glw-1": {"min": 65535.0, "max": 65535.0}, "wwf-glw-2": {"min": 0.0, "max": 65535.0}, "jrc-gsw": {"min": 0.0, "max": 1.0}, "pp-marine-protected": {"min": 0.0, "max": 1.0}, "unep-tidal": {"min": 0.0, "max": 1.0}, "wwf-glw-3": {"min": 1.0, "max": 255.0}, "gsa-pvout": {"min": 3.5744943618774414, "max": 4.788772106170654}, "gsa-ghi": {"min": 4.28082799911499, "max": 5.745303153991699}, "gsa-gti": {"min": 4.397409439086914, "max": 6.01216459274292}, "gsa-temp": {"min": 18.205047607421875, "max": 24.953998565673828}, "gwa-iec1": {"min": 0.1121852695941925, "max": 0.6674351692199707}, "gwa-iec2": {"min": 0.14120954275131226, "max": 0.6994671821594238}, "gwa-iec3": {"min": 0.16333606839179993, "max": 0.7266777157783508}, "gwa-power-10": {"min": 6.687459945678711, "max": 1243.240966796875}, "gwa-speed-10": {"min": 1.2778154611587524, "max": 9.34253978729248}, "gwa-power-50": {"min": 43.93071746826172, "max": 1376.118896484375}, "gwa-speed-50": {"min": 2.9410512447357178, "max": 10.41265869140625}, "gwa-power-100": {"min": 96.98999786376953, "max": 1279.281982421875}, "gwa-speed-100": {"min": 4.125574111938477, "max": 11.210893630981445}, "gwa-power-150": {"min": 152.8309783935547, "max": 1395.207763671875}, "gwa-speed-150": {"min": 4.840731143951416, "max": 11.815709114074707}, "gwa-power-200": {"min": 205.1899871826172, "max": 1536.174560546875}, "gwa-speed-200": {"min": 5.475383758544922, "max": 12.303627967834473}, "gebco": {"min": -459.0, "max": 722.0}, "srtm90": {"min": 3.0, "max": 731.0}, "waterbodies": {"min": 0.0, "max": 2.0}, "gwa-enercon-e44-50": {"min": 0.02218669466674328, "max": 0.5010054111480713}, "gwa-enercon-e48-50": {"min": 0.029376326128840446, "max": 0.5709463953971863}, "gwa-enercon-e53-50": {"min": 0.041988346725702286, "max": 0.6144120097160339}, "gwa-offshore-dtu-10mw-119": {"min": 0.10149805247783661, "max": 0.6712850332260132}, "gwa-offshore-iea-15mw-150": {"min": 0.17542764544487, "max": 0.7417516708374023}, "gwa-offshore-leanwind-8mw-110": {"min": 0.09541860222816467, "max": 0.6764508485794067}, "gwa-vestas-v100-mode0-100": {"min": 0.14369726181030273, "max": 0.7480078935623169}, "gwa-vestas-v100-mode0-120": {"min": 0.17976944148540497, "max": 0.7656866312026978}, "gwa-vestas-v100-mode0-150": {"min": 0.2159871906042099, "max": 0.7818167805671692}, "gwa-vestas-v100-mode0-80": {"min": 0.10679234564304352, "max": 0.7231722474098206}, "gwa-vestas-v110-mode0-100": {"min": 0.17206215858459473, "max": 0.7811614274978638}, "gwa-vestas-v110-mode0-120": {"min": 0.20588001608848572, "max": 0.7974815964698792}, "gwa-vestas-v110-mode0-150": {"min": 0.24461902678012848, "max": 0.8109066486358643}, "gwa-vestas-v110-mode0-80": {"min": 0.12971699237823486, "max": 0.7572095394134521}, "gwa-vestas-v112-mode0-100": {"min": 0.09970734268426895, "max": 0.6880006790161133}, "gwa-vestas-v112-mode0-120": {"min": 0.12646892666816711, "max": 0.7065127491950989}, "gwa-vestas-v112-mode0-150": {"min": 0.1657637357711792, "max": 0.7248241901397705}, "gwa-vestas-v112-mode0-80": {"min": 0.07261742651462555, "max": 0.6633347272872925}, "gwa-vestas-v120-mode0-100": {"min": 0.18383076786994934, "max": 0.766076385974884}, "gwa-vestas-v120-mode0-120": {"min": 0.21609066426753998, "max": 0.7818701267242432}, "gwa-vestas-v120-mode0-150": {"min": 0.2558842599391937, "max": 0.7949659824371338}, "gwa-vestas-v120-mode0-80": {"min": 0.13904230296611786, "max": 0.7427764534950256}, "gwa-vestas-v126-mode0-100": {"min": 0.12691523134708405, "max": 0.7246838808059692}, "gwa-vestas-v126-mode0-120": {"min": 0.1592695564031601, "max": 0.742908775806427}, "gwa-vestas-v126-mode0-150": {"min": 0.19708503782749176, "max": 0.7600219249725342}, "gwa-vestas-v126-mode0-80": {"min": 0.09395100921392441, "max": 0.6995314955711365}, "gwa-vestas-v136-mode0-100": {"min": 0.14803585410118103, "max": 0.754676103591919}, "gwa-vestas-v136-mode0-120": {"min": 0.18391726911067963, "max": 0.7721215486526489}, "gwa-vestas-v136-mode0-150": {"min": 0.2199939787387848, "max": 0.7881048917770386}, "gwa-vestas-v136-mode0-80": {"min": 0.1104983314871788, "max": 0.730172336101532}, "air-density": {"min": 1.0927263498306274, "max": 1.1668598651885986}, "lcoe": {"gwa-vestas-v100-mode0-120": {"lg": {"min": 49.395538330078125, "max": 197.35189819335938}, "li": {"min": 2.6150975227355957, "max": 11.138408660888672}, "lr": {"min": 0.0, "max": 0.3123817443847656}, "total": {"min": 52.03834533691406, "max": 208.74598693847656}}, "gwa-vestas-v110-mode0-120": {"lg": {"min": 47.58565902709961, "max": 172.83018493652344}, "li": {"min": 2.510835886001587, "max": 9.725789070129395}, "lr": {"min": 0.0, "max": 0.2668825685977936}, "total": {"min": 50.123104095458984, "max": 182.55596923828125}}, "gwa-vestas-v112-mode0-120": {"lg": {"min": 53.19763946533203, "max": 278.84033203125}, "li": {"min": 2.834124803543091, "max": 15.832707405090332}, "lr": {"min": 0.0, "max": 0.44012510776519775}, "total": {"min": 56.061798095703125, "max": 295.0364685058594}}, "gwa-vestas-v112-mode0-100": {"lg": {"min": 54.52140426635742, "max": 352.60784912109375}, "li": {"min": 2.9103829860687256, "max": 20.082225799560547}, "lr": {"min": 0.0, "max": 0.5362846851348877}, "total": {"min": 57.46262741088867, "max": 373.1510314941406}}, "gwa-offshore-dtu-10mw-119": {"lg": {"min": 55.77943420410156, "max": 346.4574279785156}, "li": {"min": 2.982854127883911, "max": 19.727920532226562}, "lr": {"min": 0.0, "max": 0.5415156483650208}, "total": {"min": 58.79389572143555, "max": 366.6382141113281}}, "gwa-vestas-v126-mode0-150": {"lg": {"min": 49.733890533447266, "max": 180.36427307128906}, "li": {"min": 2.6345889568328857, "max": 10.159804344177246}, "lr": {"min": 0.0, "max": 0.2759348750114441}, "total": {"min": 52.396400451660156, "max": 190.52407836914062}}, "gwa-vestas-v120-mode0-80": {"lg": {"min": 50.795719146728516, "max": 253.9869384765625}, "li": {"min": 2.6957576274871826, "max": 14.400979042053223}, "lr": {"min": 0.0, "max": 0.3727484345436096}, "total": {"min": 53.52004623413086, "max": 268.6158447265625}}, "gsa-pvout": {"lg": {"min": 161.65215033954445, "max": 215.20755653599724}, "li": {"min": 9.081856370704084, "max": 12.16701890038319}, "lr": {"min": 0.0, "max": 0.45076896056262594}, "total": {"min": 170.8941581843774, "max": 227.70426007340495}}, "gwa-vestas-v126-mode0-80": {"lg": {"min": 53.68862533569336, "max": 373.96685791015625}, "li": {"min": 2.8624091148376465, "max": 21.312654495239258}, "lr": {"min": 0.0, "max": 0.5249187350273132}, "total": {"min": 56.581363677978516, "max": 395.6168212890625}}, "gwa-offshore-leanwind-8mw-110": {"lg": {"min": 55.384010314941406, "max": 368.2765197753906}, "li": {"min": 2.9600749015808105, "max": 20.984851837158203}, "lr": {"min": 0.0, "max": 0.5676555633544922}, "total": {"min": 58.37545394897461, "max": 389.7430725097656}}, "gwa-vestas-v110-mode0-100": {"lg": {"min": 48.49625778198242, "max": 206.01278686523438}, "li": {"min": 2.5632927417755127, "max": 11.637336730957031}, "lr": {"min": 0.0, "max": 0.3202372193336487}, "total": {"min": 51.08671569824219, "max": 217.91725158691406}}, "gwa-vestas-v136-mode0-100": {"lg": {"min": 50.0578498840332, "max": 238.7996063232422}, "li": {"min": 2.6532511711120605, "max": 13.526083946228027}, "lr": {"min": 0.0, "max": 0.3669804334640503}, "total": {"min": 52.73921585083008, "max": 252.63616943359375}}, "gwa-vestas-v126-mode0-100": {"lg": {"min": 51.964027404785156,