{"worldpop": {"min": -3.4028234663852886e+38, "max": 7152.36279296875}, "slope": {"min": 0.0, "max": 56.5348014831543}, "land-cover": {"min": 10.0, "max": 210.0}, "airports": {"min": 500.0, "max": 500000.0}, "ports": {"min": 707.1067504882812, "max": 500000.0}, "anchorages": {"min": 0.0, "max": 500000.0}, "grid": {"min": 65535.0, "max": 65535.0}, "roads": {"min": 0.0, "max": 500000.0}, "pp-whs": {"min": 85546.765625, "max": 1214949.125}, "unep-coral": {"min": 0.0, "max": 499972.5}, "unesco": {"min": 500.0, "max": 500000.0}, "unesco-ramsar": {"min": 65535.0, "max": 65535.0}, "wwf-glw-1": {"min": 65535.0, "max": 65535.0}, "wwf-glw-2": {"min": 0.0, "max": 500000.0}, "jrc-gsw": {"min": 0.0, "max": 255.0}, "pp-marine-protected": {"min": 0.0, "max": 1.0}, "unep-tidal": {"min": 0.0, "max": 0.0}, "wwf-glw-3": {"min": 1.0, "max": 255.0}, "gsa-pvout": {"min": 3.5749764442443848, "max": 4.938687324523926}, "gsa-ghi": {"min": 4.287460803985596, "max": 5.941901206970215}, "gsa-gti": {"min": 4.401060581207275, "max": 6.1936869621276855}, "gsa-temp": {"min": 18.206649780273438, "max": 26.299999237060547}, "gwa-iec1": {"min": 0.12266144156455994, "max": 0.5823479890823364}, "gwa-iec2": {"min": 0.15356478095054626, "max": 0.6475695371627808}, "gwa-iec3": {"min": 0.17711469531059265, "max": 0.688973069190979}, "gwa-power-10": {"min": 11.595858573913574, "max": 569.7752685546875}, "gwa-speed-10": {"min": 1.6797043085098267, "max": 7.248041152954102}, "gwa-power-50": {"min": 53.27705001831055, "max": 899.1768188476562}, "gwa-speed-50": {"min": 3.3918073177337646, "max": 9.02352523803711}, "gwa-power-100": {"min": 106.74288177490234, "max": 964.2824096679688}, "gwa-speed-100": {"min": 4.405439376831055, "max": 9.90143871307373}, "gwa-power-150": {"min": 161.3983154296875, "max": 1133.9471435546875}, "gwa-speed-150": {"min": 5.148666858673096, "max": 10.756282806396484}, "gwa-power-200": {"min": 207.88119506835938, "max": 1273.1640625}, "gwa-speed-200": {"min": 5.730380058288574, "max": 11.22390079498291}, "gebco": {"min": -5600.0, "max": 715.0}, "srtm90": {"min": 2.0, "max": 676.0}, "waterbodies": {"min": 0.0, "max": 2.0}, "gwa-enercon-e44-50": {"min": 0.028344156220555305, "max": 0.47152194380760193}, "gwa-enercon-e48-50": {"min": 0.03728952258825302, "max": 0.5388104915618896}, "gwa-enercon-e53-50": {"min": 0.051186706870794296, "max": 0.5813711285591125}, "gwa-offshore-dtu-10mw-119": {"min": 0.10934679210186005, "max": 0.5858932733535767}, "gwa-offshore-iea-15mw-150": {"min": 0.1871168315410614, "max": 0.6758810877799988}, "gwa-offshore-leanwind-8mw-110": {"min": 0.1035483106970787, "max": 0.5902225971221924}, "gwa-vestas-v100-mode0-100": {"min": 0.1550270915031433, "max": 0.6830896139144897}, "gwa-vestas-v100-mode0-120": {"min": 0.19152534008026123, "max": 0.7026663422584534}, "gwa-vestas-v100-mode0-150": {"min": 0.2403932809829712, "max": 0.7297866344451904}, "gwa-vestas-v100-mode0-80": {"min": 0.11942291259765625, "max": 0.6758865118026733}, "gwa-vestas-v110-mode0-100": {"min": 0.18504849076271057, "max": 0.7231544256210327}, "gwa-vestas-v110-mode0-120": {"min": 0.22640787065029144, "max": 0.7403609752655029}, "gwa-vestas-v110-mode0-150": {"min": 0.27073588967323303, "max": 0.7639417052268982}, "gwa-vestas-v110-mode0-80": {"min": 0.1436941772699356, "max": 0.7094323635101318}, "gwa-vestas-v112-mode0-100": {"min": 0.10810017585754395, "max": 0.6166301369667053}, "gwa-vestas-v112-mode0-120": {"min": 0.13539299368858337, "max": 0.6257054209709167}, "gwa-vestas-v112-mode0-150": {"min": 0.17520122230052948, "max": 0.6574047207832336}, "gwa-vestas-v112-mode0-80": {"min": 0.08237351477146149, "max": 0.6156120300292969}, "gwa-vestas-v120-mode0-100": {"min": 0.19757115840911865, "max": 0.7404356002807617}, "gwa-vestas-v120-mode0-120": {"min": 0.23873154819011688, "max": 0.7458439469337463}, "gwa-vestas-v120-mode0-150": {"min": 0.2825302183628082, "max": 0.7599633932113647}, "gwa-vestas-v120-mode0-80": {"min": 0.153646320104599, "max": 0.7242639660835266}, "gwa-vestas-v126-mode0-100": {"min": 0.13709042966365814, "max": 0.6579986810684204}, "gwa-vestas-v126-mode0-120": {"min": 0.1699240505695343, "max": 0.673693835735321}, "gwa-vestas-v126-mode0-150": {"min": 0.21645458042621613, "max": 0.7025864124298096}, "gwa-vestas-v126-mode0-80": {"min": 0.10541769862174988, "max": 0.6524679064750671}, "gwa-vestas-v136-mode0-100": {"min": 0.1595839560031891, "max": 0.6895772814750671}, "gwa-vestas-v136-mode0-120": {"min": 0.1966220885515213, "max": 0.708124577999115}, "gwa-vestas-v136-mode0-150": {"min": 0.24458973109722137, "max": 0.7351841330528259}, "gwa-vestas-v136-mode0-80": {"min": 0.12324711680412292, "max": 0.6830638647079468}, "air-density": {"min": 1.0941486358642578, "max": 1.1705610752105713}}