{"worldpop":{"min":-3.4028234663852886e+38,"max":24211.890625},"slope":{"min":0.0,"max":36.92920684814453},"land-cover":{"min":10.0,"max":210.0},"airports":{"min":500.0,"max":499988.0},"ports":{"min":18973.666015625,"max":499999.25},"anchorages":{"min":65535.0,"max":499999.25},"grid":{"min":0.0,"max":35850.3828125},"roads":{"min":0.0,"max":33305.40625},"pp-whs":{"min":0.0,"max":360403.25},"unep-coral":{"min":65535.0,"max":500000.0},"unesco":{"min":500.0,"max":433696.03125},"unesco-ramsar":{"min":36674.23828125,"max":499999.25},"wwf-glw-1":{"min":0.0,"max":207848.5},"wwf-glw-2":{"min":0.0,"max":193610.421875},"jrc-gsw":{"min":0.0,"max":1.0},"pp-marine-protected":{"min":0.0,"max":0.0},"unep-tidal":{"min":0.0,"max":0.0},"wwf-glw-3":{"min":1.0,"max":255.0},"gsa-pvout":{"min":3.2433862686157227,"max":4.993430137634277},"gsa-ghi":{"min":3.921441078186035,"max":6.154673099517822},"gsa-gti":{"min":3.9908931255340576,"max":6.328497409820557},"gsa-temp":{"min":9.990694999694824,"max":27.200000762939453},"gwa-iec1":{"min":0.0029724491760134697,"max":0.6600661873817444},"gwa-iec2":{"min":0.004580519627779722,"max":0.698341965675354},"gwa-iec3":{"min":0.005587941501289606,"max":0.7271077632904053},"gwa-power-10":{"min":0.7080070972442627,"max":1161.978515625},"gwa-speed-10":{"min":0.5040032267570496,"max":10.161661148071289},"gwa-power-50":{"min":2.693080425262451,"max":1210.48583984375},"gwa-speed-50":{"min":1.0172024965286255,"max":10.907475471496582},"gwa-power-100":{"min":6.390441417694092,"max":1326.5220947265625},"gwa-speed-100":{"min":1.4921177625656128,"max":11.705865859985352},"gwa-power-150":{"min":8.311450004577637,"max":1360.8958740234375},"gwa-speed-150":{"min":1.5426175594329834,"max":11.890222549438477},"gwa-power-200":{"min":11.041120529174805,"max":1392.27099609375},"gwa-speed-200":{"min":1.581878900527954,"max":12.105819702148438},"gebco":{"min":33.0,"max":2819.0},"srtm90":{"min":33.0,"max":2837.0},"waterbodies":{"min":1.0,"max":2.0},"gwa-enercon-e44-50":{"min":0.0006207569967955351,"max":0.4712350368499756},"gwa-enercon-e48-50":{"min":0.0008517027017660439,"max":0.5377235412597656},"gwa-enercon-e53-50":{"min":0.002276667393743992,"max":0.5801811814308167},"gwa-offshore-dtu-10mw-119":{"min":0.0019035674631595612,"max":0.619432270526886},"gwa-offshore-iea-15mw-150":{"min":0.005874090362340212,"max":0.6802777647972107},"gwa-offshore-leanwind-8mw-110":{"min":0.0018266952829435468,"max":0.6373645067214966},"gwa-vestas-v100-mode0-100":{"min":0.005184884648770094,"max":0.7241395115852356},"gwa-vestas-v100-mode0-120":{"min":0.00642620213329792,"max":0.7366364002227783},"gwa-vestas-v100-mode0-150":{"min":0.008541706949472427,"max":0.747097909450531},"gwa-vestas-v100-mode0-80":{"min":0.003843871410936117,"max":0.7033488154411316},"gwa-vestas-v110-mode0-100":{"min":0.006881390698254108,"max":0.7629889845848083},"gwa-vestas-v110-mode0-120":{"min":0.008487006649374962,"max":0.7742666006088257},"gwa-vestas-v110-mode0-150":{"min":0.01113884150981903,"max":0.7831557393074036},"gwa-vestas-v110-mode0-80":{"min":0.005215789657086134,"max":0.743557333946228},"gwa-vestas-v112-mode0-100":{"min":0.0031057235319167376,"max":0.6495707035064697},"gwa-vestas-v112-mode0-120":{"min":0.003875345690175891,"max":0.655070424079895},"gwa-vestas-v112-mode0-150":{"min":0.005244820844382048,"max":0.6646193265914917},"gwa-vestas-v112-mode0-80":{"min":0.002233614679425955,"max":0.6371199488639832},"gwa-vestas-v120-mode0-100":{"min":0.007292801979929209,"max":0.7701141238212585},"gwa-vestas-v120-mode0-120":{"min":0.009012361988425255,"max":0.7799636125564575},"gwa-vestas-v120-mode0-150":{"min":0.011858558282256126,"max":0.7855210900306702},"gwa-vestas-v120-mode0-80":{"min":0.005500906612724066,"max":0.7515079975128174},"gwa-vestas-v126-mode0-100":{"min":0.0046145496889948845,"max":0.6864906549453735},"gwa-vestas-v126-mode0-120":{"min":0.0057019623927772045,"max":0.6999109387397766},"gwa-vestas-v126-mode0-150":{"min":0.007562293671071529,"max":0.712260365486145},"gwa-vestas-v126-mode0-80":{"min":0.003441068110987544,"max":0.6651307344436646},"gwa-vestas-v136-mode0-100":{"min":0.0056122238747775555,"max":0.724998414516449},"gwa-vestas-v136-mode0-120":{"min":0.006934022530913353,"max":0.7375088930130005},"gwa-vestas-v136-mode0-150":{"min":0.00914661306887865,"max":0.748295783996582},"gwa-vestas-v136-mode0-80":{"min":0.004221434239298105,"max":0.704378604888916},"air-density":{"min":0.8931511640548706,"max":1.15810227394104},"lcoe":{"gwa-vestas-v100-mode0-120":{"lg":{"min":51.18577575683594,"max":5412.91162109375},"li":{"min":1.4689909219741821,"max":164.98617553710938},"lr":{"min":0.0,"max":12.1844482421875},"total":{"min":52.71125793457031,"max":5579.94580078125}},"gwa-vestas-v110-mode0-120":{"lg":{"min":48.89249801635742,"max":4099.5263671875},"li":{"min":1.3975964784622192,"max":124.92442321777344},"lr":{"min":0.0,"max":10.073325157165527},"total":{"min":50.343841552734375,"max":4226.0009765625}},"gwa-vestas-v112-mode0-120":{"lg":{"min":57.06110382080078,"max":8973.203125},"li":{"min":1.6860800981521606,"max":273.5845031738281},"lr":{"min":0.0,"max":17.70391082763672},"total":{"min":59.146629333496094,"max":9250.18359375}},"gwa-vestas-v112-mode0-100":{"lg":{"min":57.51036071777344,"max":10000.0},"li":{"min":1.725807547569275,"max":341.38079833984375},"lr":{"min":0.0,"max":18.476642608642578},"total":{"min":59.61354446411133,"max":10000.0}},"gwa-offshore-dtu-10mw-119":{"lg":{"min":60.11389923095703,"max":10000.0},"li":{"min":1.8123159408569336,"max":556.972412109375},"lr":{"min":0.0,"max":25.826810836791992},"total":{"min":62.31941223144531,"max":10000.0}},"gwa-vestas-v126-mode0-150":{"lg":{"min":52.80064392089844,"max":4600.3251953125},"li":{"min":1.519265055656433,"max":137.13525390625},"lr":{"min":0.0,"max":12.700928688049316},"total":{"min":54.37833023071289,"max":4737.46044921875}},"gwa-vestas-v120-mode0-80":{"lg":{"min":50.252017974853516,"max":6322.7333984375},"li":{"min":1.4399211406707764,"max":202.9087677001953},"lr":{"min":0.0,"max":11.372318267822266},"total":{"min":51.747314453125,"max":6537.0146484375}},"gsa-pvout":{"lg":{"min":155.19070442858106,"max":236.76913617385756},"li":{"min":4.487158060497383,"max":7.618783327571979},"lr":{"min":0.0,"max":1.792115583618489},"total":{"min":159.90594808827404,"max":244.46673927481388}},"gwa-vestas-v126-mode0-80":{"lg":{"min":56.25853729248047,"max":10000.0},"li":{"min":1.6269164085388184,"max":324.370849609375},"lr":{"min":0.0,"max":18.179838180541992},"total":{"min":57.94801712036133,"max":10000.0}},"gwa-offshore-leanwind-8mw-110":{"lg":{"min":58.535133361816406,"max":10000.0},"li":{"min":1.7571070194244385,"max":580.4112548828125},"lr":{"min":0.0,"max":29.954647064208984},"total":{"min":60.67859649658203,"max":10000.0}},"gwa-vestas-v110-mode0-100":{"lg":{"min":49.5560417175293,"max":5055.12451171875},"li":{"min":1.418254017829895,"max":154.0727081298828},"lr":{"min":0.0,"max":10.495125770568848},"total":{"min":51.02883529663086,"max":5211.109375}},"gwa-vestas-v136-mode0-100":{"lg":{"min":51.94322204589844,"max":6197.40185546875},"li":{"min":1.4925718307495117,"max":188.9152069091797},"lr":{"min":0.0,"max":12.253192901611328},"total":{"min":53.49319076538086,"max":6388.66162109375}},"gwa-vestas-v126-mode0-100":{"lg":{"min":54.632530212402344,"max":7536.42724609375},"li":{"min":1.5762954950332642,"max":229.759033203125},"lr":{"min":0.0,"max":14.29880142211914},"total":{"min":56.269439697265625,"max":7769.0380859375}},"gwa-vestas-v126-mode0-120":{"lg":{"min":53.66168975830078,"max":6099.92919921875},"li":{"min":1.5460712909698486,"max":185.9420166015625},"lr":{"min":0.0,"max":13.719659805297852},"total":{"min":55.267215728759766,"max":6288.1787109375}},"gwa-vestas-v120-mode0-120":{"lg":{"min":48.56459045410156,"max":3860.786865234375},"li":{"min":1.387387990951538,"max":117.64224243164062},"lr":{"min":0.0,"max":9.474934577941895},"total":{"min":50.00532913208008,"max":3979.889404296875}},