{"worldpop":{"min":-3.4028234663852886e+38,"max":22779.123046875},"slope":{"min":0.0,"max":39.205657958984375},"land-cover":{"min":10.0,"max":210.0},"airports":{"min":0.0,"max":499993.25},"ports":{"min":0.0,"max":500000.0},"anchorages":{"min":0.0,"max":463535.34375},"grid":{"min":0.0,"max":487418.6875},"roads":{"min":0.0,"max":485788.28125},"pp-whs":{"min":0.0,"max":905882.125},"unep-coral":{"min":0.0,"max":294007.21875},"unesco":{"min":500.0,"max":499996.5},"unesco-ramsar":{"min":65535.0,"max":499990.25},"wwf-glw-1":{"min":0.0,"max":499996.5},"wwf-glw-2":{"min":0.0,"max":499932.5},"jrc-gsw":{"min":0.0,"max":255.0},"pp-marine-protected":{"min":0.0,"max":1.0},"unep-tidal":{"min":0.0,"max":1.0},"wwf-glw-3":{"min":1.0,"max":255.0},"gsa-pvout":{"min":0.0,"max":4.224423885345459},"gsa-ghi":{"min":0.0,"max":5.384837627410889},"gsa-gti":{"min":0.0,"max":5.402538776397705},"gsa-temp":{"min":7.515706539154053,"max":28.700000762939453},"gwa-iec1":{"min":0.0,"max":0.43346038460731506},"gwa-iec2":{"min":0.0,"max":0.48735255002975464},"gwa-iec3":{"min":0.0,"max":0.5238209962844849},"gwa-power-10":{"min":0.0,"max":1276.0826416015625},"gwa-speed-10":{"min":0.11994098126888,"max":7.6285719871521},"gwa-power-50":{"min":0.0,"max":799.3331298828125},"gwa-speed-50":{"min":0.18117314577103,"max":7.352320671081543},"gwa-power-100":{"min":0.0,"max":673.0430908203125},"gwa-speed-100":{"min":1.9827451705932617,"max":6.563875675201416},"gwa-power-150":{"min":0.0,"max":659.6807250976562},"gwa-speed-150":{"min":0.28240531682968,"max":8.209220886230469},"gwa-power-200":{"min":0.0,"max":712.0151977539062},"gwa-speed-200":{"min":0.29232773184776,"max":8.448867797851562},"gebco":{"min":-3778.0,"max":3794.0},"srtm90":{"min":-17.0,"max":3954.0},"waterbodies":{"min":0.0,"max":2.0},"gwa-enercon-e44-50":{"min":4.726204861071892e-05,"max":0.2625463902950287},"gwa-enercon-e48-50":{"min":6.51469745207578e-05,"max":0.32144805788993835},"gwa-enercon-e53-50":{"min":0.00021037465194240212,"max":0.36711975932121277},"gwa-offshore-dtu-10mw-119":{"min":0.00013253565703053027,"max":0.3891008496284485},"gwa-offshore-iea-15mw-150":{"min":0.0008334831800311804,"max":0.45219895243644714},"gwa-offshore-leanwind-8mw-110":{"min":0.00012761904508806765,"max":0.39788979291915894},"gwa-vestas-v100-mode0-100":{"min":0.0004400209290906787,"max":0.5067267417907715},"gwa-vestas-v100-mode0-120":{"min":0.0006729621673002839,"max":0.5146074891090393},"gwa-vestas-v100-mode0-150":{"min":0.0012272157473489642,"max":0.5195577144622803},"gwa-vestas-v100-mode0-80":{"min":0.00029277679277583957,"max":0.4909214675426483},"gwa-vestas-v110-mode0-100":{"min":0.0005863591795787215,"max":0.5494678020477295},"gwa-vestas-v110-mode0-120":{"min":0.0008961667190305889,"max":0.5572206974029541},"gwa-vestas-v110-mode0-150":{"min":0.001621399656869471,"max":0.5615268349647522},"gwa-vestas-v110-mode0-80":{"min":0.0003857542760670185,"max":0.5335899591445923},"gwa-vestas-v112-mode0-100":{"min":0.0002554828824941069,"max":0.41997337341308594},"gwa-vestas-v112-mode0-120":{"min":0.0003942288167309016,"max":0.4278036952018738},"gwa-vestas-v112-mode0-150":{"min":0.0007344686891883612,"max":0.43356817960739136},"gwa-vestas-v112-mode0-80":{"min":0.00017026554269250482,"max":0.40501055121421814},"gwa-vestas-v120-mode0-100":{"min":0.0006227345438674092,"max":0.5642918348312378},"gwa-vestas-v120-mode0-120":{"min":0.0009526953799650073,"max":0.5717527866363525},"gwa-vestas-v120-mode0-150":{"min":0.0017183474265038967,"max":0.5756036639213562},"gwa-vestas-v120-mode0-80":{"min":0.0004094005562365055,"max":0.5486639738082886},"gwa-vestas-v126-mode0-100":{"min":0.00039449750329367816,"max":0.47446805238723755},"gwa-vestas-v126-mode0-120":{"min":0.0005951940547674894,"max":0.4823254942893982},"gwa-vestas-v126-mode0-150":{"min":0.0010922898072749376,"max":0.4875970780849457},"gwa-vestas-v126-mode0-80":{"min":0.0002624705375637859,"max":0.4589373767375946},"gwa-vestas-v136-mode0-100":{"min":0.0004826351650990546,"max":0.5118029117584229},"gwa-vestas-v136-mode0-120":{"min":0.0007350108353421092,"max":0.5196447968482971},"gwa-vestas-v136-mode0-150":{"min":0.0013278151163831353,"max":0.524546205997467},"gwa-vestas-v136-mode0-80":{"min":0.0003210075665265322,"max":0.4960383474826813},"air-density":{"min":0.8097506165504456,"max":1.1541956663131714}}