{"worldpop": {"min": -3.4028234663852886e+38, "max": 12898.66796875}, "slope": {"min": 0.0, "max": 30.711658477783203}, "land-cover": {"min": 10.0, "max": 210.0}, "airports": {"min": 500.0, "max": 427858.03125}, "ports": {"min": 500.0, "max": 500000.0}, "anchorages": {"min": 0.0, "max": 500000.0}, "grid": {"min": 0.0, "max": 140951.234375}, "roads": {"min": 0.0, "max": 114157.78125}, "pp-whs": {"min": 0.0, "max": 776397.125}, "unep-coral": {"min": 65535.0, "max": 65535.0}, "unesco": {"min": 0.0, "max": 476257.53125}, "unesco-ramsar": {"min": 1000.0, "max": 500000.0}, "wwf-glw-1": {"min": 1000.0, "max": 500000.0}, "wwf-glw-2": {"min": 0.0, "max": 417777.46875}, "jrc-gsw": {"min": 0.0, "max": 1.0}, "pp-marine-protected": {"min": 0.0, "max": 0.0}, "unep-tidal": {"min": 0.0, "max": 1.0}, "wwf-glw-3": {"min": 1.0, "max": 255.0}, "gsa-pvout": {"min": 4.2485833168029785, "max": 5.911022663116455}, "gsa-ghi": {"min": 4.897857666015625, "max": 6.86765718460083}, "gsa-gti": {"min": 5.162877082824707, "max": 7.465224266052246}, "gsa-temp": {"min": 15.100000381469727, "max": 26.75067901611328}, "gwa-iec1": {"min": 0.01678178273141384, "max": 0.6994794607162476}, "gwa-iec2": {"min": 0.02288447879254818, "max": 0.7459329962730408}, "gwa-iec3": {"min": 0.027275390923023224, "max": 0.773618757724762}, "gwa-power-10": {"min": 3.771204710006714, "max": 2360.136962890625}, "gwa-speed-10": {"min": 0.9762489199638367, "max": 9.016475677490234}, "gwa-power-50": {"min": 12.39919662475586, "max": 1887.9415283203125}, "gwa-speed-50": {"min": 1.6734083890914917, "max": 10.191067695617676}, "gwa-power-100": {"min": 18.423749923706055, "max": 1672.5675048828125}, "gwa-speed-100": {"min": 2.0491766929626465, "max": 11.239232063293457}, "gwa-power-150": {"min": 24.769235610961914, "max": 1887.724853515625}, "gwa-speed-150": {"min": 2.1994895935058594, "max": 12.287445068359375}, "gwa-power-200": {"min": 32.007198333740234, "max": 2151.48779296875}, "gwa-speed-200": {"min": 2.3484177589416504, "max": 12.646578788757324}, "gebco": {"min": -171.0, "max": 2428.0}, "srtm90": {"min": -169.0, "max": 2448.0}, "waterbodies": {"min": 0.0, "max": 2.0}, "gwa-enercon-e44-50": {"min": 0.007088344078511, "max": 0.4938536584377289}, "gwa-enercon-e48-50": {"min": 0.009424147196114063, "max": 0.5677429437637329}, "gwa-enercon-e53-50": {"min": 0.014541354030370712, "max": 0.6128317713737488}, "gwa-offshore-dtu-10mw-119": {"min": 0.014278954826295376, "max": 0.6763944625854492}, "gwa-offshore-iea-15mw-150": {"min": 0.026852255687117577, "max": 0.7502326965332031}, "gwa-offshore-leanwind-8mw-110": {"min": 0.013678131625056267, "max": 0.6747976541519165}, "gwa-vestas-v100-mode0-100": {"min": 0.02631232514977455, "max": 0.7642250657081604}, "gwa-vestas-v100-mode0-120": {"min": 0.029846258461475372, "max": 0.7814870476722717}, "gwa-vestas-v100-mode0-150": {"min": 0.036619216203689575, "max": 0.7969317436218262}, "gwa-vestas-v100-mode0-80": {"min": 0.023018062114715576, "max": 0.7383153438568115}, "gwa-vestas-v110-mode0-100": {"min": 0.03266463428735733, "max": 0.7980970144271851}, "gwa-vestas-v110-mode0-120": {"min": 0.0366823710501194, "max": 0.8128012418746948}, "gwa-vestas-v110-mode0-150": {"min": 0.044323522597551346, "max": 0.8256332278251648}, "gwa-vestas-v110-mode0-80": {"min": 0.028862206265330315, "max": 0.7746391892433167}, "gwa-vestas-v112-mode0-100": {"min": 0.01710570603609085, "max": 0.6847787499427795}, "gwa-vestas-v112-mode0-120": {"min": 0.019961416721343994, "max": 0.7084311842918396}, "gwa-vestas-v112-mode0-150": {"min": 0.024852238595485687, "max": 0.7315224409103394}, "gwa-vestas-v112-mode0-80": {"min": 0.014957387000322342, "max": 0.6620895862579346}, "gwa-vestas-v120-mode0-100": {"min": 0.03485994413495064, "max": 0.8007215857505798}, "gwa-vestas-v120-mode0-120": {"min": 0.039134733378887177, "max": 0.8099855184555054}, "gwa-vestas-v120-mode0-150": {"min": 0.04713628441095352, "max": 0.8160266280174255}, "gwa-vestas-v120-mode0-80": {"min": 0.030856220051646233, "max": 0.780868649482727}, "gwa-vestas-v126-mode0-100": {"min": 0.023144269362092018, "max": 0.7362756133079529}, "gwa-vestas-v126-mode0-120": {"min": 0.0263088159263134, "max": 0.7557754516601562}, "gwa-vestas-v126-mode0-150": {"min": 0.03234482184052467, "max": 0.7739377617835999}, "gwa-vestas-v126-mode0-80": {"min": 0.020247120410203934, "max": 0.708587646484375}, "gwa-vestas-v136-mode0-100": {"min": 0.027584286406636238, "max": 0.7686255574226379}, "gwa-vestas-v136-mode0-120": {"min": 0.03104543685913086, "max": 0.7860575318336487}, "gwa-vestas-v136-mode0-150": {"min": 0.03790803253650665, "max": 0.8020055890083313}, "gwa-vestas-v136-mode0-80": {"min": 0.024140670895576477, "max": 0.7428466081619263}, "air-density": {"min": 0.9237774014472961, "max": 1.2038034200668335}, "lcoe": {"gwa-vestas-v100-mode0-120": {"lg": {"min": 48.47771453857422, "max": 1168.5936279296875}, "li": {"min": 1.4757143259048462, "max": 40.21695327758789}, "lr": {"min": 0.0, "max": 4.944189548492432}, "total": {"min": 51.7468376159668, "max": 1213.1529541015625}}, "gwa-vestas-v110-mode0-120": {"lg": {"min": 46.764156341552734, "max": 951.560302734375}, "li": {"min": 1.4186867475509644, "max": 32.722137451171875}, "lr": {"min": 0.0, "max": 4.328686714172363}, "total": {"min": 49.9073371887207, "max": 987.8156127929688}}, "gwa-vestas-v112-mode0-120": {"lg": {"min": 53.064414978027344, "max": 1745.29736328125}, "li": {"min": 1.5848307609558105, "max": 60.13228988647461}, "lr": {"min": 0.0, "max": 7.231762409210205}, "total": {"min": 55.67506790161133, "max": 1811.92236328125}}, "gwa-vestas-v112-mode0-100": {"lg": {"min": 54.75910568237305, "max": 2035.9979248046875}, "li": {"min": 1.640236496925354, "max": 68.10952758789062}, "lr": {"min": 0.0, "max": 7.876823902130127}, "total": {"min": 57.45993423461914, "max": 2109.996337890625}}, "gwa-offshore-dtu-10mw-119": {"lg": {"min": 55.38829803466797, "max": 2438.264892578125}, "li": {"min": 1.658923864364624, "max": 82.21134948730469}, "lr": {"min": 0.0, "max": 9.51121711730957}, "total": {"min": 58.12260437011719, "max": 2526.91259765625}}, "gwa-vestas-v126-mode0-150": {"lg": {"min": 48.91157150268555, "max": 1078.6314697265625}, "li": {"min": 1.4695940017700195, "max": 37.709144592285156}, "lr": {"min": 0.0, "max": 4.845412731170654}, "total": {"min": 52.46269607543945, "max": 1119.7486572265625}}, "gwa-vestas-v120-mode0-80": {"lg": {"min": 48.512943267822266, "max": 1130.4749755859375}, "li": {"min": 1.512650728225708, "max": 37.92628479003906}, "lr": {"min": 0.0, "max": 4.710312843322754}, "total": {"min": 51.7846565246582, "max": 1171.4974365234375}}, "gsa-pvout": {"lg": {"min": 131.72074530091498, "max": 181.6969318308988}, "li": {"min": 3.8377280808851753, "max": 13.54010386236594}, "lr": {"min": 0.0, "max": 5.799845675116141}, "total": {"min": 136.97304805145305, "max": 188.20340540412448}}, "gwa-vestas-v126-mode0-80": {"lg": {"min": 53.0535774230957, "max": 1720.72607421875}, "li": {"min": 1.605513334274292, "max": 57.54208755493164}, "lr": {"min": 0.0, "max": 6.514857769012451}, "total": {"min": 56.264957427978516, "max": 1783.243408203125}}, "gwa-offshore-leanwind-8mw-110": {"lg": {"min": 55.50990295410156, "max": 2545.192138671875}, "li": {"min": 1.6698423624038696, "max": 85.17695617675781}, "lr": {"min": 0.0, "max": 9.43308162689209}, "total": {"min": 58.25067901611328, "max": 2637.73388671875}}, "gwa-vestas-v110-mode0-100": {"lg": {"min": 47.55204772949219, "max": 1068.10986328125}, "li": {"min": 1.4490965604782104, "max": 36.7469482421875}, "lr": {"min": 0.0, "max": 4.530385494232178}, "total": {"min": 50.75313949584961, "max": 1108.824462890625}}, "gwa-vestas-v136-mode0-100": {"lg": {"min": 49.22196578979492, "max": 1264.0927734375}, "li": {"min": 1.4983365535736084, "max": 43.496543884277344}, "lr": {"min": 0.0, "max": 5.185951232910156}, "total": {"min": 52.54579544067383, "max": 1311.7562255859375}}, "gwa-vestas-v126-mode0-100": {"lg": {"min": 51.208900451660156,