{"worldpop":{"min":-3.4028234663852886e+38,"max":8534.35546875},"slope":{"min":0.0,"max":36.901695251464844},"land-cover":{"min":108.91767883300781,"max":210.0},"airports":{"min":0.0,"max":500000.0},"ports":{"min":0.0,"max":499996.5},"anchorages":{"min":0.0,"max":499999.25},"grid":{"min":0.0,"max":479812.71875},"roads":{"min":0.0,"max":444754.15625},"pp-whs":{"min":0.0,"max":943958.9375},"unep-coral":{"min":65535.0,"max":65535.0},"unesco":{"min":707.1067504882812,"max":500000.0},"unesco-ramsar":{"min":0.0,"max":499999.25},"wwf-glw-1":{"min":65535.0,"max":500000.0},"wwf-glw-2":{"min":0.0,"max":500000.0},"jrc-gsw":{"min":0.0,"max":255.0},"pp-marine-protected":{"min":0.0,"max":1.0},"unep-tidal":{"min":0.0,"max":1.0},"wwf-glw-3":{"min":1.0,"max":255.0},"gsa-pvout":{"min":4.090066909790039,"max":5.804145336151123},"gsa-ghi":{"min":4.689072132110596,"max":6.734165191650391},"gsa-gti":{"min":4.95010232925415,"max":7.427487850189209},"gsa-temp":{"min":14.800000190734863,"max":21.79564094543457},"gwa-iec1":{"min":0.11137396842241287,"max":0.7344970107078552},"gwa-iec2":{"min":0.13647177815437317,"max":0.7689061164855957},"gwa-iec3":{"min":0.15558622777462006,"max":0.7948826551437378},"gwa-power-10":{"min":35.772850036621094,"max":961.4654541015625},"gwa-speed-10":{"min":2.3433849811553955,"max":9.768322944641113},"gwa-power-50":{"min":100.65165710449219,"max":1473.6435546875},"gwa-speed-50":{"min":3.3279483318328857,"max":11.379973411560059},"gwa-power-100":{"min":116.5616455078125,"max":1756.390869140625},"gwa-speed-100":{"min":4.0824079513549805,"max":12.199499130249023},"gwa-power-150":{"min":142.86770629882812,"max":2235.359375},"gwa-speed-150":{"min":4.241433620452881,"max":13.256562232971191},"gwa-power-200":{"min":167.1657257080078,"max":2477.107421875},"gwa-speed-200":{"min":4.420981407165527,"max":13.374765396118164},"gebco":{"min":-5225.0,"max":1639.0},"srtm90":{"min":-173.0,"max":1633.0},"waterbodies":{"min":0.0,"max":2.0},"gwa-enercon-e44-50":{"min":0.07023290544748306,"max":0.5736597180366516},"gwa-enercon-e48-50":{"min":0.08838605135679245,"max":0.6441832780838013},"gwa-enercon-e53-50":{"min":0.10407236218452454,"max":0.6845778822898865},"gwa-offshore-dtu-10mw-119":{"min":0.1089172288775444,"max":0.7095502018928528},"gwa-offshore-iea-15mw-150":{"min":0.1465819925069809,"max":0.774583101272583},"gwa-offshore-leanwind-8mw-110":{"min":0.11030777543783188,"max":0.7095187306404114},"gwa-vestas-v100-mode0-100":{"min":0.16200846433639526,"max":0.7860807776451111},"gwa-vestas-v100-mode0-120":{"min":0.16903157532215118,"max":0.803581953048706},"gwa-vestas-v100-mode0-150":{"min":0.17943759262561798,"max":0.8156903982162476},"gwa-vestas-v100-mode0-80":{"min":0.14929768443107605,"max":0.7660065293312073},"gwa-vestas-v110-mode0-100":{"min":0.18549305200576782,"max":0.8172584772109985},"gwa-vestas-v110-mode0-120":{"min":0.19297125935554504,"max":0.8321293592453003},"gwa-vestas-v110-mode0-150":{"min":0.20312027633190155,"max":0.8406678438186646},"gwa-vestas-v110-mode0-80":{"min":0.16720780730247498,"max":0.7993099093437195},"gwa-vestas-v112-mode0-100":{"min":0.12194377183914185,"max":0.7241987586021423},"gwa-vestas-v112-mode0-120":{"min":0.12824194133281708,"max":0.7356773018836975},"gwa-vestas-v112-mode0-150":{"min":0.13851554691791534,"max":0.7564361095428467},"gwa-vestas-v112-mode0-80":{"min":0.11611916869878769,"max":0.7124441862106323},"gwa-vestas-v120-mode0-100":{"min":0.1921168863773346,"max":0.8161895275115967},"gwa-vestas-v120-mode0-120":{"min":0.20247071981430054,"max":0.8258572220802307},"gwa-vestas-v120-mode0-150":{"min":0.21218754351139069,"max":0.824640691280365},"gwa-vestas-v120-mode0-80":{"min":0.17311827838420868,"max":0.8015173077583313},"gwa-vestas-v126-mode0-100":{"min":0.14704708755016327,"max":0.7603355646133423},"gwa-vestas-v126-mode0-120":{"min":0.1537986844778061,"max":0.7798380851745605},"gwa-vestas-v126-mode0-150":{"min":0.16418203711509705,"max":0.7951372265815735},"gwa-vestas-v126-mode0-80":{"min":0.137674942612648,"max":0.7387927770614624},"gwa-vestas-v136-mode0-100":{"min":0.1655774861574173,"max":0.7907198667526245},"gwa-vestas-v136-mode0-120":{"min":0.17261554300785065,"max":0.8083247542381287},"gwa-vestas-v136-mode0-150":{"min":0.1829753965139389,"max":0.8212147355079651},"gwa-vestas-v136-mode0-80":{"min":0.15199744701385498,"max":0.7707518339157104},"air-density":{"min":0.9998369216918945,"max":1.2050093412399292}}