{"worldpop":{"min":-3.4028234663852886e+38,"max":2041.010986328125},"slope":{"min":0.023680519312620163,"max":33.671112060546875},"land-cover":{"min":10.0,"max":210.0},"airports":{"min":500.0,"max":389282.6875},"ports":{"min":0.0,"max":252686.0625},"anchorages":{"min":0.0,"max":141181.625},"grid":{"min":0.0,"max":82152.296875},"roads":{"min":0.0,"max":23307.724609375},"pp-whs":{"min":0.0,"max":141739.203125},"unep-coral":{"min":0.0,"max":28363.708984375},"unesco":{"min":0.0,"max":390691.6875},"unesco-ramsar":{"min":0.0,"max":415896.625},"wwf-glw-1":{"min":65535.0,"max":65535.0},"wwf-glw-2":{"min":0.0,"max":178888.9375},"jrc-gsw":{"min":0.0,"max":1.0},"pp-marine-protected":{"min":0.0,"max":1.0},"unep-tidal":{"min":0.0,"max":1.0},"wwf-glw-3":{"min":1.0,"max":255.0},"gsa-pvout":{"min":2.8578736782073975,"max":4.5424346923828125},"gsa-ghi":{"min":3.347040891647339,"max":5.4094767570495605},"gsa-gti":{"min":3.5010786056518555,"max":5.700139999389648},"gsa-temp":{"min":13.892236709594727,"max":24.799999237060547},"gwa-iec1":{"min":0.02303195931017399,"max":0.5951492190361023},"gwa-iec2":{"min":0.030843812972307205,"max":0.6194900274276733},"gwa-iec3":{"min":0.036424145102500916,"max":0.6465945839881897},"gwa-power-10":{"min":2.3451626300811768,"max":1362.9390869140625},"gwa-speed-10":{"min":0.912147045135498,"max":9.033632278442383},"gwa-power-50":{"min":8.609190940856934,"max":1453.564697265625},"gwa-speed-50":{"min":1.607094168663025,"max":10.518436431884766},"gwa-power-100":{"min":24.864717483520508,"max":1429.5054931640625},"gwa-speed-100":{"min":2.597414970397949,"max":10.873773574829102},"gwa-power-150":{"min":50.23649978637695,"max":1436.3271484375},"gwa-speed-150":{"min":3.2916817665100098,"max":10.961601257324219},"gwa-power-200":{"min":76.2483901977539,"max":1396.9124755859375},"gwa-speed-200":{"min":3.9405205249786377,"max":10.984853744506836},"gebco":{"min":-557.0,"max":1490.0},"srtm90":{"min":-2.0,"max":1490.0},"waterbodies":{"min":0.0,"max":2.0},"gwa-enercon-e44-50":{"min":0.0027910114731639624,"max":0.4495009481906891},"gwa-enercon-e48-50":{"min":0.003754834644496441,"max":0.5118854641914368},"gwa-enercon-e53-50":{"min":0.006968135945498943,"max":0.5518498420715332},"gwa-offshore-dtu-10mw-119":{"min":0.013819296844303608,"max":0.5775548219680786},"gwa-offshore-iea-15mw-150":{"min":0.041095711290836334,"max":0.631719708442688},"gwa-offshore-leanwind-8mw-110":{"min":0.011839687824249268,"max":0.5861709713935852},"gwa-vestas-v100-mode0-100":{"min":0.020922673866152763,"max":0.650562584400177},"gwa-vestas-v100-mode0-120":{"min":0.03453807905316353,"max":0.6638796329498291},"gwa-vestas-v100-mode0-150":{"min":0.05650290474295616,"max":0.684451162815094},"gwa-vestas-v100-mode0-80":{"min":0.011162430979311466,"max":0.6388251185417175},"gwa-vestas-v110-mode0-100":{"min":0.026593206450343132,"max":0.6910975575447083},"gwa-vestas-v110-mode0-120":{"min":0.043512728065252304,"max":0.7040784358978271},"gwa-vestas-v110-mode0-150":{"min":0.06927785277366638,"max":0.7227275371551514},"gwa-vestas-v110-mode0-80":{"min":0.01427472848445177,"max":0.678745687007904},"gwa-vestas-v112-mode0-100":{"min":0.013295884244143963,"max":0.6019115447998047},"gwa-vestas-v112-mode0-120":{"min":0.022241469472646713,"max":0.609748899936676},"gwa-vestas-v112-mode0-150":{"min":0.03790033981204033,"max":0.6144726872444153},"gwa-vestas-v112-mode0-80":{"min":0.007031385786831379,"max":0.5894806385040283},"gwa-vestas-v120-mode0-100":{"min":0.028490528464317322,"max":0.6997361183166504},"gwa-vestas-v120-mode0-120":{"min":0.04668112099170685,"max":0.7123655080795288},"gwa-vestas-v120-mode0-150":{"min":0.07421845942735672,"max":0.7280538082122803},"gwa-vestas-v120-mode0-80":{"min":0.015269147232174873,"max":0.685499906539917},"gwa-vestas-v126-mode0-100":{"min":0.018390966579318047,"max":0.6298482418060303},"gwa-vestas-v126-mode0-120":{"min":0.030302057042717934,"max":0.6373205780982971},"gwa-vestas-v126-mode0-150":{"min":0.04971509426832199,"max":0.6544158458709717},"gwa-vestas-v126-mode0-80":{"min":0.009820669889450073,"max":0.6131556630134583},"gwa-vestas-v136-mode0-100":{"min":0.022059859707951546,"max":0.6585811972618103},"gwa-vestas-v136-mode0-120":{"min":0.03624556586146355,"max":0.6680325865745544},"gwa-vestas-v136-mode0-150":{"min":0.058690764009952545,"max":0.6886335015296936},"gwa-vestas-v136-mode0-80":{"min":0.011813187040388584,"max":0.643399178981781},"air-density":{"min":1.0146019458770752,"max":1.170223593711853},"lcoe":{"gwa-vestas-v100-mode0-120":{"lg":{"min":56.35701370239258,"max":1010.389404296875},"li":{"min":1.6035122871398926,"max":35.91652297973633},"lr":{"min":0.0,"max":4.581734657287598},"total":{"min":58.02054977416992,"max":1044.927490234375}},"gwa-vestas-v110-mode0-120":{"lg":{"min":53.367740631103516,"max":802.8181762695312},"li":{"min":1.5169423818588257,"max":29.04431915283203},"lr":{"min":0.0,"max":3.691147804260254},"total":{"min":54.93629837036133,"max":830.2327270507812}},"gwa-vestas-v112-mode0-120":{"lg":{"min":61.005035400390625,"max":1566.7906494140625},"li":{"min":1.7388049364089966,"max":54.2014045715332},"lr":{"min":0.0,"max":6.955644130706787},"total":{"min":62.743839263916016,"max":1620.423828125}},"gwa-vestas-v112-mode0-100":{"lg":{"min":61.747283935546875,"max":2618.24951171875},"li":{"min":1.7614455223083496,"max":88.7283706665039},"lr":{"min":0.0,"max":10.369719505310059},"total":{"min":63.50872802734375,"max":2707.967529296875}},"gwa-offshore-dtu-10mw-119":{"lg":{"min":64.1826171875,"max":2519.2333984375},"li":{"min":1.8357295989990234,"max":85.36773681640625},"lr":{"min":0.0,"max":10.201805114746094},"total":{"min":66.01834869384766,"max":2605.55322265625}},"gwa-vestas-v126-mode0-150":{"lg":{"min":57.11417770385742,"max":703.1590576171875},"li":{"min":1.6050629615783691,"max":24.329652786254883},"lr":{"min":0.0,"max":3.4905409812927246},"total":{"min":58.91213607788086,"max":729.1047973632812}},"gwa-vestas-v120-mode0-80":{"lg":{"min":54.70570755004883,"max":2280.40478515625},"li":{"min":1.5746452808380127,"max":77.26183319091797},"lr":{"min":0.0,"max":8.505489349365234},"total":{"min":56.316776275634766,"max":2358.5283203125}},"gsa-pvout":{"lg":{"min":170.20166742073852,"max":268.1685060402607},"li":{"min":4.98791731647359,"max":11.09696562437117},"lr":{"min":0.0,"max":1.9052289031531566},"total":{"min":175.61853088595734,"max":280.0424335900912}},"gwa-vestas-v126-mode0-80":{"lg":{"min":60.68831253051758,"max":3543.347412109375},"li":{"min":1.7291440963745117,"max":120.12644958496094},"lr":{"min":0.0,"max":13.03636360168457},"total":{"min":62.417457580566406,"max":3664.813720703125}},"gwa-offshore-leanwind-8mw-110":{"lg":{"min":63.29798889160156,"max":2939.78369140625},"li":{"min":1.808746099472046,"max":99.64132690429688},"lr":{"min":0.0,"max":11.39781665802002},"total":{"min":65.10673522949219,"max":3040.536376953125}},"gwa-vestas-v110-mode0-100":{"lg":{"min":54.295013427734375,"max":1311.05419921875},"li":{"min":1.550246000289917,"max":45.138038635253906},"lr":{"min":0.0,"max":5.404281139373779},"total":{"min":55.89303207397461,"max":1355.910888671875}},"gwa-vestas-v136-mode0-100":{"lg":{"min":56.77824020385742,"max":1579.6563720703125},"li":{"min":1.6098765134811401,"max":53.8172607421875},"lr":{"min":0.0,"max":6.4555535316467285},"total":{"min":58.38811492919922,"max":1633.731201171875}},"gwa-vestas-v126-mode0-100":{"lg":{"min":59.18592834472656,"max":1893.9910888671875},"li":{"min":1.6833174228668213,"max":64.14683532714844},"lr":{"min":0.0,"max":7.687804698944092},"total":{"min":60.86924743652344,"max":1958.853515625}},"gwa-vestas-v126-mode0-120":{"lg":{"min":58.53889846801758,"max":1151.075927734375},"li":{"min":1.663581132888794,"max":40.84149932861328},"lr":{"min":0.0,"max":5.219007968902588},"total":{"min":60.20248031616211,"max":1190.4423828125}},"gwa-vestas-v120-mode0-120":{"lg":{"min":52.793434143066406,"max":748.599853515625},"li":{"min":1.5151218175888062,"max":27.119260787963867},"lr":{"min":0.0,