{"worldpop": {"min": -3.4028234663852886e+38, "max": 2041.010986328125}, "slope": {"min": 0.0, "max": 61.88197708129883}, "land-cover": {"min": 10.0, "max": 210.0}, "airports": {"min": 707.1067504882812, "max": 499995.25}, "ports": {"min": 500.0, "max": 499999.25}, "anchorages": {"min": 0.0, "max": 500000.0}, "grid": {"min": 0.0, "max": 499993.25}, "roads": {"min": 0.0, "max": 500000.0}, "pp-whs": {"min": 0.0, "max": 639579.0}, "unep-coral": {"min": 0.0, "max": 499996.5}, "unesco": {"min": 707.1067504882812, "max": 500000.0}, "unesco-ramsar": {"min": 0.0, "max": 500000.0}, "wwf-glw-1": {"min": 65535.0, "max": 500000.0}, "wwf-glw-2": {"min": 0.0, "max": 500000.0}, "jrc-gsw": {"min": 0.0, "max": 255.0}, "pp-marine-protected": {"min": 0.0, "max": 1.0}, "unep-tidal": {"min": 0.0, "max": 1.0}, "wwf-glw-3": {"min": 1.0, "max": 255.0}, "gsa-pvout": {"min": 2.904799222946167, "max": 4.763000011444092}, "gsa-ghi": {"min": 3.3968496322631836, "max": 5.646763324737549}, "gsa-gti": {"min": 3.5347158908843994, "max": 5.950763702392578}, "gsa-temp": {"min": 14.114578247070312, "max": 26.5}, "gwa-iec1": {"min": 0.02303195931017399, "max": 0.5862258672714233}, "gwa-iec2": {"min": 0.030843812972307205, "max": 0.6201659440994263}, "gwa-iec3": {"min": 0.03646239638328552, "max": 0.657065749168396}, "gwa-power-10": {"min": 2.4608607292175293, "max": 1255.2935791015625}, "gwa-speed-10": {"min": 1.0298813581466675, "max": 8.610493659973145}, "gwa-power-50": {"min": 9.764431953430176, "max": 1291.75537109375}, "gwa-speed-50": {"min": 1.7150487899780273, "max": 9.974477767944336}, "gwa-power-100": {"min": 24.864717483520508, "max": 1275.452880859375}, "gwa-speed-100": {"min": 2.4387547969818115, "max": 10.444456100463867}, "gwa-power-150": {"min": 43.539493560791016, "max": 1289.4493408203125}, "gwa-speed-150": {"min": 3.1281721591949463, "max": 10.641530990600586}, "gwa-power-200": {"min": 69.77466583251953, "max": 1318.7987060546875}, "gwa-speed-200": {"min": 3.8042852878570557, "max": 10.766560554504395}, "gebco": {"min": -7327.0, "max": 1417.0}, "srtm90": {"min": 0.0, "max": 1393.0}, "waterbodies": {"min": 0.0, "max": 2.0}, "gwa-enercon-e44-50": {"min": 0.003242064733058214, "max": 0.42719581723213196}, "gwa-enercon-e48-50": {"min": 0.004360117483884096, "max": 0.4912642538547516}, "gwa-enercon-e53-50": {"min": 0.007787962909787893, "max": 0.5332199335098267}, "gwa-offshore-dtu-10mw-119": {"min": 0.0163459163159132, "max": 0.5471339225769043}, "gwa-offshore-iea-15mw-150": {"min": 0.03648057579994202, "max": 0.6098185777664185}, "gwa-offshore-leanwind-8mw-110": {"min": 0.015634138137102127, "max": 0.5596070289611816}, "gwa-vestas-v100-mode0-100": {"min": 0.02749449945986271, "max": 0.6519681811332703}, "gwa-vestas-v100-mode0-120": {"min": 0.03463553264737129, "max": 0.6556708812713623}, "gwa-vestas-v100-mode0-150": {"min": 0.05010339617729187, "max": 0.6648210883140564}, "gwa-vestas-v100-mode0-80": {"min": 0.017872560769319534, "max": 0.6361119151115417}, "gwa-vestas-v110-mode0-100": {"min": 0.033936526626348495, "max": 0.6938886046409607}, "gwa-vestas-v110-mode0-120": {"min": 0.042567845433950424, "max": 0.6976567506790161}, "gwa-vestas-v110-mode0-150": {"min": 0.061405859887599945, "max": 0.7031081318855286}, "gwa-vestas-v110-mode0-80": {"min": 0.022718746215105057, "max": 0.6777728796005249}, "gwa-vestas-v112-mode0-100": {"min": 0.018284114077687263, "max": 0.5786488652229309}, "gwa-vestas-v112-mode0-120": {"min": 0.023177973926067352, "max": 0.5823062062263489}, "gwa-vestas-v112-mode0-150": {"min": 0.03364036604762077, "max": 0.592319667339325}, "gwa-vestas-v112-mode0-80": {"min": 0.0113618029281497, "max": 0.5764930248260498}, "gwa-vestas-v120-mode0-100": {"min": 0.03630508854985237, "max": 0.7063226699829102}, "gwa-vestas-v120-mode0-120": {"min": 0.04553820565342903, "max": 0.7100937962532043}, "gwa-vestas-v120-mode0-150": {"min": 0.06574305146932602, "max": 0.7095997929573059}, "gwa-vestas-v120-mode0-80": {"min": 0.02432551234960556, "max": 0.6900443434715271}, "gwa-vestas-v126-mode0-100": {"min": 0.02423350140452385, "max": 0.6180208921432495}, "gwa-vestas-v126-mode0-120": {"min": 0.03052656166255474, "max": 0.6215223670005798}, "gwa-vestas-v126-mode0-150": {"min": 0.0441197007894516, "max": 0.6372825503349304}, "gwa-vestas-v126-mode0-80": {"min": 0.015712890774011612, "max": 0.6098174452781677}, "gwa-vestas-v136-mode0-100": {"min": 0.028660686686635017, "max": 0.6565163731575012}, "gwa-vestas-v136-mode0-120": {"min": 0.03604031354188919, "max": 0.6601501107215881}, "gwa-vestas-v136-mode0-150": {"min": 0.052050672471523285, "max": 0.6699993014335632}, "gwa-vestas-v136-mode0-80": {"min": 0.018852386623620987, "max": 0.6408220529556274}, "air-density": {"min": 1.022966742515564, "max": 1.1750293970108032}}