{"worldpop":{"min":0.017964666709303856,"max":8949.3671875},"slope":{"min":0.0,"max":28.63726043701172},"land-cover":{"min":10.0,"max":210.0},"airports":{"min":500.0,"max":499996.5},"ports":{"min":65535.0,"max":499996.5},"anchorages":{"min":65535.0,"max":65535.0},"grid":{"min":0.0,"max":491109.1875},"roads":{"min":0.0,"max":225679.53125},"pp-whs":{"min":0.0,"max":596623.25},"unep-coral":{"min":65535.0,"max":65535.0},"unesco":{"min":500.0,"max":500000.0},"unesco-ramsar":{"min":0.0,"max":500000.0},"wwf-glw-1":{"min":0.0,"max":500000.0},"wwf-glw-2":{"min":0.0,"max":499996.5},"jrc-gsw":{"min":0.0,"max":1.0},"pp-marine-protected":{"min":0.0,"max":0.0},"unep-tidal":{"min":0.0,"max":0.0},"wwf-glw-3":{"min":1.0,"max":255.0},"gsa-pvout":{"min":4.4557294845581055,"max":5.608407497406006},"gsa-ghi":{"min":5.685173034667969,"max":6.726269721984863},"gsa-gti":{"min":5.838315010070801,"max":7.232998371124268},"gsa-temp":{"min":19.613008499145508,"max":30.799999237060547},"gwa-iec1":{"min":0.0815548226237297,"max":0.6941373944282532},"gwa-iec2":{"min":0.10266265273094177,"max":0.7268173694610596},"gwa-iec3":{"min":0.11845999211072922,"max":0.7515730261802673},"gwa-power-10":{"min":11.997196197509766,"max":1702.3831787109375},"gwa-speed-10":{"min":2.0573694705963135,"max":9.893918991088867},"gwa-power-50":{"min":50.84515380859375,"max":1799.249755859375},"gwa-speed-50":{"min":3.0898401737213135,"max":11.746625900268555},"gwa-power-100":{"min":73.48333740234375,"max":2093.17138671875},"gwa-speed-100":{"min":3.742922067642212,"max":12.93363094329834},"gwa-power-150":{"min":98.92118835449219,"max":2467.371337890625},"gwa-speed-150":{"min":4.095695495605469,"max":13.593742370605469},"gwa-power-200":{"min":122.8709487915039,"max":2543.50390625},"gwa-speed-200":{"min":4.233180522918701,"max":13.728898048400879},"gebco":{"min":158.0,"max":1889.0},"srtm90":{"min":158.0,"max":1904.0},"waterbodies":{"min":1.0,"max":2.0},"gwa-enercon-e44-50":{"min":0.0350162647664547,"max":0.49068039655685425},"gwa-enercon-e48-50":{"min":0.0454978421330452,"max":0.556483805179596},"gwa-enercon-e53-50":{"min":0.05941587686538696,"max":0.5991150736808777},"gwa-offshore-dtu-10mw-119":{"min":0.07564777135848999,"max":0.6693669557571411},"gwa-offshore-iea-15mw-150":{"min":0.11366460472345352,"max":0.7200053930282593},"gwa-offshore-leanwind-8mw-110":{"min":0.07519565522670746,"max":0.6766324043273926},"gwa-vestas-v100-mode0-100":{"min":0.11511725187301636,"max":0.7442349791526794},"gwa-vestas-v100-mode0-120":{"min":0.12962046265602112,"max":0.7497574090957642},"gwa-vestas-v100-mode0-150":{"min":0.1466178148984909,"max":0.7493941783905029},"gwa-vestas-v100-mode0-80":{"min":0.09983645379543304,"max":0.7211096286773682},"gwa-vestas-v110-mode0-100":{"min":0.13556931912899017,"max":0.7780866026878357},"gwa-vestas-v110-mode0-120":{"min":0.15184153616428375,"max":0.7831962704658508},"gwa-vestas-v110-mode0-150":{"min":0.17017994821071625,"max":0.7825477719306946},"gwa-vestas-v110-mode0-80":{"min":0.11888235807418823,"max":0.7560368776321411},"gwa-vestas-v112-mode0-100":{"min":0.08122236281633377,"max":0.685034990310669},"gwa-vestas-v112-mode0-120":{"min":0.09272295981645584,"max":0.7022504210472107},"gwa-vestas-v112-mode0-150":{"min":0.10691352933645248,"max":0.7058433890342712},"gwa-vestas-v112-mode0-80":{"min":0.0698179304599762,"max":0.6552522778511047},"gwa-vestas-v120-mode0-100":{"min":0.1436595469713211,"max":0.7586764097213745},"gwa-vestas-v120-mode0-120":{"min":0.16064032912254333,"max":0.7632689476013184},"gwa-vestas-v120-mode0-150":{"min":0.1792692244052887,"max":0.760086715221405},"gwa-vestas-v120-mode0-80":{"min":0.12638024985790253,"max":0.7427124977111816},"gwa-vestas-v126-mode0-100":{"min":0.10246048122644424,"max":0.7206292748451233},"gwa-vestas-v126-mode0-120":{"min":0.11545835435390472,"max":0.729457676410675},"gwa-vestas-v126-mode0-150":{"min":0.13134126365184784,"max":0.7254580855369568},"gwa-vestas-v126-mode0-80":{"min":0.08843519538640976,"max":0.6953117251396179},"gwa-vestas-v136-mode0-100":{"min":0.11796924471855164,"max":0.7500075697898865},"gwa-vestas-v136-mode0-120":{"min":0.13266171514987946,"max":0.7569564580917358},"gwa-vestas-v136-mode0-150":{"min":0.14966240525245667,"max":0.7550365328788757},"gwa-vestas-v136-mode0-80":{"min":0.10260729491710663,"max":0.726270854473114},"air-density":{"min":0.9658612012863159,"max":1.1418399810791016},"lcoe":{"gwa-vestas-v100-mode0-120":{"lg":{"min":50.36000442504883,"max":272.1579895019531},"li":{"min":1.5498101711273193,"max":35.47597122192383},"lr":{"min":0.0,"max":6.109180927276611},"total":{"min":56.08578109741211,"max":302.2769470214844}},"gwa-vestas-v110-mode0-120":{"lg":{"min":48.38064956665039,"max":232.91470336914062},"li":{"min":1.4579719305038452,"max":31.282190322875977},"lr":{"min":0.0,"max":5.448406219482422},"total":{"min":53.784820556640625,"max":258.7144775390625}},"gwa-vestas-v112-mode0-120":{"lg":{"min":53.496246337890625,"max":378.8668212890625},"li":{"min":1.8084546327590942,"max":46.61592102050781},"lr":{"min":0.0,"max":8.310017585754395},"total":{"min":59.609371185302734,"max":420.46832275390625}},"gwa-vestas-v112-mode0-100":{"lg":{"min":54.7401237487793,"max":431.9456787109375},"li":{"min":1.9502582550048828,"max":54.90703582763672},"lr":{"min":0.0,"max":9.717507362365723},"total":{"min":61.00688171386719,"max":479.44317626953125}},"gwa-offshore-dtu-10mw-119":{"lg":{"min":55.92781066894531,"max":463.4815673828125},"li":{"min":1.959212303161621,"max":54.53945541381836},"lr":{"min":0.0,"max":10.127355575561523},"total":{"min":62.341251373291016,"max":515.2783813476562}},"gwa-vestas-v126-mode0-150":{"lg":{"min":51.912841796875,"max":268.6446533203125},"li":{"min":1.554360032081604,"max":31.713417053222656},"lr":{"min":0.0,"max":5.578820705413818},"total":{"min":57.368106842041016,"max":298.0140380859375}},"gwa-vestas-v120-mode0-80":{"lg":{"min":50.799747467041016,"max":279.03314208984375},"li":{"min":1.5919740200042725,"max":38.43962478637695},"lr":{"min":0.0,"max":6.6253662109375},"total":{"min":56.579837799072266,"max":309.5589599609375}},"gsa-pvout":{"lg":{"min":138.61222644271413,"max":173.4358292262228},"li":{"min":4.291145570413447,"max":34.6110398753018},"lr":{"min":0.0,"max":11.461970394765642},"total":{"min":147.61118641108334,"max":188.50135748976936}},"gwa-vestas-v126-mode0-80":{"lg":{"min":53.99018096923828,"max":397.0421447753906},"li":{"min":1.8896853923797607,"max":51.374446868896484},"lr":{"min":0.0,"max":8.822223663330078},"total":{"min":60.164310455322266,"max":440.66571044921875}},"gwa-offshore-leanwind-8mw-110":{"lg":{"min":55.37022399902344,"max":466.2442626953125},"li":{"min":1.9685595035552979,"max":56.594181060791016},"lr":{"min":0.0,"max":10.404655456542969},"total":{"min":61.71480178833008,"max":518.4166259765625}},"gwa-vestas-v110-mode0-100":{"lg":{"min":48.672096252441406,"max":260.39105224609375},"li":{"min":1.530199646949768,"max":35.932640075683594},"lr":{"min":0.0,"max":6.175948143005371},"total":{"min":54.18940734863281,"max":289.28753662109375}},"gwa-vestas-v136-mode0-100":{"lg":{"min":50.34454345703125,"max":298.642578125},"li":{"min":1.6284629106521606,"max":40.34614181518555},"lr":{"min":0.0,"max":6.892250061035156},"total":{"min":56.06841278076172,"max":331.85015869140625}},"gwa-vestas-v126-mode0-100":{"lg":{"min":52.23390579223633,"max":343.24066162109375},"li":{"min":1.7420753240585327,"max":45.465553283691406},"lr":{"min":0.0,"max":7.775022983551025},"total":{"min":58.19112777709961,"max":381.47467041015625}},"gwa-vestas-v126-mode0-120":{"lg":{"min":51.6501350402832,"max":305.0501708984375},"li":{"min":1.6371673345565796,"max":39.06324768066406},"lr":{"min":0.0,"max":6.688575267791748},"total":{"min":57.535255432128906,"max":338.4597473144531}},"gwa-vestas-v120-mode0-120":{"lg":{"min":49.53933334350586,"max":220.37631225585938},"li":{"min":1.4318606853485107,"max":29.91244125366211},"lr":{"min":0.0,"max":5.223642826080322},"total":{"min":52.93769073486328,