{"worldpop":{"min":-3.4028234663852886e+38,"max":152.42938232421875},"slope":{"min":0.6642767190933228,"max":14.230454444885254},"land-cover":{"min":10.0,"max":210.0},"airports":{"min":0.0,"max":5385.16455078125},"ports":{"min":65535.0,"max":65535.0},"anchorages":{"min":65535.0,"max":65535.0},"grid":{"min":65535.0,"max":65535.0},"roads":{"min":2500.0,"max":9708.244140625},"pp-whs":{"min":691002.875,"max":697819.625},"unep-coral":{"min":65535.0,"max":65535.0},"unesco":{"min":65535.0,"max":65535.0},"unesco-ramsar":{"min":65535.0,"max":65535.0},"wwf-glw-1":{"min":65535.0,"max":65535.0},"wwf-glw-2":{"min":65535.0,"max":65535.0},"jrc-gsw":{"min":0.0,"max":1.0},"pp-marine-protected":{"min":0.0,"max":1.0},"unep-tidal":{"min":0.0,"max":0.0},"wwf-glw-3":{"min":255.0,"max":255.0},"gsa-pvout":{"min":4.191676139831543,"max":4.246640682220459},"gsa-ghi":{"min":4.717105388641357,"max":4.7903642654418945},"gsa-gti":{"min":5.0969109535217285,"max":5.2011590003967285},"gsa-temp":{"min":17.805679321289062,"max":19.88539695739746},"gwa-iec1":{"min":0.37948596477508545,"max":0.5067580938339233},"gwa-iec2":{"min":0.4346548020839691,"max":0.5581395030021667},"gwa-iec3":{"min":0.4729789197444916,"max":0.5936437249183655},"gwa-power-10":{"min":64.71974182128906,"max":258.5052185058594},"gwa-speed-10":{"min":3.5291988849639893,"max":5.733124256134033},"gwa-power-50":{"min":269.9110107421875,"max":482.82330322265625},"gwa-speed-50":{"min":6.226039409637451,"max":7.503465175628662},"gwa-power-100":{"min":393.4784851074219,"max":678.3673706054688},"gwa-speed-100":{"min":7.309011936187744,"max":8.805635452270508},"gwa-power-150":{"min":456.96942138671875,"max":730.8418579101562},"gwa-speed-150":{"min":7.703121185302734,"max":9.094318389892578},"gwa-power-200":{"min":504.2979736328125,"max":779.8291015625},"gwa-speed-200":{"min":7.939740180969238,"max":9.29978084564209},"gebco":{"min":-14.0,"max":235.0},"srtm90":{"min":29.0,"max":251.0},"waterbodies":{"min":0.0,"max":1.0},"gwa-enercon-e44-50":{"min":0.1892361044883728,"max":0.30877038836479187},"gwa-enercon-e48-50":{"min":0.23329269886016846,"max":0.3701629042625427},"gwa-enercon-e53-50":{"min":0.2700195610523224,"max":0.41465213894844055},"gwa-offshore-dtu-10mw-119":{"min":0.35289299488067627,"max":0.5030898451805115},"gwa-offshore-iea-15mw-150":{"min":0.42979535460472107,"max":0.5659679174423218},"gwa-offshore-leanwind-8mw-110":{"min":0.3546372652053833,"max":0.5089375376701355},"gwa-vestas-v100-mode0-100":{"min":0.45942553877830505,"max":0.6065886616706848},"gwa-vestas-v100-mode0-120":{"min":0.4809180200099945,"max":0.6205518841743469},"gwa-vestas-v100-mode0-150":{"min":0.4984033405780792,"max":0.6259969472885132},"gwa-vestas-v100-mode0-80":{"min":0.42259639501571655,"max":0.5759453177452087},"gwa-vestas-v110-mode0-100":{"min":0.5042423009872437,"max":0.6452383995056152},"gwa-vestas-v110-mode0-120":{"min":0.5257468223571777,"max":0.6589258909225464},"gwa-vestas-v110-mode0-150":{"min":0.5423520803451538,"max":0.6640975475311279},"gwa-vestas-v110-mode0-80":{"min":0.46557167172431946,"max":0.6149517893791199},"gwa-vestas-v112-mode0-100":{"min":0.3716941773891449,"max":0.5265867114067078},"gwa-vestas-v112-mode0-120":{"min":0.3920755386352539,"max":0.540675699710846},"gwa-vestas-v112-mode0-150":{"min":0.4103332459926605,"max":0.5467907190322876},"gwa-vestas-v112-mode0-80":{"min":0.3387281000614166,"max":0.49629902839660645},"gwa-vestas-v120-mode0-100":{"min":0.5205825567245483,"max":0.6516901850700378},"gwa-vestas-v120-mode0-120":{"min":0.542914628982544,"max":0.6647176742553711},"gwa-vestas-v120-mode0-150":{"min":0.5585228800773621,"max":0.6692375540733337},"gwa-vestas-v120-mode0-80":{"min":0.4803483486175537,"max":0.6225621700286865},"gwa-vestas-v126-mode0-100":{"min":0.4269694685935974,"max":0.5772655606269836},"gwa-vestas-v126-mode0-120":{"min":0.44813069701194763,"max":0.5913020968437195},"gwa-vestas-v126-mode0-150":{"min":0.4659823179244995,"max":0.5969780087471008},"gwa-vestas-v126-mode0-80":{"min":0.3914647698402405,"max":0.546646773815155},"gwa-vestas-v136-mode0-100":{"min":0.46533122658729553,"max":0.6119999289512634},"gwa-vestas-v136-mode0-120":{"min":0.4867715537548065,"max":0.6259180903434753},"gwa-vestas-v136-mode0-150":{"min":0.5041024088859558,"max":0.6313422322273254},"gwa-vestas-v136-mode0-80":{"min":0.42846235632896423,"max":0.5814085006713867},"air-density":{"min":1.1641288995742798,"max":1.187406301498413},"lcoe":{"gwa-vestas-v100-mode0-120":{"lg":{"min":60.01266098022461,"max":76.2758560180664},"li":{"min":3.226717233657837,"max":4.163589954376221},"lr":{"min":0.05434321239590645,"max":0.23145854473114014},"total":{"min":63.381629943847656,"max":80.54957580566406}},"gwa-vestas-v110-mode0-120":{"lg":{"min":56.75063705444336,"max":70.11311340332031},"li":{"min":3.038801908493042,"max":3.8085732460021973},"lr":{"min":0.050520025193691254,"max":0.2118169516324997},"total":{"min":59.92340850830078,"max":74.02242279052734}},"gwa-vestas-v112-mode0-120":{"lg":{"min":68.28763580322266,"max":92.65322875976562},"li":{"min":3.7034130096435547,"max":5.107039928436279},"lr":{"min":0.06436707079410553,"max":0.2836625576019287},"total":{"min":72.1543197631836,"max":97.89535522460938}},"gwa-vestas-v112-mode0-100":{"lg":{"min":70.00765991210938,"max":97.51441192626953},"li":{"min":3.8024985790252686,"max":5.387077808380127},"lr":{"min":0.06576418876647949,"max":0.3008235991001129},"total":{"min":73.97779083251953,"max":103.20231628417969}},"gwa-offshore-dtu-10mw-119":{"lg":{"min":73.09056091308594,"max":102.4966049194336},"li":{"min":3.9800949096679688,"max":5.674087047576904},"lr":{"min":0.07014672458171844,"max":0.315108984708786},"total":{"min":77.24612426757812,"max":108.3207778930664}},"gwa-vestas-v126-mode0-150":{"lg":{"min":62.224517822265625,"max":78.59244537353516},"li":{"min":3.354135751724243,"max":4.297041893005371},"lr":{"min":0.056861940771341324,"max":0.2381868064403534},"total":{"min":65.72651672363281,"max":83.0031509399414}},"gwa-vestas-v120-mode0-80":{"lg":{"min":59.831787109375,"max":76.36156463623047},"li":{"min":3.2162976264953613,"max":4.168527603149414},"lr":{"min":0.052026767283678055,"max":0.2312561720609665},"total":{"min":63.189876556396484,"max":80.7509536743164}},"gsa-pvout":{"lg":{"min":181.77821966069513,"max":184.10938699433336},"li":{"min":10.241257434932237,"max":10.375548828069482},"lr":{"min":0.15082348504165366,"max":0.5869788858730568},"total":{"min":192.50798213294445,"max":194.9460745006424}},"gwa-vestas-v126-mode0-80":{"lg":{"min":67.58540344238281,"max":92.79154205322266},"li":{"min":3.6629602909088135,"max":5.1150078773498535},"lr":{"min":0.06097976490855217,"max":0.2856307625770569},"total":{"min":71.40985107421875,"max":98.19217681884766}},"gwa-offshore-leanwind-8mw-110":{"lg":{"min":72.29670715332031,"max":102.01213073730469},"li":{"min":3.934363603591919,"max":5.646178245544434},"lr":{"min":0.06915771216154099,"max":0.31451308727264404},"total":{"min":76.4045181274414,"max":107.80765533447266}},"gwa-vestas-v110-mode0-100":{"lg":{"min":57.86964416503906,"max":72.93266296386719},"li":{"min":3.103264570236206,"max":3.970998764038086},"lr":{"min":0.05139528959989548,"max":0.22174733877182007},"total":{"min":61.109718322753906,"max":77.12541198730469}},"gwa-vestas-v136-mode0-100":{"lg":{"min":60.795372009277344,"max":78.69681549072266},"li":{"min":3.2718069553375244,"max":4.303054332733154},"lr":{"min":0.054807666689157486,"max":0.24028989672660828},"total":{"min":64.21141815185547,"max":83.24015808105469}},"gwa-vestas-v126-mode0-100":{"lg":{"min":64.2127685546875,"max":85.4080581665039},"li":{"min":3.468672752380371,"max":4.689668655395508},"lr":{"min":0.05876635015010834,"max":0.2618790864944458},"total":{"min":67.83435821533203,"max":90.35960388183594}},"gwa-vestas-v126-mode0-120":{"lg":{"min":62.78342056274414,"max":81.56388854980469},"li":{"min":3.3863322734832764,"max":4.468217372894287},"lr":{"min":0.05762556195259094,"max":0.24832452833652496},