{"worldpop": {"min": -3.4028234663852886e+38, "max": 131.06204223632812}, "slope": {"min": 0.0, "max": 77.995361328125}, "land-cover": {"min": 10.0, "max": 210.0}, "airports": {"min": 500.0, "max": 381000.34375}, "ports": {"min": 65535.0, "max": 500000.0}, "anchorages": {"min": 65535.0, "max": 500000.0}, "grid": {"min": 65535.0, "max": 500000.0}, "roads": {"min": 0.0, "max": 383498.6875}, "pp-whs": {"min": 347875.34375, "max": 985787.125}, "unep-coral": {"min": 65535.0, "max": 500000.0}, "unesco": {"min": 65535.0, "max": 65535.0}, "unesco-ramsar": {"min": 65535.0, "max": 500000.0}, "wwf-glw-1": {"min": 65535.0, "max": 500000.0}, "wwf-glw-2": {"min": 65535.0, "max": 500000.0}, "jrc-gsw": {"min": 0.0, "max": 255.0}, "pp-marine-protected": {"min": 0.0, "max": 1.0}, "unep-tidal": {"min": 0.0, "max": 0.0}, "wwf-glw-3": {"min": 255.0, "max": 255.0}, "gsa-pvout": {"min": 4.191676139831543, "max": 4.36899995803833}, "gsa-ghi": {"min": 4.717105388641357, "max": 4.939000129699707}, "gsa-gti": {"min": 5.0969109535217285, "max": 5.368000030517578}, "gsa-temp": {"min": 18.098644256591797, "max": 21.600000381469727}, "gwa-iec1": {"min": 0.36845242977142334, "max": 0.5067580938339233}, "gwa-iec2": {"min": 0.42313066124916077, "max": 0.5581395030021667}, "gwa-iec3": {"min": 0.461478590965271, "max": 0.5936437249183655}, "gwa-power-10": {"min": 64.71974182128906, "max": 492.3257751464844}, "gwa-speed-10": {"min": 3.5291988849639893, "max": 7.096006870269775}, "gwa-power-50": {"min": 269.2311096191406, "max": 659.5477294921875}, "gwa-speed-50": {"min": 6.058853626251221, "max": 8.268102645874023}, "gwa-power-100": {"min": 385.387939453125, "max": 702.4261474609375}, "gwa-speed-100": {"min": 7.234920501708984, "max": 8.805635452270508}, "gwa-power-150": {"min": 455.624755859375, "max": 730.8418579101562}, "gwa-speed-150": {"min": 7.69154691696167, "max": 9.094318389892578}, "gwa-power-200": {"min": 488.236083984375, "max": 779.8291015625}, "gwa-speed-200": {"min": 7.872903347015381, "max": 9.298208236694336}, "gebco": {"min": -5118.0, "max": 201.0}, "srtm90": {"min": 5.0, "max": 214.0}, "waterbodies": {"min": 0.0, "max": 1.0}, "gwa-enercon-e44-50": {"min": 0.18060752749443054, "max": 0.34352385997772217}, "gwa-enercon-e48-50": {"min": 0.22584764659404755, "max": 0.4071280062198639}, "gwa-enercon-e53-50": {"min": 0.2643964886665344, "max": 0.45153096318244934}, "gwa-offshore-dtu-10mw-119": {"min": 0.34547510743141174, "max": 0.4738491475582123}, "gwa-offshore-iea-15mw-150": {"min": 0.4240745007991791, "max": 0.5427502989768982}, "gwa-offshore-leanwind-8mw-110": {"min": 0.3458118438720703, "max": 0.47908955812454224}, "gwa-vestas-v100-mode0-100": {"min": 0.44752901792526245, "max": 0.5809667706489563}, "gwa-vestas-v100-mode0-120": {"min": 0.47265860438346863, "max": 0.5954015254974365}, "gwa-vestas-v100-mode0-150": {"min": 0.4925220310688019, "max": 0.6054224967956543}, "gwa-vestas-v100-mode0-80": {"min": 0.4073706865310669, "max": 0.5675769448280334}, "gwa-vestas-v110-mode0-100": {"min": 0.492012083530426, "max": 0.6211482882499695}, "gwa-vestas-v110-mode0-120": {"min": 0.5173470973968506, "max": 0.6353885531425476}, "gwa-vestas-v110-mode0-150": {"min": 0.5364587306976318, "max": 0.6448230743408203}, "gwa-vestas-v110-mode0-80": {"min": 0.4503202438354492, "max": 0.6058863401412964}, "gwa-vestas-v112-mode0-100": {"min": 0.3610021471977234, "max": 0.500720202922821}, "gwa-vestas-v112-mode0-120": {"min": 0.3844774067401886, "max": 0.5122310519218445}, "gwa-vestas-v112-mode0-150": {"min": 0.4047449827194214, "max": 0.5233193039894104}, "gwa-vestas-v112-mode0-80": {"min": 0.3255467116832733, "max": 0.4894680082798004}, "gwa-vestas-v120-mode0-100": {"min": 0.5094056725502014, "max": 0.6306293606758118}, "gwa-vestas-v120-mode0-120": {"min": 0.5345227122306824, "max": 0.6443946957588196}, "gwa-vestas-v120-mode0-150": {"min": 0.5527151823043823, "max": 0.6527684926986694}, "gwa-vestas-v120-mode0-80": {"min": 0.46728089451789856, "max": 0.6129859089851379}, "gwa-vestas-v126-mode0-100": {"min": 0.4154861867427826, "max": 0.5513743758201599}, "gwa-vestas-v126-mode0-120": {"min": 0.4400775134563446, "max": 0.564940869808197}, "gwa-vestas-v126-mode0-150": {"min": 0.4601818919181824, "max": 0.5753620862960815}, "gwa-vestas-v126-mode0-80": {"min": 0.3769713342189789, "max": 0.538981556892395}, "gwa-vestas-v136-mode0-100": {"min": 0.45342379808425903, "max": 0.586359441280365}, "gwa-vestas-v136-mode0-120": {"min": 0.47850656509399414, "max": 0.6007354259490967}, "gwa-vestas-v136-mode0-150": {"min": 0.4982244670391083, "max": 0.6107158660888672}, "gwa-vestas-v136-mode0-80": {"min": 0.4131782650947571, "max": 0.5732630491256714}, "air-density": {"min": 1.164810299873352, "max": 1.1925184726715088}}