{"worldpop":{"min":-3.4028234663852886e+38,"max":5272.0576171875},"slope":{"min":0.0,"max":30.888803482055664},"land-cover":{"min":10.0,"max":210.0},"airports":{"min":500.0,"max":342503.28125},"ports":{"min":0.0,"max":204656.421875},"anchorages":{"min":0.0,"max":304161.5625},"grid":{"min":0.0,"max":160440.796875},"roads":{"min":0.0,"max":52844.109375},"pp-whs":{"min":4527.69287109375,"max":309747.0625},"unep-coral":{"min":2828.427001953125,"max":309998.78125},"unesco":{"min":0.0,"max":315218.15625},"unesco-ramsar":{"min":65535.0,"max":500000.0},"wwf-glw-1":{"min":0.0,"max":199540.71875},"wwf-glw-2":{"min":0.0,"max":107912.0},"jrc-gsw":{"min":0.0,"max":1.0},"pp-marine-protected":{"min":0.0,"max":0.0},"unep-tidal":{"min":0.0,"max":1.0},"wwf-glw-3":{"min":1.0,"max":255.0},"gsa-pvout":{"min":3.2546119689941406,"max":4.989221572875977},"gsa-ghi":{"min":4.01901912689209,"max":6.125962257385254},"gsa-gti":{"min":4.035196304321289,"max":6.346502304077148},"gsa-temp":{"min":15.995365142822266,"max":29.796451568603516},"gwa-iec1":{"min":0.012610435485839844,"max":0.759042501449585},"gwa-iec2":{"min":0.018962152302265167,"max":0.7530032992362976},"gwa-iec3":{"min":0.023052647709846497,"max":0.7707558870315552},"gwa-power-10":{"min":0.7262245416641235,"max":3739.787353515625},"gwa-speed-10":{"min":0.7015848755836487,"max":14.35342025756836},"gwa-power-50":{"min":7.094757556915283,"max":3814.3779296875},"gwa-speed-50":{"min":1.5235843658447266,"max":15.617766380310059},"gwa-power-100":{"min":16.834228515625,"max":3846.1484375},"gwa-speed-100":{"min":2.177438974380493,"max":15.884383201599121},"gwa-power-150":{"min":26.297964096069336,"max":3912.0283203125},"gwa-speed-150":{"min":2.5793519020080566,"max":16.463825225830078},"gwa-power-200":{"min":35.64201736450195,"max":4009.282470703125},"gwa-speed-200":{"min":2.7180542945861816,"max":17.30632781982422},"gebco":{"min":-102.0,"max":1983.0},"srtm90":{"min":-3.0,"max":1998.0},"waterbodies":{"min":0.0,"max":2.0},"gwa-enercon-e44-50":{"min":0.0011410954175516963,"max":0.6290463805198669},"gwa-enercon-e48-50":{"min":0.0015667469706386328,"max":0.6839841604232788},"gwa-enercon-e53-50":{"min":0.004051074851304293,"max":0.7164298295974731},"gwa-offshore-dtu-10mw-119":{"min":0.00808333232998848,"max":0.7464736700057983},"gwa-offshore-iea-15mw-150":{"min":0.025583799928426743,"max":0.7839555740356445},"gwa-offshore-leanwind-8mw-110":{"min":0.007336282171308994,"max":0.7598453760147095},"gwa-vestas-v100-mode0-100":{"min":0.014028049074113369,"max":0.7765987515449524},"gwa-vestas-v100-mode0-120":{"min":0.021963512524962425,"max":0.7789405584335327},"gwa-vestas-v100-mode0-150":{"min":0.036630917340517044,"max":0.7882502675056458},"gwa-vestas-v100-mode0-80":{"min":0.008472968824207783,"max":0.7627044320106506},"gwa-vestas-v110-mode0-100":{"min":0.0179397352039814,"max":0.8053284287452698},"gwa-vestas-v110-mode0-120":{"min":0.027840126305818558,"max":0.8081907629966736},"gwa-vestas-v110-mode0-150":{"min":0.04657004028558731,"max":0.8175801634788513},"gwa-vestas-v110-mode0-80":{"min":0.010879851877689362,"max":0.7919445633888245},"gwa-vestas-v112-mode0-100":{"min":0.008838864974677563,"max":0.7687773108482361},"gwa-vestas-v112-mode0-120":{"min":0.014023823663592339,"max":0.7718819379806519},"gwa-vestas-v112-mode0-150":{"min":0.02322581224143505,"max":0.7718952894210815},"gwa-vestas-v112-mode0-80":{"min":0.005307431798428297,"max":0.7556848526000977},"gwa-vestas-v120-mode0-100":{"min":0.019187480211257935,"max":0.7792219519615173},"gwa-vestas-v120-mode0-120":{"min":0.029813293367624283,"max":0.7898818850517273},"gwa-vestas-v120-mode0-150":{"min":0.049935415387153625,"max":0.80033278465271},"gwa-vestas-v120-mode0-80":{"min":0.011621263809502125,"max":0.7650561332702637},"gwa-vestas-v126-mode0-100":{"min":0.012353741563856602,"max":0.7630912065505981},"gwa-vestas-v126-mode0-120":{"min":0.019302431493997574,"max":0.766750693321228},"gwa-vestas-v126-mode0-150":{"min":0.032134342938661575,"max":0.7660085558891296},"gwa-vestas-v126-mode0-80":{"min":0.007472175173461437,"max":0.7496736645698547},"gwa-vestas-v136-mode0-100":{"min":0.0148457707837224,"max":0.7866588830947876},"gwa-vestas-v136-mode0-120":{"min":0.02313384786248207,"max":0.7895968556404114},"gwa-vestas-v136-mode0-150":{"min":0.038568366318941116,"max":0.7938933372497559},"gwa-vestas-v136-mode0-80":{"min":0.008990848436951637,"max":0.7732287049293518},"air-density":{"min":0.9649602174758911,"max":1.1594923734664917},"lcoe":{"gwa-vestas-v100-mode0-120":{"lg":{"min":48.62312698364258,"max":1586.5682373046875},"li":{"min":1.3816978931427002,"max":53.16453170776367},"lr":{"min":0.0,"max":12.273154258728027},"total":{"min":50.0647087097168,"max":1644.287841796875}},"gwa-vestas-v110-mode0-120":{"lg":{"min":47.00811004638672,"max":1252.512939453125},"li":{"min":1.3297858238220215,"max":41.94233322143555},"lr":{"min":0.0,"max":9.668569564819336},"total":{"min":48.396484375,"max":1298.048828125}},"gwa-vestas-v112-mode0-120":{"lg":{"min":49.03118133544922,"max":2482.551025390625},"li":{"min":1.408947467803955,"max":83.2640151977539},"lr":{"min":0.0,"max":19.34714698791504},"total":{"min":50.493568420410156,"max":2572.94873046875}},"gwa-vestas-v112-mode0-100":{"lg":{"min":49.213043212890625,"max":3936.491455078125},"li":{"min":1.4147112369537354,"max":132.10745239257812},"lr":{"min":0.0,"max":27.397462844848633},"total":{"min":50.681339263916016,"max":4079.91748046875}},"gwa-offshore-dtu-10mw-119":{"lg":{"min":50.56394577026367,"max":4304.05322265625},"li":{"min":1.45698082447052,"max":138.26564025878906},"lr":{"min":0.0,"max":35.320770263671875},"total":{"min":52.076114654541016,"max":4460.28564453125}},"gwa-vestas-v126-mode0-150":{"lg":{"min":49.376461029052734,"max":1085.670166015625},"li":{"min":1.388716459274292,"max":36.75189971923828},"lr":{"min":0.0,"max":9.0773344039917},"total":{"min":50.85601043701172,"max":1124.97021484375}},"gwa-vestas-v120-mode0-80":{"lg":{"min":49.43295669555664,"max":2994.9619140625},"li":{"min":1.4019854068756104,"max":100.47787475585938},"lr":{"min":0.0,"max":16.384933471679688},"total":{"min":51.04372024536133,"max":3104.04833984375}},"gsa-pvout":{"lg":{"min":155.31823852606433,"max":235.96627653807792},"li":{"min":4.492553649555165,"max":16.400152790368594},"lr":{"min":0.0,"max":3.4232713309443192},"total":{"min":160.1535644312339,"max":243.03622433365595}},"gwa-vestas-v126-mode0-80":{"lg":{"min":50.36518859863281,"max":4655.75927734375},"li":{"min":1.4368633031845093,"max":156.27041625976562},"lr":{"min":0.0,"max":25.90134048461914},"total":{"min":51.8630485534668,"max":4825.4189453125}},"gwa-offshore-leanwind-8mw-110":{"lg":{"min":49.74451446533203,"max":4741.92529296875},"li":{"min":1.4313409328460693,"max":159.16506958007812},"lr":{"min":0.0,"max":39.18174362182617},"total":{"min":51.23006820678711,"max":4914.72705078125}},"gwa-vestas-v110-mode0-100":{"lg":{"min":47.16097640991211,"max":1941.5289306640625},"li":{"min":1.34833824634552,"max":65.08901977539062},"lr":{"min":0.0,"max":13.00316047668457},"total":{"min":48.55532455444336,"max":2012.194580078125}},"gwa-vestas-v136-mode0-100":{"lg":{"min":48.185302734375,"max":2345.323974609375},"li":{"min":1.381427526473999,"max":78.65404510498047},"lr":{"min":0.0,"max":15.854187965393066},"total":{"min":49.61274337768555,"max":2430.717041015625}},"gwa-vestas-v126-mode0-100":{"lg":{"min":49.54994583129883,"max":2817.6220703125},"li":{"min":1.4246468544006348,"max":94.52033996582031},"lr":{"min":0.0,"max":19.14837074279785},"total":{"min":51.02146911621094,"max":2920.24072265625}},"gwa-vestas-v126-mode0-120":{"lg":{"min":49.332542419433594,"max":1804.7451171875},"li":{"min":1.4184504747390747,"max":60.493927001953125},"lr":{"min":0.0,"max":14.01255989074707},"total":{"min":50.79704284667969,"max":1870.4219970703125}},"gwa-vestas-v120-mode0-120":{"lg":{"min":48.005008697509766,"max":1169.881103515625},"li":{"min":1.3591232299804688,"max":39.16641616821289},"lr":{"min":0.0,"max":9.011489868164062},