{"worldpop":{"min":0.30586057901382446,"max":50.692787170410156},"slope":{"min":0.06006118655204773,"max":37.22498321533203},"land-cover":{"min":19.274246215820312,"max":210.0},"airports":{"min":0.0,"max":18117.669921875},"ports":{"min":391833.1875,"max":408013.78125},"anchorages":{"min":0.0,"max":14849.2421875},"grid":{"min":65535.0,"max":65535.0},"roads":{"min":0.0,"max":3201.562255859375},"pp-whs":{"min":1552063.125,"max":1576053.625},"unep-coral":{"min":0.0,"max":6708.20361328125},"unesco":{"min":65535.0,"max":65535.0},"unesco-ramsar":{"min":65535.0,"max":65535.0},"wwf-glw-1":{"min":65535.0,"max":65535.0},"wwf-glw-2":{"min":397782.9375,"max":413970.09375},"jrc-gsw":{"min":0.0,"max":1.0},"pp-marine-protected":{"min":0.0,"max":0.0},"unep-tidal":{"min":0.0,"max":0.0},"wwf-glw-3":{"min":255.0,"max":255.0},"gsa-pvout":{"min":3.923022985458374,"max":4.205779075622559},"gsa-ghi":{"min":4.718082427978516,"max":5.051884174346924},"gsa-gti":{"min":4.900052547454834,"max":5.2592926025390625},"gsa-temp":{"min":24.632505416870117,"max":25.399999618530273},"gwa-iec1":{"min":0.16156618297100067,"max":0.39988812804222107},"gwa-iec2":{"min":0.20206187665462494,"max":0.4573259949684143},"gwa-iec3":{"min":0.23323595523834229,"max":0.4967944622039795},"gwa-power-10":{"min":10.839502334594727,"max":161.75865173339844},"gwa-speed-10":{"min":2.037044048309326,"max":5.274101734161377},"gwa-power-50":{"min":74.0512924194336,"max":324.0787353515625},"gwa-speed-50":{"min":4.122875213623047,"max":6.827210903167725},"gwa-power-100":{"min":135.35633850097656,"max":400.8896484375},"gwa-speed-100":{"min":5.289444446563721,"max":7.538466930389404},"gwa-power-150":{"min":202.7300567626953,"max":432.5973815917969},"gwa-speed-150":{"min":6.125091075897217,"max":7.771389484405518},"gwa-power-200":{"min":263.1596374511719,"max":460.54791259765625},"gwa-speed-200":{"min":6.665060520172119,"max":7.897629261016846},"gebco":{"min":-351.0,"max":82.0},"srtm90":{"min":18.0,"max":84.0},"waterbodies":{"min":0.0,"max":1.0},"gwa-enercon-e44-50":{"min":0.053760915994644165,"max":0.24146533012390137},"gwa-enercon-e48-50":{"min":0.07052990794181824,"max":0.2995874285697937},"gwa-enercon-e53-50":{"min":0.09239984303712845,"max":0.3455311059951782},"gwa-offshore-dtu-10mw-119":{"min":0.15742674469947815,"max":0.36797767877578735},"gwa-offshore-iea-15mw-150":{"min":0.24864216148853302,"max":0.43703922629356384},"gwa-offshore-leanwind-8mw-110":{"min":0.15193377435207367,"max":0.37732774019241333},"gwa-vestas-v100-mode0-100":{"min":0.22496232390403748,"max":0.49257200956344604},"gwa-vestas-v100-mode0-120":{"min":0.2632848918437958,"max":0.4987942576408386},"gwa-vestas-v100-mode0-150":{"min":0.31740960478782654,"max":0.5127739906311035},"gwa-vestas-v100-mode0-80":{"min":0.18875519931316376,"max":0.4853264093399048},"gwa-vestas-v110-mode0-100":{"min":0.2642293870449066,"max":0.5374742150306702},"gwa-vestas-v110-mode0-120":{"min":0.30683520436286926,"max":0.5441262722015381},"gwa-vestas-v110-mode0-150":{"min":0.36509132385253906,"max":0.5604335069656372},"gwa-vestas-v110-mode0-80":{"min":0.22311407327651978,"max":0.5306785702705383},"gwa-vestas-v112-mode0-100":{"min":0.16002801060676575,"max":0.4020084738731384},"gwa-vestas-v112-mode0-120":{"min":0.18974696099758148,"max":0.4079146087169647},"gwa-vestas-v112-mode0-150":{"min":0.23342619836330414,"max":0.41697627305984497},"gwa-vestas-v112-mode0-80":{"min":0.13341015577316284,"max":0.39431411027908325},"gwa-vestas-v120-mode0-100":{"min":0.28080394864082336,"max":0.5548131465911865},"gwa-vestas-v120-mode0-120":{"min":0.32523441314697266,"max":0.5621975660324097},"gwa-vestas-v120-mode0-150":{"min":0.38514432311058044,"max":0.5791296362876892},"gwa-vestas-v120-mode0-80":{"min":0.2375311702489853,"max":0.5480895042419434},"gwa-vestas-v126-mode0-100":{"min":0.19999775290489197,"max":0.4587976038455963},"gwa-vestas-v126-mode0-120":{"min":0.2347986102104187,"max":0.4649009704589844},"gwa-vestas-v126-mode0-150":{"min":0.28495484590530396,"max":0.47636678814888},"gwa-vestas-v126-mode0-80":{"min":0.16747020184993744,"max":0.4513358473777771},"gwa-vestas-v136-mode0-100":{"min":0.23052451014518738,"max":0.49786287546157837},"gwa-vestas-v136-mode0-120":{"min":0.26924702525138855,"max":0.5040405988693237},"gwa-vestas-v136-mode0-150":{"min":0.32362106442451477,"max":0.5181548595428467},"gwa-vestas-v136-mode0-80":{"min":0.19377662241458893,"max":0.4907004237174988},"air-density":{"min":1.147560715675354,"max":1.1558679342269897},"lcoe":{"gwa-vestas-v100-mode0-120":{"lg":{"min":73.68556213378906,"max":136.0195770263672},"li":{"min":4.014371395111084,"max":7.6052422523498535},"lr":{"min":0.0,"max":0.13352742791175842},"total":{"min":77.75892639160156,"max":143.62481689453125}},"gwa-vestas-v110-mode0-120":{"lg":{"min":67.87995147705078,"max":117.28152465820312},"li":{"min":3.6799275875091553,"max":6.525800704956055},"lr":{"min":0.0,"max":0.1148701086640358},"total":{"min":71.5751724243164,"max":123.80732727050781}},"gwa-vestas-v112-mode0-120":{"lg":{"min":89.21088409423828,"max":187.184814453125},"li":{"min":4.9087371826171875,"max":10.552714347839355},"lr":{"min":0.0,"max":0.18477118015289307},"total":{"min":94.19175720214844,"max":197.73753356933594}},"gwa-vestas-v112-mode0-100":{"lg":{"min":90.46276092529297,"max":221.20423889160156},"li":{"min":4.980854034423828,"max":12.512469291687012},"lr":{"min":0.0,"max":0.2195599526166916},"total":{"min":95.51681518554688,"max":233.75347900390625}},"gwa-offshore-dtu-10mw-119":{"lg":{"min":98.4588851928711,"max":224.793212890625},"li":{"min":5.44148588180542,"max":12.719219207763672},"lr":{"min":0.0,"max":0.22176997363567352},"total":{"min":103.98033142089844,"max":237.54981994628906}},"gwa-vestas-v126-mode0-150":{"lg":{"min":76.96638488769531,"max":125.97988891601562},"li":{"min":4.203369140625,"max":7.026886940002441},"lr":{"min":0.0,"max":0.12137584388256073},"total":{"min":81.1821060180664,"max":133.0274200439453}},"gwa-vestas-v120-mode0-80":{"lg":{"min":67.41803741455078,"max":150.33346557617188},"li":{"min":3.653318405151367,"max":8.429821968078613},"lr":{"min":0.0,"max":0.14744533598423004},"total":{"min":71.08209228515625,"max":158.78807067871094}},"gsa-pvout":{"lg":{"min":183.5054391705252,"max":196.4434862661458},"li":{"min":10.340757248129647,"max":11.086078420005588},"lr":{"min":0.0,"max":0.2020725626494873},"total":{"min":193.88917700999005,"max":207.5621470813652}},"gwa-vestas-v126-mode0-80":{"lg":{"min":81.01306915283203,"max":211.55191040039062},"li":{"min":4.43648624420166,"max":11.956428527832031},"lr":{"min":0.0,"max":0.20936578512191772},"total":{"min":85.46259307861328,"max":223.54347229003906}},"gwa-offshore-leanwind-8mw-110":{"lg":{"min":96.11822509765625,"max":232.77574157714844},"li":{"min":5.306647777557373,"max":13.179067611694336},"lr":{"min":0.0,"max":0.22968988120555878},"total":{"min":101.50285339355469,"max":245.9935302734375}},"gwa-vestas-v110-mode0-100":{"lg":{"min":68.67056274414062,"max":135.54766845703125},"li":{"min":3.7254724502563477,"max":7.578057289123535},"lr":{"min":0.0,"max":0.13345320522785187},"total":{"min":72.4507827758789,"max":143.125732421875}},"gwa-vestas-v136-mode0-100":{"lg":{"min":73.81592559814453,"max":154.78118896484375},"li":{"min":4.021881103515625,"max":8.686040878295898},"lr":{"min":0.0,"max":0.15288710594177246},"total":{"min":77.89691162109375,"max":163.46722412109375}},"gwa-vestas-v126-mode0-100":{"lg":{"min":79.76055145263672,"max":177.79576110839844},"li":{"min":4.364332675933838,"max":10.011839866638184},"lr":{"min":0.0,"max":0.17617681622505188},"total":{"min":84.18901824951172,"max":187.80760192871094}},"gwa-vestas-v126-mode0-120":{"lg":{"min":78.76594543457031,"max":152.03648376464844},"li":{"min":4.307036399841309,"max":8.527926445007324},"lr":{"min":0.0,"max":0.14964447915554047},"total":{"min":83.13627624511719,"max":160.5644073486328}},"gwa-vestas-v120-mode0-120":{"lg":{"min":65.82659912109375,"max":110.87295532226562},"li":{"min":3.5616402626037598,