{"worldpop": {"min": -3.4028234663852886e+38, "max": 46.63914108276367}, "slope": {"min": 0.0, "max": 48.010982513427734}, "land-cover": {"min": 19.274246215820312, "max": 210.0}, "airports": {"min": 0.0, "max": 408093.4375}, "ports": {"min": 65535.0, "max": 500000.0}, "anchorages": {"min": 0.0, "max": 411036.8125}, "grid": {"min": 65535.0, "max": 500000.0}, "roads": {"min": 0.0, "max": 401744.03125}, "pp-whs": {"min": 1265508.0, "max": 1975220.375}, "unep-coral": {"min": 0.0, "max": 399324.75}, "unesco": {"min": 65535.0, "max": 65535.0}, "unesco-ramsar": {"min": 65535.0, "max": 65535.0}, "wwf-glw-1": {"min": 65535.0, "max": 65535.0}, "wwf-glw-2": {"min": 65535.0, "max": 500000.0}, "jrc-gsw": {"min": 0.0, "max": 255.0}, "pp-marine-protected": {"min": 0.0, "max": 1.0}, "unep-tidal": {"min": 0.0, "max": 0.0}, "wwf-glw-3": {"min": 255.0, "max": 255.0}, "gsa-pvout": {"min": 3.9245049953460693, "max": 4.250999927520752}, "gsa-ghi": {"min": 4.718082427978516, "max": 5.119287490844727}, "gsa-gti": {"min": 4.900493144989014, "max": 5.326287746429443}, "gsa-temp": {"min": 23.600000381469727, "max": 26.299999237060547}, "gwa-iec1": {"min": 0.16196967661380768, "max": 0.4105345606803894}, "gwa-iec2": {"min": 0.20206187665462494, "max": 0.4712241291999817}, "gwa-iec3": {"min": 0.23323595523834229, "max": 0.5127845406532288}, "gwa-power-10": {"min": 10.839502334594727, "max": 219.1519012451172}, "gwa-speed-10": {"min": 2.037044048309326, "max": 5.909148216247559}, "gwa-power-50": {"min": 75.21858215332031, "max": 339.5970153808594}, "gwa-speed-50": {"min": 4.145680904388428, "max": 7.007315635681152}, "gwa-power-100": {"min": 135.79238891601562, "max": 411.22723388671875}, "gwa-speed-100": {"min": 5.294902324676514, "max": 7.6474151611328125}, "gwa-power-150": {"min": 203.4757080078125, "max": 433.1038513183594}, "gwa-speed-150": {"min": 6.133945465087891, "max": 7.783613204956055}, "gwa-power-200": {"min": 258.7532653808594, "max": 460.54791259765625}, "gwa-speed-200": {"min": 6.642342567443848, "max": 7.897629261016846}, "gebco": {"min": -6368.0, "max": 188.0}, "srtm90": {"min": 18.0, "max": 84.0}, "waterbodies": {"min": 0.0, "max": 1.0}, "gwa-enercon-e44-50": {"min": 0.053760915994644165, "max": 0.24315428733825684}, "gwa-enercon-e48-50": {"min": 0.07052990794181824, "max": 0.30270665884017944}, "gwa-enercon-e53-50": {"min": 0.09239984303712845, "max": 0.3498208820819855}, "gwa-offshore-dtu-10mw-119": {"min": 0.15608671307563782, "max": 0.3697769045829773}, "gwa-offshore-iea-15mw-150": {"min": 0.24919380247592926, "max": 0.4384691119194031}, "gwa-offshore-leanwind-8mw-110": {"min": 0.15114690363407135, "max": 0.3797011971473694}, "gwa-vestas-v100-mode0-100": {"min": 0.2236994504928589, "max": 0.4997935891151428}, "gwa-vestas-v100-mode0-120": {"min": 0.26150384545326233, "max": 0.5100038051605225}, "gwa-vestas-v100-mode0-150": {"min": 0.31852012872695923, "max": 0.5170356631278992}, "gwa-vestas-v100-mode0-80": {"min": 0.18885351717472076, "max": 0.4861806333065033}, "gwa-vestas-v110-mode0-100": {"min": 0.26288512349128723, "max": 0.5482327342033386}, "gwa-vestas-v110-mode0-120": {"min": 0.3049684762954712, "max": 0.5587522983551025}, "gwa-vestas-v110-mode0-150": {"min": 0.3663788139820099, "max": 0.5659268498420715}, "gwa-vestas-v110-mode0-80": {"min": 0.22327111661434174, "max": 0.5312049388885498}, "gwa-vestas-v112-mode0-100": {"min": 0.15931276977062225, "max": 0.40456074476242065}, "gwa-vestas-v112-mode0-120": {"min": 0.18824175000190735, "max": 0.4110735356807709}, "gwa-vestas-v112-mode0-150": {"min": 0.2339058220386505, "max": 0.4173721969127655}, "gwa-vestas-v112-mode0-80": {"min": 0.13343407213687897, "max": 0.39580023288726807}, "gwa-vestas-v120-mode0-100": {"min": 0.2794225811958313, "max": 0.5675119757652283}, "gwa-vestas-v120-mode0-120": {"min": 0.32334423065185547, "max": 0.5781395435333252}, "gwa-vestas-v120-mode0-150": {"min": 0.3865046799182892, "max": 0.5853298306465149}, "gwa-vestas-v120-mode0-80": {"min": 0.23771874606609344, "max": 0.5483689308166504}, "gwa-vestas-v126-mode0-100": {"min": 0.19881826639175415, "max": 0.46380841732025146}, "gwa-vestas-v126-mode0-120": {"min": 0.23311801254749298, "max": 0.47303447127342224}, "gwa-vestas-v126-mode0-150": {"min": 0.28579267859458923, "max": 0.47979357838630676}, "gwa-vestas-v126-mode0-80": {"min": 0.16753828525543213, "max": 0.4524523913860321}, "gwa-vestas-v136-mode0-100": {"min": 0.22925570607185364, "max": 0.5054888725280762}, "gwa-vestas-v136-mode0-120": {"min": 0.26746317744255066, "max": 0.5156660079956055}, "gwa-vestas-v136-mode0-150": {"min": 0.32475847005844116, "max": 0.5226390361785889}, "gwa-vestas-v136-mode0-80": {"min": 0.19388437271118164, "max": 0.4915336072444916}, "air-density": {"min": 1.1475722789764404, "max": 1.1620607376098633}}