{"worldpop": {"min": -3.4028234663852886e+38, "max": 5478.59423828125}, "slope": {"min": 0.0, "max": 2.9012935161590576}, "land-cover": {"min": 10.0, "max": 210.0}, "airports": {"min": 0.0, "max": 252715.25}, "ports": {"min": 0.0, "max": 240013.015625}, "anchorages": {"min": 0.0, "max": 134768.328125}, "grid": {"min": 0.0, "max": 240604.453125}, "roads": {"min": 0.0, "max": 240470.375}, "pp-whs": {"min": 0.0, "max": 237704.109375}, "unep-coral": {"min": 65535.0, "max": 65535.0}, "unesco": {"min": 0.0, "max": 283930.03125}, "unesco-ramsar": {"min": 0.0, "max": 231324.984375}, "wwf-glw-1": {"min": 0.0, "max": 267511.6875}, "wwf-glw-2": {"min": 0.0, "max": 255574.84375}, "jrc-gsw": {"min": 0.0, "max": 255.0}, "pp-marine-protected": {"min": 0.0, "max": 1.0}, "unep-tidal": {"min": 0.0, "max": 1.0}, "wwf-glw-3": {"min": 1.0, "max": 255.0}, "gsa-pvout": {"min": 2.7019076347351074, "max": 3.111974000930786}, "gsa-ghi": {"min": 2.7333033084869385, "max": 3.08097767829895}, "gsa-gti": {"min": 3.193497657775879, "max": 3.682974100112915}, "gsa-temp": {"min": 9.800000190734863, "max": 11.300000190734863}, "gwa-iec1": {"min": 0.29970356822013855, "max": 0.6182286739349365}, "gwa-iec2": {"min": 0.3556271493434906, "max": 0.6673624515533447}, "gwa-iec3": {"min": 0.3958732783794403, "max": 0.6995847821235657}, "gwa-power-10": {"min": 19.155391693115234, "max": 614.704345703125}, "gwa-speed-10": {"min": 2.501702070236206, "max": 7.912004470825195}, "gwa-power-50": {"min": 139.4970703125, "max": 931.1511840820312}, "gwa-speed-50": {"min": 5.0764479637146, "max": 9.282904624938965}, "gwa-power-100": {"min": 265.96954345703125, "max": 1098.5086669921875}, "gwa-speed-100": {"min": 6.5081329345703125, "max": 10.024755477905273}, "gwa-power-150": {"min": 442.88385009765625, "max": 1247.811767578125}, "gwa-speed-150": {"min": 7.770054340362549, "max": 10.527372360229492}, "gwa-power-200": {"min": 630.8241577148438, "max": 1374.2882080078125}, "gwa-speed-200": {"min": 8.612723350524902, "max": 10.937202453613281}, "gebco": {"min": -71.0, "max": 110.0}, "srtm90": {"min": -11.0, "max": 109.0}, "waterbodies": {"min": 0.0, "max": 2.0}, "gwa-enercon-e44-50": {"min": 0.1081804633140564, "max": 0.43526768684387207}, "gwa-enercon-e48-50": {"min": 0.1406262367963791, "max": 0.5025554895401001}, "gwa-enercon-e53-50": {"min": 0.17354945838451385, "max": 0.545415461063385}, "gwa-offshore-dtu-10mw-119": {"min": 0.310982882976532, "max": 0.6026057004928589}, "gwa-offshore-iea-15mw-150": {"min": 0.4554179012775421, "max": 0.6741251945495605}, "gwa-offshore-leanwind-8mw-110": {"min": 0.29560044407844543, "max": 0.5986712574958801}, "gwa-vestas-v100-mode0-100": {"min": 0.3894495368003845, "max": 0.6922328472137451}, "gwa-vestas-v100-mode0-120": {"min": 0.447626531124115, "max": 0.7074654698371887}, "gwa-vestas-v100-mode0-150": {"min": 0.5279871225357056, "max": 0.724621057510376}, "gwa-vestas-v100-mode0-80": {"min": 0.33771759271621704, "max": 0.6705645322799683}, "gwa-vestas-v110-mode0-100": {"min": 0.43855804204940796, "max": 0.7271053194999695}, "gwa-vestas-v110-mode0-120": {"min": 0.4970950186252594, "max": 0.740256667137146}, "gwa-vestas-v110-mode0-150": {"min": 0.575287401676178, "max": 0.7563349008560181}, "gwa-vestas-v110-mode0-80": {"min": 0.38438111543655396, "max": 0.7066574692726135}, "gwa-vestas-v112-mode0-100": {"min": 0.2999459505081177, "max": 0.6164617538452148}, "gwa-vestas-v112-mode0-120": {"min": 0.3534914255142212, "max": 0.6356668472290039}, "gwa-vestas-v112-mode0-150": {"min": 0.4333169162273407, "max": 0.6539599895477295}, "gwa-vestas-v112-mode0-80": {"min": 0.2554318904876709, "max": 0.5932393074035645}, "gwa-vestas-v120-mode0-100": {"min": 0.45896387100219727, "max": 0.729211688041687}, "gwa-vestas-v120-mode0-120": {"min": 0.5176000595092773, "max": 0.7385860085487366}, "gwa-vestas-v120-mode0-150": {"min": 0.5938852429389954, "max": 0.7542938590049744}, "gwa-vestas-v120-mode0-80": {"min": 0.4038323760032654, "max": 0.7107188105583191}, "gwa-vestas-v126-mode0-100": {"min": 0.3563368618488312, "max": 0.6657993197441101}, "gwa-vestas-v126-mode0-120": {"min": 0.41299429535865784, "max": 0.6824237704277039}, "gwa-vestas-v126-mode0-150": {"min": 0.4937210977077484, "max": 0.7000059485435486}, "gwa-vestas-v126-mode0-80": {"min": 0.307120144367218, "max": 0.6435494422912598}, "gwa-vestas-v136-mode0-100": {"min": 0.39681780338287354, "max": 0.6984949707984924}, "gwa-vestas-v136-mode0-120": {"min": 0.4547934830188751, "max": 0.7138556241989136}, "gwa-vestas-v136-mode0-150": {"min": 0.5347127318382263, "max": 0.7308252453804016}, "gwa-vestas-v136-mode0-80": {"min": 0.3448611795902252, "max": 0.6769167184829712}, "air-density": {"min": 1.2182661294937134, "max": 1.231637954711914}}