{"worldpop": {"min": -3.4028234663852886e+38, "max": 1843.3299560546875}, "slope": {"min": 0.0, "max": 52.34347152709961}, "land-cover": {"min": 10.0, "max": 220.0}, "airports": {"min": 500.0, "max": 482444.3125}, "ports": {"min": 0.0, "max": 429367.28125}, "anchorages": {"min": 0.0, "max": 342017.90625}, "grid": {"min": 0.0, "max": 424912.0625}, "roads": {"min": 0.0, "max": 414662.5}, "pp-whs": {"min": 0.0, "max": 1477576.125}, "unep-coral": {"min": 65535.0, "max": 65535.0}, "unesco": {"min": 1000.0, "max": 499917.0}, "unesco-ramsar": {"min": 0.0, "max": 500000.0}, "wwf-glw-1": {"min": 0.0, "max": 499970.25}, "wwf-glw-2": {"min": 0.0, "max": 415300.1875}, "jrc-gsw": {"min": 0.0, "max": 255.0}, "pp-marine-protected": {"min": 0.0, "max": 1.0}, "unep-tidal": {"min": 0.0, "max": 0.0}, "wwf-glw-3": {"min": 1.0, "max": 255.0}, "gsa-pvout": {"min": 0.0, "max": 3.120537281036377}, "gsa-ghi": {"min": 1.2579990625381, "max": 2.8289999961853027}, "gsa-gti": {"min": 0.0, "max": 3.583646774291992}, "gsa-temp": {"min": -1.8490780591964722, "max": 9.800000190734863}, "gwa-iec1": {"min": 9.4688022045375e-07, "max": 0.6510494947433472}, "gwa-iec2": {"min": 2.175584086217e-06, "max": 0.6892717480659485}, "gwa-iec3": {"min": 2.8338088213786e-06, "max": 0.7189914584159851}, "gwa-power-10": {"min": 0.012934456579387, "max": 13409.5458984375}, "gwa-speed-10": {"min": 0.11994098126888, "max": 17.051668167114258}, "gwa-power-50": {"min": 0.068681567907333, "max": 8598.7568359375}, "gwa-speed-50": {"min": 0.18117314577103, "max": 14.621903419494629}, "gwa-power-100": {"min": 0.12662671506405, "max": 8236.212890625}, "gwa-speed-100": {"min": 0.26562494039536, "max": 15.115628242492676}, "gwa-power-150": {"min": 0.11337132751942, "max": 7497.18603515625}, "gwa-speed-150": {"min": 0.28240531682968, "max": 15.37032699584961}, "gwa-power-200": {"min": 0.12112526595592, "max": 6884.80615234375}, "gwa-speed-200": {"min": 0.29232773184776, "max": 15.49272346496582}, "gebco": {"min": -3295.0, "max": 2144.0}, "srtm90": {"min": 0.0, "max": 1632.0}, "waterbodies": {"min": 0.0, "max": 2.0}, "gwa-enercon-e44-50": {"min": 0.011640403419733047, "max": 0.5048497915267944}, "gwa-enercon-e48-50": {"min": 0.015395778231322765, "max": 0.5585814714431763}, "gwa-enercon-e53-50": {"min": 0.021677928045392036, "max": 0.5927955508232117}, "gwa-offshore-dtu-10mw-119": {"min": 0.03279543295502663, "max": 0.6392609477043152}, "gwa-offshore-iea-15mw-150": {"min": 0.05279437452554703, "max": 0.7103256583213806}, "gwa-offshore-leanwind-8mw-110": {"min": 0.031627509742975235, "max": 0.6396153569221497}, "gwa-vestas-v100-mode0-100": {"min": 0.044865239411592484, "max": 0.7065815329551697}, "gwa-vestas-v100-mode0-120": {"min": 0.05276487022638321, "max": 0.7246549725532532}, "gwa-vestas-v100-mode0-150": {"min": 0.06507368385791779, "max": 0.7331094145774841}, "gwa-vestas-v100-mode0-80": {"min": 0.037357084453105927, "max": 0.6785157918930054}, "gwa-vestas-v110-mode0-100": {"min": 0.051866307854652405, "max": 0.7381045818328857}, "gwa-vestas-v110-mode0-120": {"min": 0.06080203875899315, "max": 0.7541559338569641}, "gwa-vestas-v110-mode0-150": {"min": 0.07439200580120087, "max": 0.7593977451324463}, "gwa-vestas-v110-mode0-80": {"min": 0.0, "max": 0.7112531065940857}, "gwa-vestas-v112-mode0-100": {"min": 0.03360939770936966, "max": 0.6508913040161133}, "gwa-vestas-v112-mode0-120": {"min": 0.03975909575819969, "max": 0.6691436767578125}, "gwa-vestas-v112-mode0-150": {"min": 0.04980001971125603, "max": 0.6951066255569458}, "gwa-vestas-v112-mode0-80": {"min": 0.028005357831716537, "max": 0.6291965842247009}, "gwa-vestas-v120-mode0-100": {"min": 0.05445145070552826, "max": 0.731580376625061}, "gwa-vestas-v120-mode0-120": {"min": 0.06374959647655487, "max": 0.7430834770202637}, "gwa-vestas-v120-mode0-150": {"min": 0.07770645618438721, "max": 0.7396069765090942}, "gwa-vestas-v120-mode0-80": {"min": 0.04533620551228523, "max": 0.7070711851119995}, "gwa-vestas-v126-mode0-100": {"min": 0.04073835164308548, "max": 0.6822625398635864}, "gwa-vestas-v126-mode0-120": {"min": 0.04797755926847458, "max": 0.7019069194793701}, "gwa-vestas-v126-mode0-150": {"min": 0.0594351664185524, "max": 0.7134513854980469}, "gwa-vestas-v126-mode0-80": {"min": 0.033935096114873886, "max": 0.6554708480834961}, "gwa-vestas-v136-mode0-100": {"min": 0.046023957431316376, "max": 0.7129478454589844}, "gwa-vestas-v136-mode0-120": {"min": 0.054083410650491714, "max": 0.7313270568847656}, "gwa-vestas-v136-mode0-150": {"min": 0.0665951669216156, "max": 0.7408479452133179}, "gwa-vestas-v136-mode0-80": {"min": 0.038334719836711884, "max": 0.6849368810653687}, "air-density": {"min": 1.003891110420227, "max": 1.2665879726409912}}