{"worldpop":{"min":-3.4028234663852886e+38,"max":91325.953125},"slope":{"min":0.0,"max":54.95090866088867},"land-cover":{"min":10.0,"max":220.0},"airports":{"min":0.0,"max":284359.375},"ports":{"min":65535.0,"max":500000.0},"anchorages":{"min":65535.0,"max":499985.0},"grid":{"min":0.0,"max":61165.76171875},"roads":{"min":0.0,"max":27613.40234375},"pp-whs":{"min":0.0,"max":271231.0},"unep-coral":{"min":65535.0,"max":65535.0},"unesco":{"min":0.0,"max":288861.5625},"unesco-ramsar":{"min":0.0,"max":327042.8125},"wwf-glw-1":{"min":2121.3203125,"max":274124.5},"wwf-glw-2":{"min":0.0,"max":100498.7578125},"jrc-gsw":{"min":0.0,"max":1.0},"pp-marine-protected":{"min":0.0,"max":0.0},"unep-tidal":{"min":0.0,"max":0.0},"wwf-glw-3":{"min":1.0,"max":255.0},"gsa-pvout":{"min":2.2485644817352295,"max":5.993301868438721},"gsa-ghi":{"min":2.701256036758423,"max":6.221732139587402},"gsa-gti":{"min":2.6723380088806152,"max":7.144213676452637},"gsa-temp":{"min":-24.58302879333496,"max":25.89362144470215},"gwa-iec1":{"min":1.0734587704064324e-05,"max":0.5668427348136902},"gwa-iec2":{"min":2.1585781723842956e-05,"max":0.5791326761245728},"gwa-iec3":{"min":2.760750794550404e-05,"max":0.6086630821228027},"gwa-power-10":{"min":0.08394210040569305,"max":97065.1015625},"gwa-speed-10":{"min":0.2410503625869751,"max":25.84703826904297},"gwa-power-50":{"min":0.16314677894115448,"max":13251.6875},"gwa-speed-50":{"min":0.2667679488658905,"max":24.652524948120117},"gwa-power-100":{"min":0.25249582529067993,"max":10389.755859375},"gwa-speed-100":{"min":0.400692343711853,"max":24.34639549255371},"gwa-power-150":{"min":0.33159467577934265,"max":10332.9130859375},"gwa-speed-150":{"min":0.38659602403640747,"max":24.909761428833008},"gwa-power-200":{"min":0.4501572251319885,"max":10420.7861328125},"gwa-speed-200":{"min":0.43442028760910034,"max":25.435504913330078},"gebco":{"min":62.0,"max":8225.0},"srtm90":{"min":62.0,"max":8239.0},"waterbodies":{"min":1.0,"max":2.0},"gwa-enercon-e44-50":{"min":5.199540282774251e-07,"max":0.4159940183162689},"gwa-enercon-e48-50":{"min":7.199724336715008e-07,"max":0.457071453332901},"gwa-enercon-e53-50":{"min":4.2547758312139194e-06,"max":0.49940025806427},"gwa-offshore-dtu-10mw-119":{"min":9.054268161889922e-07,"max":0.5271413922309875},"gwa-offshore-iea-15mw-150":{"min":1.0041120731330011e-05,"max":0.5912899971008301},"gwa-offshore-leanwind-8mw-110":{"min":7.530463790317299e-07,"max":0.5702816843986511},"gwa-vestas-v100-mode0-100":{"min":6.74730790706235e-06,"max":0.6137527227401733},"gwa-vestas-v100-mode0-120":{"min":1.3815139936923515e-05,"max":0.6298827528953552},"gwa-vestas-v100-mode0-150":{"min":1.5394658475997858e-05,"max":0.6404805183410645},"gwa-vestas-v100-mode0-80":{"min":4.318297214922495e-06,"max":0.5872185230255127},"gwa-vestas-v110-mode0-100":{"min":5.712084657716332e-06,"max":0.7286974787712097},"gwa-vestas-v110-mode0-120":{"min":1.4237654795579147e-05,"max":0.7392522692680359},"gwa-vestas-v110-mode0-150":{"min":1.5431925930897705e-05,"max":0.7453925013542175},"gwa-vestas-v110-mode0-80":{"min":1.9050805803999538e-06,"max":0.7072057127952576},"gwa-vestas-v112-mode0-100":{"min":3.43855504070234e-06,"max":0.5628868341445923},"gwa-vestas-v112-mode0-120":{"min":7.125989213818684e-06,"max":0.5735324621200562},"gwa-vestas-v112-mode0-150":{"min":8.276102562376764e-06,"max":0.5848686099052429},"gwa-vestas-v112-mode0-80":{"min":2.1951789221930085e-06,"max":0.543321967124939},"gwa-vestas-v120-mode0-100":{"min":5.712084657716332e-06,"max":0.6317620873451233},"gwa-vestas-v120-mode0-120":{"min":1.4237654795579147e-05,"max":0.6465272307395935},"gwa-vestas-v120-mode0-150":{"min":1.54739882418653e-05,"max":0.6552921533584595},"gwa-vestas-v120-mode0-80":{"min":1.9050805803999538e-06,"max":0.6069580912590027},"gwa-vestas-v126-mode0-100":{"min":6.314958682196448e-06,"max":0.5780189037322998},"gwa-vestas-v126-mode0-120":{"min":7.896882380009629e-06,"max":0.5941416621208191},"gwa-vestas-v126-mode0-150":{"min":1.4149210073810536e-05,"max":0.6052221059799194},"gwa-vestas-v126-mode0-80":{"min":4.044642537337495e-06,"max":0.551895260810852},"gwa-vestas-v136-mode0-100":{"min":7.942478077893611e-06,"max":0.6150287985801697},"gwa-vestas-v136-mode0-120":{"min":1.579062700329814e-05,"max":0.6312013864517212},"gwa-vestas-v136-mode0-150":{"min":1.760270242812112e-05,"max":0.6420168876647949},"gwa-vestas-v136-mode0-80":{"min":5.088507350592408e-06,"max":0.5885384678840637},"air-density":{"min":0.5120702981948853,"max":1.1525335311889648},"lcoe":{"gwa-vestas-v100-mode0-120":{"lg":{"min":59.18290328979492,"max":10000.0},"li":{"min":1.815954566001892,"max":10000.0},"lr":{"min":0.0,"max":4866.109375},"total":{"min":62.24892044067383,"max":10000.0}},"gwa-vestas-v110-mode0-120":{"lg":{"min":51.0188102722168,"max":10000.0},"li":{"min":1.6264698505401611,"max":10000.0},"lr":{"min":0.0,"max":4144.14892578125},"total":{"min":52.907100677490234,"max":10000.0}},"gwa-vestas-v112-mode0-120":{"lg":{"min":64.60469055175781,"max":10000.0},"li":{"min":1.9598898887634277,"max":10000.0},"lr":{"min":0.0,"max":8613.00390625},"total":{"min":67.23839569091797,"max":10000.0}},"gwa-vestas-v112-mode0-100":{"lg":{"min":65.75089263916016,"max":10000.0},"li":{"min":1.9810676574707031,"max":10000.0},"lr":{"min":0.0,"max":10000.0},"total":{"min":68.22056579589844,"max":10000.0}},"gwa-offshore-dtu-10mw-119":{"lg":{"min":69.93820190429688,"max":10000.0},"li":{"min":2.110116958618164,"max":10000.0},"lr":{"min":0.0,"max":10000.0},"total":{"min":73.06330108642578,"max":10000.0}},"gwa-vestas-v126-mode0-150":{"lg":{"min":61.43141555786133,"max":10000.0},"li":{"min":1.8925648927688599,"max":10000.0},"lr":{"min":0.0,"max":2546.927978515625},"total":{"min":64.62236022949219,"max":10000.0}},"gwa-vestas-v120-mode0-80":{"lg":{"min":61.267147064208984,"max":10000.0},"li":{"min":1.8587501049041748,"max":10000.0},"lr":{"min":0.0,"max":10000.0},"total":{"min":64.44896697998047,"max":10000.0}},"gsa-pvout":{"lg":{"min":129.96732762611595,"max":339.75208812389764},"li":{"min":4.165118890781069,"max":14.33078108949995},"lr":{"min":0.0,"max":2.085673279359467},"total":{"min":135.80699947538227,"max":353.409465727599}},"gwa-vestas-v126-mode0-80":{"lg":{"min":66.98072052001953,"max":10000.0},"li":{"min":1.9851183891296387,"max":10000.0},"lr":{"min":0.0,"max":10000.0},"total":{"min":69.93457794189453,"max":10000.0}},"gwa-offshore-leanwind-8mw-110":{"lg":{"min":64.95016479492188,"max":10000.0},"li":{"min":1.9990288019180298,"max":10000.0},"lr":{"min":0.0,"max":10000.0},"total":{"min":67.38780975341797,"max":10000.0}},"gwa-vestas-v110-mode0-100":{"lg":{"min":51.69984817504883,"max":10000.0},"li":{"min":1.6450122594833374,"max":10000.0},"lr":{"min":0.0,"max":7080.4091796875},"total":{"min":53.61548614501953,"max":10000.0}},"gwa-vestas-v136-mode0-100":{"lg":{"min":60.515655517578125,"max":10000.0},"li":{"min":1.8236749172210693,"max":10000.0},"lr":{"min":0.0,"max":6806.59033203125},"total":{"min":63.655723571777344,"max":10000.0}},"gwa-vestas-v126-mode0-100":{"lg":{"min":64.1343002319336,"max":10000.0},"li":{"min":1.9246041774749756,"max":10000.0},"lr":{"min":0.0,"max":8413.5078125},"total":{"min":67.47542572021484,"max":10000.0}},"gwa-vestas-v126-mode0-120":{"lg":{"min":62.502479553222656,"max":10000.0},"li":{"min":1.9009206295013428,"max":10000.0},"lr":{"min":0.0,"max":5917.18408203125},"total":{"min":65.75293731689453,"max":10000.0}},"gwa-vestas-v120-mode0-120":{"lg":{"min":57.76225280761719,"max":10000.0},"li":{"min":1.7739413976669312,"max":10000.0},"lr":{"min":0.0,"max":3976.33447265625},"total":{"min":60.74934005737305,"max":10000.0}},"gwa-vestas-v120-mode0-150":{"lg":{"min":57.04315185546875,"max":10000.0},"li":{"min":1.7641551494598389,"max":10000.0},"lr":{"min":0.0,"max":1918.65673828125},"total":{"min":59.99028396606445,"max":10000.0}},"gwa-enercon-e53-50":{"lg":{"min":73.60100555419922,"max":10000.0},"li":{"min":2.1599385738372803,"max":10000.0},"lr":{"min":0.0,"max":10000.0},"total":{"min":76.38463592529297,