{"worldpop":{"min":115.80436706542969,"max":817.10205078125},"slope":{"min":0.32843831181526184,"max":32.8779411315918},"land-cover":{"min":10.297256469726562,"max":210.0},"airports":{"min":0.0,"max":4472.13623046875},"ports":{"min":0.0,"max":4000.0},"anchorages":{"min":1000.0,"max":4924.4287109375},"grid":{"min":0.0,"max":65535.0},"roads":{"min":65535.0,"max":65535.0},"pp-whs":{"min":1535954.75,"max":1541833.375},"unep-coral":{"min":500.0,"max":2061.552734375},"unesco":{"min":65535.0,"max":65535.0},"unesco-ramsar":{"min":65535.0,"max":65535.0},"wwf-glw-1":{"min":65535.0,"max":65535.0},"wwf-glw-2":{"min":65535.0,"max":65535.0},"jrc-gsw":{"min":0.0,"max":0.0},"pp-marine-protected":{"min":0.0,"max":0.0},"unep-tidal":{"min":0.0,"max":0.0},"wwf-glw-3":{"min":255.0,"max":255.0},"gsa-pvout":{"min":4.645273208618164,"max":4.656612873077393},"gsa-ghi":{"min":5.871856689453125,"max":5.886559009552002},"gsa-gti":{"min":5.882543087005615,"max":5.8964385986328125},"gsa-temp":{"min":27.031251907348633,"max":27.307209014892578},"gwa-iec1":{"min":0.07336816191673279,"max":0.08984581381082535},"gwa-iec2":{"min":0.09426113218069077,"max":0.11393005400896072},"gwa-iec3":{"min":0.11029243469238281,"max":0.13237585127353668},"gwa-power-10":{"min":14.230517387390137,"max":32.69335174560547},"gwa-speed-10":{"min":2.0589234828948975,"max":2.779003143310547},"gwa-power-50":{"min":41.9230842590332,"max":64.64034271240234},"gwa-speed-50":{"min":3.1387178897857666,"max":3.624889373779297},"gwa-power-100":{"min":64.89619445800781,"max":77.99114227294922},"gwa-speed-100":{"min":3.812678337097168,"max":4.033943176269531},"gwa-power-150":{"min":74.73810577392578,"max":83.31217956542969},"gwa-speed-150":{"min":4.01025390625,"max":4.137516498565674},"gwa-power-200":{"min":79.86407470703125,"max":87.67027282714844},"gwa-speed-200":{"min":4.0655975341796875,"max":4.21677303314209},"gebco":{"min":-36.0,"max":174.0},"srtm90":{"min":15.0,"max":38.0},"waterbodies":{"min":1.0,"max":1.0},"gwa-enercon-e44-50":{"min":0.027288855984807014,"max":0.04682738706469536},"gwa-enercon-e48-50":{"min":0.03595094755291939,"max":0.06109491363167763},"gwa-enercon-e53-50":{"min":0.04941519349813461,"max":0.0793677493929863},"gwa-offshore-dtu-10mw-119":{"min":0.0595456026494503,"max":0.07350136339664459},"gwa-offshore-iea-15mw-150":{"min":0.08969390392303467,"max":0.10360895097255707},"gwa-offshore-leanwind-8mw-110":{"min":0.06049953028559685,"max":0.07650267332792282},"gwa-vestas-v100-mode0-100":{"min":0.10195257514715195,"max":0.1280127912759781},"gwa-vestas-v100-mode0-120":{"min":0.11057643592357635,"max":0.13108673691749573},"gwa-vestas-v100-mode0-150":{"min":0.12002191692590714,"max":0.13732847571372986},"gwa-vestas-v100-mode0-80":{"min":0.09055137634277344,"max":0.12475217878818512},"gwa-vestas-v110-mode0-100":{"min":0.12292039394378662,"max":0.15230922400951385},"gwa-vestas-v110-mode0-120":{"min":0.13291078805923462,"max":0.15600402653217316},"gwa-vestas-v110-mode0-150":{"min":0.14355671405792236,"max":0.1629844754934311},"gwa-vestas-v110-mode0-80":{"min":0.10946303606033325,"max":0.14820154011249542},"gwa-vestas-v112-mode0-100":{"min":0.07005402445793152,"max":0.08973434567451477},"gwa-vestas-v112-mode0-120":{"min":0.07631117105484009,"max":0.09185062348842621},"gwa-vestas-v112-mode0-150":{"min":0.08343321830034256,"max":0.09659794718027115},"gwa-vestas-v112-mode0-80":{"min":0.06200084835290909,"max":0.0877055823802948},"gwa-vestas-v120-mode0-100":{"min":0.13138772547245026,"max":0.16222889721393585},"gwa-vestas-v120-mode0-120":{"min":0.1419767290353775,"max":0.16618682444095612},"gwa-vestas-v120-mode0-150":{"min":0.15314042568206787,"max":0.1734791249036789},"gwa-vestas-v120-mode0-80":{"min":0.11703740060329437,"max":0.1577526181936264},"gwa-vestas-v126-mode0-100":{"min":0.0899517759680748,"max":0.11348381638526917},"gwa-vestas-v126-mode0-120":{"min":0.0976288691163063,"max":0.11615888774394989},"gwa-vestas-v126-mode0-150":{"min":0.10615484416484833,"max":0.12182404100894928},"gwa-vestas-v126-mode0-80":{"min":0.0798635333776474,"max":0.1107049211859703},"gwa-vestas-v136-mode0-100":{"min":0.10527028888463974,"max":0.13168375194072723},"gwa-vestas-v136-mode0-120":{"min":0.11406150460243225,"max":0.13483989238739014},"gwa-vestas-v136-mode0-150":{"min":0.12362735718488693,"max":0.14114892482757568},"gwa-vestas-v136-mode0-80":{"min":0.0935899019241333,"max":0.12829899787902832},"air-density":{"min":1.1378570795059204,"max":1.1405543088912964},"lcoe":{"gwa-vestas-v100-mode0-120":{"lg":{"min":269.15850830078125,"max":318.3414611816406},"li":{"min":15.2749662399292,"max":18.108245849609375},"lr":{"min":5.884216785430908,"max":6.975651741027832},"total":{"min":290.31768798828125,"max":343.42535400390625}},"gwa-vestas-v110-mode0-120":{"lg":{"min":226.80679321289062,"max":265.51947021484375},"li":{"min":12.83521556854248,"max":15.065333366394043},"lr":{"min":4.9443769454956055,"max":5.803462028503418},"total":{"min":244.58639526367188,"max":286.3882751464844}},"gwa-vestas-v112-mode0-120":{"lg":{"min":382.4270324707031,"max":459.4871520996094},"li":{"min":21.800018310546875,"max":26.239215850830078},"lr":{"min":8.397794723510742,"max":10.107860565185547},"total":{"min":412.6248474121094,"max":495.834228515625}},"gwa-vestas-v112-mode0-100":{"lg":{"min":391.35174560546875,"max":500.1707763671875},"li":{"min":22.314144134521484,"max":28.582874298095703},"lr":{"min":8.595846176147461,"max":11.010684967041016},"total":{"min":422.2617492675781,"max":539.7643432617188}},"gwa-offshore-dtu-10mw-119":{"lg":{"min":476.8995361328125,"max":587.7334594726562},"li":{"min":27.24228858947754,"max":33.62709045410156},"lr":{"min":10.494263648986816,"max":12.953814506530762},"total":{"min":514.6361083984375,"max":634.3143310546875}},"gwa-vestas-v126-mode0-150":{"lg":{"min":289.31939697265625,"max":331.4345397949219},"li":{"min":16.43637466430664,"max":18.862497329711914},"lr":{"min":6.331613540649414,"max":7.266203880310059},"total":{"min":312.0873718261719,"max":357.563232421875}},"gwa-vestas-v120-mode0-80":{"lg":{"min":224.33714294433594,"max":300.9884948730469},"li":{"min":12.69294548034668,"max":17.10859489440918},"lr":{"min":4.889571666717529,"max":6.5905656814575195},"total":{"min":241.91966247558594,"max":324.6876525878906}},"gsa-pvout":{"lg":{"min":166.12647273916633,"max":166.5222427441274},"li":{"min":9.339608347458425,"max":9.362407442384487},"lr":{"min":3.5978003202566438,"max":3.6065829787980883},"total":{"min":179.06388140688142,"max":179.49123316530998}},"gwa-vestas-v126-mode0-80":{"lg":{"min":317.9766540527344,"max":439.2269287109375},"li":{"min":18.087228775024414,"max":25.072086334228516},"lr":{"min":6.967555999755859,"max":9.658259391784668},"total":{"min":343.03143310546875,"max":473.957275390625}},"gwa-offshore-leanwind-8mw-110":{"lg":{"min":458.3470153808594,"max":578.5294189453125},"li":{"min":26.17353630065918,"max":33.09687423706055},"lr":{"min":10.082559585571289,"max":12.749565124511719},"total":{"min":494.60308837890625,"max":624.3758544921875}},"gwa-vestas-v110-mode0-100":{"lg":{"min":232.21180725097656,"max":286.7745361328125},"li":{"min":13.146580696105957,"max":16.28977394104004},"lr":{"min":5.0643205642700195,"max":6.275140285491943},"total":{"min":250.42269897460938,"max":309.3394470214844}},"gwa-vestas-v136-mode0-100":{"lg":{"min":267.9563293457031,"max":334.1858215332031},"li":{"min":15.205713272094727,"max":19.020992279052734},"lr":{"min":5.857539176940918,"max":7.327259540557861},"total":{"min":289.01959228515625,"max":360.5340881347656}},"gwa-vestas-v126-mode0-100":{"lg":{"min":310.2882385253906,"max":390.4154968261719},"li":{"min":17.644323348999023,"max":22.260210037231445},"lr":{"min":6.796939849853516,"max":8.57507038116455},"total":{"min":334.7294921875,"max":421.25079345703125}},"gwa-vestas-v126-mode0-120":{"lg":{"min":303.234619140625,"max":360.029541015625},"li":{"min":17.237987518310547,"max":20.509767532348633},"lr":{"min":6.640410900115967,"max":7.900764465332031},