{"worldpop":{"min":-3.4028234663852886e+38,"max":852.626953125},"slope":{"min":0.0,"max":63.6629753112793},"land-cover":{"min":10.131319046020508,"max":210.0},"airports":{"min":0.0,"max":429090.34375},"ports":{"min":0.0,"max":428990.09375},"anchorages":{"min":0.0,"max":429643.15625},"grid":{"min":65535.0,"max":65535.0},"roads":{"min":65535.0,"max":500000.0},"pp-whs":{"min":1126695.25,"max":1890661.375},"unep-coral":{"min":0.0,"max":426492.96875},"unesco":{"min":65535.0,"max":65535.0},"unesco-ramsar":{"min":65535.0,"max":65535.0},"wwf-glw-1":{"min":65535.0,"max":65535.0},"wwf-glw-2":{"min":65535.0,"max":65535.0},"jrc-gsw":{"min":0.0,"max":255.0},"pp-marine-protected":{"min":0.0,"max":0.0},"unep-tidal":{"min":0.0,"max":0.0},"wwf-glw-3":{"min":255.0,"max":255.0},"gsa-pvout":{"min":4.55987548828125,"max":4.686898231506348},"gsa-ghi":{"min":5.77052640914917,"max":5.933000087738037},"gsa-gti":{"min":5.778752326965332,"max":5.942898273468018},"gsa-temp":{"min":27.031251907348633,"max":27.5},"gwa-iec1":{"min":0.06704428791999817,"max":0.11676962673664093},"gwa-iec2":{"min":0.08660438656806946,"max":0.1486579328775406},"gwa-iec3":{"min":0.10159449279308319,"max":0.17364177107810974},"gwa-power-10":{"min":16.560731887817383,"max":52.86692810058594},"gwa-speed-10":{"min":2.1508283615112305,"max":3.637202739715576},"gwa-power-50":{"min":41.797786712646484,"max":81.39252471923828},"gwa-speed-50":{"min":3.1420979499816895,"max":4.3131256103515625},"gwa-power-100":{"min":60.12269973754883,"max":97.96027374267578},"gwa-speed-100":{"min":3.7272167205810547,"max":4.707217216491699},"gwa-power-150":{"min":71.64103698730469,"max":100.6131362915039},"gwa-speed-150":{"min":3.931089162826538,"max":4.717228412628174},"gwa-power-200":{"min":76.07670593261719,"max":101.93258666992188},"gwa-speed-200":{"min":3.952242612838745,"max":4.742424488067627},"gebco":{"min":-4684.0,"max":174.0},"srtm90":{"min":12.0,"max":38.0},"waterbodies":{"min":0.0,"max":1.0},"gwa-enercon-e44-50":{"min":0.029358699917793274,"max":0.06141415238380432},"gwa-enercon-e48-50":{"min":0.03864404559135437,"max":0.08047104626893997},"gwa-enercon-e53-50":{"min":0.052721619606018066,"max":0.1043693944811821},"gwa-offshore-dtu-10mw-119":{"min":0.05702364444732666,"max":0.09526139497756958},"gwa-offshore-iea-15mw-150":{"min":0.08685378730297089,"max":0.1280248463153839},"gwa-offshore-leanwind-8mw-110":{"min":0.057818226516246796,"max":0.09964007139205933},"gwa-vestas-v100-mode0-100":{"min":0.09800023585557938,"max":0.16763421893119812},"gwa-vestas-v100-mode0-120":{"min":0.10683732479810715,"max":0.17038783431053162},"gwa-vestas-v100-mode0-150":{"min":0.11647426337003708,"max":0.1710231751203537},"gwa-vestas-v100-mode0-80":{"min":0.08690929412841797,"max":0.16052618622779846},"gwa-vestas-v110-mode0-100":{"min":0.11847247183322906,"max":0.2005138099193573},"gwa-vestas-v110-mode0-120":{"min":0.12870559096336365,"max":0.20356781780719757},"gwa-vestas-v110-mode0-150":{"min":0.1395653486251831,"max":0.20383040606975555},"gwa-vestas-v110-mode0-80":{"min":0.10536026209592819,"max":0.19215664267539978},"gwa-vestas-v112-mode0-100":{"min":0.06706810742616653,"max":0.11630643159151077},"gwa-vestas-v112-mode0-120":{"min":0.07348088920116425,"max":0.11840421706438065},"gwa-vestas-v112-mode0-150":{"min":0.08074714988470078,"max":0.11927446722984314},"gwa-vestas-v112-mode0-80":{"min":0.059249430894851685,"max":0.11127564311027527},"gwa-vestas-v120-mode0-100":{"min":0.12672314047813416,"max":0.21432040631771088},"gwa-vestas-v120-mode0-120":{"min":0.13757218420505524,"max":0.2174798846244812},"gwa-vestas-v120-mode0-150":{"min":0.14895856380462646,"max":0.2175486534833908},"gwa-vestas-v120-mode0-80":{"min":0.11273495107889175,"max":0.20538733899593353},"gwa-vestas-v126-mode0-100":{"min":0.0863841325044632,"max":0.14786045253276825},"gwa-vestas-v126-mode0-120":{"min":0.09425050765275955,"max":0.1503359079360962},"gwa-vestas-v126-mode0-150":{"min":0.10294897854328156,"max":0.1510852724313736},"gwa-vestas-v126-mode0-80":{"min":0.07657650858163834,"max":0.14159631729125977},"gwa-vestas-v136-mode0-100":{"min":0.10126787424087524,"max":0.17253728210926056},"gwa-vestas-v136-mode0-120":{"min":0.11027629673480988,"max":0.1753106266260147},"gwa-vestas-v136-mode0-150":{"min":0.12003545463085175,"max":0.17585301399230957},"gwa-vestas-v136-mode0-80":{"min":0.08990076184272766,"max":0.1652776598930359},"air-density":{"min":1.1378570795059204,"max":1.1420406103134155}}