{"worldpop":{"min":-3.4028234663852886e+38,"max":2987.16015625},"slope":{"min":0.0,"max":43.84714126586914},"land-cover":{"min":10.0,"max":210.0},"airports":{"min":0.0,"max":470770.125},"ports":{"min":500.0,"max":339005.15625},"anchorages":{"min":500.0,"max":338619.625},"grid":{"min":0.0,"max":104235.3125},"roads":{"min":0.0,"max":103098.25},"pp-whs":{"min":432722.78125,"max":1046533.5625},"unep-coral":{"min":0.0,"max":353027.625},"unesco":{"min":500.0,"max":420219.3125},"unesco-ramsar":{"min":500.0,"max":499993.25},"wwf-glw-1":{"min":65535.0,"max":65535.0},"wwf-glw-2":{"min":0.0,"max":499996.5},"jrc-gsw":{"min":0.0,"max":1.0},"pp-marine-protected":{"min":0.0,"max":0.0},"unep-tidal":{"min":0.0,"max":1.0},"wwf-glw-3":{"min":1.0,"max":255.0},"gsa-pvout":{"min":4.021964073181152,"max":5.790003776550293},"gsa-ghi":{"min":5.015168190002441,"max":6.873533248901367},"gsa-gti":{"min":5.2538676261901855,"max":7.3186492919921875},"gsa-temp":{"min":14.093645095825195,"max":30.5},"gwa-iec1":{"min":0.007007878739386797,"max":0.656854510307312},"gwa-iec2":{"min":0.009299653582274914,"max":0.6732163429260254},"gwa-iec3":{"min":0.01092260330915451,"max":0.696870744228363},"gwa-power-10":{"min":2.3413355350494385,"max":3820.621337890625},"gwa-speed-10":{"min":0.5426486134529114,"max":13.006790161132812},"gwa-power-50":{"min":3.858933448791504,"max":3908.6357421875},"gwa-speed-50":{"min":0.792452871799469,"max":13.946764945983887},"gwa-power-100":{"min":8.660269737243652,"max":4023.90185546875},"gwa-speed-100":{"min":1.382813572883606,"max":14.774229049682617},"gwa-power-150":{"min":12.032517433166504,"max":3919.416015625},"gwa-speed-150":{"min":1.6480909585952759,"max":15.02188777923584},"gwa-power-200":{"min":17.26650619506836,"max":3863.947998046875},"gwa-speed-200":{"min":1.857473373413086,"max":14.920881271362305},"gebco":{"min":-262.0,"max":2849.0},"srtm90":{"min":-61.0,"max":2904.0},"waterbodies":{"min":0.0,"max":2.0},"gwa-enercon-e44-50":{"min":0.00041889172280207276,"max":0.5297238230705261},"gwa-enercon-e48-50":{"min":0.0005642826436087489,"max":0.5872727632522583},"gwa-enercon-e53-50":{"min":0.0011752430582419038,"max":0.6214703321456909},"gwa-offshore-dtu-10mw-119":{"min":0.0029178326949477196,"max":0.6513988375663757},"gwa-offshore-iea-15mw-150":{"min":0.007683423813432455,"max":0.6911404728889465},"gwa-offshore-leanwind-8mw-110":{"min":0.002681722864508629,"max":0.6592865586280823},"gwa-vestas-v100-mode0-100":{"min":0.005351368337869644,"max":0.7008876204490662},"gwa-vestas-v100-mode0-120":{"min":0.007218560669571161,"max":0.7191218733787537},"gwa-vestas-v100-mode0-150":{"min":0.010796614922583103,"max":0.7409471273422241},"gwa-vestas-v100-mode0-80":{"min":0.0026078743394464254,"max":0.6881357431411743},"gwa-vestas-v110-mode0-100":{"min":0.006807025521993637,"max":0.7375390529632568},"gwa-vestas-v110-mode0-120":{"min":0.009163024835288525,"max":0.7540963292121887},"gwa-vestas-v110-mode0-150":{"min":0.013560580089688301,"max":0.7744299173355103},"gwa-vestas-v110-mode0-80":{"min":0.0034142157528549433,"max":0.7195207476615906},"gwa-vestas-v112-mode0-100":{"min":0.0034121572971343994,"max":0.6736830472946167},"gwa-vestas-v112-mode0-120":{"min":0.004618661478161812,"max":0.6799123287200928},"gwa-vestas-v112-mode0-150":{"min":0.007005274295806885,"max":0.6772230863571167},"gwa-vestas-v112-mode0-80":{"min":0.0015943492762744427,"max":0.6585336327552795},"gwa-vestas-v120-mode0-100":{"min":0.007249040063470602,"max":0.738950788974762},"gwa-vestas-v120-mode0-120":{"min":0.009760400280356407,"max":0.7560780644416809},"gwa-vestas-v120-mode0-150":{"min":0.01447351835668087,"max":0.7697972059249878},"gwa-vestas-v120-mode0-80":{"min":0.003623260883614421,"max":0.7090298533439636},"gwa-vestas-v126-mode0-100":{"min":0.004734212998300791,"max":0.6832946538925171},"gwa-vestas-v126-mode0-120":{"min":0.006371452473104,"max":0.690313458442688},"gwa-vestas-v126-mode0-150":{"min":0.00952373631298542,"max":0.7126566171646118},"gwa-vestas-v126-mode0-80":{"min":0.0023190779611468315,"max":0.6695684194564819},"gwa-vestas-v136-mode0-100":{"min":0.005665039177983999,"max":0.7089269757270813},"gwa-vestas-v136-mode0-120":{"min":0.007628656458109617,"max":0.7231444716453552},"gwa-vestas-v136-mode0-150":{"min":0.011344820261001587,"max":0.7448451519012451},"gwa-vestas-v136-mode0-80":{"min":0.0028065559454262257,"max":0.6963672041893005},"air-density":{"min":0.881558358669281,"max":1.1551603078842163},"lcoe":{"gwa-vestas-v100-mode0-120":{"lg":{"min":52.33500671386719,"max":4819.19287109375},"li":{"min":1.4317958354949951,"max":147.87948608398438},"lr":{"min":0.0,"max":11.325859069824219},"total":{"min":53.78510284423828,"max":4973.64501953125}},"gwa-vestas-v110-mode0-120":{"lg":{"min":50.09326171875,"max":3797.372314453125},"li":{"min":1.365830898284912,"max":116.49834442138672},"lr":{"min":0.0,"max":8.819814682006836},"total":{"min":51.49142837524414,"max":3919.048583984375}},"gwa-vestas-v112-mode0-120":{"lg":{"min":55.12242126464844,"max":7529.7216796875},"li":{"min":1.5761104822158813,"max":231.1226043701172},"lr":{"min":0.0,"max":18.024362564086914},"total":{"min":56.91920471191406,"max":7771.11669921875}},"gwa-vestas-v112-mode0-100":{"lg":{"min":55.59512710571289,"max":10000.0},"li":{"min":1.5906840562820435,"max":312.84521484375},"lr":{"min":0.0,"max":35.154266357421875},"total":{"min":57.40852355957031,"max":10000.0}},"gwa-offshore-dtu-10mw-119":{"lg":{"min":57.36018371582031,"max":10000.0},"li":{"min":1.6420111656188965,"max":365.84588623046875},"lr":{"min":0.0,"max":30.554363250732422},"total":{"min":59.23561477661133,"max":10000.0}},"gwa-vestas-v126-mode0-150":{"lg":{"min":52.77350616455078,"max":3653.6982421875},"li":{"min":1.4652806520462036,"max":111.14419555664062},"lr":{"min":0.0,"max":6.9756646156311035},"total":{"min":54.32347869873047,"max":3763.2080078125}},"gwa-vestas-v120-mode0-80":{"lg":{"min":53.022987365722656,"max":9597.2265625},"li":{"min":1.4554376602172852,"max":287.0704345703125},"lr":{"min":0.0,"max":40.21376037597656},"total":{"min":54.590518951416016,"max":9924.5107421875}},"gsa-pvout":{"lg":{"min":134.39028110507402,"max":191.70933958808365},"li":{"min":3.974707813941865,"max":10.73306048352451},"lr":{"min":0.0,"max":5.0480092602035365},"total":{"min":139.61785099373984,"max":197.78792568752078}},"gwa-vestas-v126-mode0-80":{"lg":{"min":55.91218566894531,"max":10000.0},"li":{"min":1.6004589796066284,"max":448.51055908203125},"lr":{"min":0.0,"max":62.828826904296875},"total":{"min":57.72568130493164,"max":10000.0}},"gwa-offshore-leanwind-8mw-110":{"lg":{"min":56.72178268432617,"max":10000.0},"li":{"min":1.6210805177688599,"max":398.0564270019531},"lr":{"min":0.0,"max":39.11267852783203},"total":{"min":58.57477951049805,"max":10000.0}},"gwa-vestas-v110-mode0-100":{"lg":{"min":51.128021240234375,"max":5110.306640625},"li":{"min":1.3960421085357666,"max":156.8199005126953},"lr":{"min":0.0,"max":16.60668182373047},"total":{"min":52.54190444946289,"max":5274.0966796875}},"gwa-vestas-v136-mode0-100":{"lg":{"min":53.03009796142578,"max":6139.66064453125},"li":{"min":1.4613869190216064,"max":188.4324188232422},"lr":{"min":0.0,"max":20.198633193969727},"total":{"min":54.65715789794922,"max":6336.46875}},"gwa-vestas-v126-mode0-100":{"lg":{"min":54.869354248046875,"max":7346.03564453125},"li":{"min":1.5358409881591797,"max":225.48143005371094},"lr":{"min":0.0,"max":24.409061431884766},"total":{"min":56.65724563598633,"max":7581.5390625}},"gwa-vestas-v126-mode0-120":{"lg":{"min":54.352142333984375,"max":5459.390625},"li":{"min":1.4915480613708496,"max":167.54061889648438},"lr":{"min":0.0,"max":12.838305473327637},"total":{"min":55.86275100708008,"max":5634.3779296875}},"gwa-vestas-v120-mode0-120":{"lg":{"min":49.972450256347656,"max":3565.2021484375},"li":{"min":1.3725656270980835,"max":109.36815643310547},"lr":{"min":0.0,"max":8.268943786621094},"total":{"min":51.404659271240234,"max":3679.431396484375}},"gwa-vestas-v120-mode0-150":{"lg":{"min":49.153141021728516,