{"worldpop": {"min": -3.4028234663852886e+38, "max": 3496.021240234375}, "slope": {"min": 0.0, "max": 51.28660583496094}, "land-cover": {"min": 10.0, "max": 210.0}, "airports": {"min": 0.0, "max": 500000.0}, "ports": {"min": 0.0, "max": 499987.25}, "anchorages": {"min": 0.0, "max": 499973.0}, "grid": {"min": 0.0, "max": 429121.1875}, "roads": {"min": 0.0, "max": 429921.5}, "pp-whs": {"min": 196814.640625, "max": 1144834.75}, "unep-coral": {"min": 0.0, "max": 410610.53125}, "unesco": {"min": 500.0, "max": 499999.25}, "unesco-ramsar": {"min": 500.0, "max": 500000.0}, "wwf-glw-1": {"min": 65535.0, "max": 65535.0}, "wwf-glw-2": {"min": 0.0, "max": 499999.25}, "jrc-gsw": {"min": 0.0, "max": 255.0}, "pp-marine-protected": {"min": 0.0, "max": 1.0}, "unep-tidal": {"min": 0.0, "max": 1.0}, "wwf-glw-3": {"min": 1.0, "max": 255.0}, "gsa-pvout": {"min": 4.121821880340576, "max": 5.790481090545654}, "gsa-ghi": {"min": 5.090435028076172, "max": 6.869406700134277}, "gsa-gti": {"min": 5.408891677856445, "max": 7.3186492919921875}, "gsa-temp": {"min": 14.387094497680664, "max": 30.5}, "gwa-iec1": {"min": 9.4688022045375e-07, "max": 0.6876450181007385}, "gwa-iec2": {"min": 2.175584086217e-06, "max": 0.6886862516403198}, "gwa-iec3": {"min": 2.8338088213786e-06, "max": 0.7080023288726807}, "gwa-power-10": {"min": 2.96941876411438, "max": 3495.395263671875}, "gwa-speed-10": {"min": 0.6814578175544739, "max": 13.006790161132812}, "gwa-power-50": {"min": 3.459500312805176, "max": 3627.845703125}, "gwa-speed-50": {"min": 0.7619447708129883, "max": 13.946764945983887}, "gwa-power-100": {"min": 6.436812400817871, "max": 3752.36669921875}, "gwa-speed-100": {"min": 1.2607108354568481, "max": 14.609370231628418}, "gwa-power-150": {"min": 10.560175895690918, "max": 3722.1640625}, "gwa-speed-150": {"min": 1.5817320346832275, "max": 14.69748592376709}, "gwa-power-200": {"min": 16.277795791625977, "max": 3585.920166015625}, "gwa-speed-200": {"min": 1.8101242780685425, "max": 14.668115615844727}, "gebco": {"min": -4708.0, "max": 2811.0}, "srtm90": {"min": -79.0, "max": 2904.0}, "waterbodies": {"min": 0.0, "max": 2.0}, "gwa-enercon-e44-50": {"min": 0.00041889172280207276, "max": 0.5494452714920044}, "gwa-enercon-e48-50": {"min": 0.0005642826436087489, "max": 0.6114747524261475}, "gwa-enercon-e53-50": {"min": 0.0011752430582419038, "max": 0.6479514837265015}, "gwa-offshore-dtu-10mw-119": {"min": 0.0029178326949477196, "max": 0.6746599674224854}, "gwa-offshore-iea-15mw-150": {"min": 0.0, "max": 0.7071345448493958}, "gwa-offshore-leanwind-8mw-110": {"min": 0.002681722864508629, "max": 0.6839418411254883}, "gwa-vestas-v100-mode0-100": {"min": 0.005351368337869644, "max": 0.7096880078315735}, "gwa-vestas-v100-mode0-120": {"min": 0.007218560669571161, "max": 0.7202138304710388}, "gwa-vestas-v100-mode0-150": {"min": 0.010877235792577267, "max": 0.7432016730308533}, "gwa-vestas-v100-mode0-80": {"min": 0.0026078743394464254, "max": 0.6996914148330688}, "gwa-vestas-v110-mode0-100": {"min": 0.006807025521993637, "max": 0.7375390529632568}, "gwa-vestas-v110-mode0-120": {"min": 0.009163024835288525, "max": 0.7574818134307861}, "gwa-vestas-v110-mode0-150": {"min": 0.013668134808540344, "max": 0.778532087802887}, "gwa-vestas-v110-mode0-80": {"min": 0.0034142157528549433, "max": 0.7293732762336731}, "gwa-vestas-v112-mode0-100": {"min": 0.0034121572971343994, "max": 0.6981825828552246}, "gwa-vestas-v112-mode0-120": {"min": 0.004618661478161812, "max": 0.7011105418205261}, "gwa-vestas-v112-mode0-150": {"min": 0.007059244904667139, "max": 0.6942813992500305}, "gwa-vestas-v112-mode0-80": {"min": 0.0015943492762744427, "max": 0.6862125396728516}, "gwa-vestas-v120-mode0-100": {"min": 0.007249040063470602, "max": 0.738950788974762}, "gwa-vestas-v120-mode0-120": {"min": 0.009760400280356407, "max": 0.7596356868743896}, "gwa-vestas-v120-mode0-150": {"min": 0.014572051353752613, "max": 0.7740072011947632}, "gwa-vestas-v120-mode0-80": {"min": 0.003623260883614421, "max": 0.7090298533439636}, "gwa-vestas-v126-mode0-100": {"min": 0.004734212998300791, "max": 0.6987495422363281}, "gwa-vestas-v126-mode0-120": {"min": 0.006371452473104, "max": 0.6996021270751953}, "gwa-vestas-v126-mode0-150": {"min": 0.009604434482753277, "max": 0.7141146659851074}, "gwa-vestas-v126-mode0-80": {"min": 0.0023190779611468315, "max": 0.6881515383720398}, "gwa-vestas-v136-mode0-100": {"min": 0.005665039177983999, "max": 0.7217229604721069}, "gwa-vestas-v136-mode0-120": {"min": 0.007628656458109617, "max": 0.7233022451400757}, "gwa-vestas-v136-mode0-150": {"min": 0.011436251923441887, "max": 0.7468000650405884}, "gwa-vestas-v136-mode0-80": {"min": 0.0028065559454262257, "max": 0.7115054130554199}, "air-density": {"min": 0.881558358669281, "max": 1.155299425125122}}