{"worldpop": {"min": -3.4028234663852886e+38, "max": 61010.37890625}, "slope": {"min": 0.0, "max": 53.174373626708984}, "land-cover": {"min": 10.0, "max": 220.0}, "airports": {"min": 500.0, "max": 339253.96875}, "ports": {"min": 500.0, "max": 500000.0}, "anchorages": {"min": 0.0, "max": 499996.5}, "grid": {"min": 0.0, "max": 94847.2421875}, "roads": {"min": 0.0, "max": 210891.5625}, "pp-whs": {"min": 76506.5390625, "max": 981128.4375}, "unep-coral": {"min": 65535.0, "max": 499999.25}, "unesco": {"min": 500.0, "max": 500000.0}, "unesco-ramsar": {"min": 65535.0, "max": 500000.0}, "wwf-glw-1": {"min": 0.0, "max": 500000.0}, "wwf-glw-2": {"min": 0.0, "max": 253382.125}, "jrc-gsw": {"min": 0.0, "max": 1.0}, "pp-marine-protected": {"min": 0.0, "max": 0.0}, "unep-tidal": {"min": 0.0, "max": 1.0}, "wwf-glw-3": {"min": 1.0, "max": 255.0}, "gsa-pvout": {"min": 2.5076169967651367, "max": 5.7334303855896}, "gsa-ghi": {"min": 2.900087356567383, "max": 6.2836222648620605}, "gsa-gti": {"min": 2.933354139328003, "max": 7.100508213043213}, "gsa-temp": {"min": -36.266048431396, "max": 28.889869689941406}, "gwa-iec1": {"min": 0.0004230191698297858, "max": 0.6205430030822754}, "gwa-iec2": {"min": 0.0006502900505438447, "max": 0.6514367461204529}, "gwa-iec3": {"min": 0.0007960826624184847, "max": 0.6796377897262573}, "gwa-power-10": {"min": 0.3227614462375641, "max": 39827.25}, "gwa-speed-10": {"min": 0.2843168079853058, "max": 25.646713256835938}, "gwa-power-50": {"min": 0.7187648415565491, "max": 13629.4873046875}, "gwa-speed-50": {"min": 0.32684484124183655, "max": 22.495033264160156}, "gwa-power-100": {"min": 0.9844539761543274, "max": 8509.111328125}, "gwa-speed-100": {"min": 0.43990767002105713, "max": 22.228923797607422}, "gwa-power-150": {"min": 0.9420260787010193, "max": 8205.9765625}, "gwa-speed-150": {"min": 0.5225012898445129, "max": 23.166671752929688}, "gwa-power-200": {"min": 1.0636181831359863, "max": 8791.75}, "gwa-speed-200": {"min": 0.5651246905326843, "max": 23.855207443237305}, "gebco": {"min": -74.0, "max": 8289.0}, "srtm90": {"min": -3.0, "max": 7743.0}, "waterbodies": {"min": 0.0, "max": 2.0}, "gwa-enercon-e44-50": {"min": 0.000284542387817055, "max": 0.4787547290325165}, "gwa-enercon-e48-50": {"min": 0.0003849077911581844, "max": 0.536737322807312}, "gwa-enercon-e53-50": {"min": 0.0007256725220941007, "max": 0.5730260610580444}, "gwa-offshore-dtu-10mw-119": {"min": 0.0002721796918194741, "max": 0.6246402263641357}, "gwa-offshore-iea-15mw-150": {"min": 0.00037742932909168303, "max": 0.6762138605117798}, "gwa-offshore-leanwind-8mw-110": {"min": 0.00030711849103681743, "max": 0.6345449090003967}, "gwa-vestas-v100-mode0-100": {"min": 0.0008712318958714604, "max": 0.6786397695541382}, "gwa-vestas-v100-mode0-120": {"min": 0.0007892265566624701, "max": 0.6939881443977356}, "gwa-vestas-v100-mode0-150": {"min": 0.0005597028648480773, "max": 0.6994916796684265}, "gwa-vestas-v100-mode0-80": {"min": 0.0008146266918629408, "max": 0.6502150297164917}, "gwa-vestas-v110-mode0-100": {"min": 0.0011386104160919785, "max": 0.7349050641059875}, "gwa-vestas-v110-mode0-120": {"min": 0.0010444780346006155, "max": 0.7502628564834595}, "gwa-vestas-v110-mode0-150": {"min": 0.000752191583160311, "max": 0.7679657340049744}, "gwa-vestas-v110-mode0-80": {"min": 0.0010315238032490015, "max": 0.7175799608230591}, "gwa-vestas-v112-mode0-100": {"min": 0.0005332370055839419, "max": 0.6430131196975708}, "gwa-vestas-v112-mode0-120": {"min": 0.00047515411279164255, "max": 0.6541442275047302}, "gwa-vestas-v112-mode0-150": {"min": 0.0003282673133071512, "max": 0.6626096963882446}, "gwa-vestas-v112-mode0-80": {"min": 0.0005033464985899627, "max": 0.6213576197624207}, "gwa-vestas-v120-mode0-100": {"min": 0.0012054458493366838, "max": 0.7117748856544495}, "gwa-vestas-v120-mode0-120": {"min": 0.0011024874402210116, "max": 0.7232524156570435}, "gwa-vestas-v120-mode0-150": {"min": 0.0007915237220004201, "max": 0.7222368717193604}, "gwa-vestas-v120-mode0-80": {"min": 0.0010970705188810825, "max": 0.6856839060783386}, "gwa-vestas-v126-mode0-100": {"min": 0.0007757743005640805, "max": 0.6523070335388184}, "gwa-vestas-v126-mode0-120": {"min": 0.000694671121891588, "max": 0.6697534322738647}, "gwa-vestas-v126-mode0-150": {"min": 0.0005030005122534931, "max": 0.6785780191421509}, "gwa-vestas-v126-mode0-80": {"min": 0.0007245746674016118, "max": 0.6260135173797607}, "gwa-vestas-v136-mode0-100": {"min": 0.0009389895130880177, "max": 0.6838383674621582}, "gwa-vestas-v136-mode0-120": {"min": 0.0008573451195843518, "max": 0.6994211673736572}, "gwa-vestas-v136-mode0-150": {"min": 0.0006153624271973968, "max": 0.7056712508201599}, "gwa-vestas-v136-mode0-80": {"min": 0.0008747189422138035, "max": 0.6554721593856812}, "air-density": {"min": 0.5192712545394897, "max": 1.156480073928833}, "lcoe": {"gwa-vestas-v136-mode0-100": {"lg": {"min": 54.828914642333984, "max": 10000.0}, "li": {"min": 1.5885951519012451, "max": 1104.4393310546875}, "lr": {"min": 0.0, "max": 239.31236267089844}, "total": {"min": 56.539920806884766, "max": 10000.0}}, "gwa-vestas-v112-mode0-80": {"lg": {"min": 59.94001770019531, "max": 10000.0}, "li": {"min": 1.8830937147140503, "max": 2068.380859375}, "lr": {"min": 0.0, "max": 575.371826171875}, "total": {"min": 62.472747802734375, "max": 10000.0}}, "gwa-offshore-leanwind-8mw-110": {"lg": {"min": 58.777462005615234, "max": 10000.0}, "li": {"min": 1.82132089138031, "max": 3632.239990234375}, "lr": {"min": 0.0, "max": 686.1121826171875}, "total": {"min": 61.25756072998047, "max": 10000.0}}, "gwa-vestas-v110-mode0-100": {"lg": {"min": 51.29693603515625, "max": 10000.0}, "li": {"min": 1.5056415796279907, "max": 910.8092651367188}, "lr": {"min": 0.0, "max": 198.8570098876953}, "total": {"min": 53.78498840332031, "max": 10000.0}}, "gwa-vestas-v100-mode0-150": {"lg": {"min": 53.69145965576172, "max": 10000.0}, "li": {"min": 1.5290215015411377, "max": 1895.865966796875}, "lr": {"min": 0.0, "max": 192.28099060058594}, "total": {"min": 55.36417770385742, "max": 10000.0}}, "gwa-vestas-v136-mode0-120": {"lg": {"min": 53.69646072387695, "max": 10000.0}, "li": {"min": 1.5429267883300781, "max": 1237.6832275390625}, "lr": {"min": 0.0, "max": 225.7934112548828}, "total": {"min": 55.369346618652344, "max": 10000.0}}, "gwa-vestas-v120-mode0-80": {"lg": {"min": 54.69210433959961, "max": 10000.0}, "li": {"min": 1.5822086334228516, "max": 945.296630859375}, "lr": {"min": 0.0, "max": 242.1294403076172}, "total": {"min": 56.398502349853516, "max": 10000.0}}, "gwa-vestas-v120-mode0-150": {"lg": {"min": 52.12654113769531, "max": 10000.0}, "li": {"min": 1.4520255327224731, "max": 1340.606201171875}, "lr": {"min": 0.0, "max": 144.8514862060547}, "total": {"min": 53.746578216552734, "max": 10000.0}}, "gwa-vestas-v110-mode0-150": {"lg": {"min": 49.26082229614258, "max": 10000.0}, "li": {"min": 1.4500861167907715, "max": 1410.70654296875}, "lr": {"min": 0.0, "max": 153.54493713378906}, "total": {"min": 51.77521896362305, "max": 10000.0}}, "gwa-offshore-iea-15mw-150": {"lg": {"min": 55.40201950073242, "max": 10000.0}, "li": {"min": 1.634541630744934, "max": 2811.444580078125}, "lr": {"min": 0.0, "max": 269.02984619140625}, "total": {"min": 57.43537521362305, "max": 10000.0}}, "gwa-vestas-v100-mode0-120": {"lg": {"min": 54.08552551269531, "max": 10000.0}, "li": {"min": 1.5525391101837158, "max": 1344.50830078125}, "lr": {"min": 0.0, "max": 239.5575408935547}, "total": {"min": 55.771507263183594, "max": 10000.0}}, "gwa-enercon-e48-50": {"lg": {"min": 68.75935363769531, "max": 10000.0}, "li": {"min": 2.1605160236358643, "max": 2733.7578125}, "lr": {"min": 0.0, "max": 891.1055297851562}, "total": {"min": 71.6913833618164, "max": 10000.0}}, "gwa-vestas-v126-mode0-120": {"lg": {"min": 55.89784240722656, "max": 10000.0}, "li": {"min": 1.6197547912597656, "max": 1527.5164794921875}, "lr": {"min": 0.0, "max": 270.9012756347656}, "total": {"min": 57.822174072265625, "max": 10000.0}},