{"worldpop":{"min":-3.4028234663852886e+38,"max":15095.3037109375},"slope":{"min":0.0,"max":37.0473747253418},"land-cover":{"min":10.0,"max":210.0},"airports":{"min":0.0,"max":165024.25},"ports":{"min":0.0,"max":154088.453125},"anchorages":{"min":0.0,"max":185184.375},"grid":{"min":0.0,"max":69973.203125},"roads":{"min":0.0,"max":75990.125},"pp-whs":{"min":0.0,"max":239267.640625},"unep-coral":{"min":0.0,"max":141503.546875},"unesco":{"min":0.0,"max":174198.890625},"unesco-ramsar":{"min":65535.0,"max":65535.0},"wwf-glw-1":{"min":0.0,"max":250979.078125},"wwf-glw-2":{"min":0.0,"max":149232.203125},"jrc-gsw":{"min":0.0,"max":1.0},"pp-marine-protected":{"min":0.0,"max":0.0},"unep-tidal":{"min":0.0,"max":1.0},"wwf-glw-3":{"min":1.0,"max":255.0},"gsa-pvout":{"min":2.5652987957000732,"max":4.48760986328125},"gsa-ghi":{"min":3.1766791343688965,"max":5.614373683929443},"gsa-gti":{"min":3.187331199645996,"max":5.709582805633545},"gsa-temp":{"min":8.365882873535156,"max":27.399999618530273},"gwa-iec1":{"min":0.0001349941303487867,"max":0.5854839086532593},"gwa-iec2":{"min":0.00022757347323931754,"max":0.6001332998275757},"gwa-iec3":{"min":0.00028248256421647966,"max":0.628639280796051},"gwa-power-10":{"min":0.09924640506505966,"max":3234.5185546875},"gwa-speed-10":{"min":0.25125592947006226,"max":9.247110366821289},"gwa-power-50":{"min":0.39356401562690735,"max":2488.647216796875},"gwa-speed-50":{"min":0.4504145383834839,"max":11.799246788024902},"gwa-power-100":{"min":0.8767722249031067,"max":2595.4833984375},"gwa-speed-100":{"min":0.6742091178894043,"max":12.734660148620605},"gwa-power-150":{"min":1.3174813985824585,"max":2577.52490234375},"gwa-speed-150":{"min":0.8058288097381592,"max":12.876752853393555},"gwa-power-200":{"min":1.7299370765686035,"max":2543.5244140625},"gwa-speed-200":{"min":0.8823520541191101,"max":13.07026481628418},"gebco":{"min":-486.0,"max":3317.0},"srtm90":{"min":0.0,"max":3338.0},"waterbodies":{"min":0.0,"max":2.0},"gwa-enercon-e44-50":{"min":7.619277312187478e-06,"max":0.48297828435897827},"gwa-enercon-e48-50":{"min":1.0595638741506264e-05,"max":0.5423243641853333},"gwa-enercon-e53-50":{"min":6.909717194503173e-05,"max":0.5794079899787903},"gwa-offshore-dtu-10mw-119":{"min":1.532642090751324e-05,"max":0.581257700920105},"gwa-offshore-iea-15mw-150":{"min":0.00013819838932249695,"max":0.6315669417381287},"gwa-offshore-leanwind-8mw-110":{"min":1.518853514426155e-05,"max":0.5949011445045471},"gwa-vestas-v100-mode0-100":{"min":9.393009531777352e-05,"max":0.635940670967102},"gwa-vestas-v100-mode0-120":{"min":0.0001368422235827893,"max":0.6427589654922485},"gwa-vestas-v100-mode0-150":{"min":0.0002101134305121377,"max":0.6595993041992188},"gwa-vestas-v100-mode0-80":{"min":5.339082417776808e-05,"max":0.6311585903167725},"gwa-vestas-v110-mode0-100":{"min":0.00012617514585144818,"max":0.6705624461174011},"gwa-vestas-v110-mode0-120":{"min":0.0001845020306063816,"max":0.678810715675354},"gwa-vestas-v110-mode0-150":{"min":0.0002877920924220234,"max":0.6984896659851074},"gwa-vestas-v110-mode0-80":{"min":7.372839172603562e-05,"max":0.666506826877594},"gwa-vestas-v112-mode0-100":{"min":5.1390630687819794e-05,"max":0.6100142598152161},"gwa-vestas-v112-mode0-120":{"min":7.526252011302859e-05,"max":0.6111637949943542},"gwa-vestas-v112-mode0-150":{"min":0.00011626930790953338,"max":0.6185108423233032},"gwa-vestas-v112-mode0-80":{"min":2.853405567293521e-05,"max":0.6076140403747559},"gwa-vestas-v120-mode0-100":{"min":0.0001331426901742816,"max":0.6761268377304077},"gwa-vestas-v120-mode0-120":{"min":0.00019331368093844503,"max":0.6875063180923462},"gwa-vestas-v120-mode0-150":{"min":0.0003034466062672436,"max":0.70732581615448},"gwa-vestas-v120-mode0-80":{"min":7.413249841192737e-05,"max":0.6700902581214905},"gwa-vestas-v126-mode0-100":{"min":8.572777733206749e-05,"max":0.6175257563591003},"gwa-vestas-v126-mode0-120":{"min":0.0001170459363493137,"max":0.623695969581604},"gwa-vestas-v126-mode0-150":{"min":0.00019108632113784552,"max":0.6312766671180725},"gwa-vestas-v126-mode0-80":{"min":4.912692020297982e-05,"max":0.6104210615158081},"gwa-vestas-v136-mode0-100":{"min":0.00010619882959872484,"max":0.6447087526321411},"gwa-vestas-v136-mode0-120":{"min":0.0001543012767797336,"max":0.6510857343673706},"gwa-vestas-v136-mode0-150":{"min":0.0002361956430831924,"max":0.6640816926956177},"gwa-vestas-v136-mode0-80":{"min":6.115466385381296e-05,"max":0.6372575163841248},"air-density":{"min":0.8452221751213074,"max":1.1563889980316162},"lcoe":{"gwa-vestas-v136-mode0-100":{"lg":{"min":57.91389846801758,"max":10000.0},"li":{"min":1.6741942167282104,"max":10000.0},"lr":{"min":0.0,"max":3140.82421875},"total":{"min":59.711788177490234,"max":10000.0}},"gwa-vestas-v112-mode0-80":{"lg":{"min":61.205322265625,"max":10000.0},"li":{"min":1.8037992715835571,"max":10000.0},"lr":{"min":0.0,"max":10000.0},"total":{"min":63.07691955566406,"max":10000.0}},"gwa-offshore-leanwind-8mw-110":{"lg":{"min":62.427791595458984,"max":10000.0},"li":{"min":1.8423460721969604,"max":10000.0},"lr":{"min":0.0,"max":10000.0},"total":{"min":64.3393783569336,"max":10000.0}},"gwa-vestas-v110-mode0-100":{"lg":{"min":55.83523178100586,"max":10000.0},"li":{"min":1.6020338535308838,"max":10000.0},"lr":{"min":0.0,"max":2643.672119140625},"total":{"min":57.50381851196289,"max":10000.0}},"gwa-vestas-v100-mode0-150":{"lg":{"min":56.69678497314453,"max":10000.0},"li":{"min":1.6060066223144531,"max":6765.35302734375},"lr":{"min":0.0,"max":1543.451904296875},"total":{"min":58.338478088378906,"max":10000.0}},"gwa-vestas-v136-mode0-120":{"lg":{"min":57.38583755493164,"max":10000.0},"li":{"min":1.6474297046661377,"max":9212.4423828125},"lr":{"min":0.0,"max":2140.822265625},"total":{"min":59.16611862182617,"max":10000.0}},"gwa-vestas-v120-mode0-80":{"lg":{"min":55.87175369262695,"max":10000.0},"li":{"min":1.6320253610610962,"max":10000.0},"lr":{"min":0.0,"max":4336.45458984375},"total":{"min":57.61574935913086,"max":10000.0}},"gwa-vestas-v120-mode0-150":{"lg":{"min":53.14108657836914,"max":10000.0},"li":{"min":1.4989335536956787,"max":4684.48681640625},"lr":{"min":0.0,"max":1078.6177978515625},"total":{"min":54.65178298950195,"max":10000.0}},"gwa-vestas-v110-mode0-150":{"lg":{"min":53.76274108886719,"max":10000.0},"li":{"min":1.516587734222412,"max":4939.2998046875},"lr":{"min":0.0,"max":1129.5380859375},"total":{"min":55.31303024291992,"max":10000.0}},"gwa-offshore-iea-15mw-150":{"lg":{"min":59.03574752807617,"max":10000.0},"li":{"min":1.7573931217193604,"max":10000.0},"lr":{"min":0.0,"max":2330.70947265625},"total":{"min":60.87104797363281,"max":10000.0}},"gwa-vestas-v100-mode0-120":{"lg":{"min":58.07744216918945,"max":10000.0},"li":{"min":1.658930778503418,"max":10000.0},"lr":{"min":0.0,"max":2399.106689453125},"total":{"min":59.824256896972656,"max":10000.0}},"gwa-enercon-e48-50":{"lg":{"min":68.09220123291016,"max":10000.0},"li":{"min":2.02095627784729,"max":10000.0},"lr":{"min":0.0,"max":10000.0},"total":{"min":70.18911743164062,"max":10000.0}},"gwa-vestas-v126-mode0-120":{"lg":{"min":59.73029327392578,"max":10000.0},"li":{"min":1.7433959245681763,"max":10000.0},"lr":{"min":0.0,"max":2735.868896484375},"total":{"min":61.58875274658203,"max":10000.0}},"gwa-vestas-v110-mode0-80":{"lg":{"min":56.1506462097168,"max":10000.0},"li":{"min":1.6300296783447266,"max":10000.0},"lr":{"min":0.0,"max":4360.22314453125},"total":{"min":57.82938766479492,"max":10000.0}},"gwa-iec3":{"lg":{"min":59.292057037353516,"max":10000.0},"li":{"min":1.723708987236023,"max":5034.37646484375},"lr":{"min":0.0,"max":1186.2027587890625},"total":{"min":61.15104675292969,"max":10000.0}},"gwa-vestas-v120-mode0-120":{"lg":{"min":54.55773162841797,"max":10000.0},"li":{"min":1.5420420169830322,"max":7353.28955078125},"lr":{"min":0.0,"max":1668.513671875},"total":{"min":56.11198043823242,"max":10000.0}},"gwa-enercon-e53-50":{"lg":{"min":63.990135192871094,"max":10000.0},"li":{"min":1.8916099071502686,"max":10000.0},"lr":{"min":0.0,