{"worldpop": {"min": -3.4028234663852886e+38, "max": 15095.3037109375}, "slope": {"min": 0.0, "max": 52.7274055480957}, "land-cover": {"min": 10.0, "max": 210.0}, "airports": {"min": 0.0, "max": 456532.875}, "ports": {"min": 0.0, "max": 436717.875}, "anchorages": {"min": 0.0, "max": 427065.84375}, "grid": {"min": 0.0, "max": 408985.3125}, "roads": {"min": 0.0, "max": 426770.71875}, "pp-whs": {"min": 0.0, "max": 520244.375}, "unep-coral": {"min": 0.0, "max": 349655.90625}, "unesco": {"min": 0.0, "max": 385746.6875}, "unesco-ramsar": {"min": 65535.0, "max": 65535.0}, "wwf-glw-1": {"min": 0.0, "max": 499999.25}, "wwf-glw-2": {"min": 0.0, "max": 453867.0}, "jrc-gsw": {"min": 0.0, "max": 255.0}, "pp-marine-protected": {"min": 0.0, "max": 0.0}, "unep-tidal": {"min": 0.0, "max": 1.0}, "wwf-glw-3": {"min": 1.0, "max": 255.0}, "gsa-pvout": {"min": 2.5823147296905518, "max": 4.487383842468262}, "gsa-ghi": {"min": 3.18520188331604, "max": 5.615999698638916}, "gsa-gti": {"min": 3.193233013153076, "max": 5.709592342376709}, "gsa-temp": {"min": 8.365882873535156, "max": 27.399999618530273}, "gwa-iec1": {"min": 0.0002570541691966355, "max": 0.5862739086151123}, "gwa-iec2": {"min": 0.00041590473847463727, "max": 0.6029367446899414}, "gwa-iec3": {"min": 0.00051364820683375, "max": 0.6283127665519714}, "gwa-power-10": {"min": 0.16007398068904877, "max": 3262.902587890625}, "gwa-speed-10": {"min": 0.28199949860572815, "max": 9.022677421569824}, "gwa-power-50": {"min": 0.6495424509048462, "max": 2362.71142578125}, "gwa-speed-50": {"min": 0.5760768055915833, "max": 11.799246788024902}, "gwa-power-100": {"min": 1.4376335144042969, "max": 2595.4833984375}, "gwa-speed-100": {"min": 0.8344231247901917, "max": 12.734660148620605}, "gwa-power-150": {"min": 1.7904534339904785, "max": 2577.52490234375}, "gwa-speed-150": {"min": 0.9398420453071594, "max": 12.876752853393555}, "gwa-power-200": {"min": 2.3166091442108154, "max": 2543.5244140625}, "gwa-speed-200": {"min": 1.0230721235275269, "max": 13.07026481628418}, "gebco": {"min": -4917.0, "max": 3291.0}, "srtm90": {"min": -4.0, "max": 3268.0}, "waterbodies": {"min": 0.0, "max": 2.0}, "gwa-enercon-e44-50": {"min": 1.2695851182797924e-05, "max": 0.48297828435897827}, "gwa-enercon-e48-50": {"min": 1.7543017747811973e-05, "max": 0.5423243641853333}, "gwa-enercon-e53-50": {"min": 7.818495214451104e-05, "max": 0.5794079899787903}, "gwa-offshore-dtu-10mw-119": {"min": 3.0586608772864565e-05, "max": 0.581257700920105}, "gwa-offshore-iea-15mw-150": {"min": 0.0003455111582297832, "max": 0.6315669417381287}, "gwa-offshore-leanwind-8mw-110": {"min": 3.188385016983375e-05, "max": 0.5949011445045471}, "gwa-vestas-v100-mode0-100": {"min": 0.00020007758575957268, "max": 0.6410295367240906}, "gwa-vestas-v100-mode0-120": {"min": 0.00028012003167532384, "max": 0.6428331732749939}, "gwa-vestas-v100-mode0-150": {"min": 0.0005217344150878489, "max": 0.6521689295768738}, "gwa-vestas-v100-mode0-80": {"min": 0.00016891804989427328, "max": 0.6385921835899353}, "gwa-vestas-v110-mode0-100": {"min": 0.00027475005481392145, "max": 0.674784243106842}, "gwa-vestas-v110-mode0-120": {"min": 0.00038463834789581597, "max": 0.6767858266830444}, "gwa-vestas-v110-mode0-150": {"min": 0.000714269932359457, "max": 0.6945603489875793}, "gwa-vestas-v110-mode0-80": {"min": 0.00022722427092958242, "max": 0.6741027235984802}, "gwa-vestas-v112-mode0-100": {"min": 0.00011045474093407393, "max": 0.6100142598152161}, "gwa-vestas-v112-mode0-120": {"min": 0.00015483370225410908, "max": 0.6111637949943542}, "gwa-vestas-v112-mode0-150": {"min": 0.0002947506436612457, "max": 0.6185108423233032}, "gwa-vestas-v112-mode0-80": {"min": 9.487724310019985e-05, "max": 0.6076140403747559}, "gwa-vestas-v120-mode0-100": {"min": 0.0002857310464605689, "max": 0.6846427917480469}, "gwa-vestas-v120-mode0-120": {"min": 0.00040532200364395976, "max": 0.6915097236633301}, "gwa-vestas-v120-mode0-150": {"min": 0.0007505665998905897, "max": 0.70732581615448}, "gwa-vestas-v120-mode0-80": {"min": 0.000236171021242626, "max": 0.6656401753425598}, "gwa-vestas-v126-mode0-100": {"min": 0.00018203683430328965, "max": 0.617928683757782}, "gwa-vestas-v126-mode0-120": {"min": 0.0002463668351992965, "max": 0.623695969581604}, "gwa-vestas-v126-mode0-150": {"min": 0.00047118886141106486, "max": 0.6312766671180725}, "gwa-vestas-v126-mode0-80": {"min": 0.00015291012823581696, "max": 0.6162434220314026}, "gwa-vestas-v136-mode0-100": {"min": 0.00022503141371998936, "max": 0.6478856801986694}, "gwa-vestas-v136-mode0-120": {"min": 0.00031481770565733314, "max": 0.6510857343673706}, "gwa-vestas-v136-mode0-150": {"min": 0.0005797972553409636, "max": 0.6580837368965149}, "gwa-vestas-v136-mode0-80": {"min": 0.000188375823199749, "max": 0.6457644701004028}, "air-density": {"min": 0.8498629927635193, "max": 1.1563889980316162}}