{"worldpop": {"min": 0.6416557431221008, "max": 1.13046133518219}, "slope": {"min": 0.10027717053890228, "max": 22.6484432220459}, "land-cover": {"min": 10.0, "max": 210.0}, "airports": {"min": 65535.0, "max": 65535.0}, "ports": {"min": 65535.0, "max": 65535.0}, "anchorages": {"min": 65535.0, "max": 65535.0}, "grid": {"min": 65535.0, "max": 65535.0}, "roads": {"min": 185888.40625, "max": 191631.15625}, "pp-whs": {"min": 0.0, "max": 1500.0}, "unep-coral": {"min": 0.0, "max": 2549.509765625}, "unesco": {"min": 0.0, "max": 7211.1025390625}, "unesco-ramsar": {"min": 65535.0, "max": 65535.0}, "wwf-glw-1": {"min": 65535.0, "max": 65535.0}, "wwf-glw-2": {"min": 65535.0, "max": 65535.0}, "jrc-gsw": {"min": 0.0, "max": 1.0}, "pp-marine-protected": {"min": 0.0, "max": 1.0}, "unep-tidal": {"min": 0.0, "max": 0.0}, "wwf-glw-3": {"min": 255.0, "max": 255.0}, "gsa-pvout": {"min": 4.377490043640137, "max": 4.486938953399658}, "gsa-ghi": {"min": 5.104302406311035, "max": 5.236886024475098}, "gsa-gti": {"min": 5.432409763336182, "max": 5.57274055480957}, "gsa-temp": {"min": 22.799999237060547, "max": 23.0418701171875}, "gwa-iec1": {"min": 0.27392593026161194, "max": 0.3356499671936035}, "gwa-iec2": {"min": 0.3261697590351105, "max": 0.39038485288619995}, "gwa-iec3": {"min": 0.36430811882019043, "max": 0.4290545880794525}, "gwa-power-10": {"min": 61.345680236816406, "max": 144.5370635986328}, "gwa-speed-10": {"min": 3.6635327339172363, "max": 4.917271137237549}, "gwa-power-50": {"min": 164.4581756591797, "max": 266.92352294921875}, "gwa-speed-50": {"min": 5.325291156768799, "max": 6.265541076660156}, "gwa-power-100": {"min": 246.72264099121094, "max": 321.7796630859375}, "gwa-speed-100": {"min": 6.330006122589111, "max": 6.897719383239746}, "gwa-power-150": {"min": 300.5220031738281, "max": 346.8275146484375}, "gwa-speed-150": {"min": 6.801968574523926, "max": 7.046158313751221}, "gwa-power-200": {"min": 342.0171203613281, "max": 367.0439758300781}, "gwa-speed-200": {"min": 7.080654144287109, "max": 7.283576011657715}, "gebco": {"min": -171.0, "max": 81.0}, "srtm90": {"min": 17.0, "max": 35.0}, "waterbodies": {"min": 0.0, "max": 1.0}, "gwa-enercon-e44-50": {"min": 0.12549059092998505, "max": 0.19745445251464844}, "gwa-enercon-e48-50": {"min": 0.16118024289608002, "max": 0.2474115788936615}, "gwa-enercon-e53-50": {"min": 0.19588962197303772, "max": 0.289278507232666}, "gwa-offshore-dtu-10mw-119": {"min": 0.25245845317840576, "max": 0.30482664704322815}, "gwa-offshore-iea-15mw-150": {"min": 0.33403685688972473, "max": 0.36857864260673523}, "gwa-offshore-leanwind-8mw-110": {"min": 0.25291186571121216, "max": 0.312376469373703}, "gwa-vestas-v100-mode0-100": {"min": 0.3515098989009857, "max": 0.42459091544151306}, "gwa-vestas-v100-mode0-120": {"min": 0.3769303858280182, "max": 0.431205153465271}, "gwa-vestas-v100-mode0-150": {"min": 0.4049808084964752, "max": 0.43931829929351807}, "gwa-vestas-v100-mode0-80": {"min": 0.31928184628486633, "max": 0.41248464584350586}, "gwa-vestas-v110-mode0-100": {"min": 0.3970760405063629, "max": 0.47015663981437683}, "gwa-vestas-v110-mode0-120": {"min": 0.42356863617897034, "max": 0.47677963972091675}, "gwa-vestas-v110-mode0-150": {"min": 0.45181018114089966, "max": 0.48559239506721497}, "gwa-vestas-v110-mode0-80": {"min": 0.3624277412891388, "max": 0.45704030990600586}, "gwa-vestas-v112-mode0-100": {"min": 0.2681846022605896, "max": 0.3368225693702698}, "gwa-vestas-v112-mode0-120": {"min": 0.2902045249938965, "max": 0.34300288558006287}, "gwa-vestas-v112-mode0-150": {"min": 0.3161102533340454, "max": 0.35040685534477234}, "gwa-vestas-v112-mode0-80": {"min": 0.2417893409729004, "max": 0.32716667652130127}, "gwa-vestas-v120-mode0-100": {"min": 0.41599562764167786, "max": 0.4884662926197052}, "gwa-vestas-v120-mode0-120": {"min": 0.4428548514842987, "max": 0.49502691626548767}, "gwa-vestas-v120-mode0-150": {"min": 0.47098058462142944, "max": 0.5041630864143372}, "gwa-vestas-v120-mode0-80": {"min": 0.380374550819397, "max": 0.4748964011669159}, "gwa-vestas-v126-mode0-100": {"min": 0.31991639733314514, "max": 0.3917219042778015}, "gwa-vestas-v126-mode0-120": {"min": 0.34410780668258667, "max": 0.39817574620246887}, "gwa-vestas-v126-mode0-150": {"min": 0.3714844584465027, "max": 0.4055977761745453}, "gwa-vestas-v126-mode0-80": {"min": 0.2898707687854767, "max": 0.38054490089416504}, "gwa-vestas-v136-mode0-100": {"min": 0.3575417399406433, "max": 0.43038877844810486}, "gwa-vestas-v136-mode0-120": {"min": 0.38299456238746643, "max": 0.4369586408138275}, "gwa-vestas-v136-mode0-150": {"min": 0.4109414219856262, "max": 0.44508111476898193}, "gwa-vestas-v136-mode0-80": {"min": 0.3251170516014099, "max": 0.4182238280773163}, "air-density": {"min": 1.1701257228851318, "max": 1.1725547313690186}, "lcoe": {"gwa-vestas-v136-mode0-100": {"lg": {"min": 84.76130676269531, "max": 101.21595001220703}, "li": {"min": 4.652410507202148, "max": 5.600312232971191}, "lr": {"min": 5.223658084869385, "max": 6.139028072357178}, "total": {"min": 94.654296875, "max": 112.95529174804688}}, "gwa-vestas-v112-mode0-80": {"lg": {"min": 110.24173736572266, "max": 147.75637817382812}, "li": {"min": 6.120260238647461, "max": 8.281363487243652}, "lr": {"min": 6.893996715545654, "max": 9.077980995178223}, "total": {"min": 123.25599670410156, "max": 165.11572265625}}, "gwa-offshore-leanwind-8mw-110": {"lg": {"min": 115.27202606201172, "max": 141.4342803955078}, "li": {"min": 6.410039901733398, "max": 7.917166233062744}, "lr": {"min": 7.209566593170166, "max": 8.678750038146973}, "total": {"min": 128.90248107910156, "max": 158.0301971435547}}, "gwa-vestas-v110-mode0-100": {"lg": {"min": 77.93016815185547, "max": 91.53678131103516}, "li": {"min": 4.258889675140381, "max": 5.042725086212158}, "lr": {"min": 4.778722763061523, "max": 5.527804851531982}, "total": {"min": 86.98636627197266, "max": 102.10730743408203}}, "gwa-vestas-v100-mode0-150": {"lg": {"min": 83.11976623535156, "max": 89.82817077636719}, "li": {"min": 4.557846546173096, "max": 4.9442973136901855}, "lr": {"min": 5.0518879890441895, "max": 5.419908046722412}, "total": {"min": 92.73381805419922, "max": 100.19237518310547}}, "gwa-vestas-v136-mode0-120": {"lg": {"min": 83.54702758789062, "max": 94.75523376464844}, "li": {"min": 4.582459926605225, "max": 5.228130340576172}, "lr": {"min": 5.135402679443359, "max": 5.731044769287109}, "total": {"min": 93.29126739501953, "max": 105.71441650390625}}, "gwa-vestas-v120-mode0-80": {"lg": {"min": 77.19229888916016, "max": 95.3803482055664}, "li": {"min": 4.216383457183838, "max": 5.26414155960083}, "lr": {"min": 4.743870735168457, "max": 5.770520210266113}, "total": {"min": 86.15811157226562, "max": 106.4150161743164}}, "gwa-vestas-v120-mode0-150": {"lg": {"min": 72.94348907470703, "max": 77.80083465576172}, "li": {"min": 3.9716224670410156, "max": 4.251439094543457}, "lr": {"min": 4.393867015838623, "max": 4.660402297973633}, "total": {"min": 81.32099914550781, "max": 86.71267700195312}}, "gwa-vestas-v110-mode0-150": {"lg": {"min": 75.58011627197266, "max": 80.93222045898438}, "li": {"min": 4.123510837554932, "max": 4.43182897567749}, "lr": {"min": 4.564650535583496, "max": 4.8581438064575195}, "total": {"min": 84.27800750732422, "max": 90.22219848632812}}, "gwa-offshore-iea-15mw-150": {"lg": {"min": 98.30487060546875, "max": 108.0566635131836}, "li": {"min": 5.432613372802734, "max": 5.994384765625}, "lr": {"min": 6.036918640136719, "max": 6.57100772857666}, "total": {"min": 109.85690307617188, "max": 120.62205505371094}}, "gwa-vestas-v100-mode0-120": {"lg": {"min": 84.60840606689453, "max": 96.21533203125}, "li": {"min": 4.6436028480529785, "max": 5.312242031097412}, "lr": {"min": 5.204888343811035, "max": 5.82324743270874}, "total": {"min": 94.482666015625, "max": 107.35082244873047}}, "gwa-enercon-e48-50": {"lg": {"min": 144.4896240234375, "max": 219.65151977539062}, "li": {"min": 8.093175888061523, "max": 12.42302131652832}, "lr": {"min": 9.116331100463867,