{"worldpop":{"min":-3.4028234663852886e+38,"max":1.1118727922439575},"slope":{"min":0.0,"max":57.655982971191406},"land-cover":{"min":36.26382064819336,"max":210.0},"airports":{"min":65535.0,"max":65535.0},"ports":{"min":65535.0,"max":65535.0},"anchorages":{"min":65535.0,"max":500000.0},"grid":{"min":0.0,"max":65535.0},"roads":{"min":0.0,"max":499999.25},"pp-whs":{"min":0.0,"max":695160.5625},"unep-coral":{"min":0.0,"max":395344.46875},"unesco":{"min":2500.0,"max":500000.0},"unesco-ramsar":{"min":65535.0,"max":65535.0},"wwf-glw-1":{"min":65535.0,"max":65535.0},"wwf-glw-2":{"min":65535.0,"max":65535.0},"jrc-gsw":{"min":0.0,"max":255.0},"pp-marine-protected":{"min":0.0,"max":1.0},"unep-tidal":{"min":0.0,"max":0.0},"wwf-glw-3":{"min":255.0,"max":255.0},"gsa-pvout":{"min":0.0,"max":4.602442741394043},"gsa-ghi":{"min":4.026352405548096,"max":5.3794426918029785},"gsa-gti":{"min":0.0,"max":5.720190048217773},"gsa-temp":{"min":21.034656524658203,"max":24.600000381469727},"gwa-iec1":{"min":0.2708416283130646,"max":0.41460973024368286},"gwa-iec2":{"min":0.3226639926433563,"max":0.4673347473144531},"gwa-iec3":{"min":0.3605259954929352,"max":0.5038192868232727},"gwa-power-10":{"min":98.1251449584961,"max":293.21759033203125},"gwa-speed-10":{"min":4.298229217529297,"max":5.8706955909729},"gwa-power-50":{"min":176.60870361328125,"max":436.2746276855469},"gwa-speed-50":{"min":5.400230884552002,"max":7.178158760070801},"gwa-power-100":{"min":243.97337341308594,"max":477.85101318359375},"gwa-power-150":{"min":6.294850826263428,"max":7.75894021987915},"gwa-speed-150":{"min":287.3252258300781,"max":478.4565124511719},"gwa-power-200":{"min":6.67591667175293,"max":7.818787097930908},"gwa-speed-200":{"min":292.919677734375,"max":479.640380859375},"gebco":{"min":-4977.0,"max":206.0},"srtm90":{"min":3.0,"max":207.0},"waterbodies":{"min":0.0,"max":1.0},"gwa-speed-100":{"min":6.294850826263428,"max":7.75894021987915},"gwa-enercon-e44-50":{"min":0.13430386781692505,"max":0.311998575925827},"gwa-enercon-e48-50":{"min":0.171711727976799,"max":0.37361475825309753},"gwa-enercon-e53-50":{"min":0.2071380764245987,"max":0.41805288195610046},"gwa-offshore-dtu-10mw-119":{"min":0.2550491988658905,"max":0.41994550824165344},"gwa-offshore-iea-15mw-150":{"min":0.3284073770046234,"max":0.47386154532432556},"gwa-offshore-leanwind-8mw-110":{"min":0.2562893331050873,"max":0.4316404461860657},"gwa-vestas-v100-mode0-100":{"min":0.35565683245658875,"max":0.5433430671691895},"gwa-vestas-v100-mode0-120":{"min":0.3792474567890167,"max":0.5448132753372192},"gwa-vestas-v100-mode0-150":{"min":0.3968156576156616,"max":0.5411404967308044},"gwa-vestas-v100-mode0-80":{"min":0.32412928342819214,"max":0.5335375666618347},"gwa-vestas-v110-mode0-100":{"min":0.4011267423629761,"max":0.5850162506103516},"gwa-vestas-v110-mode0-120":{"min":0.4256992042064667,"max":0.5868894457817078},"gwa-vestas-v110-mode0-150":{"min":0.44199180603027344,"max":0.5832870602607727},"gwa-vestas-v110-mode0-80":{"min":0.367279052734375,"max":0.5742849707603455},"gwa-vestas-v112-mode0-100":{"min":0.2722044289112091,"max":0.4580093026161194},"gwa-vestas-v112-mode0-120":{"min":0.2926778495311737,"max":0.45839372277259827},"gwa-vestas-v112-mode0-150":{"min":0.3110980689525604,"max":0.4546809196472168},"gwa-vestas-v112-mode0-80":{"min":0.24630218744277954,"max":0.4509550929069519},"gwa-vestas-v120-mode0-100":{"min":0.41997477412223816,"max":0.5976529121398926},"gwa-vestas-v120-mode0-120":{"min":0.44487693905830383,"max":0.6000458002090454},"gwa-vestas-v120-mode0-150":{"min":0.460345059633255,"max":0.5965851545333862},"gwa-vestas-v120-mode0-80":{"min":0.3851993680000305,"max":0.5858023166656494},"gwa-vestas-v126-mode0-100":{"min":0.3240554928779602,"max":0.5118656754493713},"gwa-vestas-v126-mode0-120":{"min":0.34651798009872437,"max":0.5129128098487854},"gwa-vestas-v126-mode0-150":{"min":0.36453700065612793,"max":0.5091859698295593},"gwa-vestas-v126-mode0-80":{"min":0.29462891817092896,"max":0.5030431747436523},"gwa-vestas-v136-mode0-100":{"min":0.36166974902153015,"max":0.5485609769821167},"gwa-vestas-v136-mode0-120":{"min":0.3852880001068115,"max":0.5499963760375977},"gwa-vestas-v136-mode0-150":{"min":0.402560293674469,"max":0.5462872982025146},"gwa-vestas-v136-mode0-80":{"min":0.32995539903640747,"max":0.5388152003288269},"air-density":{"min":1.162922978401184,"max":1.1801837682724}}