{"worldpop":{"min":-3.4028234663852886e+38,"max":24814.45703125},"slope":{"min":0.0,"max":49.45738983154297},"land-cover":{"min":10.0,"max":220.0},"airports":{"min":0.0,"max":483047.875},"ports":{"min":0.0,"max":499999.25},"anchorages":{"min":0.0,"max":500000.0},"grid":{"min":0.0,"max":499736.1875},"roads":{"min":0.0,"max":198970.46875},"pp-whs":{"min":0.0,"max":641951.875},"unep-coral":{"min":65535.0,"max":499923.25},"unesco":{"min":0.0,"max":500000.0},"unesco-ramsar":{"min":0.0,"max":499990.5},"wwf-glw-1":{"min":0.0,"max":500000.0},"wwf-glw-2":{"min":0.0,"max":168749.8125},"jrc-gsw":{"min":0.0,"max":1.0},"pp-marine-protected":{"min":0.0,"max":1.0},"unep-tidal":{"min":0.0,"max":1.0},"wwf-glw-3":{"min":1.0,"max":255.0},"gsa-pvout":{"min":2.3447837829589844,"max":6.07512092590332},"gsa-ghi":{"min":2.918660879135132,"max":7.1367950439453125},"gsa-gti":{"min":2.897447347640991,"max":7.5973405838012695},"gsa-temp":{"min":-7.14405632019043,"max":27.368562698364258},"gwa-iec1":{"min":7.206389454950113e-06,"max":0.8404889106750488},"gwa-iec2":{"min":1.703728412394412e-05,"max":0.8739815354347229},"gwa-iec3":{"min":2.2263706341618672e-05,"max":0.8941903114318848},"gwa-power-10":{"min":0.04045544192194939,"max":6859.75927734375},"gwa-speed-10":{"min":0.2042195200920105,"max":14.38514518737793},"gwa-power-50":{"min":0.14049306511878967,"max":5851.3779296875},"gwa-speed-50":{"min":0.31571781635284424,"max":17.535982131958008},"gwa-power-100":{"min":0.25083649158477783,"max":5130.0927734375},"gwa-speed-100":{"min":0.4058225452899933,"max":17.21141815185547},"gwa-power-150":{"min":0.21469496190547943,"max":4362.92236328125},"gwa-speed-150":{"min":0.36641925573349,"max":16.97371482849121},"gwa-power-200":{"min":0.22446070611476898,"max":4164.9091796875},"gwa-speed-200":{"min":0.36577779054641724,"max":15.64303970336914},"gebco":{"min":-398.0,"max":6439.0},"srtm90":{"min":-24.0,"max":6192.0},"waterbodies":{"min":0.0,"max":2.0},"gwa-enercon-e44-50":{"min":1.5781276943016564e-06,"max":0.6575044989585876},"gwa-enercon-e48-50":{"min":2.1947259938315256e-06,"max":0.7366501688957214},"gwa-enercon-e53-50":{"min":1.430850534234196e-05,"max":0.7779987454414368},"gwa-offshore-dtu-10mw-119":{"min":9.972909538191743e-07,"max":0.8439933657646179},"gwa-offshore-iea-15mw-150":{"min":1.1063861165894195e-05,"max":0.8992986679077148},"gwa-offshore-leanwind-8mw-110":{"min":1.3830527905156487e-06,"max":0.8458535075187683},"gwa-vestas-v100-mode0-100":{"min":1.4969268704589922e-05,"max":0.8933672904968262},"gwa-vestas-v100-mode0-120":{"min":1.2249121027707588e-05,"max":0.9079363346099854},"gwa-vestas-v100-mode0-150":{"min":1.7202553863171488e-05,"max":0.9213223457336426},"gwa-vestas-v100-mode0-80":{"min":1.2314289961068425e-05,"max":0.8758550882339478},"gwa-vestas-v110-mode0-100":{"min":1.9610348317655735e-05,"max":0.9129789471626282},"gwa-vestas-v110-mode0-120":{"min":1.2269680155441165e-05,"max":0.9265297055244446},"gwa-vestas-v110-mode0-150":{"min":1.6668775060679764e-05,"max":0.9395315051078796},"gwa-vestas-v110-mode0-80":{"min":1.262031128135277e-05,"max":0.8978716135025024},"gwa-vestas-v112-mode0-100":{"min":7.822336556273513e-06,"max":0.8582234978675842},"gwa-vestas-v112-mode0-120":{"min":6.345781912386883e-06,"max":0.8689039945602417},"gwa-vestas-v112-mode0-150":{"min":8.874545528669842e-06,"max":0.886215329170227},"gwa-vestas-v112-mode0-80":{"min":6.551182650582632e-06,"max":0.839055061340332},"gwa-vestas-v120-mode0-100":{"min":1.9792814782704227e-05,"max":0.9130077362060547},"gwa-vestas-v120-mode0-120":{"min":1.3618794582725968e-05,"max":0.9255709052085876},"gwa-vestas-v120-mode0-150":{"min":1.6668775060679764e-05,"max":0.9335858225822449},"gwa-vestas-v120-mode0-80":{"min":1.3224119356891606e-05,"max":0.9008350372314453},"gwa-vestas-v126-mode0-100":{"min":1.3919197954237461e-05,"max":0.8779650926589966},"gwa-vestas-v126-mode0-120":{"min":3.749348479686887e-06,"max":0.8953167796134949},"gwa-vestas-v126-mode0-150":{"min":1.6047057215473615e-05,"max":0.9056794047355652},"gwa-vestas-v126-mode0-80":{"min":6.6263887674722355e-06,"max":0.8627278804779053},"gwa-vestas-v136-mode0-100":{"min":1.745162262523081e-05,"max":0.8980563282966614},"gwa-vestas-v136-mode0-120":{"min":1.4348837794386782e-05,"max":0.9130382537841797},"gwa-vestas-v136-mode0-150":{"min":2.016058351728134e-05,"max":0.9234751462936401},"gwa-vestas-v136-mode0-80":{"min":1.4222445315681398e-05,"max":0.8825743198394775},"air-density":{"min":0.6121859550476074,"max":1.1903117895126343},"lcoe":{"gwa-vestas-v136-mode0-100":{"lg":{"min":42.70443344116211,"max":10000.0},"li":{"min":1.2479217052459717,"max":10000.0},"lr":{"min":0.0,"max":9918.021484375},"total":{"min":44.0575065612793,"max":10000.0}},"gwa-vestas-v112-mode0-80":{"lg":{"min":45.426082611083984,"max":10000.0},"li":{"min":1.4676276445388794,"max":10000.0},"lr":{"min":0.0,"max":10000.0},"total":{"min":47.36063003540039,"max":10000.0}},"gwa-offshore-leanwind-8mw-110":{"lg":{"min":45.093116760253906,"max":10000.0},"li":{"min":1.4318560361862183,"max":10000.0},"lr":{"min":0.0,"max":10000.0},"total":{"min":46.80453872680664,"max":10000.0}},"gwa-vestas-v110-mode0-100":{"lg":{"min":42.07181167602539,"max":10000.0},"li":{"min":1.2037309408187866,"max":10000.0},"lr":{"min":0.0,"max":8662.7001953125},"total":{"min":43.4580078125,"max":10000.0}},"gwa-vestas-v100-mode0-150":{"lg":{"min":41.72703170776367,"max":10000.0},"li":{"min":1.223934292793274,"max":10000.0},"lr":{"min":0.0,"max":6598.74072265625},"total":{"min":43.084781646728516,"max":10000.0}},"gwa-vestas-v136-mode0-120":{"lg":{"min":42.0693359375,"max":10000.0},"li":{"min":1.2300760746002197,"max":10000.0},"lr":{"min":0.0,"max":9352.5263671875},"total":{"min":43.400203704833984,"max":10000.0}},"gwa-vestas-v120-mode0-80":{"lg":{"min":42.585044860839844,"max":10000.0},"li":{"min":1.2172492742538452,"max":10000.0},"lr":{"min":0.0,"max":10000.0},"total":{"min":44.00312805175781,"max":10000.0}},"gwa-vestas-v120-mode0-150":{"lg":{"min":41.2314567565918,"max":10000.0},"li":{"min":1.1596617698669434,"max":10000.0},"lr":{"min":0.0,"max":4783.4287109375},"total":{"min":42.57136917114258,"max":10000.0}},"gwa-vestas-v110-mode0-150":{"lg":{"min":40.995845794677734,"max":10000.0},"li":{"min":1.1753687858581543,"max":10000.0},"lr":{"min":0.0,"max":5113.92236328125},"total":{"min":42.32727813720703,"max":10000.0}},"gwa-offshore-iea-15mw-150":{"lg":{"min":42.650962829589844,"max":10000.0},"li":{"min":1.3121861219406128,"max":10000.0},"lr":{"min":0.0,"max":10000.0},"total":{"min":44.00216293334961,"max":10000.0}},"gwa-vestas-v100-mode0-120":{"lg":{"min":42.283260345458984,"max":10000.0},"li":{"min":1.234674334526062,"max":10000.0},"lr":{"min":0.0,"max":10000.0},"total":{"min":43.621604919433594,"max":10000.0}},"gwa-enercon-e48-50":{"lg":{"min":51.18489074707031,"max":10000.0},"li":{"min":1.7110995054244995,"max":10000.0},"lr":{"min":0.0,"max":10000.0},"total":{"min":53.388370513916016,"max":10000.0}},"gwa-vestas-v126-mode0-120":{"lg":{"min":42.8228645324707,"max":10000.0},"li":{"min":1.2784068584442139,"max":10000.0},"lr":{"min":0.0,"max":10000.0},"total":{"min":44.180076599121094,"max":10000.0}},"gwa-vestas-v110-mode0-80":{"lg":{"min":42.71239471435547,"max":10000.0},"li":{"min":1.2356773614883423,"max":10000.0},"lr":{"min":0.0,"max":10000.0},"total":{"min":44.13515853881836,"max":10000.0}},"gwa-iec3":{"lg":{"min":42.87177276611328,"max":10000.0},"li":{"min":1.2545286417007446,"max":10000.0},"lr":{"min":0.0,"max":7334.42919921875},"total":{"min":44.26218032836914,"max":10000.0}},"gwa-vestas-v120-mode0-120":{"lg":{"min":41.553863525390625,"max":10000.0},"li":{"min":1.1771951913833618,"max":10000.0},"lr":{"min":0.0,"max":9046.0986328125},"total":{"min":42.90538024902344,"max":10000.0}},"gwa-enercon-e53-50":{"lg":{"min":48.67714309692383,"max":10000.0},"li":{"min":1.6066220998764038,"max":10000.0},"lr":{"min":0.0,"max":10000.0},"total":{"min":50.76351547241211,"max":10000.0}},"gwa-vestas-v136-mode0-80":{"lg":{"min":43.38337707519531,