{"worldpop": {"min": -3.4028234663852886e+38, "max": 25088.1171875}, "slope": {"min": 0.0, "max": 61.0169677734375}, "land-cover": {"min": 10.0, "max": 220.0}, "airports": {"min": 500.0, "max": 500000.0}, "ports": {"min": 0.0, "max": 427931.0625}, "anchorages": {"min": 0.0, "max": 426222.96875}, "grid": {"min": 0.0, "max": 425685.625}, "roads": {"min": 0.0, "max": 424686.0625}, "pp-whs": {"min": 0.0, "max": 842455.0}, "unep-coral": {"min": 65535.0, "max": 65535.0}, "unesco": {"min": 0.0, "max": 499996.5}, "unesco-ramsar": {"min": 0.0, "max": 499996.5}, "wwf-glw-1": {"min": 0.0, "max": 500000.0}, "wwf-glw-2": {"min": 0.0, "max": 496965.3125}, "jrc-gsw": {"min": 0.0, "max": 255.0}, "pp-marine-protected": {"min": 0.0, "max": 1.0}, "unep-tidal": {"min": 0.0, "max": 1.0}, "wwf-glw-3": {"min": 1.0, "max": 255.0}, "gsa-pvout": {"min": 2.5373334884643555, "max": 5.923846244812012}, "gsa-ghi": {"min": 3.0591611862182617, "max": 7.093052387237549}, "gsa-gti": {"min": 3.0573294162750244, "max": 7.459161758422852}, "gsa-temp": {"min": -5.907973289489746, "max": 27.453704833984375}, "gwa-iec1": {"min": 3.0360186428879388e-05, "max": 0.9122273325920105}, "gwa-iec2": {"min": 5.532063732971437e-05, "max": 0.940761148929596}, "gwa-iec3": {"min": 6.974623101996258e-05, "max": 0.9545960426330566}, "gwa-power-10": {"min": 0.09286636859178543, "max": 7446.236328125}, "gwa-speed-10": {"min": 0.2251148372888565, "max": 17.123714447021484}, "gwa-power-50": {"min": 0.1890241503715515, "max": 6496.701171875}, "gwa-speed-50": {"min": 0.31426408886909485, "max": 16.842485427856445}, "gwa-power-100": {"min": 0.34775081276893616, "max": 5443.7119140625}, "gwa-speed-100": {"min": 0.42535290122032166, "max": 17.158918380737305}, "gwa-power-150": {"min": 0.3713199198246002, "max": 4880.75927734375}, "gwa-speed-150": {"min": 0.4583683907985687, "max": 16.5376033782959}, "gwa-power-200": {"min": 0.35292401909828186, "max": 4409.9716796875}, "gwa-speed-200": {"min": 0.40728580951690674, "max": 16.206050872802734}, "gebco": {"min": -7446.0, "max": 6251.0}, "srtm90": {"min": -24.0, "max": 6478.0}, "waterbodies": {"min": 0.0, "max": 2.0}, "gwa-enercon-e44-50": {"min": 1.9806377622444415e-06, "max": 0.7501367330551147}, "gwa-enercon-e48-50": {"min": 2.742934611887904e-06, "max": 0.8143519759178162}, "gwa-enercon-e53-50": {"min": 1.3174056221032515e-05, "max": 0.8510214686393738}, "gwa-offshore-dtu-10mw-119": {"min": 2.2007911866239738e-06, "max": 0.8895020484924316}, "gwa-offshore-iea-15mw-150": {"min": 1.2942959074280225e-05, "max": 0.9140437841415405}, "gwa-offshore-leanwind-8mw-110": {"min": 2.8494953312474536e-06, "max": 0.8953117728233337}, "gwa-vestas-v100-mode0-100": {"min": 2.927333662228193e-05, "max": 0.9556160569190979}, "gwa-vestas-v100-mode0-120": {"min": 1.6582804164499976e-05, "max": 0.9540198445320129}, "gwa-vestas-v100-mode0-150": {"min": 1.98996567633003e-05, "max": 0.9420050978660583}, "gwa-vestas-v100-mode0-80": {"min": 1.6455767763545737e-05, "max": 0.9497022032737732}, "gwa-vestas-v110-mode0-100": {"min": 3.816986645688303e-05, "max": 0.9688995480537415}, "gwa-vestas-v110-mode0-120": {"min": 2.012154072872363e-05, "max": 0.9671977162361145}, "gwa-vestas-v110-mode0-150": {"min": 2.3355520170298405e-05, "max": 0.9567694664001465}, "gwa-vestas-v110-mode0-80": {"min": 2.148569910787046e-05, "max": 0.9645825624465942}, "gwa-vestas-v112-mode0-100": {"min": 1.5484803952858783e-05, "max": 0.9120487570762634}, "gwa-vestas-v112-mode0-120": {"min": 8.787328624748625e-06, "max": 0.9115999937057495}, "gwa-vestas-v112-mode0-150": {"min": 1.0628648851707112e-05, "max": 0.9030176997184753}, "gwa-vestas-v112-mode0-80": {"min": 8.749093467486091e-06, "max": 0.9017583727836609}, "gwa-vestas-v120-mode0-100": {"min": 4.000554690719582e-05, "max": 0.966860830783844}, "gwa-vestas-v120-mode0-120": {"min": 2.0176643374725245e-05, "max": 0.9629775881767273}, "gwa-vestas-v120-mode0-150": {"min": 2.341062281630002e-05, "max": 0.9512734413146973}, "gwa-vestas-v120-mode0-80": {"min": 2.3319445972447284e-05, "max": 0.9645807147026062}, "gwa-vestas-v126-mode0-100": {"min": 2.7102452804683708e-05, "max": 0.9424771666526794}, "gwa-vestas-v126-mode0-120": {"min": 7.703622031840496e-06, "max": 0.941067099571228}, "gwa-vestas-v126-mode0-150": {"min": 1.8361211914452724e-05, "max": 0.9277920126914978}, "gwa-vestas-v126-mode0-80": {"min": 1.2843060176237486e-05, "max": 0.9351906180381775}, "gwa-vestas-v136-mode0-100": {"min": 3.389930134289898e-05, "max": 0.9571208953857422}, "gwa-vestas-v136-mode0-120": {"min": 1.916760993481148e-05, "max": 0.9554969668388367}, "gwa-vestas-v136-mode0-150": {"min": 2.2908270693733357e-05, "max": 0.9437071084976196}, "gwa-vestas-v136-mode0-80": {"min": 1.9005985450348817e-05, "max": 0.9514564275741577}, "air-density": {"min": 0.6208748817443848, "max": 1.1952024698257446}}