{"worldpop":{"min":-3.4028234663852886e+38,"max":75054.65625},"slope":{"min":0.0,"max":71.56079864501953},"land-cover":{"min":10.0,"max":210.0},"airports":{"min":0.0,"max":335318.15625},"ports":{"min":0.0,"max":179251.921875},"anchorages":{"min":0.0,"max":371973.4375},"grid":{"min":0.0,"max":167287.1875},"roads":{"min":0.0,"max":131549.421875},"pp-whs":{"min":0.0,"max":1078512.5},"unep-coral":{"min":0.0,"max":97155.796875},"unesco":{"min":0.0,"max":499946.25},"unesco-ramsar":{"min":65535.0,"max":490879.3125},"wwf-glw-1":{"min":0.0,"max":499908.0},"wwf-glw-2":{"min":0.0,"max":225435.6875},"jrc-gsw":{"min":0.0,"max":1.0},"pp-marine-protected":{"min":0.0,"max":1.0},"unep-tidal":{"min":0.0,"max":1.0},"wwf-glw-3":{"min":1.0,"max":255.0},"gsa-pvout":{"min":2.6177945137023926,"max":4.638078212738037},"gsa-ghi":{"min":3.2052955627441406,"max":5.593048572540283},"gsa-gti":{"min":3.2025985717773438,"max":5.892939567565918},"gsa-temp":{"min":11.863607406616211,"max":29.399999618530273},"gwa-iec1":{"min":0.001947884215041995,"max":0.6440751552581787},"gwa-iec2":{"min":0.002908372553065419,"max":0.6634487509727478},"gwa-iec3":{"min":0.0035252091474831104,"max":0.6899145245552063},"gwa-power-10":{"min":0.42516401410102844,"max":10553.8310546875},"gwa-speed-10":{"min":0.39282819628715515,"max":12.667360305786133},"gwa-power-50":{"min":2.290597915649414,"max":7234.94921875},"gwa-speed-50":{"min":0.8524685502052307,"max":13.466492652893066},"gwa-power-100":{"min":4.470450401306152,"max":5846.2744140625},"gwa-speed-100":{"min":0.9827936887741089,"max":13.42473030090332},"gwa-power-150":{"min":6.238593101501465,"max":4807.21923828125},"gwa-speed-150":{"min":1.1228482723236084,"max":13.589831352233887},"gwa-power-200":{"min":8.78091812133789,"max":3683.8369140625},"gwa-speed-200":{"min":1.2962816953659058,"max":13.668244361877441},"gebco":{"min":-2679.0,"max":2788.0},"srtm90":{"min":-106.0,"max":2735.0},"waterbodies":{"min":0.0,"max":2.0},"gwa-enercon-e44-50":{"min":0.0004639617691282183,"max":0.5237943530082703},"gwa-enercon-e48-50":{"min":0.0006362241692841053,"max":0.5834135413169861},"gwa-enercon-e53-50":{"min":0.0015517664141952991,"max":0.6192103028297424},"gwa-offshore-dtu-10mw-119":{"min":0.0011424121912568808,"max":0.6425742506980896},"gwa-offshore-iea-15mw-150":{"min":0.0029426340479403734,"max":0.6902774572372437},"gwa-offshore-leanwind-8mw-110":{"min":0.0010791547829285264,"max":0.6497365236282349},"gwa-vestas-v100-mode0-100":{"min":0.0025331731885671616,"max":0.6867327094078064},"gwa-vestas-v100-mode0-120":{"min":0.0029562690760940313,"max":0.6959949731826782},"gwa-vestas-v100-mode0-150":{"min":0.004119473975151777,"max":0.7044398784637451},"gwa-vestas-v100-mode0-80":{"min":0.0022657099179923534,"max":0.6737586855888367},"gwa-vestas-v110-mode0-100":{"min":0.003196856938302517,"max":0.7185704708099365},"gwa-vestas-v110-mode0-120":{"min":0.003726624883711338,"max":0.7277707457542419},"gwa-vestas-v110-mode0-150":{"min":0.005161067005246878,"max":0.7373713850975037},"gwa-vestas-v110-mode0-80":{"min":0.002901452826336026,"max":0.7071433067321777},"gwa-vestas-v112-mode0-100":{"min":0.0016279721166938543,"max":0.6587679982185364},"gwa-vestas-v112-mode0-120":{"min":0.001906552817672491,"max":0.6717851758003235},"gwa-vestas-v112-mode0-150":{"min":0.0026821382343769073,"max":0.6765939593315125},"gwa-vestas-v112-mode0-80":{"min":0.0013740059221163392,"max":0.643436849117279},"gwa-vestas-v120-mode0-100":{"min":0.0034101924393326044,"max":0.7029101252555847},"gwa-vestas-v120-mode0-120":{"min":0.003973128739744425,"max":0.7146186828613281},"gwa-vestas-v120-mode0-150":{"min":0.005503378808498383,"max":0.7121390104293823},"gwa-vestas-v120-mode0-80":{"min":0.003093473147600889,"max":0.6901627779006958},"gwa-vestas-v126-mode0-100":{"min":0.0022399185691028833,"max":0.670759916305542},"gwa-vestas-v126-mode0-120":{"min":0.0026073416229337454,"max":0.6810428500175476},"gwa-vestas-v126-mode0-150":{"min":0.0036423727869987488,"max":0.6856783628463745},"gwa-vestas-v126-mode0-80":{"min":0.002003234578296542,"max":0.6511082649230957},"gwa-vestas-v136-mode0-100":{"min":0.0026738434098660946,"max":0.6966047883033752},"gwa-vestas-v136-mode0-120":{"min":0.0031169948633760214,"max":0.7062724232673645},"gwa-vestas-v136-mode0-150":{"min":0.004330724943429232,"max":0.7128749489784241},"gwa-vestas-v136-mode0-80":{"min":0.002407314255833626,"max":0.6807132363319397},"air-density":{"min":0.8881805539131165,"max":1.156915307044983},"lcoe":{"gwa-vestas-v136-mode0-100":{"lg":{"min":53.89738845825195,"max":10000.0},"li":{"min":1.571020483970642,"max":411.26116943359375},"lr":{"min":0.0,"max":51.381446838378906},"total":{"min":55.91074752807617,"max":10000.0}},"gwa-vestas-v112-mode0-80":{"lg":{"min":58.02047348022461,"max":10000.0},"li":{"min":1.7104767560958862,"max":792.9136352539062},"lr":{"min":0.0,"max":114.16785430908203},"total":{"min":59.9591064453125,"max":10000.0}},"gwa-offshore-leanwind-8mw-110":{"lg":{"min":57.496700286865234,"max":10000.0},"li":{"min":1.7012939453125,"max":978.9083251953125},"lr":{"min":0.0,"max":120.08155822753906},"total":{"min":60.00387954711914,"max":10000.0}},"gwa-vestas-v110-mode0-100":{"lg":{"min":52.372093200683594,"max":10000.0},"li":{"min":1.4980831146240234,"max":343.9778747558594},"lr":{"min":0.0,"max":42.97532272338867},"total":{"min":54.05118942260742,"max":10000.0}},"gwa-vestas-v100-mode0-150":{"lg":{"min":53.342403411865234,"max":8441.6689453125},"li":{"min":1.536439061164856,"max":266.9389343261719},"lr":{"min":0.0,"max":33.35036087036133},"total":{"min":54.946800231933594,"max":8741.9580078125}},"gwa-vestas-v136-mode0-120":{"lg":{"min":53.21438217163086,"max":10000.0},"li":{"min":1.5368528366088867,"max":352.7911071777344},"lr":{"min":0.0,"max":44.07640838623047},"total":{"min":55.254459381103516,"max":10000.0}},"gwa-vestas-v120-mode0-80":{"lg":{"min":54.363136291503906,"max":10000.0},"li":{"min":1.5615798234939575,"max":350.14093017578125},"lr":{"min":0.0,"max":49.47050857543945},"total":{"min":56.11833572387695,"max":10000.0}},"gwa-vestas-v120-mode0-150":{"lg":{"min":52.80895233154297,"max":6319.89453125},"li":{"min":1.4636797904968262,"max":199.81326293945312},"lr":{"min":0.0,"max":24.96392822265625},"total":{"min":54.28731918334961,"max":6544.671875}},"gwa-vestas-v110-mode0-150":{"lg":{"min":51.13874435424805,"max":6738.80126953125},"li":{"min":1.4655287265777588,"max":213.06602478027344},"lr":{"min":0.0,"max":26.619680404663086},"total":{"min":52.671485900878906,"max":6978.48681640625}},"gwa-offshore-iea-15mw-150":{"lg":{"min":54.35476303100586,"max":10000.0},"li":{"min":1.5528887510299683,"max":373.69512939453125},"lr":{"min":0.0,"max":46.688087463378906},"total":{"min":56.127769470214844,"max":10000.0}},"gwa-vestas-v100-mode0-120":{"lg":{"min":53.94110870361328,"max":10000.0},"li":{"min":1.547426700592041,"max":371.9715576171875},"lr":{"min":0.0,"max":46.472747802734375},"total":{"min":55.76229476928711,"max":10000.0}},"gwa-enercon-e48-50":{"lg":{"min":63.57825469970703,"max":10000.0},"li":{"min":1.9239541292190552,"max":1850.7691650390625},"lr":{"min":0.0,"max":253.20578002929688},"total":{"min":65.79158020019531,"max":10000.0}},"gwa-vestas-v126-mode0-120":{"lg":{"min":55.03755187988281,"max":10000.0},"li":{"min":1.6031461954116821,"max":421.7506408691406},"lr":{"min":0.0,"max":52.69196319580078},"total":{"min":57.496036529541016,"max":10000.0}},"gwa-vestas-v110-mode0-80":{"lg":{"min":53.153770446777344,"max":10000.0},"li":{"min":1.561017632484436,"max":373.3134765625},"lr":{"min":0.0,"max":52.63612365722656},"total":{"min":54.84446716308594,"max":10000.0}},"gwa-iec3":{"lg":{"min":54.381256103515625,"max":9864.0556640625},"li":{"min":1.577975869178772,"max":299.6683349609375},"lr":{"min":0.0,"max":40.36836624145508},"total":{"min":57.487640380859375,"max":10000.0}},"gwa-vestas-v120-mode0-120":{"lg":{"min":52.63958740234375,"max":8752.4609375},"li":{"min":1.4615881443023682,"max":276.77130126953125},"lr":{"min":0.0,"max":34.57878494262695},