{"worldpop":{"min":-3.4028234663852886e+38,"max":71409.0546875},"slope":{"min":0.0,"max":79.21106719970703},"land-cover":{"min":10.0,"max":210.0},"airports":{"min":500.0,"max":499999.25},"ports":{"min":0.0,"max":499974.5},"anchorages":{"min":0.0,"max":499993.25},"grid":{"min":0.0,"max":495765.3125},"roads":{"min":0.0,"max":483301.4375},"pp-whs":{"min":0.0,"max":1296215.75},"unep-coral":{"min":0.0,"max":455811.375},"unesco":{"min":500.0,"max":499999.25},"unesco-ramsar":{"min":65535.0,"max":499995.25},"wwf-glw-1":{"min":0.0,"max":500000.0},"wwf-glw-2":{"min":0.0,"max":499989.0},"jrc-gsw":{"min":0.0,"max":255.0},"pp-marine-protected":{"min":0.0,"max":1.0},"unep-tidal":{"min":0.0,"max":1.0},"wwf-glw-3":{"min":1.0,"max":255.0},"gsa-pvout":{"min":0.0,"max":4.663341999053955},"gsa-ghi":{"min":0.0,"max":5.623000144958496},"gsa-gti":{"min":0.0,"max":5.909170627593994},"gsa-temp":{"min":11.563958168029785,"max":29.399999618530273},"gwa-iec1":{"min":0.0,"max":0.6986545920372009},"gwa-iec2":{"min":0.0,"max":0.7002568244934082},"gwa-iec3":{"min":0.0,"max":0.7218928337097168},"gwa-power-10":{"min":0.0,"max":7048.599609375},"gwa-speed-10":{"min":0.11994098126888,"max":11.73879337310791},"gwa-power-50":{"min":0.0,"max":5195.5048828125},"gwa-speed-50":{"min":0.18117314577103,"max":13.334909439086914},"gwa-power-100":{"min":0.0,"max":4384.958984375},"gwa-speed-100":{"min":1.7544915676116943,"max":11.088733673095703},"gwa-power-150":{"min":0.0,"max":3710.0576171875},"gwa-speed-150":{"min":0.28240531682968,"max":14.056798934936523},"gwa-power-200":{"min":0.0,"max":2904.64892578125},"gwa-speed-200":{"min":0.29232773184776,"max":14.402047157287598},"gebco":{"min":-10012.0,"max":2913.0},"srtm90":{"min":-106.0,"max":2842.0},"waterbodies":{"min":0.0,"max":2.0},"gwa-enercon-e44-50":{"min":0.00015813684149179608,"max":0.5292319655418396},"gwa-enercon-e48-50":{"min":0.00021731712331529707,"max":0.5894235968589783},"gwa-enercon-e53-50":{"min":0.0006791055202484131,"max":0.6259667277336121},"gwa-offshore-dtu-10mw-119":{"min":0.00044343562331050634,"max":0.6561718583106995},"gwa-offshore-iea-15mw-150":{"min":0.0022045248188078403,"max":0.7115087509155273},"gwa-offshore-leanwind-8mw-110":{"min":0.0004188375605735928,"max":0.6615360975265503},"gwa-vestas-v100-mode0-100":{"min":0.0014465502463281155,"max":0.6928843259811401},"gwa-vestas-v100-mode0-120":{"min":0.0020384329836815596,"max":0.7046907544136047},"gwa-vestas-v100-mode0-150":{"min":0.003248154651373625,"max":0.7133808135986328},"gwa-vestas-v100-mode0-80":{"min":0.0010056239552795887,"max":0.6789330840110779},"gwa-vestas-v110-mode0-100":{"min":0.0019515376770868897,"max":0.7288550138473511},"gwa-vestas-v110-mode0-120":{"min":0.0027380415704101324,"max":0.7398554086685181},"gwa-vestas-v110-mode0-150":{"min":0.00430064694955945,"max":0.7476938366889954},"gwa-vestas-v110-mode0-80":{"min":0.0013599805533885956,"max":0.713005006313324},"gwa-vestas-v112-mode0-100":{"min":0.0008397219935432076,"max":0.6748027801513672},"gwa-vestas-v112-mode0-120":{"min":0.001194862532429397,"max":0.6836486458778381},"gwa-vestas-v112-mode0-150":{"min":0.0019447990925982594,"max":0.6988495588302612},"gwa-vestas-v112-mode0-80":{"min":0.0005825743428431451,"max":0.6638850569725037},"gwa-vestas-v120-mode0-100":{"min":0.0020630452781915665,"max":0.7296894192695618},"gwa-vestas-v120-mode0-120":{"min":0.002894136356189847,"max":0.7384696006774902},"gwa-vestas-v120-mode0-150":{"min":0.004565494135022163,"max":0.7462370991706848},"gwa-vestas-v120-mode0-80":{"min":0.0014311440754681826,"max":0.7148323655128479},"gwa-vestas-v126-mode0-100":{"min":0.0012963484041392803,"max":0.677803635597229},"gwa-vestas-v126-mode0-120":{"min":0.0018138177692890167,"max":0.6861121654510498},"gwa-vestas-v126-mode0-150":{"min":0.002889089984819293,"max":0.6978800296783447},"gwa-vestas-v126-mode0-80":{"min":0.0009019320132210851,"max":0.6651235818862915},"gwa-vestas-v136-mode0-100":{"min":0.0015864359447732568,"max":0.7023831605911255},"gwa-vestas-v136-mode0-120":{"min":0.002225215546786785,"max":0.7123939394950867},"gwa-vestas-v136-mode0-150":{"min":0.0035126435104757547,"max":0.7232954502105713},"gwa-vestas-v136-mode0-80":{"min":0.0011042447295039892,"max":0.6882595419883728},"air-density":{"min":0.876467227935791,"max":1.1581202745437622}}