{"worldpop": {"min": -3.4028234663852886e+38, "max": 4922.3701171875}, "slope": {"min": 0.0, "max": 63.629554748535156}, "land-cover": {"min": 10.0, "max": 210.0}, "airports": {"min": 500.0, "max": 499999.25}, "ports": {"min": 0.0, "max": 500000.0}, "anchorages": {"min": 0.0, "max": 500000.0}, "grid": {"min": 0.0, "max": 500000.0}, "roads": {"min": 0.0, "max": 499993.25}, "pp-whs": {"min": 0.0, "max": 1636348.375}, "unep-coral": {"min": 0.0, "max": 499745.1875}, "unesco": {"min": 3041.38134765625, "max": 499999.25}, "unesco-ramsar": {"min": 65535.0, "max": 65535.0}, "wwf-glw-1": {"min": 0.0, "max": 499996.5}, "wwf-glw-2": {"min": 0.0, "max": 499999.25}, "jrc-gsw": {"min": 0.0, "max": 255.0}, "pp-marine-protected": {"min": 0.0, "max": 1.0}, "unep-tidal": {"min": 0.0, "max": 1.0}, "wwf-glw-3": {"min": 1.0, "max": 255.0}, "gsa-pvout": {"min": 0.0, "max": 4.6236162185668945}, "gsa-ghi": {"min": 1.2579990625381, "max": 5.707627773284912}, "gsa-gti": {"min": 0.0, "max": 5.759647846221924}, "gsa-temp": {"min": 4.523190021514893, "max": 28.389728546142578}, "gwa-iec1": {"min": 9.4688022045375e-07, "max": 0.6569855213165283}, "gwa-iec2": {"min": 2.175584086217e-06, "max": 0.6896120309829712}, "gwa-iec3": {"min": 2.8338088213786e-06, "max": 0.7131439447402954}, "gwa-power-10": {"min": 0.012934456579387, "max": 1239.8173828125}, "gwa-speed-10": {"min": 0.11994098126888, "max": 8.567087173461914}, "gwa-power-50": {"min": 0.068681567907333, "max": 1323.7474365234375}, "gwa-speed-50": {"min": 0.18117314577103, "max": 9.99260139465332}, "gwa-power-100": {"min": 0.12662671506405, "max": 1292.2938232421875}, "gwa-speed-100": {"min": 0.26562494039536, "max": 10.773700714111328}, "gwa-power-150": {"min": 0.11337132751942, "max": 1351.8642578125}, "gwa-speed-150": {"min": 0.28240531682968, "max": 10.90511417388916}, "gwa-power-200": {"min": 0.12112526595592, "max": 1408.5567626953125}, "gwa-speed-200": {"min": 0.29232773184776, "max": 10.968049049377441}, "gebco": {"min": -8847.0, "max": 4549.0}, "srtm90": {"min": -221.0, "max": 4408.0}, "waterbodies": {"min": 0.0, "max": 2.0}, "gwa-enercon-e44-50": {"min": 2.9266798264870886e-06, "max": 0.4642132520675659}, "gwa-enercon-e48-50": {"min": 4.0845093280950096e-06, "max": 0.534109890460968}, "gwa-enercon-e53-50": {"min": 2.4359194867429323e-05, "max": 0.5781340599060059}, "gwa-offshore-dtu-10mw-119": {"min": 3.679612518681097e-06, "max": 0.5982555150985718}, "gwa-offshore-iea-15mw-150": {"min": 7.780238229315728e-05, "max": 0.6411182880401611}, "gwa-offshore-leanwind-8mw-110": {"min": 3.865591679641511e-06, "max": 0.6085050106048584}, "gwa-vestas-v100-mode0-100": {"min": 3.9798444049665704e-05, "max": 0.6848055124282837}, "gwa-vestas-v100-mode0-120": {"min": 6.362854765029624e-05, "max": 0.6853993535041809}, "gwa-vestas-v100-mode0-150": {"min": 0.0001170825125882402, "max": 0.6785441637039185}, "gwa-vestas-v100-mode0-80": {"min": 2.7768533982452936e-05, "max": 0.6750490665435791}, "gwa-vestas-v110-mode0-100": {"min": 5.0871381972683594e-05, "max": 0.7175495028495789}, "gwa-vestas-v110-mode0-120": {"min": 8.152836380759254e-05, "max": 0.7181721925735474}, "gwa-vestas-v110-mode0-150": {"min": 0.00015201854694169015, "max": 0.7128250598907471}, "gwa-vestas-v110-mode0-80": {"min": 3.564354119589552e-05, "max": 0.7080804705619812}, "gwa-vestas-v112-mode0-100": {"min": 2.0957408196409233e-05, "max": 0.6288293600082397}, "gwa-vestas-v112-mode0-120": {"min": 3.391560312593356e-05, "max": 0.6307864785194397}, "gwa-vestas-v112-mode0-150": {"min": 6.655824108747765e-05, "max": 0.6243899464607239}, "gwa-vestas-v112-mode0-80": {"min": 1.464519118599128e-05, "max": 0.6170890927314758}, "gwa-vestas-v120-mode0-100": {"min": 5.2124294597888365e-05, "max": 0.7093383073806763}, "gwa-vestas-v120-mode0-120": {"min": 8.74591787578538e-05, "max": 0.7102673053741455}, "gwa-vestas-v120-mode0-150": {"min": 0.00016150677402038127, "max": 0.7050408720970154}, "gwa-vestas-v120-mode0-80": {"min": 3.582518547773361e-05, "max": 0.6986883878707886}, "gwa-vestas-v126-mode0-100": {"min": 3.679358633235097e-05, "max": 0.6629742383956909}, "gwa-vestas-v126-mode0-120": {"min": 5.0689737690845504e-05, "max": 0.6639144420623779}, "gwa-vestas-v126-mode0-150": {"min": 0.00010561741510173306, "max": 0.656498908996582}, "gwa-vestas-v126-mode0-80": {"min": 1.962333953997586e-05, "max": 0.6526137590408325}, "gwa-vestas-v136-mode0-100": {"min": 4.591052493196912e-05, "max": 0.6920676827430725}, "gwa-vestas-v136-mode0-120": {"min": 7.292471127584577e-05, "max": 0.69279944896698}, "gwa-vestas-v136-mode0-150": {"min": 0.00012979588063899428, "max": 0.6852748990058899}, "gwa-vestas-v136-mode0-80": {"min": 3.200642458978109e-05, "max": 0.6821299195289612}, "air-density": {"min": 0.7483580112457275, "max": 1.155971884727478}}