{"worldpop": {"min": -3.4028234663852886e+38, "max": 6975.6533203125}, "slope": {"min": 0.0, "max": 34.8850212097168}, "land-cover": {"min": 10.0, "max": 210.0}, "airports": {"min": 0.0, "max": 162290.640625}, "ports": {"min": 0.0, "max": 499999.25}, "anchorages": {"min": 0.0, "max": 499999.25}, "grid": {"min": 0.0, "max": 10816.654296875}, "roads": {"min": 0.0, "max": 26172.50390625}, "pp-whs": {"min": 0.0, "max": 482547.65625}, "unep-coral": {"min": 65535.0, "max": 65535.0}, "unesco": {"min": 0.0, "max": 202074.859375}, "unesco-ramsar": {"min": 0.0, "max": 302793.65625}, "wwf-glw-1": {"min": 0.0, "max": 333681.375}, "wwf-glw-2": {"min": 0.0, "max": 75605.890625}, "jrc-gsw": {"min": 0.0, "max": 1.0}, "pp-marine-protected": {"min": 0.0, "max": 1.0}, "unep-tidal": {"min": 0.0, "max": 1.0}, "wwf-glw-3": {"min": 1.0, "max": 255.0}, "gsa-pvout": {"min": 2.028207302093506, "max": 3.1485185623168945}, "gsa-ghi": {"min": 2.282362937927246, "max": 3.1651148796081543}, "gsa-gti": {"min": 2.374603033065796, "max": 3.7287001609802246}, "gsa-temp": {"min": -0.40675708651542664, "max": 10.100000381469727}, "gwa-iec1": {"min": 0.08464422821998596, "max": 0.5540637969970703}, "gwa-iec2": {"min": 0.10540466010570526, "max": 0.6093326210975647}, "gwa-iec3": {"min": 0.12088845670223236, "max": 0.6455735564231873}, "gwa-power-10": {"min": 4.969162464141846, "max": 3048.315673828125}, "gwa-speed-10": {"min": 1.0366270542144775, "max": 10.40829086303711}, "gwa-power-50": {"min": 38.195640563964844, "max": 2238.3271484375}, "gwa-speed-50": {"min": 2.457719087600708, "max": 10.135668754577637}, "gwa-power-100": {"min": 77.7054214477539, "max": 2028.343994140625}, "gwa-speed-100": {"min": 3.7545225620269775, "max": 10.484436988830566}, "gwa-power-150": {"min": 141.57154846191406, "max": 1973.427978515625}, "gwa-speed-150": {"min": 4.564546585083008, "max": 11.08551025390625}, "gwa-power-200": {"min": 220.20706176757812, "max": 1954.646240234375}, "gwa-speed-200": {"min": 5.091780662536621, "max": 11.39034652709961}, "gebco": {"min": -11.0, "max": 2008.0}, "srtm90": {"min": -6.0, "max": 2034.0}, "waterbodies": {"min": 0.0, "max": 2.0}, "gwa-enercon-e44-50": {"min": 0.030102457851171494, "max": 0.398875892162323}, "gwa-enercon-e48-50": {"min": 0.038792259991168976, "max": 0.45199277997016907}, "gwa-enercon-e53-50": {"min": 0.049887243658304214, "max": 0.4873349666595459}, "gwa-offshore-dtu-10mw-119": {"min": 0.09468643367290497, "max": 0.544032871723175}, "gwa-offshore-iea-15mw-150": {"min": 0.1641155332326889, "max": 0.6345567107200623}, "gwa-offshore-leanwind-8mw-110": {"min": 0.08842173963785172, "max": 0.5367895364761353}, "gwa-vestas-v100-mode0-100": {"min": 0.12358509004116058, "max": 0.6379942297935486}, "gwa-vestas-v100-mode0-120": {"min": 0.15704835951328278, "max": 0.6626096367835999}, "gwa-vestas-v100-mode0-150": {"min": 0.20043502748012543, "max": 0.6890660524368286}, "gwa-vestas-v100-mode0-80": {"min": 0.09216012805700302, "max": 0.6109634041786194}, "gwa-vestas-v110-mode0-100": {"min": 0.14481690526008606, "max": 0.6781037449836731}, "gwa-vestas-v110-mode0-120": {"min": 0.1822911947965622, "max": 0.7010231018066406}, "gwa-vestas-v110-mode0-150": {"min": 0.2256832867860794, "max": 0.7240109443664551}, "gwa-vestas-v110-mode0-80": {"min": 0.10812107473611832, "max": 0.6518054604530334}, "gwa-vestas-v112-mode0-100": {"min": 0.08931255340576172, "max": 0.5532827973365784}, "gwa-vestas-v112-mode0-120": {"min": 0.11523650586605072, "max": 0.5802826881408691}, "gwa-vestas-v112-mode0-150": {"min": 0.15443918108940125, "max": 0.6139059662818909}, "gwa-vestas-v112-mode0-80": {"min": 0.06654765456914902, "max": 0.5264684557914734}, "gwa-vestas-v120-mode0-100": {"min": 0.15338896214962006, "max": 0.6884073615074158}, "gwa-vestas-v120-mode0-120": {"min": 0.1925753802061081, "max": 0.7089471817016602}, "gwa-vestas-v120-mode0-150": {"min": 0.23507967591285706, "max": 0.7266251444816589}, "gwa-vestas-v120-mode0-80": {"min": 0.11449569463729858, "max": 0.6630876660346985}, "gwa-vestas-v126-mode0-100": {"min": 0.11071356385946274, "max": 0.6082909107208252}, "gwa-vestas-v126-mode0-120": {"min": 0.1412876397371292, "max": 0.633833646774292}, "gwa-vestas-v126-mode0-150": {"min": 0.1838427484035492, "max": 0.6628270149230957}, "gwa-vestas-v126-mode0-80": {"min": 0.0825972855091095, "max": 0.5811041593551636}, "gwa-vestas-v136-mode0-100": {"min": 0.12681446969509125, "max": 0.6443207859992981}, "gwa-vestas-v136-mode0-120": {"min": 0.16079433262348175, "max": 0.6688154339790344}, "gwa-vestas-v136-mode0-150": {"min": 0.20405882596969604, "max": 0.6953640580177307}, "gwa-vestas-v136-mode0-80": {"min": 0.0946284681558609, "max": 0.6174230575561523}, "air-density": {"min": 1.0053904056549072, "max": 1.2377912998199463}, "lcoe": {"gwa-vestas-v136-mode0-100": {"lg": {"min": 57.94636154174805, "max": 278.0914306640625}, "li": {"min": 1.6395963430404663, "max": 8.11922836303711}, "lr": {"min": 0.0, "max": 0.6665014028549194}, "total": {"min": 59.87113952636719, "max": 286.37799072265625}}, "gwa-vestas-v112-mode0-80": {"lg": {"min": 70.02249145507812, "max": 526.3138427734375}, "li": {"min": 1.9608831405639648, "max": 15.472155570983887}, "lr": {"min": 0.0, "max": 1.0326879024505615}, "total": {"min": 72.08879089355469, "max": 542.1048583984375}}, "gwa-offshore-leanwind-8mw-110": {"lg": {"min": 68.7530517578125, "max": 397.1020202636719}, "li": {"min": 1.9512068033218384, "max": 11.644599914550781}, "lr": {"min": 0.0, "max": 0.8789259791374207}, "total": {"min": 71.0660400390625, "max": 408.986572265625}}, "gwa-vestas-v110-mode0-100": {"lg": {"min": 55.258766174316406, "max": 244.01864624023438}, "li": {"min": 1.5624871253967285, "max": 7.109913349151611}, "lr": {"min": 0.0, "max": 0.6071515083312988}, "total": {"min": 57.08765411376953, "max": 251.2750701904297}}, "gwa-vestas-v100-mode0-150": {"lg": {"min": 54.44329071044922, "max": 177.41659545898438}, "li": {"min": 1.5264886617660522, "max": 5.137004852294922}, "lr": {"min": 0.0, "max": 0.5203374028205872}, "total": {"min": 56.26179885864258, "max": 182.68490600585938}}, "gwa-vestas-v136-mode0-120": {"lg": {"min": 55.97062683105469, "max": 220.1690673828125}, "li": {"min": 1.5786887407302856, "max": 6.403433322906494}, "lr": {"min": 0.0, "max": 0.5864186882972717}, "total": {"min": 57.84700012207031, "max": 226.88519287109375}}, "gwa-vestas-v120-mode0-80": {"lg": {"min": 56.419559478759766, "max": 307.5813903808594}, "li": {"min": 1.5996558666229248, "max": 8.992790222167969}, "lr": {"min": 0.0, "max": 0.6634219288825989}, "total": {"min": 58.28986358642578, "max": 316.759521484375}}, "gwa-vestas-v120-mode0-150": {"lg": {"min": 51.83589172363281, "max": 151.85948181152344}, "li": {"min": 1.436474084854126, "max": 4.380073070526123}, "lr": {"min": 0.0, "max": 0.46970000863075256}, "total": {"min": 53.542877197265625, "max": 156.35137939453125}}, "gwa-vestas-v110-mode0-150": {"lg": {"min": 52.008609771728516, "max": 158.01565551757812}, "li": {"min": 1.4514243602752686, "max": 4.56230354309082}, "lr": {"min": 0.0, "max": 0.48237574100494385}, "total": {"min": 53.72462844848633, "max": 162.694580078125}}, "gwa-offshore-iea-15mw-150": {"lg": {"min": 58.77644348144531, "max": 215.79444885253906}, "li": {"min": 1.6554323434829712, "max": 6.273846626281738}, "lr": {"min": 0.0, "max": 0.593096911907196}, "total": {"min": 60.75412368774414, "max": 222.3746795654297}}, "gwa-vestas-v100-mode0-120": {"lg": {"min": 56.45737838745117, "max": 225.32521057128906}, "li": {"min": 1.5941240787506104, "max": 6.5561699867248535}, "lr": {"min": 0.0, "max": 0.5948177576065063}, "total": {"min": 58.3513298034668, "max": 232.2015380859375}}, "gwa-enercon-e48-50": {"lg": {"min": 80.90113067626953, "max": 900.0230102539062}, "li": {"min": 2.4293675422668457, "max": 26.746055603027344}, "lr": {"min": 0.0, "max": 1.8726519346237183}, "total": {"min": 83.37744140625, "max": 927.1123046875}}, "gwa-vestas-v126-mode0-120": {"lg": {"min": 58.838932037353516,