{"worldpop": {"min": -3.4028234663852886e+38, "max": 7455.79296875}, "slope": {"min": 0.008446646854281425, "max": 21.59757423400879}, "land-cover": {"min": 10.0, "max": 210.0}, "airports": {"min": 0.0, "max": 77661.125}, "ports": {"min": 0.0, "max": 47565.7421875}, "anchorages": {"min": 0.0, "max": 69146.5859375}, "grid": {"min": 0.0, "max": 67896.9765625}, "roads": {"min": 0.0, "max": 68507.3046875}, "pp-whs": {"min": 511566.21875, "max": 713126.25}, "unep-coral": {"min": 0.0, "max": 32035.13671875}, "unesco": {"min": 2236.068115234375, "max": 180718.703125}, "unesco-ramsar": {"min": 65535.0, "max": 499995.25}, "wwf-glw-1": {"min": 65535.0, "max": 500000.0}, "wwf-glw-2": {"min": 0.0, "max": 71688.5625}, "jrc-gsw": {"min": 0.0, "max": 1.0}, "pp-marine-protected": {"min": 0.0, "max": 0.0}, "unep-tidal": {"min": 0.0, "max": 1.0}, "wwf-glw-3": {"min": 1.0, "max": 255.0}, "gsa-pvout": {"min": 3.621103048324585, "max": 4.979547023773193}, "gsa-ghi": {"min": 4.402974605560303, "max": 5.9747138023376465}, "gsa-gti": {"min": 4.506667613983154, "max": 6.280050277709961}, "gsa-temp": {"min": 18.199283599853516, "max": 27.299999237060547}, "gwa-iec1": {"min": 0.015300345607101917, "max": 0.47329509258270264}, "gwa-iec2": {"min": 0.022665472701191902, "max": 0.5275371670722961}, "gwa-iec3": {"min": 0.027267348021268845, "max": 0.569346010684967}, "gwa-power-10": {"min": 1.162797212600708, "max": 307.4109191894531}, "gwa-speed-10": {"min": 0.7471926808357239, "max": 5.909956932067871}, "gwa-power-50": {"min": 5.780259609222412, "max": 581.0740966796875}, "gwa-speed-50": {"min": 1.6476144790649414, "max": 8.227095603942871}, "gwa-power-100": {"min": 20.375534057617188, "max": 569.4378051757812}, "gwa-speed-100": {"min": 2.4198436737060547, "max": 8.680032730102539}, "gwa-power-150": {"min": 38.12153625488281, "max": 649.4655151367188}, "gwa-speed-150": {"min": 3.017587661743164, "max": 9.093694686889648}, "gwa-power-200": {"min": 62.149044036865234, "max": 749.216552734375}, "gwa-speed-200": {"min": 3.6427886486053467, "max": 9.439053535461426}, "gebco": {"min": -52.0, "max": 1254.0}, "srtm90": {"min": -1.0, "max": 1248.0}, "waterbodies": {"min": 0.0, "max": 2.0}, "gwa-enercon-e44-50": {"min": 0.000907322799321264, "max": 0.3503830134868622}, "gwa-enercon-e48-50": {"min": 0.0012524948688223958, "max": 0.4183436632156372}, "gwa-enercon-e53-50": {"min": 0.0037865648046135902, "max": 0.4663037061691284}, "gwa-offshore-dtu-10mw-119": {"min": 0.010685591958463192, "max": 0.48731693625450134}, "gwa-offshore-iea-15mw-150": {"min": 0.04092496633529663, "max": 0.5701034069061279}, "gwa-offshore-leanwind-8mw-110": {"min": 0.009140217676758766, "max": 0.4978196620941162}, "gwa-vestas-v100-mode0-100": {"min": 0.0201969463378191, "max": 0.6116141676902771}, "gwa-vestas-v100-mode0-120": {"min": 0.032815154641866684, "max": 0.6229899525642395}, "gwa-vestas-v100-mode0-150": {"min": 0.057902269065380096, "max": 0.6421070098876953}, "gwa-vestas-v100-mode0-80": {"min": 0.010464828461408615, "max": 0.6014084219932556}, "gwa-vestas-v110-mode0-100": {"min": 0.02626325562596321, "max": 0.654401957988739}, "gwa-vestas-v110-mode0-120": {"min": 0.04213452339172363, "max": 0.6655474901199341}, "gwa-vestas-v110-mode0-150": {"min": 0.07073656469583511, "max": 0.6833272576332092}, "gwa-vestas-v110-mode0-80": {"min": 0.014095783233642578, "max": 0.6434370279312134}, "gwa-vestas-v112-mode0-100": {"min": 0.012377253733575344, "max": 0.5184880495071411}, "gwa-vestas-v112-mode0-120": {"min": 0.02047022245824337, "max": 0.5294047594070435}, "gwa-vestas-v112-mode0-150": {"min": 0.03738323971629143, "max": 0.5508621335029602}, "gwa-vestas-v112-mode0-80": {"min": 0.006082226522266865, "max": 0.5115781426429749}, "gwa-vestas-v120-mode0-100": {"min": 0.028020678088068962, "max": 0.6651493310928345}, "gwa-vestas-v120-mode0-120": {"min": 0.04506707563996315, "max": 0.676185667514801}, "gwa-vestas-v120-mode0-150": {"min": 0.07569209486246109, "max": 0.6922183632850647}, "gwa-vestas-v120-mode0-80": {"min": 0.014930850826203823, "max": 0.6583415269851685}, "gwa-vestas-v126-mode0-100": {"min": 0.017822785302996635, "max": 0.5763218402862549}, "gwa-vestas-v126-mode0-120": {"min": 0.028830135241150856, "max": 0.5875540971755981}, "gwa-vestas-v126-mode0-150": {"min": 0.050791990011930466, "max": 0.607609212398529}, "gwa-vestas-v126-mode0-80": {"min": 0.009337770752608776, "max": 0.5672966241836548}, "gwa-vestas-v136-mode0-100": {"min": 0.02154487371444702, "max": 0.6154745221138}, "gwa-vestas-v136-mode0-120": {"min": 0.034722354263067245, "max": 0.6266953349113464}, "gwa-vestas-v136-mode0-150": {"min": 0.06007383018732071, "max": 0.6456907391548157}, "gwa-vestas-v136-mode0-80": {"min": 0.011412382125854492, "max": 0.6055232882499695}, "air-density": {"min": 1.032412052154541, "max": 1.155645728111267}, "lcoe": {"gwa-vestas-v136-mode0-100": {"lg": {"min": 60.474735260009766, "max": 1617.3193359375}, "li": {"min": 1.7070183753967285, "max": 47.790287017822266}, "lr": {"min": 0.0, "max": 2.437991142272949}, "total": {"min": 62.21622848510742, "max": 1665.109619140625}}, "gwa-vestas-v112-mode0-80": {"lg": {"min": 71.94418334960938, "max": 5718.80908203125}, "li": {"min": 2.053696632385254, "max": 171.01156616210938}, "lr": {"min": 0.0, "max": 3.9182677268981934}, "total": {"min": 74.03935241699219, "max": 5890.78857421875}}, "gwa-offshore-leanwind-8mw-110": {"lg": {"min": 73.82199096679688, "max": 3806.83740234375}, "li": {"min": 2.1104555130004883, "max": 112.64893341064453}, "lr": {"min": 0.0, "max": 3.67822527885437}, "total": {"min": 75.9750747680664, "max": 3919.486328125}}, "gwa-vestas-v110-mode0-100": {"lg": {"min": 57.11530685424805, "max": 1327.474853515625}, "li": {"min": 1.6054755449295044, "max": 39.20441818237305}, "lr": {"min": 0.0, "max": 2.1433866024017334}, "total": {"min": 58.75320816040039, "max": 1366.6793212890625}}, "gwa-vestas-v100-mode0-150": {"lg": {"min": 58.132347106933594, "max": 604.3004760742188}, "li": {"min": 1.6362167596817017, "max": 17.782302856445312}, "lr": {"min": 0.0, "max": 1.968888759613037}, "total": {"min": 59.80160903930664, "max": 622.082763671875}}, "gwa-vestas-v136-mode0-120": {"lg": {"min": 59.46356964111328, "max": 1005.04833984375}, "li": {"min": 1.6764546632766724, "max": 29.653392791748047}, "lr": {"min": 0.0, "max": 2.206840991973877}, "total": {"min": 61.173885345458984, "max": 1034.7017822265625}}, "gwa-vestas-v120-mode0-80": {"lg": {"min": 56.79745864868164, "max": 2331.982666015625}, "li": {"min": 1.6098881959915161, "max": 69.66321563720703}, "lr": {"min": 0.0, "max": 2.2594828605651855}, "total": {"min": 58.45790481567383, "max": 2402.0400390625}}, "gwa-vestas-v120-mode0-150": {"lg": {"min": 54.21357727050781, "max": 463.2125549316406}, "li": {"min": 1.498164415359497, "max": 13.602948188781738}, "lr": {"min": 0.0, "max": 1.6487680673599243}, "total": {"min": 55.720245361328125, "max": 476.81549072265625}}, "gwa-vestas-v110-mode0-150": {"lg": {"min": 54.86692810058594, "max": 495.3831787109375}, "li": {"min": 1.5375155210494995, "max": 14.555917739868164}, "lr": {"min": 0.0, "max": 1.731795072555542}, "total": {"min": 56.43549346923828, "max": 509.9390869140625}}, "gwa-offshore-iea-15mw-150": {"lg": {"min": 64.96922302246094, "max": 853.3289794921875}, "li": {"min": 1.8428696393966675, "max": 25.159109115600586}, "lr": {"min": 0.0, "max": 2.479918956756592}, "total": {"min": 66.84931182861328, "max": 878.4880981445312}}, "gwa-vestas-v100-mode0-120": {"lg": {"min": 59.793453216552734, "max": 1063.2288818359375}, "li": {"min": 1.686425805091858, "max": 31.376834869384766}, "lr": {"min": 0.0, "max": 2.2498867511749268}, "total": {"min": 61.51393508911133, "max": 1094.605712890625}}, "gwa-enercon-e48-50": {"lg": {"min": 87.08662414550781, "max": 10000.0}, "li": {"min": 2.5113954544067383, "max": 822.0676879882812}, "lr": {"min": 0.0, "max": 6.951248645782471}, "total": {"min": 89.64874267578125, "max": 10000.0}},