{"worldpop":{"min":-3.4028234663852886e+38,"max":6525.552734375},"slope":{"min":0.0,"max":60.28431701660156},"land-cover":{"min":10.0,"max":210.0},"airports":{"min":0.0,"max":406184.6875},"ports":{"min":0.0,"max":406517.21875},"anchorages":{"min":0.0,"max":404537.375},"grid":{"min":0.0,"max":401552.625},"roads":{"min":0.0,"max":403504.9375},"pp-whs":{"min":436743.625,"max":863318.1875},"unep-coral":{"min":0.0,"max":401002.8125},"unesco":{"min":0.0,"max":425835.9375},"unesco-ramsar":{"min":65535.0,"max":500000.0},"wwf-glw-1":{"min":65535.0,"max":500000.0},"wwf-glw-2":{"min":0.0,"max":404499.6875},"jrc-gsw":{"min":0.0,"max":255.0},"pp-marine-protected":{"min":0.0,"max":1.0},"unep-tidal":{"min":0.0,"max":0.0},"wwf-glw-3":{"min":1.0,"max":255.0},"gsa-pvout":{"min":3.621103048324585,"max":5.012881278991699},"gsa-ghi":{"min":4.400706768035889,"max":6.029881477355957},"gsa-gti":{"min":4.504144668579102,"max":6.332881450653076},"gsa-temp":{"min":18.199283599853516,"max":27.299999237060547},"gwa-iec1":{"min":0.015300345607101917,"max":0.48816978931427},"gwa-iec2":{"min":0.022665472701191902,"max":0.5635983347892761},"gwa-iec3":{"min":0.027267348021268845,"max":0.6142985820770264},"gwa-power-10":{"min":1.162797212600708,"max":256.5862731933594},"gwa-speed-10":{"min":0.7471926808357239,"max":6.477077484130859},"gwa-power-50":{"min":6.875800609588623,"max":499.2334899902344},"gwa-speed-50":{"min":1.6786417961120605,"max":7.98876428604126},"gwa-power-100":{"min":20.375534057617188,"max":555.5288696289062},"gwa-speed-100":{"min":4.849703788757324,"max":8.382547378540039},"gwa-power-150":{"min":38.12153625488281,"max":649.4655151367188},"gwa-speed-150":{"min":3.017587661743164,"max":9.033632278442383},"gwa-power-200":{"min":62.149044036865234,"max":743.1495971679688},"gwa-speed-200":{"min":3.6427886486053467,"max":9.439053535461426},"gebco":{"min":-8451.0,"max":1254.0},"srtm90":{"min":-2.0,"max":1244.0},"waterbodies":{"min":0.0,"max":2.0},"gwa-enercon-e44-50":{"min":0.0011597136035561562,"max":0.34969690442085266},"gwa-enercon-e48-50":{"min":0.0015939802397042513,"max":0.4154720902442932},"gwa-enercon-e53-50":{"min":0.004530479200184345,"max":0.46162620186805725},"gwa-offshore-dtu-10mw-119":{"min":0.010685591958463192,"max":0.4813717007637024},"gwa-offshore-iea-15mw-150":{"min":0.04092496633529663,"max":0.5641071796417236},"gwa-offshore-leanwind-8mw-110":{"min":0.009140217676758766,"max":0.4909783601760864},"gwa-vestas-v100-mode0-100":{"min":0.0201969463378191,"max":0.6044261455535889},"gwa-vestas-v100-mode0-120":{"min":0.032815154641866684,"max":0.615004301071167},"gwa-vestas-v100-mode0-150":{"min":0.057902269065380096,"max":0.6396997570991516},"gwa-vestas-v100-mode0-80":{"min":0.010708789341151714,"max":0.5946870446205139},"gwa-vestas-v110-mode0-100":{"min":0.02626325562596321,"max":0.6605427265167236},"gwa-vestas-v110-mode0-120":{"min":0.04213452339172363,"max":0.6663822531700134},"gwa-vestas-v110-mode0-150":{"min":0.07073656469583511,"max":0.6895476579666138},"gwa-vestas-v110-mode0-80":{"min":0.014336922205984592,"max":0.6449208855628967},"gwa-vestas-v112-mode0-100":{"min":0.012377253733575344,"max":0.5109230279922485},"gwa-vestas-v112-mode0-120":{"min":0.02047022245824337,"max":0.5223649740219116},"gwa-vestas-v112-mode0-150":{"min":0.03738323971629143,"max":0.5452288389205933},"gwa-vestas-v112-mode0-80":{"min":0.006282352842390537,"max":0.503851592540741},"gwa-vestas-v120-mode0-100":{"min":0.028020678088068962,"max":0.6830050945281982},"gwa-vestas-v120-mode0-120":{"min":0.04506707563996315,"max":0.686112105846405},"gwa-vestas-v120-mode0-150":{"min":0.07569209486246109,"max":0.708427369594574},"gwa-vestas-v120-mode0-80":{"min":0.015203267335891724,"max":0.6678556203842163},"gwa-vestas-v126-mode0-100":{"min":0.017822785302996635,"max":0.5666788816452026},"gwa-vestas-v126-mode0-120":{"min":0.028830135241150856,"max":0.5787575840950012},"gwa-vestas-v126-mode0-150":{"min":0.050791990011930466,"max":0.6007349491119385},"gwa-vestas-v126-mode0-80":{"min":0.009536451660096645,"max":0.5571967363357544},"gwa-vestas-v136-mode0-100":{"min":0.02154487371444702,"max":0.6103348731994629},"gwa-vestas-v136-mode0-120":{"min":0.034722354263067245,"max":0.6178339719772339},"gwa-vestas-v136-mode0-150":{"min":0.06007383018732071,"max":0.6422115564346313},"gwa-vestas-v136-mode0-80":{"min":0.011633666232228279,"max":0.5977073907852173},"air-density":{"min":1.032412052154541,"max":1.1570123434066772}}