{"worldpop": {"min": -3.4028234663852886e+38, "max": 9487.599609375}, "slope": {"min": 0.0, "max": 30.28938865661621}, "land-cover": {"min": 10.0, "max": 210.0}, "airports": {"min": 0.0, "max": 265363.90625}, "ports": {"min": 0.0, "max": 207080.296875}, "anchorages": {"min": 0.0, "max": 264504.25}, "grid": {"min": 0.0, "max": 33503.73046875}, "roads": {"min": 0.0, "max": 24000.0}, "pp-whs": {"min": 439348.65625, "max": 837117.0625}, "unep-coral": {"min": 65535.0, "max": 65535.0}, "unesco": {"min": 0.0, "max": 446467.53125}, "unesco-ramsar": {"min": 36000.0, "max": 500000.0}, "wwf-glw-1": {"min": 0.0, "max": 255017.640625}, "wwf-glw-2": {"min": 0.0, "max": 85979.65625}, "jrc-gsw": {"min": 0.0, "max": 1.0}, "pp-marine-protected": {"min": 0.0, "max": 0.0}, "unep-tidal": {"min": 0.0, "max": 1.0}, "wwf-glw-3": {"min": 1.0, "max": 255.0}, "gsa-pvout": {"min": 2.4191484451293945, "max": 4.578765869140625}, "gsa-ghi": {"min": 2.896327257156372, "max": 4.220012664794922}, "gsa-gti": {"min": 2.9058985710144043, "max": 5.28965950012207}, "gsa-temp": {"min": -4.2662200927734375, "max": 12.300000190734863}, "gwa-iec1": {"min": 0.020362839102745056, "max": 0.6337713003158569}, "gwa-iec2": {"min": 0.024821236729621887, "max": 0.6354493498802185}, "gwa-iec3": {"min": 0.02809777483344078, "max": 0.6578725576400757}, "gwa-power-10": {"min": 2.369612216949463, "max": 4755.75341796875}, "gwa-speed-10": {"min": 0.6562963128089905, "max": 14.603344917297363}, "gwa-power-50": {"min": 12.416752815246582, "max": 5807.54833984375}, "gwa-speed-50": {"min": 1.3154488801956177, "max": 15.225669860839844}, "gwa-power-100": {"min": 24.638795852661133, "max": 4767.326171875}, "gwa-speed-100": {"min": 1.834460973739624, "max": 15.00710391998291}, "gwa-power-150": {"min": 37.290794372558594, "max": 3985.986572265625}, "gwa-speed-150": {"min": 2.1553831100463867, "max": 14.963393211364746}, "gwa-power-200": {"min": 50.77752685546875, "max": 3597.294921875}, "gwa-speed-200": {"min": 2.344576835632324, "max": 14.839133262634277}, "gebco": {"min": -53.0, "max": 2434.0}, "srtm90": {"min": -48.0, "max": 2443.0}, "waterbodies": {"min": 0.0, "max": 2.0}, "gwa-enercon-e44-50": {"min": 0.004705947358161211, "max": 0.5039089322090149}, "gwa-enercon-e48-50": {"min": 0.006231238134205341, "max": 0.5614737272262573}, "gwa-enercon-e53-50": {"min": 0.009586449712514877, "max": 0.596535325050354}, "gwa-offshore-dtu-10mw-119": {"min": 0.019153833389282227, "max": 0.6181166172027588}, "gwa-offshore-iea-15mw-150": {"min": 0.036819927394390106, "max": 0.6804216504096985}, "gwa-offshore-leanwind-8mw-110": {"min": 0.018285203725099564, "max": 0.6234991550445557}, "gwa-vestas-v100-mode0-100": {"min": 0.02954394742846489, "max": 0.6589815020561218}, "gwa-vestas-v100-mode0-120": {"min": 0.03705007955431938, "max": 0.6756598353385925}, "gwa-vestas-v100-mode0-150": {"min": 0.04788048565387726, "max": 0.6937440633773804}, "gwa-vestas-v100-mode0-80": {"min": 0.019880633801221848, "max": 0.6441372632980347}, "gwa-vestas-v110-mode0-100": {"min": 0.03569699078798294, "max": 0.6926856637001038}, "gwa-vestas-v110-mode0-120": {"min": 0.044044118374586105, "max": 0.7057802081108093}, "gwa-vestas-v110-mode0-150": {"min": 0.05653214454650879, "max": 0.7238662242889404}, "gwa-vestas-v110-mode0-80": {"min": 0.024064701050519943, "max": 0.6747645139694214}, "gwa-vestas-v112-mode0-100": {"min": 0.020330902189016342, "max": 0.6344602704048157}, "gwa-vestas-v112-mode0-120": {"min": 0.025732096284627914, "max": 0.6462315320968628}, "gwa-vestas-v112-mode0-150": {"min": 0.034344203770160675, "max": 0.6670634150505066}, "gwa-vestas-v112-mode0-80": {"min": 0.013705245219171047, "max": 0.6248469352722168}, "gwa-vestas-v120-mode0-100": {"min": 0.038030367344617844, "max": 0.6682730317115784}, "gwa-vestas-v120-mode0-120": {"min": 0.04673438146710396, "max": 0.6847368478775024}, "gwa-vestas-v120-mode0-150": {"min": 0.05988699570298195, "max": 0.7028343677520752}, "gwa-vestas-v120-mode0-80": {"min": 0.0255974642932415, "max": 0.651549220085144}, "gwa-vestas-v126-mode0-100": {"min": 0.02622929960489273, "max": 0.640594482421875}, "gwa-vestas-v126-mode0-120": {"min": 0.03299010545015335, "max": 0.656564474105835}, "gwa-vestas-v126-mode0-150": {"min": 0.04291553422808647, "max": 0.6751477718353271}, "gwa-vestas-v126-mode0-80": {"min": 0.017687641084194183, "max": 0.6291841268539429}, "gwa-vestas-v136-mode0-100": {"min": 0.03060886450111866, "max": 0.667660117149353}, "gwa-vestas-v136-mode0-120": {"min": 0.03822018951177597, "max": 0.6842244267463684}, "gwa-vestas-v136-mode0-150": {"min": 0.04929688200354576, "max": 0.7024129033088684}, "gwa-vestas-v136-mode0-80": {"min": 0.020624935626983643, "max": 0.6544339656829834}, "air-density": {"min": 0.9650391936302185, "max": 1.2442647218704224}, "lcoe": {"gwa-vestas-v136-mode0-100": {"lg": {"min": 56.0605583190918, "max": 1139.5782470703125}, "li": {"min": 1.6564617156982422, "max": 40.67436218261719}, "lr": {"min": 0.0, "max": 3.8471269607543945}, "total": {"min": 57.85249328613281, "max": 1176.99365234375}}, "gwa-vestas-v112-mode0-80": {"lg": {"min": 59.62763595581055, "max": 2540.164794921875}, "li": {"min": 1.815779209136963, "max": 101.03194427490234}, "lr": {"min": 0.0, "max": 7.645532131195068}, "total": {"min": 61.58863830566406, "max": 2627.81201171875}}, "gwa-offshore-leanwind-8mw-110": {"lg": {"min": 59.747886657714844, "max": 1904.9229736328125}, "li": {"min": 1.8353962898254395, "max": 67.2756118774414}, "lr": {"min": 0.0, "max": 5.935876846313477}, "total": {"min": 61.713130950927734, "max": 1975.1658935546875}}, "gwa-vestas-v110-mode0-100": {"lg": {"min": 54.1796989440918, "max": 977.716796875}, "li": {"min": 1.590488076210022, "max": 35.23719024658203}, "lr": {"min": 0.0, "max": 3.3593411445617676}, "total": {"min": 55.90689468383789, "max": 1009.7991943359375}}, "gwa-vestas-v100-mode0-150": {"lg": {"min": 54.103145599365234, "max": 729.9483642578125}, "li": {"min": 1.5720833539962769, "max": 26.368799209594727}, "lr": {"min": 0.0, "max": 2.6511387825012207}, "total": {"min": 55.82770919799805, "max": 756.4400634765625}}, "gwa-vestas-v136-mode0-120": {"lg": {"min": 54.80023193359375, "max": 913.4346313476562}, "li": {"min": 1.6131260395050049, "max": 33.03361511230469}, "lr": {"min": 0.0, "max": 3.197371482849121}, "total": {"min": 56.548789978027344, "max": 946.6222534179688}}, "gwa-vestas-v120-mode0-80": {"lg": {"min": 57.34785842895508, "max": 1361.8985595703125}, "li": {"min": 1.6677095890045166, "max": 50.70391845703125}, "lr": {"min": 0.0, "max": 4.462994575500488}, "total": {"min": 59.19529342651367, "max": 1408.8260498046875}}, "gwa-vestas-v120-mode0-150": {"lg": {"min": 53.45512008666992, "max": 584.4058227539062}, "li": {"min": 1.5097652673721313, "max": 21.08222198486328}, "lr": {"min": 0.0, "max": 2.19108247756958}, "total": {"min": 55.0756721496582, "max": 605.5863037109375}}, "gwa-vestas-v110-mode0-150": {"lg": {"min": 52.01820755004883, "max": 618.8495483398438}, "li": {"min": 1.4973760843276978, "max": 22.333330154418945}, "lr": {"min": 0.0, "max": 2.2989134788513184}, "total": {"min": 53.67100524902344, "max": 641.2869873046875}}, "gwa-offshore-iea-15mw-150": {"lg": {"min": 55.084144592285156, "max": 948.0203857421875}, "li": {"min": 1.656262993812561, "max": 34.28988265991211}, "lr": {"min": 0.0, "max": 3.350898265838623}, "total": {"min": 56.92083740234375, "max": 982.4700927734375}}, "gwa-vestas-v100-mode0-120": {"lg": {"min": 55.44416809082031, "max": 942.1561279296875}, "li": {"min": 1.630699634552002, "max": 34.076873779296875}, "lr": {"min": 0.0, "max": 3.2878804206848145}, "total": {"min": 57.21488952636719, "max": 976.391845703125}}, "gwa-enercon-e48-50": {"lg": {"min": 65.90629577636719, "max": 5582.14697265625}, "li": {"min": 2.0338382720947266, "max": 233.12376403808594}, "lr": {"min": 0.0, "max": 14.499831199645996}, "total": {"min": 68.08863830566406, "max": 5817.38232421875}}, "gwa-vestas-v126-mode0-120": {"lg": {"min": 56.940364837646484,