{"worldpop":{"min":-3.4028234663852886e+38,"max":11567.248046875},"slope":{"min":0.0,"max":38.441017150878906},"land-cover":{"min":10.0,"max":210.0},"airports":{"min":500.0,"max":362880.84375},"ports":{"min":0.0,"max":320572.15625},"anchorages":{"min":0.0,"max":289092.5625},"grid":{"min":0.0,"max":288032.09375},"roads":{"min":0.0,"max":285926.5625},"pp-whs":{"min":405882.0625,"max":818676.5},"unep-coral":{"min":65535.0,"max":65535.0},"unesco":{"min":500.0,"max":499992.5},"unesco-ramsar":{"min":19646.8828125,"max":500000.0},"wwf-glw-1":{"min":0.0,"max":444507.03125},"wwf-glw-2":{"min":0.0,"max":313888.90625},"jrc-gsw":{"min":0.0,"max":255.0},"pp-marine-protected":{"min":0.0,"max":1.0},"unep-tidal":{"min":0.0,"max":1.0},"wwf-glw-3":{"min":1.0,"max":255.0},"gsa-pvout":{"min":2.706860303878784,"max":4.571681976318359},"gsa-ghi":{"min":3.111445665359497,"max":4.219552993774414},"gsa-gti":{"min":3.2497706413269043,"max":5.28965950012207},"gsa-temp":{"min":-4.017544746398926,"max":13.21720027923584},"gwa-iec1":{"min":0.020554009824991226,"max":0.6337713003158569},"gwa-iec2":{"min":0.0245302002876997,"max":0.6354493498802185},"gwa-iec3":{"min":0.027522528544068336,"max":0.6578725576400757},"gwa-power-10":{"min":3.5686092376708984,"max":6273.298828125},"gwa-speed-10":{"min":0.7757881283760071,"max":15.265954971313477},"gwa-power-50":{"min":11.124049186706543,"max":7338.37841796875},"gwa-speed-50":{"min":1.327475905418396,"max":15.509650230407715},"gwa-power-100":{"min":22.64636993408203,"max":5591.62255859375},"gwa-speed-100":{"min":3.235936164855957,"max":8.54908561706543},"gwa-power-150":{"min":35.73516845703125,"max":4512.98291015625},"gwa-speed-150":{"min":2.1584646701812744,"max":15.242332458496094},"gwa-power-200":{"min":50.947364807128906,"max":4081.70361328125},"gwa-speed-200":{"min":2.3674349784851074,"max":15.131413459777832},"gebco":{"min":-3595.0,"max":2418.0},"srtm90":{"min":-6.0,"max":2443.0},"waterbodies":{"min":0.0,"max":2.0},"gwa-enercon-e44-50":{"min":0.005261869169771671,"max":0.4929097592830658},"gwa-enercon-e48-50":{"min":0.0069161816500127316,"max":0.550771176815033},"gwa-enercon-e53-50":{"min":0.01011378038674593,"max":0.5866009593009949},"gwa-offshore-dtu-10mw-119":{"min":0.01759856380522251,"max":0.6150330901145935},"gwa-offshore-iea-15mw-150":{"min":0.034425631165504456,"max":0.6804216504096985},"gwa-offshore-leanwind-8mw-110":{"min":0.01657365821301937,"max":0.6184356212615967},"gwa-vestas-v100-mode0-100":{"min":0.026314154267311096,"max":0.6562825441360474},"gwa-vestas-v100-mode0-120":{"min":0.034166738390922546,"max":0.6682217717170715},"gwa-vestas-v100-mode0-150":{"min":0.04526195302605629,"max":0.6832349896430969},"gwa-vestas-v100-mode0-80":{"min":0.018638841807842255,"max":0.6441372632980347},"gwa-vestas-v110-mode0-100":{"min":0.031785715371370316,"max":0.6876566410064697},"gwa-vestas-v110-mode0-120":{"min":0.041007403284311295,"max":0.6994316577911377},"gwa-vestas-v110-mode0-150":{"min":0.05382451042532921,"max":0.715140700340271},"gwa-vestas-v110-mode0-80":{"min":0.022654913365840912,"max":0.6747645139694214},"gwa-vestas-v112-mode0-100":{"min":0.018166743218898773,"max":0.6301015019416809},"gwa-vestas-v112-mode0-120":{"min":0.02382909134030342,"max":0.6438511610031128},"gwa-vestas-v112-mode0-150":{"min":0.03203992545604706,"max":0.6670634150505066},"gwa-vestas-v112-mode0-80":{"min":0.01274389959871769,"max":0.6210375428199768},"gwa-vestas-v120-mode0-100":{"min":0.033846355974674225,"max":0.663554310798645},"gwa-vestas-v120-mode0-120":{"min":0.043617378920316696,"max":0.6808733940124512},"gwa-vestas-v120-mode0-150":{"min":0.057140450924634933,"max":0.7004283666610718},"gwa-vestas-v120-mode0-80":{"min":0.024140724912285805,"max":0.651549220085144},"gwa-vestas-v126-mode0-100":{"min":0.023388253524899483,"max":0.640594482421875},"gwa-vestas-v126-mode0-120":{"min":0.030412940308451653,"max":0.6520801782608032},"gwa-vestas-v126-mode0-150":{"min":0.04042086377739906,"max":0.6701921224594116},"gwa-vestas-v126-mode0-80":{"min":0.016546810045838356,"max":0.6291841268539429},"gwa-vestas-v136-mode0-100":{"min":0.027268052101135254,"max":0.6662723422050476},"gwa-vestas-v136-mode0-120":{"min":0.0353301577270031,"max":0.677617609500885},"gwa-vestas-v136-mode0-150":{"min":0.04667585715651512,"max":0.6943108439445496},"gwa-vestas-v136-mode0-80":{"min":0.019358456134796143,"max":0.6544339656829834},"air-density":{"min":0.9656877517700195,"max":1.2442647218704224}}