{"worldpop": {"min": -3.4028234663852886e+38, "max": 10719.568359375}, "slope": {"min": 0.0, "max": 33.53215408325195}, "land-cover": {"min": 10.0, "max": 210.0}, "airports": {"min": 500.0, "max": 408262.46875}, "ports": {"min": 500.0, "max": 216390.859375}, "anchorages": {"min": 0.0, "max": 210240.9375}, "grid": {"min": 0.0, "max": 65535.0}, "roads": {"min": 0.0, "max": 32175.30078125}, "pp-whs": {"min": 0.0, "max": 1519894.875}, "unep-coral": {"min": 65535.0, "max": 65535.0}, "unesco": {"min": 0.0, "max": 279904.0}, "unesco-ramsar": {"min": 0.0, "max": 178556.71875}, "wwf-glw-1": {"min": 0.0, "max": 183306.4375}, "wwf-glw-2": {"min": 0.0, "max": 473307.78125}, "jrc-gsw": {"min": 0.0, "max": 1.0}, "pp-marine-protected": {"min": 0.0, "max": 1.0}, "unep-tidal": {"min": 0.0, "max": 1.0}, "wwf-glw-3": {"min": 1.0, "max": 255.0}, "gsa-pvout": {"min": 2.8357691764831543, "max": 4.813403129577637}, "gsa-ghi": {"min": 3.1439249515533447, "max": 5.159451007843018}, "gsa-gti": {"min": 3.3861122131347656, "max": 5.906083106994629}, "gsa-temp": {"min": 7.091318607330322, "max": 19.404651641845703}, "gwa-iec1": {"min": 0.05136562138795853, "max": 0.5855541229248047}, "gwa-iec2": {"min": 0.06141621991991997, "max": 0.6044026613235474}, "gwa-iec3": {"min": 0.06888818740844727, "max": 0.6307021975517273}, "gwa-power-10": {"min": 6.167834758758545, "max": 2088.8984375}, "gwa-speed-10": {"min": 1.0695010423660278, "max": 9.659180641174316}, "gwa-power-50": {"min": 29.189903259277344, "max": 2104.55322265625}, "gwa-speed-50": {"min": 1.8917890787124634, "max": 10.891157150268555}, "gwa-power-100": {"min": 51.67164993286133, "max": 2498.256591796875}, "gwa-speed-100": {"min": 2.4534764289855957, "max": 12.22903060913086}, "gwa-power-150": {"min": 77.4062271118164, "max": 2626.215576171875}, "gwa-speed-150": {"min": 2.870112419128418, "max": 12.698437690734863}, "gwa-power-200": {"min": 114.3612289428711, "max": 2663.54931640625}, "gwa-speed-200": {"min": 3.26088285446167, "max": 12.890596389770508}, "gebco": {"min": -159.0, "max": 1809.0}, "srtm90": {"min": -2.0, "max": 1824.0}, "waterbodies": {"min": 0.0, "max": 2.0}, "gwa-enercon-e44-50": {"min": 0.015245345421135426, "max": 0.447352796792984}, "gwa-enercon-e48-50": {"min": 0.01979973539710045, "max": 0.5017809867858887}, "gwa-enercon-e53-50": {"min": 0.026822708547115326, "max": 0.5372063517570496}, "gwa-offshore-dtu-10mw-119": {"min": 0.04854719713330269, "max": 0.5890315771102905}, "gwa-offshore-iea-15mw-150": {"min": 0.07547315210103989, "max": 0.6440114974975586}, "gwa-offshore-leanwind-8mw-110": {"min": 0.047708623111248016, "max": 0.5934119820594788}, "gwa-vestas-v100-mode0-100": {"min": 0.06955406069755554, "max": 0.6440960764884949}, "gwa-vestas-v100-mode0-120": {"min": 0.07990805804729462, "max": 0.6608731150627136}, "gwa-vestas-v100-mode0-150": {"min": 0.09472046792507172, "max": 0.6740046143531799}, "gwa-vestas-v100-mode0-80": {"min": 0.05104510486125946, "max": 0.6182231903076172}, "gwa-vestas-v110-mode0-100": {"min": 0.07954229414463043, "max": 0.6754716038703918}, "gwa-vestas-v110-mode0-120": {"min": 0.09099613130092621, "max": 0.6929289102554321}, "gwa-vestas-v110-mode0-150": {"min": 0.10717097669839859, "max": 0.7077682614326477}, "gwa-vestas-v110-mode0-80": {"min": 0.05951405689120293, "max": 0.6487709283828735}, "gwa-vestas-v112-mode0-100": {"min": 0.05157124996185303, "max": 0.6084082722663879}, "gwa-vestas-v112-mode0-120": {"min": 0.05930257961153984, "max": 0.6204596757888794}, "gwa-vestas-v112-mode0-150": {"min": 0.07097912579774857, "max": 0.6269691586494446}, "gwa-vestas-v112-mode0-80": {"min": 0.03750089555978775, "max": 0.5870237350463867}, "gwa-vestas-v120-mode0-100": {"min": 0.08310669660568237, "max": 0.665233850479126}, "gwa-vestas-v120-mode0-120": {"min": 0.09487788379192352, "max": 0.6881664991378784}, "gwa-vestas-v120-mode0-150": {"min": 0.11131148040294647, "max": 0.7106481790542603}, "gwa-vestas-v120-mode0-80": {"min": 0.06272782385349274, "max": 0.6424257159233093}, "gwa-vestas-v126-mode0-100": {"min": 0.06326348334550858, "max": 0.626511812210083}, "gwa-vestas-v126-mode0-120": {"min": 0.07249081134796143, "max": 0.6422452330589294}, "gwa-vestas-v126-mode0-150": {"min": 0.08590345829725266, "max": 0.6538971662521362}, "gwa-vestas-v126-mode0-80": {"min": 0.04605314880609512, "max": 0.6016508936882019}, "gwa-vestas-v136-mode0-100": {"min": 0.07114453613758087, "max": 0.654445230960846}, "gwa-vestas-v136-mode0-120": {"min": 0.08166387677192688, "max": 0.6707135438919067}, "gwa-vestas-v136-mode0-150": {"min": 0.09672975540161133, "max": 0.6830174326896667}, "gwa-vestas-v136-mode0-80": {"min": 0.05239962413907051, "max": 0.6289185881614685}, "air-density": {"min": 1.0092389583587646, "max": 1.2132090330123901}, "lcoe": {"gwa-vestas-v136-mode0-100": {"lg": {"min": 57.111793518066406, "max": 492.5654296875}, "li": {"min": 1.6693637371063232, "max": 28.144752502441406}, "lr": {"min": 0.0, "max": 1.0841307640075684}, "total": {"min": 60.7313117980957, "max": 520.710205078125}}, "gwa-vestas-v112-mode0-80": {"lg": {"min": 63.211849212646484, "max": 930.8781127929688}, "li": {"min": 1.9937200546264648, "max": 53.39459991455078}, "lr": {"min": 0.0, "max": 1.806259036064148}, "total": {"min": 67.24708557128906, "max": 984.4296264648438}}, "gwa-offshore-leanwind-8mw-110": {"lg": {"min": 62.57441329956055, "max": 732.5634765625}, "li": {"min": 1.9544188976287842, "max": 39.60657501220703}, "lr": {"min": 0.0, "max": 1.5477511882781982}, "total": {"min": 66.56620788574219, "max": 755.145751953125}}, "gwa-vestas-v110-mode0-100": {"lg": {"min": 55.4585075378418, "max": 440.984619140625}, "li": {"min": 1.59010910987854, "max": 25.173341751098633}, "lr": {"min": 0.0, "max": 0.9702050089836121}, "total": {"min": 58.17314147949219, "max": 466.157958984375}}, "gwa-vestas-v100-mode0-150": {"lg": {"min": 55.57050323486328, "max": 370.9614562988281}, "li": {"min": 1.5587247610092163, "max": 21.129606246948242}, "lr": {"min": 0.0, "max": 0.8410855531692505}, "total": {"min": 57.28342819213867, "max": 391.9189147949219}}, "gwa-vestas-v136-mode0-120": {"lg": {"min": 55.82355499267578, "max": 429.6319580078125}, "li": {"min": 1.609683632850647, "max": 24.519351959228516}, "lr": {"min": 0.0, "max": 0.9685846567153931}, "total": {"min": 58.854610443115234, "max": 454.15130615234375}}, "gwa-vestas-v120-mode0-80": {"lg": {"min": 58.105491638183594, "max": 558.1203002929688}, "li": {"min": 1.648388385772705, "max": 31.92116928100586}, "lr": {"min": 0.0, "max": 1.0547924041748047}, "total": {"min": 59.90176773071289, "max": 590.13525390625}}, "gwa-vestas-v120-mode0-150": {"lg": {"min": 52.911346435546875, "max": 316.2657165527344}, "li": {"min": 1.4697544574737549, "max": 17.988670349121094}, "lr": {"min": 0.0, "max": 0.7135481834411621}, "total": {"min": 54.44138717651367, "max": 334.25439453125}}, "gwa-vestas-v110-mode0-150": {"lg": {"min": 53.1103630065918, "max": 328.3299865722656}, "li": {"min": 1.4811187982559204, "max": 18.683652877807617}, "lr": {"min": 0.0, "max": 0.7426203489303589}, "total": {"min": 54.63376998901367, "max": 347.0136413574219}}, "gwa-offshore-iea-15mw-150": {"lg": {"min": 57.972267150878906, "max": 464.54473876953125}, "li": {"min": 1.6815427541732788, "max": 25.62504005432129}, "lr": {"min": 0.0, "max": 1.0245780944824219}, "total": {"min": 61.65042495727539, "max": 478.8196105957031}}, "gwa-vestas-v100-mode0-120": {"lg": {"min": 56.595211029052734, "max": 438.98443603515625}, "li": {"min": 1.623831033706665, "max": 25.05811882019043}, "lr": {"min": 0.0, "max": 0.989742636680603}, "total": {"min": 59.32200622558594, "max": 464.04254150390625}}, "gwa-enercon-e48-50": {"lg": {"min": 73.27078247070312, "max": 1759.516357421875}, "li": {"min": 2.415476083755493, "max": 92.86212158203125}, "lr": {"min": 0.0, "max": 4.1207098960876465}, "total": {"min": 77.99152374267578, "max": 1813.4942626953125}}, "gwa-vestas-v126-mode0-120": {"lg": {"min": 58.120697021484375, "max": 483.49188232421875},