{"worldpop": {"min": -3.4028234663852886e+38, "max": 12807.228515625}, "slope": {"min": 0.0, "max": 43.774600982666016}, "land-cover": {"min": 10.0, "max": 210.0}, "airports": {"min": 0.0, "max": 457301.0625}, "ports": {"min": 0.0, "max": 452401.65625}, "anchorages": {"min": 0.0, "max": 420862.21875}, "grid": {"min": 0.0, "max": 432323.09375}, "roads": {"min": 0.0, "max": 435424.21875}, "pp-whs": {"min": 74966.65625, "max": 781492.5}, "unep-coral": {"min": 65535.0, "max": 65535.0}, "unesco": {"min": 0.0, "max": 460848.15625}, "unesco-ramsar": {"min": 0.0, "max": 456454.25}, "wwf-glw-1": {"min": 0.0, "max": 500000.0}, "wwf-glw-2": {"min": 0.0, "max": 499868.21875}, "jrc-gsw": {"min": 0.0, "max": 255.0}, "pp-marine-protected": {"min": 0.0, "max": 1.0}, "unep-tidal": {"min": 0.0, "max": 1.0}, "wwf-glw-3": {"min": 1.0, "max": 255.0}, "gsa-pvout": {"min": 3.6920809745788574, "max": 4.817933559417725}, "gsa-ghi": {"min": 3.8979990482330322, "max": 5.171000003814697}, "gsa-gti": {"min": 4.500070571899414, "max": 5.916873455047607}, "gsa-temp": {"min": 10.844573020935059, "max": 18.410972595214844}, "gwa-iec1": {"min": 0.07026013731956482, "max": 0.5872864127159119}, "gwa-iec2": {"min": 0.08703873306512833, "max": 0.6248179078102112}, "gwa-iec3": {"min": 0.09944330900907516, "max": 0.6562545299530029}, "gwa-power-10": {"min": 8.196029663085938, "max": 815.9356079101562}, "gwa-speed-10": {"min": 1.1396390199661255, "max": 8.338525772094727}, "gwa-power-50": {"min": 34.88819885253906, "max": 985.4998779296875}, "gwa-speed-50": {"min": 2.326693296432495, "max": 9.434124946594238}, "gwa-power-100": {"min": 67.1874008178711, "max": 1130.6573486328125}, "gwa-speed-100": {"min": 3.2088661193847656, "max": 10.111035346984863}, "gwa-power-150": {"min": 114.88323974609375, "max": 1252.1304931640625}, "gwa-speed-150": {"min": 3.9622957706451416, "max": 10.701447486877441}, "gwa-power-200": {"min": 175.023681640625, "max": 1343.3731689453125}, "gwa-speed-200": {"min": 4.619112968444824, "max": 11.0034818649292}, "gebco": {"min": -5542.0, "max": 1145.0}, "srtm90": {"min": -3.0, "max": 1154.0}, "waterbodies": {"min": 0.0, "max": 2.0}, "gwa-enercon-e44-50": {"min": 0.022244568914175034, "max": 0.44009631872177124}, "gwa-enercon-e48-50": {"min": 0.028806110844016075, "max": 0.504351794719696}, "gwa-enercon-e53-50": {"min": 0.038003016263246536, "max": 0.5457770228385925}, "gwa-offshore-dtu-10mw-119": {"min": 0.07228320091962814, "max": 0.5892277359962463}, "gwa-offshore-iea-15mw-150": {"min": 0.12797598540782928, "max": 0.6604484915733337}, "gwa-offshore-leanwind-8mw-110": {"min": 0.0678042396903038, "max": 0.5920504927635193}, "gwa-vestas-v100-mode0-100": {"min": 0.09769115597009659, "max": 0.6646464467048645}, "gwa-vestas-v100-mode0-120": {"min": 0.12185987830162048, "max": 0.6818917989730835}, "gwa-vestas-v100-mode0-150": {"min": 0.16047631204128265, "max": 0.6978068947792053}, "gwa-vestas-v100-mode0-80": {"min": 0.0771636888384819, "max": 0.6432652473449707}, "gwa-vestas-v110-mode0-100": {"min": 0.1146652027964592, "max": 0.6969025731086731}, "gwa-vestas-v110-mode0-120": {"min": 0.14203250408172607, "max": 0.7136167287826538}, "gwa-vestas-v110-mode0-150": {"min": 0.18146686255931854, "max": 0.7283748984336853}, "gwa-vestas-v110-mode0-80": {"min": 0.09090402722358704, "max": 0.6757607460021973}, "gwa-vestas-v112-mode0-100": {"min": 0.0705687627196312, "max": 0.6052606105804443}, "gwa-vestas-v112-mode0-120": {"min": 0.08903771638870239, "max": 0.6235755681991577}, "gwa-vestas-v112-mode0-150": {"min": 0.12021847069263458, "max": 0.6435722708702087}, "gwa-vestas-v112-mode0-80": {"min": 0.05545733496546745, "max": 0.5849154591560364}, "gwa-vestas-v120-mode0-100": {"min": 0.12152010202407837, "max": 0.6888990998268127}, "gwa-vestas-v120-mode0-120": {"min": 0.15022456645965576, "max": 0.7031798958778381}, "gwa-vestas-v120-mode0-150": {"min": 0.18928523361682892, "max": 0.7166065573692322}, "gwa-vestas-v120-mode0-80": {"min": 0.0964004173874855, "max": 0.6679635643959045}, "gwa-vestas-v126-mode0-100": {"min": 0.08761603385210037, "max": 0.6415904760360718}, "gwa-vestas-v126-mode0-120": {"min": 0.1096145361661911, "max": 0.6592271327972412}, "gwa-vestas-v126-mode0-150": {"min": 0.14560817182064056, "max": 0.6763795018196106}, "gwa-vestas-v126-mode0-80": {"min": 0.06914352625608444, "max": 0.6204016804695129}, "gwa-vestas-v136-mode0-100": {"min": 0.1003919318318367, "max": 0.6716049313545227}, "gwa-vestas-v136-mode0-120": {"min": 0.1250050663948059, "max": 0.68891841173172}, "gwa-vestas-v136-mode0-150": {"min": 0.16367733478546143, "max": 0.7052103877067566}, "gwa-vestas-v136-mode0-80": {"min": 0.0793890431523323, "max": 0.6503411531448364}, "air-density": {"min": 1.0838801860809326, "max": 1.2132090330123901}}