{"worldpop": {"min": -3.4028234663852886e+38, "max": 8310.630859375}, "slope": {"min": 0.0, "max": 20.080236434936523}, "land-cover": {"min": 10.0, "max": 210.0}, "airports": {"min": 500.0, "max": 444414.78125}, "ports": {"min": 0.0, "max": 500000.0}, "anchorages": {"min": 65535.0, "max": 65535.0}, "grid": {"min": 0.0, "max": 208716.3125}, "roads": {"min": 0.0, "max": 62225.39453125}, "pp-whs": {"min": 4527.69287109375, "max": 742614.4375}, "unep-coral": {"min": 65535.0, "max": 65535.0}, "unesco": {"min": 500.0, "max": 500000.0}, "unesco-ramsar": {"min": 65535.0, "max": 500000.0}, "wwf-glw-1": {"min": 0.0, "max": 480218.96875}, "wwf-glw-2": {"min": 0.0, "max": 204710.15625}, "jrc-gsw": {"min": 0.0, "max": 1.0}, "pp-marine-protected": {"min": 0.0, "max": 0.0}, "unep-tidal": {"min": 0.0, "max": 0.0}, "wwf-glw-3": {"min": 1.0, "max": 255.0}, "gsa-pvout": {"min": 4.007075309753418, "max": 4.440973281860352}, "gsa-ghi": {"min": 4.827197551727295, "max": 5.28599739074707}, "gsa-gti": {"min": 5.105075359344482, "max": 5.583797931671143}, "gsa-temp": {"min": 20.19560432434082, "max": 26.299999237060547}, "gwa-iec1": {"min": 0.06806252896785736, "max": 0.554146945476532}, "gwa-iec2": {"min": 0.08906518667936325, "max": 0.6017431020736694}, "gwa-iec3": {"min": 0.10528165102005005, "max": 0.6383328437805176}, "gwa-power-10": {"min": 3.5196876525878906, "max": 916.1798095703125}, "gwa-speed-10": {"min": 1.3431766033172607, "max": 7.157954216003418}, "gwa-power-50": {"min": 30.661205291748047, "max": 1130.425537109375}, "gwa-speed-50": {"min": 2.980808734893799, "max": 9.169692039489746}, "gwa-power-100": {"min": 60.530242919921875, "max": 1131.1944580078125}, "gwa-speed-100": {"min": 3.910567045211792, "max": 9.928325653076172}, "gwa-power-150": {"min": 119.70599365234375, "max": 1370.008056640625}, "gwa-speed-150": {"min": 4.985178470611572, "max": 10.825366973876953}, "gwa-power-200": {"min": 200.89175415039062, "max": 1567.290283203125}, "gwa-speed-200": {"min": 5.91030216217041, "max": 11.31414794921875}, "gebco": {"min": 48.0, "max": 752.0}, "srtm90": {"min": 47.0, "max": 734.0}, "waterbodies": {"min": 1.0, "max": 2.0}, "gwa-enercon-e44-50": {"min": 0.01858164183795452, "max": 0.4004454016685486}, "gwa-enercon-e48-50": {"min": 0.024717187508940697, "max": 0.46676355600357056}, "gwa-enercon-e53-50": {"min": 0.03647554665803909, "max": 0.512864887714386}, "gwa-offshore-dtu-10mw-119": {"min": 0.0677739754319191, "max": 0.574776828289032}, "gwa-offshore-iea-15mw-150": {"min": 0.14985711872577667, "max": 0.6719566583633423}, "gwa-offshore-leanwind-8mw-110": {"min": 0.061101850122213364, "max": 0.5744338035583496}, "gwa-vestas-v100-mode0-100": {"min": 0.09687584638595581, "max": 0.6691309213638306}, "gwa-vestas-v100-mode0-120": {"min": 0.12932269275188446, "max": 0.6965216994285583}, "gwa-vestas-v100-mode0-150": {"min": 0.19756649434566498, "max": 0.7255416512489319}, "gwa-vestas-v100-mode0-80": {"min": 0.07734979689121246, "max": 0.6442440748214722}, "gwa-vestas-v110-mode0-100": {"min": 0.11857062578201294, "max": 0.7078277468681335}, "gwa-vestas-v110-mode0-120": {"min": 0.1563941389322281, "max": 0.7338348031044006}, "gwa-vestas-v110-mode0-150": {"min": 0.23304630815982819, "max": 0.7601345777511597}, "gwa-vestas-v110-mode0-80": {"min": 0.09529081732034683, "max": 0.6830175518989563}, "gwa-vestas-v112-mode0-100": {"min": 0.0651291161775589, "max": 0.5853112936019897}, "gwa-vestas-v112-mode0-120": {"min": 0.08840116113424301, "max": 0.6151953339576721}, "gwa-vestas-v112-mode0-150": {"min": 0.13993389904499054, "max": 0.6538354754447937}, "gwa-vestas-v112-mode0-80": {"min": 0.05151520296931267, "max": 0.5625002980232239}, "gwa-vestas-v120-mode0-100": {"min": 0.12733490765094757, "max": 0.7126252055168152}, "gwa-vestas-v120-mode0-120": {"min": 0.1675892025232315, "max": 0.7359990477561951}, "gwa-vestas-v120-mode0-150": {"min": 0.2479131519794464, "max": 0.7539769411087036}, "gwa-vestas-v120-mode0-80": {"min": 0.10237042605876923, "max": 0.6871626973152161}, "gwa-vestas-v126-mode0-100": {"min": 0.08500448614358902, "max": 0.6382968425750732}, "gwa-vestas-v126-mode0-120": {"min": 0.1137387603521347, "max": 0.666691780090332}, "gwa-vestas-v126-mode0-150": {"min": 0.17533354461193085, "max": 0.6990149021148682}, "gwa-vestas-v126-mode0-80": {"min": 0.06783454865217209, "max": 0.613970160484314}, "gwa-vestas-v136-mode0-100": {"min": 0.1004478856921196, "max": 0.6737866997718811}, "gwa-vestas-v136-mode0-120": {"min": 0.13356205821037292, "max": 0.701141357421875}, "gwa-vestas-v136-mode0-150": {"min": 0.20263569056987762, "max": 0.7307518720626831}, "gwa-vestas-v136-mode0-80": {"min": 0.08039849996566772, "max": 0.64919513463974}, "air-density": {"min": 1.08269202709198, "max": 1.1714273691177368}, "lcoe": {"gwa-vestas-v136-mode0-100": {"lg": {"min": 55.58718490600586, "max": 350.0377502441406}, "li": {"min": 1.5391473770141602, "max": 16.06981086730957}, "lr": {"min": 0.0, "max": 4.636839389801025}, "total": {"min": 57.23186492919922, "max": 362.10113525390625}}, "gwa-vestas-v112-mode0-80": {"lg": {"min": 65.79331970214844, "max": 678.7281494140625}, "li": {"min": 1.8436558246612549, "max": 28.481801986694336}, "lr": {"min": 0.0, "max": 8.342616081237793}, "total": {"min": 67.76338958740234, "max": 702.2501831054688}}, "gwa-offshore-leanwind-8mw-110": {"lg": {"min": 64.50959777832031, "max": 572.865966796875}, "li": {"min": 1.8053549528121948, "max": 24.280345916748047}, "lr": {"min": 0.0, "max": 7.4150071144104}, "total": {"min": 66.43873596191406, "max": 592.6974487304688}}, "gwa-vestas-v110-mode0-100": {"lg": {"min": 53.106239318847656, "max": 297.1481628417969}, "li": {"min": 1.4651261568069458, "max": 13.920069694519043}, "lr": {"min": 0.0, "max": 3.960843324661255}, "total": {"min": 54.67182540893555, "max": 307.36773681640625}}, "gwa-vestas-v100-mode0-150": {"lg": {"min": 51.907325744628906, "max": 179.9344940185547}, "li": {"min": 1.429355502128601, "max": 10.769648551940918}, "lr": {"min": 0.0, "max": 2.757230281829834}, "total": {"min": 53.434688568115234, "max": 186.0678253173828}}, "gwa-vestas-v136-mode0-120": {"lg": {"min": 53.57453536987305, "max": 264.2442626953125}, "li": {"min": 1.4790982007980347, "max": 13.19599437713623}, "lr": {"min": 0.0, "max": 3.716008424758911}, "total": {"min": 55.155052185058594, "max": 273.3167419433594}}, "gwa-vestas-v120-mode0-80": {"lg": {"min": 54.583011627197266, "max": 343.5390930175781}, "li": {"min": 1.5091869831085205, "max": 15.521625518798828}, "lr": {"min": 0.0, "max": 4.34505558013916}, "total": {"min": 56.1956787109375, "max": 355.37591552734375}}, "gwa-vestas-v120-mode0-150": {"lg": {"min": 50.100563049316406, "max": 144.2053985595703}, "li": {"min": 1.375449299812317, "max": 9.203876495361328}, "lr": {"min": 0.0, "max": 2.2277426719665527}, "total": {"min": 51.5703239440918, "max": 149.09315490722656}}, "gwa-vestas-v110-mode0-150": {"lg": {"min": 49.72711181640625, "max": 153.1495819091797}, "li": {"min": 1.3643070459365845, "max": 9.60795783996582}, "lr": {"min": 0.0, "max": 2.362438440322876}, "total": {"min": 51.184967041015625, "max": 158.34915161132812}}, "gwa-offshore-iea-15mw-150": {"lg": {"min": 55.72767639160156, "max": 235.94598388671875}, "li": {"min": 1.5433388948440552, "max": 13.222087860107422}, "lr": {"min": 0.0, "max": 3.5963428020477295}, "total": {"min": 57.37683868408203, "max": 244.03196716308594}}, "gwa-vestas-v100-mode0-120": {"lg": {"min": 53.90333938598633, "max": 272.775390625}, "li": {"min": 1.488908290863037, "max": 13.433171272277832}, "lr": {"min": 0.0, "max": 3.8222010135650635}, "total": {"min": 55.49433517456055, "max": 282.1452941894531}}, "gwa-enercon-e48-50": {"lg": {"min": 78.46759796142578, "max": 1410.258544921875}, "li": {"min": 2.221803903579712, "max": 55.98195266723633}, "lr": {"min": 0.0, "max": 16.644695281982422}, "total": {"min": 80.84174346923828, "max": 1459.2828369140625}}, "gwa-vestas-v126-mode0-120": {"lg": {"min": 56.13618087768555,