{"worldpop": {"min": -3.4028234663852886e+38, "max": 688.351806640625}, "slope": {"min": 0.0, "max": 8.445159912109375}, "land-cover": {"min": 210.0, "max": 210.0}, "airports": {"min": 47634.0234375, "max": 75856.7734375}, "ports": {"min": 1118.0340576171875, "max": 41838.9765625}, "anchorages": {"min": 6726.81201171875, "max": 45304.5234375}, "grid": {"min": 707.1067504882812, "max": 37583.2421875}, "roads": {"min": 1000.0, "max": 40660.17578125}, "pp-whs": {"min": 209754.625, "max": 254950.96875}, "unep-coral": {"min": 213425.046875, "max": 258832.484375}, "unesco": {"min": 41575.234375, "max": 85023.53125}, "unesco-ramsar": {"min": 335045.125, "max": 380016.125}, "wwf-glw-1": {"min": 89847.09375, "max": 133660.015625}, "wwf-glw-2": {"min": 5147.8154296875, "max": 48041.6484375}, "jrc-gsw": {"min": 1.0, "max": 255.0}, "pp-marine-protected": {"min": 0.0, "max": 0.0}, "unep-tidal": {"min": 0.0, "max": 0.0}, "wwf-glw-3": {"min": 255.0, "max": 255.0}, "gsa-pvout": {"min": 4.782892227172852, "max": 4.950186252593994}, "gsa-ghi": {"min": 5.4856696128845215, "max": 5.638190746307373}, "gsa-gti": {"min": 6.002040386199951, "max": 6.206190586090088}, "gsa-temp": {"min": 20.899999618530273, "max": 21.399999618530273}, "gwa-iec1": {"min": 0.13342945277690887, "max": 0.17656195163726807}, "gwa-iec2": {"min": 0.16304901242256165, "max": 0.21186400949954987}, "gwa-iec3": {"min": 0.18520811200141907, "max": 0.23814797401428223}, "gwa-power-10": {"min": 70.63993835449219, "max": 104.87029266357422}, "gwa-speed-10": {"min": 3.3299295902252197, "max": 3.8586692810058594}, "gwa-power-50": {"min": 100.41921997070312, "max": 151.43601989746094}, "gwa-speed-50": {"min": 3.9915554523468018, "max": 4.651716709136963}, "gwa-power-100": {"min": 123.2226791381836, "max": 172.43125915527344}, "gwa-speed-100": {"min": 4.5238118171691895, "max": 5.137735843658447}, "gwa-power-150": {"min": 155.24075317382812, "max": 194.79232788085938}, "gwa-speed-150": {"min": 4.678709983825684, "max": 5.098949909210205}, "gwa-power-200": {"min": 165.54893493652344, "max": 222.29049682617188}, "gwa-speed-200": {"min": 4.719954967498779, "max": 5.102637767791748}, "gebco": {"min": -732.0, "max": -5.0}, "srtm90": {"min": NaN, "max": NaN}, "waterbodies": {"min": 0.0, "max": 0.0}, "gwa-enercon-e44-50": {"min": 0.07551541179418564, "max": 0.10839158296585083}, "gwa-enercon-e48-50": {"min": 0.09666232764720917, "max": 0.13695690035820007}, "gwa-enercon-e53-50": {"min": 0.11932004243135452, "max": 0.16458161175251007}, "gwa-offshore-dtu-10mw-119": {"min": 0.12552374601364136, "max": 0.16259628534317017}, "gwa-offshore-iea-15mw-150": {"min": 0.17020449042320251, "max": 0.20206719636917114}, "gwa-offshore-leanwind-8mw-110": {"min": 0.1270405501127243, "max": 0.1676453799009323}, "gwa-vestas-v100-mode0-100": {"min": 0.18891660869121552, "max": 0.24445101618766785}, "gwa-vestas-v100-mode0-120": {"min": 0.19832080602645874, "max": 0.2464628964662552}, "gwa-vestas-v100-mode0-150": {"min": 0.20990633964538574, "max": 0.24599725008010864}, "gwa-vestas-v100-mode0-80": {"min": 0.17579030990600586, "max": 0.23518304526805878}, "gwa-vestas-v110-mode0-100": {"min": 0.21783827245235443, "max": 0.27798786759376526}, "gwa-vestas-v110-mode0-120": {"min": 0.22745177149772644, "max": 0.27931147813796997}, "gwa-vestas-v110-mode0-150": {"min": 0.23815716803073883, "max": 0.2768615782260895}, "gwa-vestas-v110-mode0-80": {"min": 0.20332780480384827, "max": 0.2675696015357971}, "gwa-vestas-v112-mode0-100": {"min": 0.1397051066160202, "max": 0.18567302823066711}, "gwa-vestas-v112-mode0-120": {"min": 0.14852546155452728, "max": 0.18855024874210358}, "gwa-vestas-v112-mode0-150": {"min": 0.16066503524780273, "max": 0.19128866493701935}, "gwa-vestas-v112-mode0-80": {"min": 0.1296766996383667, "max": 0.17863012850284576}, "gwa-vestas-v120-mode0-100": {"min": 0.22971324622631073, "max": 0.29167771339416504}, "gwa-vestas-v120-mode0-120": {"min": 0.23933765292167664, "max": 0.29257693886756897}, "gwa-vestas-v120-mode0-150": {"min": 0.24935460090637207, "max": 0.28890278935432434}, "gwa-vestas-v120-mode0-80": {"min": 0.21463100612163544, "max": 0.2807556986808777}, "gwa-vestas-v126-mode0-100": {"min": 0.17034415900707245, "max": 0.2223132699728012}, "gwa-vestas-v126-mode0-120": {"min": 0.1795574575662613, "max": 0.2246774435043335}, "gwa-vestas-v126-mode0-150": {"min": 0.1914292722940445, "max": 0.22541336715221405}, "gwa-vestas-v126-mode0-80": {"min": 0.15841521322727203, "max": 0.2139100432395935}, "gwa-vestas-v136-mode0-100": {"min": 0.19314627349376678, "max": 0.24919548630714417}, "gwa-vestas-v136-mode0-120": {"min": 0.2025371938943863, "max": 0.25109055638313293}, "gwa-vestas-v136-mode0-150": {"min": 0.21395428478717804, "max": 0.250348836183548}, "gwa-vestas-v136-mode0-80": {"min": 0.17986124753952026, "max": 0.23980243504047394}, "air-density": {"min": 1.1787410974502563, "max": 1.1798686981201172}}