{"worldpop": {"min": -3.4028234663852886e+38, "max": 1450.9486083984375}, "slope": {"min": 0.008446646854281425, "max": 62.978294372558594}, "land-cover": {"min": 10.0, "max": 210.0}, "airports": {"min": 1000.0, "max": 486430.125}, "ports": {"min": 500.0, "max": 355547.8125}, "anchorages": {"min": 0.0, "max": 405815.5625}, "grid": {"min": 65535.0, "max": 65535.0}, "roads": {"min": 0.0, "max": 469855.84375}, "pp-whs": {"min": 603450.9375, "max": 2329307.5}, "unep-coral": {"min": 0.0, "max": 65535.0}, "unesco": {"min": 1118.0340576171875, "max": 493233.46875}, "unesco-ramsar": {"min": 65535.0, "max": 65535.0}, "wwf-glw-1": {"min": 65535.0, "max": 65535.0}, "wwf-glw-2": {"min": 65535.0, "max": 65535.0}, "jrc-gsw": {"min": 0.0, "max": 1.0}, "pp-marine-protected": {"min": 0.0, "max": 0.0}, "unep-tidal": {"min": 0.0, "max": 0.0}, "wwf-glw-3": {"min": 4.0, "max": 255.0}, "gsa-pvout": {"min": 3.0080862045288086, "max": 5.200990676879883}, "gsa-ghi": {"min": 3.658759355545044, "max": 6.505529880523682}, "gsa-gti": {"min": 3.690913677215576, "max": 6.596362113952637}, "gsa-temp": {"min": 16.59131622314453, "max": 26.692501068115234}, "gwa-iec1": {"min": 0.02112901210784912, "max": 0.6610562801361084}, "gwa-iec2": {"min": 0.028887180611491203, "max": 0.7141258716583252}, "gwa-iec3": {"min": 0.034460246562957764, "max": 0.7471968531608582}, "gwa-power-10": {"min": 4.215795516967773, "max": 1500.569580078125}, "gwa-speed-10": {"min": 1.4234449863433838, "max": 9.069113731384277}, "gwa-power-50": {"min": 11.339426040649414, "max": 1055.840087890625}, "gwa-speed-50": {"min": 1.783881664276123, "max": 9.334578514099121}, "gwa-power-100": {"min": 23.116539001464844, "max": 982.3523559570312}, "gwa-speed-100": {"min": 2.6292028427124023, "max": 10.35836410522461}, "gwa-power-150": {"min": 41.20828628540039, "max": 1051.05517578125}, "gwa-speed-150": {"min": 3.4053597450256348, "max": 11.22319507598877}, "gwa-power-200": {"min": 65.46220397949219, "max": 1191.203857421875}, "gwa-speed-200": {"min": 3.4975593090057373, "max": 11.675847053527832}, "gebco": {"min": -3330.0, "max": 1451.0}, "srtm90": {"min": 0.0, "max": 1404.0}, "waterbodies": {"min": 0.0, "max": 2.0}, "gwa-enercon-e44-50": {"min": 0.0037399684078991413, "max": 0.4294547140598297}, "gwa-enercon-e48-50": {"min": 0.005023469217121601, "max": 0.49147042632102966}, "gwa-enercon-e53-50": {"min": 0.008755599148571491, "max": 0.5329288840293884}, "gwa-offshore-dtu-10mw-119": {"min": 0.01613946072757244, "max": 0.6278902888298035}, "gwa-offshore-iea-15mw-150": {"min": 0.042410627007484436, "max": 0.7288532257080078}, "gwa-offshore-leanwind-8mw-110": {"min": 0.014571074396371841, "max": 0.6289132833480835}, "gwa-vestas-v100-mode0-100": {"min": 0.02724629081785679, "max": 0.7281467318534851}, "gwa-vestas-v100-mode0-120": {"min": 0.039642222225666046, "max": 0.7592863440513611}, "gwa-vestas-v100-mode0-150": {"min": 0.059399623423814774, "max": 0.7913186550140381}, "gwa-vestas-v100-mode0-80": {"min": 0.016657637432217598, "max": 0.698008120059967}, "gwa-vestas-v110-mode0-100": {"min": 0.034585319459438324, "max": 0.7672185301780701}, "gwa-vestas-v110-mode0-120": {"min": 0.04993866756558418, "max": 0.7958567142486572}, "gwa-vestas-v110-mode0-150": {"min": 0.07401131093502045, "max": 0.8246093988418579}, "gwa-vestas-v110-mode0-80": {"min": 0.021276766434311867, "max": 0.7428370118141174}, "gwa-vestas-v112-mode0-100": {"min": 0.017353717237710953, "max": 0.6353222131729126}, "gwa-vestas-v112-mode0-120": {"min": 0.02553294040262699, "max": 0.6706036925315857}, "gwa-vestas-v112-mode0-150": {"min": 0.038901906460523605, "max": 0.7093991637229919}, "gwa-vestas-v112-mode0-80": {"min": 0.010514083318412304, "max": 0.5948383212089539}, "gwa-vestas-v120-mode0-100": {"min": 0.037052955478429794, "max": 0.7755842208862305}, "gwa-vestas-v120-mode0-120": {"min": 0.05357563495635986, "max": 0.8009737133979797}, "gwa-vestas-v120-mode0-150": {"min": 0.07950251549482346, "max": 0.8253161311149597}, "gwa-vestas-v120-mode0-80": {"min": 0.022760339081287384, "max": 0.7581861615180969}, "gwa-vestas-v126-mode0-100": {"min": 0.023940904065966606, "max": 0.6939467191696167}, "gwa-vestas-v126-mode0-120": {"min": 0.034773439168930054, "max": 0.7268199324607849}, "gwa-vestas-v126-mode0-150": {"min": 0.0520641915500164, "max": 0.7615551352500916}, "gwa-vestas-v126-mode0-80": {"min": 0.014654666185379028, "max": 0.6594367027282715}, "gwa-vestas-v136-mode0-100": {"min": 0.028702320531010628, "max": 0.7313622236251831}, "gwa-vestas-v136-mode0-120": {"min": 0.04159359633922577, "max": 0.7622835636138916}, "gwa-vestas-v136-mode0-150": {"min": 0.062007348984479904, "max": 0.7941880822181702}, "gwa-vestas-v136-mode0-80": {"min": 0.017612384632229805, "max": 0.7018555998802185}, "air-density": {"min": 1.0119751691818237, "max": 1.1817755699157715}, "lcoe": {"gwa-vestas-v136-mode0-100": {"lg": {"min": 51.52605056762695, "max": 1215.0086669921875}, "li": {"min": 2.7378299236297607, "max": 69.76248931884766}, "lr": {"min": 0.0, "max": 16.55140495300293}, "total": {"min": 55.318546295166016, "max": 1289.2491455078125}}, "gwa-vestas-v112-mode0-80": {"lg": {"min": 62.433956146240234, "max": 3309.924072265625}, "li": {"min": 3.3662009239196777, "max": 190.4441375732422}, "lr": {"min": 0.0, "max": 40.99440383911133}, "total": {"min": 67.09688568115234, "max": 3512.5927734375}}, "gwa-offshore-leanwind-8mw-110": {"lg": {"min": 59.267974853515625, "max": 2389.463134765625}, "li": {"min": 3.1838183403015137, "max": 137.41920471191406}, "lr": {"min": 0.0, "max": 28.706083297729492}, "total": {"min": 63.67826461791992, "max": 2535.703125}}, "gwa-vestas-v110-mode0-100": {"lg": {"min": 49.304901123046875, "max": 1009.014892578125}, "li": {"min": 2.6098763942718506, "max": 57.89582061767578}, "lr": {"min": 0.0, "max": 13.906426429748535}, "total": {"min": 52.92015075683594, "max": 1070.6270751953125}}, "gwa-vestas-v100-mode0-150": {"lg": {"min": 47.925113677978516, "max": 589.1680908203125}, "li": {"min": 2.530390977859497, "max": 33.70973205566406}, "lr": {"min": 0.0, "max": 12.576781272888184}, "total": {"min": 51.430259704589844, "max": 625.0416259765625}}, "gwa-vestas-v136-mode0-120": {"lg": {"min": 49.59820556640625, "max": 839.6757202148438}, "li": {"min": 2.626772403717041, "max": 48.14071273803711}, "lr": {"min": 0.0, "max": 12.502471923828125}, "total": {"min": 53.23686218261719, "max": 890.9065551757812}}, "gwa-vestas-v120-mode0-80": {"lg": {"min": 49.844627380371094, "max": 1531.1634521484375}, "li": {"min": 2.640968084335327, "max": 87.9751968383789}, "lr": {"min": 0.0, "max": 19.884870529174805}, "total": {"min": 53.50294876098633, "max": 1624.7857666015625}}, "gwa-vestas-v120-mode0-150": {"lg": {"min": 46.115692138671875, "max": 441.2032470703125}, "li": {"min": 2.4261555671691895, "max": 25.185935974121094}, "lr": {"min": 0.0, "max": 10.954119682312012}, "total": {"min": 49.47644805908203, "max": 468.005859375}}, "gwa-vestas-v110-mode0-150": {"lg": {"min": 46.15178298950195, "max": 473.6411437988281}, "li": {"min": 2.428234815597534, "max": 27.054582595825195}, "lr": {"min": 0.0, "max": 11.374561309814453}, "total": {"min": 49.515419006347656, "max": 502.432373046875}}, "gwa-offshore-iea-15mw-150": {"lg": {"min": 51.68965530395508, "max": 823.57666015625}, "li": {"min": 2.7472546100616455, "max": 47.213294982910156}, "lr": {"min": 0.0, "max": 15.023813247680664}, "total": {"min": 55.49520492553711, "max": 873.820556640625}}, "gwa-vestas-v100-mode0-120": {"lg": {"min": 49.778194427490234, "max": 880.8115844726562}, "li": {"min": 2.637141227722168, "max": 50.51041793823242}, "lr": {"min": 0.0, "max": 12.671337127685547}, "total": {"min": 53.43121337890625, "max": 934.5642700195312}}, "gwa-enercon-e48-50": {"lg": {"min": 74.72401428222656, "max": 6923.27392578125}, "li": {"min": 4.074193000793457, "max": 398.5981140136719}, "lr": {"min": 0.0, "max": 116.17454528808594}, "total": {"min": 80.36766815185547, "max": 7347.4580078125}},