{"worldpop":{"min":-3.4028234663852886e+38,"max":79657.109375},"slope":{"min":0.0,"max":3.1703741550445557},"land-cover":{"min":11.0,"max":210.0},"airports":{"min":0.0,"max":81856.5859375},"ports":{"min":0.0,"max":77060.046875},"anchorages":{"min":0.0,"max":76305.3046875},"grid":{"min":0.0,"max":13601.470703125},"roads":{"min":0.0,"max":24207.4375},"pp-whs":{"min":619937.0625,"max":785880.5625},"unep-coral":{"min":0.0,"max":75579.4296875},"unesco":{"min":0.0,"max":174103.421875},"unesco-ramsar":{"min":65535.0,"max":500000.0},"wwf-glw-1":{"min":65535.0,"max":499999.25},"wwf-glw-2":{"min":65535.0,"max":499999.25},"jrc-gsw":{"min":0.0,"max":1.0},"pp-marine-protected":{"min":0.0,"max":0.0},"unep-tidal":{"min":0.0,"max":1.0},"wwf-glw-3":{"min":6.0,"max":255.0},"gsa-pvout":{"min":4.577160835266113,"max":5.011233329772949},"gsa-ghi":{"min":5.563986778259277,"max":5.979685306549072},"gsa-gti":{"min":5.950254440307617,"max":6.503993511199951},"gsa-temp":{"min":26.399999618530273,"max":28.299999237060547},"gwa-iec1":{"min":0.15268822014331818,"max":0.3708449900150299},"gwa-iec2":{"min":0.19121399521827698,"max":0.42647454142570496},"gwa-iec3":{"min":0.2205391377210617,"max":0.4653591811656952},"gwa-power-10":{"min":12.78228759765625,"max":172.21112060546875},"gwa-speed-10":{"min":2.1607978343963623,"max":5.006274700164795},"gwa-power-50":{"min":69.29947662353516,"max":268.60101318359375},"gwa-speed-50":{"min":3.983215570449829,"max":6.131089687347412},"gwa-power-100":{"min":126.53431701660156,"max":370.81536865234375},"gwa-speed-100":{"min":5.086206436157227,"max":7.319149017333984},"gwa-power-150":{"min":209.54510498046875,"max":542.767578125},"gwa-speed-150":{"min":5.917124271392822,"max":8.076301574707031},"gwa-power-200":{"min":287.9244079589844,"max":694.8810424804688},"gwa-speed-200":{"min":6.417361259460449,"max":8.556500434875488},"gebco":{"min":-51.0,"max":91.0},"srtm90":{"min":-2.0,"max":92.0},"waterbodies":{"min":0.0,"max":2.0},"gwa-enercon-e44-50":{"min":0.05050692334771156,"max":0.18586407601833344},"gwa-enercon-e48-50":{"min":0.06630067527294159,"max":0.23264648020267487},"gwa-enercon-e53-50":{"min":0.08726712316274643,"max":0.2725912034511566},"gwa-offshore-dtu-10mw-119":{"min":0.152161106467247,"max":0.36234092712402344},"gwa-offshore-iea-15mw-150":{"min":0.2484346628189087,"max":0.45688945055007935},"gwa-offshore-leanwind-8mw-110":{"min":0.14460739493370056,"max":0.36037927865982056},"gwa-vestas-v100-mode0-100":{"min":0.21217142045497894,"max":0.4616345763206482},"gwa-vestas-v100-mode0-120":{"min":0.25214728713035583,"max":0.49322497844696045},"gwa-vestas-v100-mode0-150":{"min":0.3097519874572754,"max":0.5246242880821228},"gwa-vestas-v100-mode0-80":{"min":0.17783086001873016,"max":0.4209939241409302},"gwa-vestas-v110-mode0-100":{"min":0.24988898634910583,"max":0.5072426199913025},"gwa-vestas-v110-mode0-120":{"min":0.2923754155635834,"max":0.5376585125923157},"gwa-vestas-v110-mode0-150":{"min":0.35133376717567444,"max":0.5669653415679932},"gwa-vestas-v110-mode0-80":{"min":0.21145963668823242,"max":0.4656755328178406},"gwa-vestas-v112-mode0-100":{"min":0.1502562016248703,"max":0.3709956407546997},"gwa-vestas-v112-mode0-120":{"min":0.18349167704582214,"max":0.4032030403614044},"gwa-vestas-v112-mode0-150":{"min":0.23425935208797455,"max":0.4385630786418915},"gwa-vestas-v112-mode0-80":{"min":0.12448086589574814,"max":0.33427560329437256},"gwa-vestas-v120-mode0-100":{"min":0.26550671458244324,"max":0.5251473188400269},"gwa-vestas-v120-mode0-120":{"min":0.3092081844806671,"max":0.5543735027313232},"gwa-vestas-v120-mode0-150":{"min":0.3684600293636322,"max":0.581343948841095},"gwa-vestas-v120-mode0-80":{"min":0.22556719183921814,"max":0.4834413528442383},"gwa-vestas-v126-mode0-100":{"min":0.18821875751018524,"max":0.4275771677494049},"gwa-vestas-v126-mode0-120":{"min":0.2256784588098526,"max":0.4595709443092346},"gwa-vestas-v126-mode0-150":{"min":0.2808966338634491,"max":0.4922753870487213},"gwa-vestas-v126-mode0-80":{"min":0.15728731453418732,"max":0.3882904052734375},"gwa-vestas-v136-mode0-100":{"min":0.21757937967777252,"max":0.46694880723953247},"gwa-vestas-v136-mode0-120":{"min":0.2575964033603668,"max":0.4983443319797516},"gwa-vestas-v136-mode0-150":{"min":0.3150876760482788,"max":0.52960205078125},"gwa-vestas-v136-mode0-80":{"min":0.18278685212135315,"max":0.4263456463813782},"air-density":{"min":1.1409586668014526,"max":1.1501816511154175},"lcoe":{"gwa-vestas-v136-mode0-100":{"lg":{"min":78.43804931640625,"max":163.75209045410156},"li":{"min":2.241420030593872,"max":4.756858825683594},"lr":{"min":0.0,"max":0.7498801350593567},"total":{"min":80.91949462890625,"max":168.51136779785156}},"gwa-vestas-v112-mode0-80":{"lg":{"min":107.98233795166016,"max":283.229736328125},"li":{"min":3.1809945106506348,"max":8.27143669128418},"lr":{"min":0.0,"max":1.0817245244979858},"total":{"min":111.44865417480469,"max":291.5484313964844}},"gwa-offshore-leanwind-8mw-110":{"lg":{"min":100.45049285888672,"max":244.36639404296875},"li":{"min":2.9338319301605225,"max":7.120214462280273},"lr":{"min":0.0,"max":1.018006443977356},"total":{"min":103.66574096679688,"max":251.5272979736328}},"gwa-vestas-v110-mode0-100":{"lg":{"min":72.52491760253906,"max":143.09681701660156},"li":{"min":2.0561630725860596,"max":4.1496262550354},"lr":{"min":0.0,"max":0.6805478930473328},"total":{"min":74.80923461914062,"max":147.26483154296875}},"gwa-vestas-v100-mode0-150":{"lg":{"min":70.25457000732422,"max":116.21480560302734},"li":{"min":1.9829989671707153,"max":3.377499580383301},"lr":{"min":0.0,"max":0.6525462865829468},"total":{"min":72.36262512207031,"max":119.62569427490234}},"gwa-vestas-v136-mode0-120":{"lg":{"min":73.74848175048828,"max":138.93496704101562},"li":{"min":2.0898962020874023,"max":4.025898456573486},"lr":{"min":0.0,"max":0.6956972479820251},"total":{"min":76.07359313964844,"max":142.9931640625}},"gwa-vestas-v120-mode0-80":{"lg":{"min":75.89860534667969,"max":158.0949249267578},"li":{"min":2.1622531414031982,"max":4.577291965484619},"lr":{"min":0.0,"max":0.7081044316291809},"total":{"min":78.29539489746094,"max":162.6856689453125}},"gwa-vestas-v120-mode0-150":{"lg":{"min":63.79035949707031,"max":98.33522033691406},"li":{"min":1.7897344827651978,"max":2.8394672870635986},"lr":{"min":0.0,"max":0.5781054496765137},"total":{"min":65.69274139404297,"max":101.20663452148438}},"gwa-vestas-v110-mode0-150":{"lg":{"min":65.30667114257812,"max":102.93372344970703},"li":{"min":1.8346692323684692,"max":2.9778809547424316},"lr":{"min":0.0,"max":0.5963317155838013},"total":{"min":67.2573013305664,"max":105.94510650634766}},"gwa-offshore-iea-15mw-150":{"lg":{"min":80.07696533203125,"max":143.91107177734375},"li":{"min":2.2787139415740967,"max":4.205770969390869},"lr":{"min":0.0,"max":0.7648960947990417},"total":{"min":82.52767944335938,"max":148.11892700195312}},"gwa-vestas-v100-mode0-120":{"lg":{"min":74.47242736816406,"max":141.85101318359375},"li":{"min":2.112496852874756,"max":4.11290168762207},"lr":{"min":0.0,"max":0.7048418521881104},"total":{"min":76.8216781616211,"max":145.99691772460938}},"gwa-enercon-e48-50":{"lg":{"min":153.40591430664062,"max":528.259521484375},"li":{"min":4.508040904998779,"max":15.529791831970215},"lr":{"min":0.0,"max":1.5790494680404663},"total":{"min":158.38645935058594,"max":543.8780517578125}},"gwa-vestas-v126-mode0-120":{"lg":{"min":79.63307189941406,"max":158.01895141601562},"li":{"min":2.2733802795410156,"max":4.595285415649414},"lr":{"min":0.0,"max":0.7650001049041748},"total":{"min":82.15435028076172,"max":162.651123046875}},"gwa-vestas-v110-mode0-80":{"lg":{"min":78.64158630371094,"max":168.37539672851562},"li":{"min":2.2497522830963135,"max":4.874024868011475},"lr":{"min":0.0,"max":0.7402195930480957},"total":{"min":81.12981414794922,"max":173.2724151611328}},"gwa-iec3":{"lg":{"min":78.69232940673828,"max":161.60812377929688},"li":{"min":2.2410356998443604,"max":4.69813871383667},"lr":{"min":0.0,"max":0.7437732815742493},