{"worldpop": {"min": -3.4028234663852886e+38, "max": 2125.560791015625}, "slope": {"min": 0.06419508904218674, "max": 42.70297622680664}, "land-cover": {"min": 10.0, "max": 210.0}, "airports": {"min": 0.0, "max": 39528.46875}, "ports": {"min": 2000.0, "max": 71261.84375}, "anchorages": {"min": 0.0, "max": 41907.6328125}, "grid": {"min": 65535.0, "max": 65535.0}, "roads": {"min": 0.0, "max": 8500.0}, "pp-whs": {"min": 0.0, "max": 14500.0}, "unep-coral": {"min": 0.0, "max": 44780.01953125}, "unesco": {"min": 0.0, "max": 42479.41015625}, "unesco-ramsar": {"min": 65535.0, "max": 65535.0}, "wwf-glw-1": {"min": 65535.0, "max": 65535.0}, "wwf-glw-2": {"min": 182149.65625, "max": 231691.609375}, "jrc-gsw": {"min": 0.0, "max": 1.0}, "pp-marine-protected": {"min": 0.0, "max": 0.0}, "unep-tidal": {"min": 0.0, "max": 0.0}, "wwf-glw-3": {"min": 255.0, "max": 255.0}, "gsa-pvout": {"min": 2.4441163539886475, "max": 4.6354241371154785}, "gsa-ghi": {"min": 3.092689275741577, "max": 5.487446308135986}, "gsa-gti": {"min": 3.0302367210388184, "max": 5.812666893005371}, "gsa-temp": {"min": 9.521003723144531, "max": 25.947580337524414}, "gwa-iec1": {"min": 0.004471064545214176, "max": 0.50465989112854}, "gwa-iec2": {"min": 0.005795694421976805, "max": 0.5491353273391724}, "gwa-iec3": {"min": 0.006512708496302366, "max": 0.579077959060669}, "gwa-power-10": {"min": 1.3701841831207275, "max": 2053.545166015625}, "gwa-speed-10": {"min": 0.46920549869537354, "max": 8.447382926940918}, "gwa-power-50": {"min": 3.181776285171509, "max": 2027.3651123046875}, "gwa-speed-50": {"min": 0.6649425029754639, "max": 10.046977996826172}, "gwa-power-100": {"min": 7.372093677520752, "max": 1631.2972412109375}, "gwa-speed-100": {"min": 0.9742513298988342, "max": 9.960755348205566}, "gwa-power-150": {"min": 12.290816307067871, "max": 1415.725341796875}, "gwa-speed-150": {"min": 1.1024607419967651, "max": 9.661698341369629}, "gwa-power-200": {"min": 14.498672485351562, "max": 1254.621826171875}, "gwa-speed-200": {"min": 1.1915228366851807, "max": 9.757829666137695}, "gebco": {"min": -130.0, "max": 2760.0}, "srtm90": {"min": 6.0, "max": 2926.0}, "waterbodies": {"min": 0.0, "max": 2.0}, "gwa-enercon-e44-50": {"min": 0.0005632696556858718, "max": 0.3471662998199463}, "gwa-enercon-e48-50": {"min": 0.0007600878016091883, "max": 0.39159825444221497}, "gwa-enercon-e53-50": {"min": 0.0015657104086130857, "max": 0.421949565410614}, "gwa-offshore-dtu-10mw-119": {"min": 0.0024650071281939745, "max": 0.4814445376396179}, "gwa-offshore-iea-15mw-150": {"min": 0.007540336810052395, "max": 0.5635830760002136}, "gwa-offshore-leanwind-8mw-110": {"min": 0.00207767216488719, "max": 0.48061272501945496}, "gwa-vestas-v100-mode0-100": {"min": 0.004364814143627882, "max": 0.5608073472976685}, "gwa-vestas-v100-mode0-120": {"min": 0.007466488517820835, "max": 0.5857110023498535}, "gwa-vestas-v100-mode0-150": {"min": 0.010086331516504288, "max": 0.6093357801437378}, "gwa-vestas-v100-mode0-80": {"min": 0.0021359529346227646, "max": 0.5322503447532654}, "gwa-vestas-v110-mode0-100": {"min": 0.005708614364266396, "max": 0.5973634719848633}, "gwa-vestas-v110-mode0-120": {"min": 0.009256175719201565, "max": 0.6215259432792664}, "gwa-vestas-v110-mode0-150": {"min": 0.012164336629211903, "max": 0.6438577771186829}, "gwa-vestas-v110-mode0-80": {"min": 0.0028145613614469767, "max": 0.5687774419784546}, "gwa-vestas-v112-mode0-100": {"min": 0.002663816325366497, "max": 0.4896976053714752}, "gwa-vestas-v112-mode0-120": {"min": 0.004627562128007412, "max": 0.5173185467720032}, "gwa-vestas-v112-mode0-150": {"min": 0.0069896928034722805, "max": 0.5473187565803528}, "gwa-vestas-v112-mode0-80": {"min": 0.0012861286522820592, "max": 0.46149981021881104}, "gwa-vestas-v120-mode0-100": {"min": 0.006077986676245928, "max": 0.6067376136779785}, "gwa-vestas-v120-mode0-120": {"min": 0.009841273538768291, "max": 0.6308294534683228}, "gwa-vestas-v120-mode0-150": {"min": 0.012914096936583519, "max": 0.6543554663658142}, "gwa-vestas-v120-mode0-80": {"min": 0.0029896285850554705, "max": 0.5716022253036499}, "gwa-vestas-v126-mode0-100": {"min": 0.003868777072057128, "max": 0.5339028835296631}, "gwa-vestas-v126-mode0-120": {"min": 0.0065913014113903046, "max": 0.5596336126327515}, "gwa-vestas-v126-mode0-150": {"min": 0.008985859341919422, "max": 0.5851234793663025}, "gwa-vestas-v126-mode0-80": {"min": 0.001891687628813088, "max": 0.5054671764373779}, "gwa-vestas-v136-mode0-100": {"min": 0.004683941602706909, "max": 0.5663881897926331}, "gwa-vestas-v136-mode0-120": {"min": 0.007912859320640564, "max": 0.5915781259536743}, "gwa-vestas-v136-mode0-150": {"min": 0.010452947579324245, "max": 0.6158314943313599}, "gwa-vestas-v136-mode0-80": {"min": 0.002306448994204402, "max": 0.53774493932724}, "air-density": {"min": 0.8928244113922119, "max": 1.168142318725586}, "lcoe": {"gwa-vestas-v136-mode0-100": {"lg": {"min": 65.36915588378906, "max": 7424.8359375}, "li": {"min": 3.5352883338928223, "max": 427.4915466308594}, "lr": {"min": 0.0, "max": 6.525282382965088}, "total": {"min": 68.91913604736328, "max": 7853.583984375}}, "gwa-vestas-v112-mode0-80": {"lg": {"min": 79.31695556640625, "max": 10000.0}, "li": {"min": 4.338778495788574, "max": 1556.8778076171875}, "lr": {"min": 0.0, "max": 21.0052433013916}, "total": {"min": 83.67376708984375, "max": 10000.0}}, "gwa-offshore-leanwind-8mw-110": {"lg": {"min": 76.32176208496094, "max": 10000.0}, "li": {"min": 4.166234493255615, "max": 963.74462890625}, "lr": {"min": 0.0, "max": 13.9879732131958}, "total": {"min": 80.50531768798828, "max": 10000.0}}, "gwa-vestas-v110-mode0-100": {"lg": {"min": 62.18695068359375, "max": 6092.826171875}, "li": {"min": 3.3519716262817383, "max": 350.7585754394531}, "lr": {"min": 0.0, "max": 5.4440598487854}, "total": {"min": 65.5528564453125, "max": 6444.61572265625}}, "gwa-vestas-v100-mode0-150": {"lg": {"min": 61.04368209838867, "max": 3450.125244140625}, "li": {"min": 3.286111354827881, "max": 198.52069091796875}, "lr": {"min": 0.0, "max": 3.7673823833465576}, "total": {"min": 64.34345245361328, "max": 3649.81298828125}}, "gwa-vestas-v136-mode0-120": {"lg": {"min": 62.75599670410156, "max": 4396.6923828125}, "li": {"min": 3.3847525119781494, "max": 253.04953002929688}, "lr": {"min": 0.0, "max": 4.942019462585449}, "total": {"min": 66.15481567382812, "max": 4651.22900390625}}, "gwa-vestas-v120-mode0-80": {"lg": {"min": 64.80935668945312, "max": 10000.0}, "li": {"min": 3.503040075302124, "max": 669.763916015625}, "lr": {"min": 0.0, "max": 9.424490928649902}, "total": {"min": 68.32695007324219, "max": 10000.0}}, "gwa-vestas-v120-mode0-150": {"lg": {"min": 57.119083404541016, "max": 2695.5361328125}, "li": {"min": 3.0600271224975586, "max": 155.05113220214844}, "lr": {"min": 0.0, "max": 2.8651046752929688}, "total": {"min": 60.199222564697266, "max": 2851.49853515625}}, "gwa-vestas-v110-mode0-150": {"lg": {"min": 57.98514938354492, "max": 2861.431640625}, "li": {"min": 3.1099185943603516, "max": 164.6078643798828}, "lr": {"min": 0.0, "max": 3.0089454650878906}, "total": {"min": 61.10799789428711, "max": 3027.007080078125}}, "gwa-offshore-iea-15mw-150": {"lg": {"min": 65.67460632324219, "max": 4613.70947265625}, "li": {"min": 3.552884578704834, "max": 265.5511779785156}, "lr": {"min": 0.0, "max": 5.2865824699401855}, "total": {"min": 69.24226379394531, "max": 4880.82177734375}}, "gwa-vestas-v100-mode0-120": {"lg": {"min": 63.34455108642578, "max": 4659.30224609375}, "li": {"min": 3.4186573028564453, "max": 268.1776428222656}, "lr": {"min": 0.0, "max": 5.195333480834961}, "total": {"min": 66.77741241455078, "max": 4928.26806640625}}, "gwa-enercon-e48-50": {"lg": {"min": 92.76127624511719, "max": 10000.0}, "li": {"min": 5.113264560699463, "max": 2634.360595703125}, "lr": {"min": 0.0, "max": 60.47072982788086}, "total": {"min": 98.01062774658203, "max": 10000.0}}, "gwa-vestas-v126-mode0-120": {"lg": {"min": 66.10985565185547, "max": 5277.4287109375}, "li": {"min": 3.57795786857605,