{"worldpop":{"min":-3.4028234663852886e+38,"max":2125.560791015625},"slope":{"min":0.0,"max":65.03682708740234},"land-cover":{"min":10.0,"max":210.0},"airports":{"min":0.0,"max":401290.75},"ports":{"min":0.0,"max":455054.375},"anchorages":{"min":0.0,"max":400089.0625},"grid":{"min":65535.0,"max":500000.0},"roads":{"min":0.0,"max":395591.34375},"pp-whs":{"min":0.0,"max":396777.65625},"unep-coral":{"min":0.0,"max":396899.53125},"unesco":{"min":0.0,"max":428789.59375},"unesco-ramsar":{"min":65535.0,"max":65535.0},"wwf-glw-1":{"min":65535.0,"max":500000.0},"wwf-glw-2":{"min":65535.0,"max":500000.0},"jrc-gsw":{"min":0.0,"max":255.0},"pp-marine-protected":{"min":0.0,"max":0.0},"unep-tidal":{"min":0.0,"max":0.0},"wwf-glw-3":{"min":255.0,"max":255.0},"gsa-pvout":{"min":2.4441163539886475,"max":5.060999870300293},"gsa-ghi":{"min":3.092689275741577,"max":5.959000110626221},"gsa-gti":{"min":3.0302367210388184,"max":6.3520002365112305},"gsa-temp":{"min":9.629497528076172,"max":25.9414005279541},"gwa-iec1":{"min":0.003050976200029254,"max":0.571960985660553},"gwa-iec2":{"min":0.004507453180849552,"max":0.626552402973175},"gwa-iec3":{"min":0.00545433210209012,"max":0.6609091758728027},"gwa-power-10":{"min":1.3701841831207275,"max":2053.545166015625},"gwa-speed-10":{"min":0.588456928730011,"max":8.560249328613281},"gwa-power-50":{"min":3.248805046081543,"max":2027.3651123046875},"gwa-speed-50":{"min":0.6649425029754639,"max":10.046977996826172},"gwa-power-100":{"min":5.619103908538818,"max":1631.2972412109375},"gwa-speed-100":{"min":2.346795082092285,"max":9.041111946105957},"gwa-power-150":{"min":11.518044471740723,"max":1415.725341796875},"gwa-speed-150":{"min":1.1025828123092651,"max":9.661698341369629},"gwa-power-200":{"min":13.96569538116455,"max":1254.621826171875},"gwa-speed-200":{"min":1.2068145275115967,"max":10.064679145812988},"gebco":{"min":-5826.0,"max":2886.0},"srtm90":{"min":5.0,"max":2926.0},"waterbodies":{"min":0.0,"max":2.0},"gwa-enercon-e44-50":{"min":0.0007379164453595877,"max":0.3471662998199463},"gwa-enercon-e48-50":{"min":0.001000103889964521,"max":0.41644009947776794},"gwa-enercon-e53-50":{"min":0.002142055192962289,"max":0.467081755399704},"gwa-offshore-dtu-10mw-119":{"min":0.0024650071281939745,"max":0.5158102512359619},"gwa-offshore-iea-15mw-150":{"min":0.007540336810052395,"max":0.5984057188034058},"gwa-offshore-leanwind-8mw-110":{"min":0.00207767216488719,"max":0.5192832350730896},"gwa-vestas-v100-mode0-100":{"min":0.004364814143627882,"max":0.6316365003585815},"gwa-vestas-v100-mode0-120":{"min":0.007466488517820835,"max":0.6439427733421326},"gwa-vestas-v100-mode0-150":{"min":0.010086331516504288,"max":0.6598781943321228},"gwa-vestas-v100-mode0-80":{"min":0.0021359529346227646,"max":0.611772894859314},"gwa-vestas-v110-mode0-100":{"min":0.005708614364266396,"max":0.6747384667396545},"gwa-vestas-v110-mode0-120":{"min":0.009256175719201565,"max":0.6846151947975159},"gwa-vestas-v110-mode0-150":{"min":0.012164336629211903,"max":0.6977274417877197},"gwa-vestas-v110-mode0-80":{"min":0.0028145613614469767,"max":0.6559126377105713},"gwa-vestas-v112-mode0-100":{"min":0.002663816325366497,"max":0.5396577715873718},"gwa-vestas-v112-mode0-120":{"min":0.004627562128007412,"max":0.5561386942863464},"gwa-vestas-v112-mode0-150":{"min":0.0069896928034722805,"max":0.5784502029418945},"gwa-vestas-v112-mode0-80":{"min":0.0012861286522820592,"max":0.518659234046936},"gwa-vestas-v120-mode0-100":{"min":0.006077986676245928,"max":0.6889654994010925},"gwa-vestas-v120-mode0-120":{"min":0.009841273538768291,"max":0.6954790353775024},"gwa-vestas-v120-mode0-150":{"min":0.012914096936583519,"max":0.7047395706176758},"gwa-vestas-v120-mode0-80":{"min":0.0029896285850554705,"max":0.6711851358413696},"gwa-vestas-v126-mode0-100":{"min":0.003868777072057128,"max":0.5982667803764343},"gwa-vestas-v126-mode0-120":{"min":0.0065913014113903046,"max":0.6121401786804199},"gwa-vestas-v126-mode0-150":{"min":0.008985859341919422,"max":0.6303727030754089},"gwa-vestas-v126-mode0-80":{"min":0.001891687628813088,"max":0.5777487754821777},"gwa-vestas-v136-mode0-100":{"min":0.004683941602706909,"max":0.6367046236991882},"gwa-vestas-v136-mode0-120":{"min":0.007912859320640564,"max":0.6489430069923401},"gwa-vestas-v136-mode0-150":{"min":0.010452947579324245,"max":0.6650101542472839},"gwa-vestas-v136-mode0-80":{"min":0.002306448994204402,"max":0.617017388343811},"air-density":{"min":0.8869068622589111,"max":1.1710342168807983}}