{"worldpop":{"min":-3.4028234663852886e+38,"max":103654.3359375},"slope":{"min":0.0,"max":34.63446807861328},"land-cover":{"min":10.0,"max":210.0},"airports":{"min":0.0,"max":135614.34375},"ports":{"min":0.0,"max":499988.25},"anchorages":{"min":0.0,"max":500000.0},"grid":{"min":0.0,"max":21470.91015625},"roads":{"min":0.0,"max":25773.048828125},"pp-whs":{"min":0.0,"max":205524.328125},"unep-coral":{"min":65535.0,"max":65535.0},"unesco":{"min":500.0,"max":226699.140625},"unesco-ramsar":{"min":0.0,"max":448504.71875},"wwf-glw-1":{"min":0.0,"max":309863.28125},"wwf-glw-2":{"min":0.0,"max":104298.8515625},"jrc-gsw":{"min":0.0,"max":1.0},"pp-marine-protected":{"min":0.0,"max":0.0},"unep-tidal":{"min":0.0,"max":0.0},"wwf-glw-3":{"min":1.0,"max":255.0},"gsa-pvout":{"min":2.237400770187378,"max":3.774752378463745},"gsa-ghi":{"min":2.4702823162078857,"max":3.9189999103546143},"gsa-gti":{"min":2.6260826587677,"max":4.551302433013916},"gsa-temp":{"min":-1.3301787376403809,"max":13.600000381469727},"gwa-iec1":{"min":0.007910247892141342,"max":0.5374085903167725},"gwa-iec2":{"min":0.010540926828980446,"max":0.5792087912559509},"gwa-iec3":{"min":0.012410471215844154,"max":0.6106496453285217},"gwa-power-10":{"min":2.9430558681488037,"max":3096.091552734375},"gwa-speed-10":{"min":0.6712026000022888,"max":11.339404106140137},"gwa-power-50":{"min":4.651119709014893,"max":2273.59375},"gwa-speed-50":{"min":0.9552595615386963,"max":11.292981147766113},"gwa-power-100":{"min":9.54754638671875,"max":1975.3076171875},"gwa-speed-100":{"min":1.3774335384368896,"max":11.310540199279785},"gwa-power-150":{"min":16.482196807861328,"max":1981.935791015625},"gwa-speed-150":{"min":1.781485915184021,"max":11.638014793395996},"gwa-power-200":{"min":25.615005493164062,"max":2039.2283935546875},"gwa-speed-200":{"min":2.000241756439209,"max":11.834418296813965},"gebco":{"min":-83.0,"max":2396.0},"srtm90":{"min":-3.0,"max":2392.0},"waterbodies":{"min":0.0,"max":2.0},"gwa-enercon-e44-50":{"min":0.0013729857746511698,"max":0.4075685739517212},"gwa-enercon-e48-50":{"min":0.0018196000019088387,"max":0.4583950340747833},"gwa-enercon-e53-50":{"min":0.0029848183039575815,"max":0.49178779125213623},"gwa-offshore-dtu-10mw-119":{"min":0.0055128526873886585,"max":0.5156800746917725},"gwa-offshore-iea-15mw-150":{"min":0.01405111700296402,"max":0.5742912292480469},"gwa-offshore-leanwind-8mw-110":{"min":0.004995675291866064,"max":0.5215842723846436},"gwa-vestas-v100-mode0-100":{"min":0.008824651129543781,"max":0.6102326512336731},"gwa-vestas-v100-mode0-120":{"min":0.012613709084689617,"max":0.6155656576156616},"gwa-vestas-v100-mode0-150":{"min":0.01915462128818035,"max":0.6147334575653076},"gwa-vestas-v100-mode0-80":{"min":0.005654985550791025,"max":0.5954535603523254},"gwa-vestas-v110-mode0-100":{"min":0.011028951965272427,"max":0.6465479731559753},"gwa-vestas-v110-mode0-120":{"min":0.015654627233743668,"max":0.6520659327507019},"gwa-vestas-v110-mode0-150":{"min":0.02341604232788086,"max":0.6507346630096436},"gwa-vestas-v110-mode0-80":{"min":0.007090269587934017,"max":0.6315873265266418},"gwa-vestas-v112-mode0-100":{"min":0.005763247609138489,"max":0.5404956340789795},"gwa-vestas-v112-mode0-120":{"min":0.00833060685545206,"max":0.5450745820999146},"gwa-vestas-v112-mode0-150":{"min":0.012950596399605274,"max":0.5609115362167358},"gwa-vestas-v112-mode0-80":{"min":0.0036778326611965895,"max":0.5287501811981201},"gwa-vestas-v120-mode0-100":{"min":0.011785748414695263,"max":0.6437796354293823},"gwa-vestas-v120-mode0-120":{"min":0.016726668924093246,"max":0.649568498134613},"gwa-vestas-v120-mode0-150":{"min":0.024983439594507217,"max":0.6477490067481995},"gwa-vestas-v120-mode0-80":{"min":0.007570398971438408,"max":0.6291676163673401},"gwa-vestas-v126-mode0-100":{"min":0.00778941297903657,"max":0.5831494331359863},"gwa-vestas-v126-mode0-120":{"min":0.01112963818013668,"max":0.5882278680801392},"gwa-vestas-v126-mode0-150":{"min":0.016954950988292694,"max":0.5878300070762634},"gwa-vestas-v126-mode0-80":{"min":0.004995283205062151,"max":0.569286584854126},"gwa-vestas-v136-mode0-100":{"min":0.009257467463612556,"max":0.6158500909805298},"gwa-vestas-v136-mode0-120":{"min":0.013190272264182568,"max":0.6210688948631287},"gwa-vestas-v136-mode0-150":{"min":0.019919538870453835,"max":0.620305061340332},"gwa-vestas-v136-mode0-80":{"min":0.005942517425864935,"max":0.6013519167900085},"air-density":{"min":0.9664017558097839,"max":1.226685643196106},"lcoe":{"gwa-vestas-v136-mode0-100":{"lg":{"min":60.44028854370117,"max":3758.672607421875},"li":{"min":1.7367870807647705,"max":113.01473236083984},"lr":{"min":0.0,"max":3.7666049003601074},"total":{"min":62.24396514892578,"max":3873.59423828125}},"gwa-vestas-v112-mode0-80":{"lg":{"min":69.73757934570312,"max":9454.880859375},"li":{"min":2.0228846073150635,"max":284.4692077636719},"lr":{"min":0.0,"max":7.9488654136657715},"total":{"min":71.83837890625,"max":9744.150390625}},"gwa-offshore-leanwind-8mw-110":{"lg":{"min":70.64073181152344,"max":6961.7705078125},"li":{"min":2.0523910522460938,"max":209.42718505859375},"lr":{"min":0.0,"max":5.864796161651611},"total":{"min":72.76069641113281,"max":7174.73193359375}},"gwa-vestas-v110-mode0-100":{"lg":{"min":57.76052474975586,"max":3155.59228515625},"li":{"min":1.6543251276016235,"max":94.86215209960938},"lr":{"min":0.0,"max":3.245492935180664},"total":{"min":59.47856140136719,"max":3252.05517578125}},"gwa-vestas-v100-mode0-150":{"lg":{"min":60.54281234741211,"max":1818.640869140625},"li":{"min":1.7390025854110718,"max":54.6202507019043},"lr":{"min":0.0,"max":2.1874992847442627},"total":{"min":62.34976577758789,"max":1874.182861328125}},"gwa-vestas-v136-mode0-120":{"lg":{"min":59.96603012084961,"max":2639.181396484375},"li":{"min":1.7221931219100952,"max":79.31832122802734},"lr":{"min":0.0,"max":2.887965202331543},"total":{"min":61.754554748535156,"max":2719.838134765625}},"gwa-vestas-v120-mode0-80":{"lg":{"min":59.24563217163086,"max":4595.40380859375},"li":{"min":1.7000248432159424,"max":138.2001495361328},"lr":{"min":0.0,"max":4.2174153327941895},"total":{"min":61.011131286621094,"max":4735.93603515625}},"gwa-vestas-v120-mode0-150":{"lg":{"min":57.66084671020508,"max":1395.272216796875},"li":{"min":1.6012473106384277,"max":41.876953125},"lr":{"min":0.0,"max":1.764605164527893},"total":{"min":59.27891159057617,"max":1437.8558349609375}},"gwa-vestas-v110-mode0-150":{"lg":{"min":57.41463851928711,"max":1488.3994140625},"li":{"min":1.6299277544021606,"max":44.68006134033203},"lr":{"min":0.0,"max":1.8634661436080933},"total":{"min":59.12162399291992,"max":1533.8333740234375}},"gwa-offshore-iea-15mw-150":{"lg":{"min":64.52462768554688,"max":2477.736572265625},"li":{"min":1.8795678615570068,"max":74.4588623046875},"lr":{"min":0.0,"max":2.835935115814209},"total":{"min":66.45002746582031,"max":2553.451904296875}},"gwa-vestas-v100-mode0-120":{"lg":{"min":60.466373443603516,"max":2759.63330078125},"li":{"min":1.7375898361206055,"max":82.94389343261719},"lr":{"min":0.0,"max":2.976335287094116},"total":{"min":62.2708854675293,"max":2843.976806640625}},"gwa-enercon-e48-50":{"lg":{"min":79.82708740234375,"max":10000.0},"li":{"min":2.3515806198120117,"max":574.9780883789062},"lr":{"min":0.0,"max":18.132946014404297},"total":{"min":82.39119720458984,"max":10000.0}},"gwa-vestas-v126-mode0-120":{"lg":{"min":63.09063720703125,"max":3127.080810546875},"li":{"min":1.818343997001648,"max":94.00396728515625},"lr":{"min":0.0,"max":3.337698459625244},"total":{"min":64.97901153564453,"max":3222.6708984375}},"gwa-vestas-v110-mode0-80":{"lg":{"min":59.033973693847656,"max":4906.318359375},"li":{"min":1.6935118436813354,"max":147.55859375},"lr":{"min":0.0,"max":4.480431079864502},"total":{"min":60.79270935058594,"max":5056.3671875}},"gwa-iec3":{"lg":{"min":60.92095184326172,"max":2804.7607421875},"li":{"min":1.7404820919036865,"max":84.30221557617188},"lr":{"min":0.0,"max":4.159061908721924},"total":{"min":62.71925735473633,"max":2890.485595703125}},