{"worldpop":{"min":-3.4028234663852886e+38,"max":6444.66845703125},"slope":{"min":0.0,"max":22.629575729370117},"land-cover":{"min":10.0,"max":210.0},"airports":{"min":14430.8701171875,"max":241364.875},"ports":{"min":0.0,"max":209356.75},"anchorages":{"min":0.0,"max":201649.4375},"grid":{"min":0.0,"max":201603.578125},"roads":{"min":0.0,"max":202148.453125},"pp-whs":{"min":0.0,"max":208740.265625},"unep-coral":{"min":65535.0,"max":65535.0},"unesco":{"min":0.0,"max":231573.421875},"unesco-ramsar":{"min":317190.78125,"max":490944.25},"wwf-glw-1":{"min":0.0,"max":226020.46875},"wwf-glw-2":{"min":0.0,"max":212174.453125},"jrc-gsw":{"min":0.0,"max":255.0},"pp-marine-protected":{"min":0.0,"max":1.0},"unep-tidal":{"min":0.0,"max":0.0},"wwf-glw-3":{"min":1.0,"max":255.0},"gsa-pvout":{"min":3.6360177993774414,"max":3.774752378463745},"gsa-ghi":{"min":3.8352315425872803,"max":3.9189999103546143},"gsa-gti":{"min":4.4039998054504395,"max":4.551302433013916},"gsa-temp":{"min":12.55392837524414,"max":14.178238868713379},"gwa-iec1":{"min":0.27498993277549744,"max":0.4335670471191406},"gwa-iec2":{"min":0.3263567388057709,"max":0.48951202630996704},"gwa-iec3":{"min":0.36354124546051025,"max":0.5274931788444519},"gwa-power-10":{"min":23.73625373840332,"max":281.4779357910156},"gwa-speed-10":{"min":2.5208911895751953,"max":5.936821460723877},"gwa-power-50":{"min":133.940673828125,"max":424.0639343261719},"gwa-speed-50":{"min":4.799622058868408,"max":7.063217639923096},"gwa-power-100":{"min":242.3499298095703,"max":499.73797607421875},"gwa-speed-100":{"min":6.6385416984558105,"max":7.75592565536499},"gwa-power-150":{"min":390.5220947265625,"max":593.4788208007812},"gwa-speed-150":{"min":7.218385696411133,"max":8.188833236694336},"gwa-power-200":{"min":520.9432983398438,"max":709.7457885742188},"gwa-speed-200":{"min":7.414163112640381,"max":8.61125373840332},"gebco":{"min":-1774.0,"max":52.0},"srtm90":{"min":-3.0,"max":52.0},"waterbodies":{"min":0.0,"max":2.0},"gwa-enercon-e44-50":{"min":0.10051217675209045,"max":0.2685368061065674},"gwa-enercon-e48-50":{"min":0.1297079473733902,"max":0.3270673453807831},"gwa-enercon-e53-50":{"min":0.15981332957744598,"max":0.3708181381225586},"gwa-offshore-dtu-10mw-119":{"min":0.27825042605400085,"max":0.4081856310367584},"gwa-offshore-iea-15mw-150":{"min":0.39584824442863464,"max":0.48716238141059875},"gwa-offshore-leanwind-8mw-110":{"min":0.26719987392425537,"max":0.4090454578399658},"gwa-vestas-v100-mode0-100":{"min":0.3538546860218048,"max":0.5173038840293884},"gwa-vestas-v100-mode0-120":{"min":0.400724858045578,"max":0.5318283438682556},"gwa-vestas-v100-mode0-150":{"min":0.4527108073234558,"max":0.5514826774597168},"gwa-vestas-v100-mode0-80":{"min":0.30393344163894653,"max":0.49606895446777344},"gwa-vestas-v110-mode0-100":{"min":0.3976106643676758,"max":0.5607991814613342},"gwa-vestas-v110-mode0-120":{"min":0.4457218647003174,"max":0.574482262134552},"gwa-vestas-v110-mode0-150":{"min":0.4893157184123993,"max":0.5934169292449951},"gwa-vestas-v110-mode0-80":{"min":0.3453018069267273,"max":0.5391272902488708},"gwa-vestas-v112-mode0-100":{"min":0.2742067575454712,"max":0.43083494901657104},"gwa-vestas-v112-mode0-120":{"min":0.31647151708602905,"max":0.44600555300712585},"gwa-vestas-v112-mode0-150":{"min":0.3765256106853485,"max":0.46711456775665283},"gwa-vestas-v112-mode0-80":{"min":0.23083841800689697,"max":0.41108980774879456},"gwa-vestas-v120-mode0-100":{"min":0.4158015847206116,"max":0.5765876173973083},"gwa-vestas-v120-mode0-120":{"min":0.46414756774902344,"max":0.5894167423248291},"gwa-vestas-v120-mode0-150":{"min":0.4989911913871765,"max":0.6070287227630615},"gwa-vestas-v120-mode0-80":{"min":0.36264997720718384,"max":0.5548264980316162},"gwa-vestas-v126-mode0-100":{"min":0.3242483139038086,"max":0.4860900640487671},"gwa-vestas-v126-mode0-120":{"min":0.3695947527885437,"max":0.5008878111839294},"gwa-vestas-v126-mode0-150":{"min":0.42678630352020264,"max":0.520815908908844},"gwa-vestas-v126-mode0-80":{"min":0.2765769064426422,"max":0.46533629298210144},"gwa-vestas-v136-mode0-100":{"min":0.36025387048721313,"max":0.5236095190048218},"gwa-vestas-v136-mode0-120":{"min":0.40720322728157043,"max":0.5380365252494812},"gwa-vestas-v136-mode0-150":{"min":0.45848679542541504,"max":0.5575762391090393},"gwa-vestas-v136-mode0-80":{"min":0.31004709005355835,"max":0.5023972988128662},"air-density":{"min":1.2136971950531006,"max":1.222178339958191}}