{"worldpop":{"min":-3.4028234663852886e+38,"max":6350.69677734375},"slope":{"min":0.0,"max":37.24549865722656},"land-cover":{"min":10.0,"max":220.0},"airports":{"min":2061.552734375,"max":499989.0},"ports":{"min":2915.475830078125,"max":499986.0},"anchorages":{"min":1414.2135009765625,"max":499930.46875},"grid":{"min":0.0,"max":499814.21875},"roads":{"min":0.0,"max":468130.875},"pp-whs":{"min":0.0,"max":1706203.75},"unep-coral":{"min":65535.0,"max":65535.0},"unesco":{"min":7516.6484375,"max":499988.5},"unesco-ramsar":{"min":3905.125,"max":499880.96875},"wwf-glw-1":{"min":0.0,"max":499228.40625},"wwf-glw-2":{"min":0.0,"max":181370.484375},"jrc-gsw":{"min":0.0,"max":255.0},"pp-marine-protected":{"min":0.0,"max":1.0},"unep-tidal":{"min":0.0,"max":1.0},"wwf-glw-3":{"min":1.0,"max":255.0},"gsa-pvout":{"min":0.0,"max":4.729279518127441},"gsa-ghi":{"min":0.0,"max":4.143423080444336},"gsa-gti":{"min":0.0,"max":5.421284198760986},"gsa-temp":{"min":-13.972983360290527,"max":14.552786827087402},"gwa-iec1":{"min":0.010672196745872498,"max":0.6819928884506226},"gwa-iec2":{"min":0.014499694108963013,"max":0.7196457982063293},"gwa-iec3":{"min":0.017206508666276932,"max":0.7476785182952881},"gwa-power-10":{"min":1.452853798866272,"max":5063.5947265625},"gwa-speed-10":{"min":0.6357855200767517,"max":13.167105674743652},"gwa-power-50":{"min":9.536565780639648,"max":4349.67919921875},"gwa-speed-50":{"min":1.133465051651001,"max":14.052865028381348},"gwa-power-100":{"min":12.613059997558594,"max":4035.178466796875},"gwa-speed-100":{"min":1.7516928911209106,"max":14.601896286010742},"gwa-power-150":{"min":15.792865753173828,"max":3931.148681640625},"gwa-speed-150":{"min":1.8408693075180054,"max":15.015841484069824},"gwa-power-200":{"min":22.9930419921875,"max":3867.7216796875},"gwa-speed-200":{"min":1.8947865962982178,"max":15.175674438476562},"gebco":{"min":-1165.0,"max":3206.0},"srtm90":{"min":-29.0,"max":3438.0},"waterbodies":{"min":0.0,"max":2.0},"gwa-enercon-e44-50":{"min":0.004423685371875763,"max":0.5101646780967712},"gwa-enercon-e48-50":{"min":0.005795008037239313,"max":0.5586428642272949},"gwa-enercon-e53-50":{"min":0.008171895518898964,"max":0.5943572521209717},"gwa-offshore-dtu-10mw-119":{"min":0.00828570406883955,"max":0.6852342486381531},"gwa-offshore-iea-15mw-150":{"min":0.015485582873225212,"max":0.7632521986961365},"gwa-offshore-leanwind-8mw-110":{"min":0.008510638028383255,"max":0.6742356419563293},"gwa-vestas-v100-mode0-100":{"min":0.01758870854973793,"max":0.7396427392959595},"gwa-vestas-v100-mode0-120":{"min":0.01773883029818535,"max":0.7640278339385986},"gwa-vestas-v100-mode0-150":{"min":0.021378042176365852,"max":0.7813385725021362},"gwa-vestas-v100-mode0-80":{"min":0.015718230977654457,"max":0.7089034914970398},"gwa-vestas-v110-mode0-100":{"min":0.0,"max":0.7662926316261292},"gwa-vestas-v110-mode0-120":{"min":0.0,"max":0.787310004234314},"gwa-vestas-v110-mode0-150":{"min":0.0,"max":0.7992526292800903},"gwa-vestas-v110-mode0-80":{"min":0.0,"max":0.7378180623054504},"gwa-vestas-v112-mode0-100":{"min":0.011562435887753963,"max":0.6824163794517517},"gwa-vestas-v112-mode0-120":{"min":0.011656686663627625,"max":0.7143160700798035},"gwa-vestas-v112-mode0-150":{"min":0.014259991236031055,"max":0.7468876838684082},"gwa-vestas-v112-mode0-80":{"min":0.010743021965026855,"max":0.6479848623275757},"gwa-vestas-v120-mode0-100":{"min":0.0,"max":0.7519896626472473},"gwa-vestas-v120-mode0-120":{"min":0.0,"max":0.7661787867546082},"gwa-vestas-v120-mode0-150":{"min":0.0,"max":0.7885445952415466},"gwa-vestas-v120-mode0-80":{"min":0.0,"max":0.72763592004776},"gwa-vestas-v126-mode0-100":{"min":0.015519736334681511,"max":0.7192940711975098},"gwa-vestas-v126-mode0-120":{"min":0.01564144715666771,"max":0.7460424304008484},"gwa-vestas-v126-mode0-150":{"min":0.01887371949851513,"max":0.767640233039856},"gwa-vestas-v126-mode0-80":{"min":0.014054522849619389,"max":0.6872149705886841},"gwa-vestas-v136-mode0-100":{"min":0.018407732248306274,"max":0.7471995949745178},"gwa-vestas-v136-mode0-120":{"min":0.01856541819870472,"max":0.7721049785614014},"gwa-vestas-v136-mode0-150":{"min":0.022271808236837387,"max":0.7909555435180664},"gwa-vestas-v136-mode0-80":{"min":0.016446471214294434,"max":0.7163821458816528},"air-density":{"min":0.8985903263092041,"max":1.340335488319397},"lcoe":{"gwa-vestas-v136-mode0-100":{"lg":{"min":50.518707275390625,"max":1892.26953125},"li":{"min":1.5783544778823853,"max":107.16519165039062},"lr":{"min":0.0,"max":31.245750427246094},"total":{"min":56.195068359375,"max":1969.4755859375}},"gwa-vestas-v112-mode0-80":{"lg":{"min":57.64130783081055,"max":3239.473388671875},"li":{"min":1.7282602787017822,"max":178.3309783935547},"lr":{"min":0.0,"max":67.89557647705078},"total":{"min":61.9018669128418,"max":3416.552734375}},"gwa-offshore-leanwind-8mw-110":{"lg":{"min":55.55284118652344,"max":4088.154541015625},"li":{"min":1.7036993503570557,"max":178.5912322998047},"lr":{"min":0.0,"max":50.06229019165039},"total":{"min":60.92259979248047,"max":4255.14404296875}},"gwa-vestas-v110-mode0-100":{"lg":{"min":49.35964584350586,"max":10000.0},"li":{"min":1.562651515007019,"max":10000.0},"lr":{"min":0.0,"max":10000.0},"total":{"min":54.95415115356445,"max":10000.0}},"gwa-vestas-v100-mode0-150":{"lg":{"min":48.486167907714844,"max":1629.9093017578125},"li":{"min":1.4523286819458008,"max":82.61901092529297},"lr":{"min":0.0,"max":16.411104202270508},"total":{"min":53.97294235229492,"max":1696.38818359375}},"gwa-vestas-v136-mode0-120":{"lg":{"min":49.01818084716797,"max":1876.2315673828125},"li":{"min":1.5407606363296509,"max":95.36495208740234},"lr":{"min":0.0,"max":22.656339645385742},"total":{"min":54.57057189941406,"max":1952.781982421875}},"gwa-vestas-v120-mode0-80":{"lg":{"min":51.76944351196289,"max":10000.0},"li":{"min":1.6219000816345215,"max":10000.0},"lr":{"min":0.0,"max":10000.0},"total":{"min":57.66116714477539,"max":10000.0}},"gwa-vestas-v120-mode0-150":{"lg":{"min":48.07963943481445,"max":10000.0},"li":{"min":1.3677064180374146,"max":10000.0},"lr":{"min":0.0,"max":10000.0},"total":{"min":51.32562255859375,"max":10000.0}},"gwa-vestas-v110-mode0-150":{"lg":{"min":47.489078521728516,"max":10000.0},"li":{"min":1.383475661277771,"max":10000.0},"lr":{"min":0.0,"max":10000.0},"total":{"min":51.70222473144531,"max":10000.0}},"gwa-offshore-iea-15mw-150":{"lg":{"min":49.54033279418945,"max":2248.58837890625},"li":{"min":1.5451971292495728,"max":106.16686248779297},"lr":{"min":0.0,"max":21.08855438232422},"total":{"min":55.15712356567383,"max":2340.363525390625}},"gwa-vestas-v100-mode0-120":{"lg":{"min":49.494102478027344,"max":1963.4730224609375},"li":{"min":1.5685840845108032,"max":99.09259796142578},"lr":{"min":0.0,"max":23.563453674316406},"total":{"min":55.105194091796875,"max":2043.5904541015625}},"gwa-enercon-e48-50":{"lg":{"min":66.22000122070312,"max":6002.05224609375},"li":{"min":1.9833934307098389,"max":310.771240234375},"lr":{"min":0.0,"max":125.86759185791016},"total":{"min":69.8016357421875,"max":6330.32958984375}},"gwa-vestas-v126-mode0-120":{"lg":{"min":50.59086227416992,"max":2226.2216796875},"li":{"min":1.5970710515975952,"max":110.020751953125},"lr":{"min":0.0,"max":26.377140045166016},"total":{"min":56.337223052978516,"max":2317.08203125}},"gwa-vestas-v110-mode0-80":{"lg":{"min":51.110206604003906,"max":10000.0},"li":{"min":1.6107571125030518,"max":10000.0},"lr":{"min":0.0,"max":10000.0},"total":{"min":56.72665023803711,"max":10000.0}},"gwa-iec3":{"lg":{"min":50.48891067504883,"max":2024.0936279296875},"li":{"min":1.5584946870803833,"max":118.60875701904297},"lr":{"min":0.0,"max":26.623306274414062},"total":{"min":55.63166427612305,"max":2106.689697265625}},"gwa-vestas-v120-mode0-120":{"lg":{"min":49.36638259887695,"max":10000.0},"li":{"min":1.460290789604187,"max":10000.0},"lr":{"min":0.0,"max":10000.0},"total":{"min":53.907806396484375,"max":10000.0}},"gwa-enercon-e53-50":{"lg":{"min":62.48126220703125,"max":4257.45166015625},