{"worldpop": {"min": -3.4028234663852886e+38, "max": 10392.947265625}, "slope": {"min": 0.0, "max": 60.762481689453125}, "land-cover": {"min": 10.0, "max": 220.0}, "airports": {"min": 707.1067504882812, "max": 499999.25}, "ports": {"min": 500.0, "max": 499996.5}, "anchorages": {"min": 0.0, "max": 499993.25}, "grid": {"min": 0.0, "max": 499993.25}, "roads": {"min": 0.0, "max": 499995.25}, "pp-whs": {"min": 0.0, "max": 2006797.5}, "unep-coral": {"min": 65535.0, "max": 65535.0}, "unesco": {"min": 500.0, "max": 500000.0}, "unesco-ramsar": {"min": 0.0, "max": 499871.25}, "wwf-glw-1": {"min": 0.0, "max": 499920.5}, "wwf-glw-2": {"min": 0.0, "max": 499999.25}, "jrc-gsw": {"min": 0.0, "max": 255.0}, "pp-marine-protected": {"min": 0.0, "max": 1.0}, "unep-tidal": {"min": 0.0, "max": 1.0}, "wwf-glw-3": {"min": 1.0, "max": 255.0}, "gsa-pvout": {"min": 0.0, "max": 5.26008415222168}, "gsa-ghi": {"min": 0.0, "max": 4.940716743469238}, "gsa-gti": {"min": 0.0, "max": 6.276295185089111}, "gsa-temp": {"min": -16.569429397583008, "max": 17.314048767089844}, "gwa-iec1": {"min": 0.0, "max": 0.8880022168159485}, "gwa-iec2": {"min": 0.0, "max": 0.8806063532829285}, "gwa-iec3": {"min": 0.0, "max": 0.8966493010520935}, "gwa-power-10": {"min": 0.0, "max": 8550.6181640625}, "gwa-speed-10": {"min": 0.0, "max": 16.030744552612305}, "gwa-power-50": {"min": 0.0, "max": 7870.63232421875}, "gwa-speed-50": {"min": 0.0, "max": 17.808530807495117}, "gwa-power-100": {"min": 0.0, "max": 7103.029296875}, "gwa-speed-100": {"min": 0.0, "max": 19.4360408782959}, "gwa-power-150": {"min": 0.0, "max": 6923.69189453125}, "gwa-speed-150": {"min": 0.0, "max": 20.745344161987305}, "gwa-power-200": {"min": 0.0, "max": 6776.5078125}, "gwa-speed-200": {"min": 0.0, "max": 20.87613868713379}, "gebco": {"min": -9507.0, "max": 4583.0}, "srtm90": {"min": -41.0, "max": 4812.0}, "waterbodies": {"min": 0.0, "max": 2.0}, "gwa-enercon-e44-50": {"min": 0.0036790138110518456, "max": 0.7344729900360107}, "gwa-enercon-e48-50": {"min": 0.004829465877264738, "max": 0.8004622459411621}, "gwa-enercon-e53-50": {"min": 0.007197570987045765, "max": 0.8364419341087341}, "gwa-offshore-dtu-10mw-119": {"min": 0.00404569786041975, "max": 0.8736881613731384}, "gwa-offshore-iea-15mw-150": {"min": 0.006304338574409485, "max": 0.9098102450370789}, "gwa-offshore-leanwind-8mw-110": {"min": 0.004410851281136274, "max": 0.8818228244781494}, "gwa-vestas-v100-mode0-100": {"min": 0.00997399352490902, "max": 0.8906149864196777}, "gwa-vestas-v100-mode0-120": {"min": 0.009675944223999977, "max": 0.8933259844779968}, "gwa-vestas-v100-mode0-150": {"min": 0.008956309407949448, "max": 0.8891994953155518}, "gwa-vestas-v100-mode0-80": {"min": 0.009827922098338604, "max": 0.8789185285568237}, "gwa-vestas-v110-mode0-100": {"min": 0.0, "max": 0.9102796912193298}, "gwa-vestas-v110-mode0-120": {"min": 0.0, "max": 0.914897084236145}, "gwa-vestas-v110-mode0-150": {"min": 0.0, "max": 0.9131599068641663}, "gwa-vestas-v110-mode0-80": {"min": 0.0, "max": 0.9004927277565002}, "gwa-vestas-v112-mode0-100": {"min": 0.006430509500205517, "max": 0.8857533931732178}, "gwa-vestas-v112-mode0-120": {"min": 0.006193074397742748, "max": 0.8913955092430115}, "gwa-vestas-v112-mode0-150": {"min": 0.005711043253540993, "max": 0.9012951254844666}, "gwa-vestas-v112-mode0-80": {"min": 0.006410841830074787, "max": 0.8724680542945862}, "gwa-vestas-v120-mode0-100": {"min": 0.0, "max": 0.878354549407959}, "gwa-vestas-v120-mode0-120": {"min": 0.0, "max": 0.8805992603302002}, "gwa-vestas-v120-mode0-150": {"min": 0.0, "max": 0.853197455406189}, "gwa-vestas-v120-mode0-80": {"min": 0.0, "max": 0.8696719408035278}, "gwa-vestas-v126-mode0-100": {"min": 0.008801456540822983, "max": 0.879662036895752}, "gwa-vestas-v126-mode0-120": {"min": 0.008533066138625145, "max": 0.886576235294342}, "gwa-vestas-v126-mode0-150": {"min": 0.007909571751952171, "max": 0.8860701322555542}, "gwa-vestas-v126-mode0-80": {"min": 0.008672096766531467, "max": 0.8658300638198853}, "gwa-vestas-v136-mode0-100": {"min": 0.010505447164177895, "max": 0.8979616761207581}, "gwa-vestas-v136-mode0-120": {"min": 0.01021733507514, "max": 0.9009641408920288}, "gwa-vestas-v136-mode0-150": {"min": 0.009470896795392036, "max": 0.8996508121490479}, "gwa-vestas-v136-mode0-80": {"min": 0.010312347672879696, "max": 0.8842219710350037}, "air-density": {"min": 0.7447530031204224, "max": 1.359857439994812}}