{"worldpop":{"min":-3.4028234663852886e+38,"max":51331.98828125},"slope":{"min":0.0,"max":46.161006927490234},"land-cover":{"min":10.0,"max":210.0},"airports":{"min":500.0,"max":499627.09375},"ports":{"min":0.0,"max":500000.0},"anchorages":{"min":0.0,"max":500000.0},"grid":{"min":0.0,"max":175112.109375},"roads":{"min":0.0,"max":154224.671875},"pp-whs":{"min":0.0,"max":1058802.375},"unep-coral":{"min":0.0,"max":499993.25},"unesco":{"min":500.0,"max":500000.0},"unesco-ramsar":{"min":65535.0,"max":499996.5},"wwf-glw-1":{"min":65535.0,"max":500000.0},"wwf-glw-2":{"min":0.0,"max":500000.0},"jrc-gsw":{"min":0.0,"max":255.0},"pp-marine-protected":{"min":0.0,"max":1.0},"unep-tidal":{"min":0.0,"max":1.0},"wwf-glw-3":{"min":1.0,"max":255.0},"gsa-pvout":{"min":4.048892021179199,"max":5.884223461151123},"gsa-ghi":{"min":5.102005481719971,"max":6.708374500274658},"gsa-gti":{"min":5.278661251068115,"max":7.429441928863525},"gsa-temp":{"min":13.644847869873047,"max":32.58884811401367},"gwa-iec1":{"min":0.006542680785059929,"max":0.7822849154472351},"gwa-iec2":{"min":0.008991335518658161,"max":0.8090915083885193},"gwa-iec3":{"min":0.010659709572792053,"max":0.8275970220565796},"gwa-power-10":{"min":1.5980561971664429,"max":2471.441162109375},"gwa-speed-10":{"min":0.5919588208198547,"max":10.732625961303711},"gwa-power-50":{"min":6.789464473724365,"max":2050.986572265625},"gwa-speed-50":{"min":1.2296751737594604,"max":12.2051420211792},"gwa-power-100":{"min":10.48330020904541,"max":2195.3837890625},"gwa-speed-100":{"min":4.063208103179932,"max":12.721770286560059},"gwa-power-150":{"min":12.597610473632812,"max":2476.012451171875},"gwa-speed-150":{"min":1.7080398797988892,"max":13.213744163513184},"gwa-power-200":{"min":15.334125518798828,"max":2510.810546875},"gwa-speed-200":{"min":1.8106681108474731,"max":13.648000717163086},"gebco":{"min":-2813.0,"max":2932.0},"srtm90":{"min":-6.0,"max":2935.0},"waterbodies":{"min":0.0,"max":2.0},"gwa-enercon-e44-50":{"min":0.0018619965994730592,"max":0.6020919680595398},"gwa-enercon-e48-50":{"min":0.002468528924509883,"max":0.6762906312942505},"gwa-enercon-e53-50":{"min":0.004063721280544996,"max":0.7176079750061035},"gwa-offshore-dtu-10mw-119":{"min":0.004893357399851084,"max":0.7379425764083862},"gwa-offshore-iea-15mw-150":{"min":0.009279155172407627,"max":0.7976483702659607},"gwa-offshore-leanwind-8mw-110":{"min":0.004899528343230486,"max":0.7418010830879211},"gwa-vestas-v100-mode0-100":{"min":0.009695321321487427,"max":0.8181277513504028},"gwa-vestas-v100-mode0-120":{"min":0.011247169226408005,"max":0.826301634311676},"gwa-vestas-v100-mode0-150":{"min":0.012988769449293613,"max":0.8318242430686951},"gwa-vestas-v100-mode0-80":{"min":0.007673969957977533,"max":0.8054690361022949},"gwa-vestas-v110-mode0-100":{"min":0.012149510905146599,"max":0.844780445098877},"gwa-vestas-v110-mode0-120":{"min":0.014083915390074253,"max":0.8518080711364746},"gwa-vestas-v110-mode0-150":{"min":0.01624112017452717,"max":0.8564645648002625},"gwa-vestas-v110-mode0-80":{"min":0.009618152864277363,"max":0.8336082696914673},"gwa-vestas-v112-mode0-100":{"min":0.0063143144361674786,"max":0.7601301074028015},"gwa-vestas-v112-mode0-120":{"min":0.007328775245696306,"max":0.769491970539093},"gwa-vestas-v112-mode0-150":{"min":0.00847725011408329,"max":0.781584620475769},"gwa-vestas-v112-mode0-80":{"min":0.004996826872229576,"max":0.7522577047348022},"gwa-vestas-v120-mode0-100":{"min":0.012957867234945297,"max":0.8392947912216187},"gwa-vestas-v120-mode0-120":{"min":0.015030494891107082,"max":0.8439788222312927},"gwa-vestas-v120-mode0-150":{"min":0.017341287806630135,"max":0.8479504585266113},"gwa-vestas-v120-mode0-80":{"min":0.010253066197037697,"max":0.8283776044845581},"gwa-vestas-v126-mode0-100":{"min":0.00856217835098505,"max":0.7968538999557495},"gwa-vestas-v126-mode0-120":{"min":0.009921867400407791,"max":0.8063859343528748},"gwa-vestas-v126-mode0-150":{"min":0.011457500979304314,"max":0.8137329816818237},"gwa-vestas-v126-mode0-80":{"min":0.0067834132350981236,"max":0.7827309370040894},"gwa-vestas-v136-mode0-100":{"min":0.010182801634073257,"max":0.8232561349868774},"gwa-vestas-v136-mode0-120":{"min":0.011805972084403038,"max":0.831733763217926},"gwa-vestas-v136-mode0-150":{"min":0.013622654601931572,"max":0.837881863117218},"gwa-vestas-v136-mode0-80":{"min":0.008065372705459595,"max":0.8104096055030823},"air-density":{"min":0.8621875047683716,"max":1.1741480827331543}}