{"worldpop": {"min": -3.4028234663852886e+38, "max": 5544.2666015625}, "slope": {"min": 0.0, "max": 31.992834091186523}, "land-cover": {"min": 10.0, "max": 210.0}, "airports": {"min": 500.0, "max": 500000.0}, "ports": {"min": 0.0, "max": 499999.25}, "anchorages": {"min": 0.0, "max": 500000.0}, "grid": {"min": 0.0, "max": 500000.0}, "roads": {"min": 0.0, "max": 119148.015625}, "pp-whs": {"min": 0.0, "max": 820762.125}, "unep-coral": {"min": 0.0, "max": 500000.0}, "unesco": {"min": 500.0, "max": 499999.25}, "unesco-ramsar": {"min": 65535.0, "max": 65535.0}, "wwf-glw-1": {"min": 0.0, "max": 500000.0}, "wwf-glw-2": {"min": 0.0, "max": 500000.0}, "jrc-gsw": {"min": 0.0, "max": 1.0}, "pp-marine-protected": {"min": 0.0, "max": 1.0}, "unep-tidal": {"min": 0.0, "max": 1.0}, "wwf-glw-3": {"min": 1.0, "max": 255.0}, "gsa-pvout": {"min": 4.042400360107422, "max": 5.878767490386963}, "gsa-ghi": {"min": 5.177491664886475, "max": 6.841823577880859}, "gsa-gti": {"min": 5.270729064941406, "max": 7.375732898712158}, "gsa-temp": {"min": 12.399989128112793, "max": 31.679567337036133}, "gwa-iec1": {"min": 0.008145621046423912, "max": 0.8579996228218079}, "gwa-iec2": {"min": 0.011741072870790958, "max": 0.8570942282676697}, "gwa-iec3": {"min": 0.01416061818599701, "max": 0.8762964606285095}, "gwa-power-10": {"min": 1.3285284042358398, "max": 3456.80126953125}, "gwa-speed-10": {"min": 0.7199966311454773, "max": 13.972241401672363}, "gwa-power-50": {"min": 5.2139739990234375, "max": 3466.224853515625}, "gwa-speed-50": {"min": 1.4221307039260864, "max": 15.184420585632324}, "gwa-power-100": {"min": 11.315579414367676, "max": 3564.448974609375}, "gwa-speed-100": {"min": 2.0305800437927246, "max": 16.186227798461914}, "gwa-power-150": {"min": 16.519975662231445, "max": 3593.095458984375}, "gwa-speed-150": {"min": 2.245824098587036, "max": 16.56597328186035}, "gwa-power-200": {"min": 22.78760528564453, "max": 3641.98046875}, "gwa-speed-200": {"min": 2.409529447555542, "max": 16.839656829833984}, "gebco": {"min": -121.0, "max": 2855.0}, "srtm90": {"min": -9.0, "max": 2907.0}, "waterbodies": {"min": 0.0, "max": 2.0}, "gwa-enercon-e44-50": {"min": 0.0014657779829576612, "max": 0.6985282897949219}, "gwa-enercon-e48-50": {"min": 0.001986666349694133, "max": 0.7650334239006042}, "gwa-enercon-e53-50": {"min": 0.004057080484926701, "max": 0.7986840605735779}, "gwa-offshore-dtu-10mw-119": {"min": 0.006049866788089275, "max": 0.843311071395874}, "gwa-offshore-iea-15mw-150": {"min": 0.014732062816619873, "max": 0.875928521156311}, "gwa-offshore-leanwind-8mw-110": {"min": 0.005467244423925877, "max": 0.8504985570907593}, "gwa-vestas-v100-mode0-100": {"min": 0.01176106184720993, "max": 0.8778735995292664}, "gwa-vestas-v100-mode0-120": {"min": 0.015314524061977863, "max": 0.8889217376708984}, "gwa-vestas-v100-mode0-150": {"min": 0.02086321823298931, "max": 0.9057156443595886}, "gwa-vestas-v100-mode0-80": {"min": 0.008226129226386547, "max": 0.8573079109191895}, "gwa-vestas-v110-mode0-100": {"min": 0.015266786329448223, "max": 0.9007241725921631}, "gwa-vestas-v110-mode0-120": {"min": 0.019680941477417946, "max": 0.910173237323761}, "gwa-vestas-v110-mode0-150": {"min": 0.026391323655843735, "max": 0.9253609776496887}, "gwa-vestas-v110-mode0-80": {"min": 0.01076727919280529, "max": 0.8827322721481323}, "gwa-vestas-v112-mode0-100": {"min": 0.007287566550076008, "max": 0.8562437295913696}, "gwa-vestas-v112-mode0-120": {"min": 0.009623024612665176, "max": 0.862251877784729}, "gwa-vestas-v112-mode0-150": {"min": 0.013402877375483513, "max": 0.8624493479728699}, "gwa-vestas-v112-mode0-80": {"min": 0.005037303082644939, "max": 0.8411121964454651}, "gwa-vestas-v120-mode0-100": {"min": 0.01625371165573597, "max": 0.8876587152481079}, "gwa-vestas-v120-mode0-120": {"min": 0.020985441282391548, "max": 0.8996675610542297}, "gwa-vestas-v120-mode0-150": {"min": 0.02818147838115692, "max": 0.9073252081871033}, "gwa-vestas-v120-mode0-80": {"min": 0.011442331597208977, "max": 0.8670649528503418}, "gwa-vestas-v126-mode0-100": {"min": 0.010403917171061039, "max": 0.8593777418136597}, "gwa-vestas-v126-mode0-120": {"min": 0.013511612080037594, "max": 0.873377799987793}, "gwa-vestas-v126-mode0-150": {"min": 0.01837325096130371, "max": 0.8895699977874756}, "gwa-vestas-v126-mode0-80": {"min": 0.0072950818575918674, "max": 0.8356610536575317}, "gwa-vestas-v136-mode0-100": {"min": 0.012560766190290451, "max": 0.8818265199661255}, "gwa-vestas-v136-mode0-120": {"min": 0.016263941302895546, "max": 0.8937104344367981}, "gwa-vestas-v136-mode0-150": {"min": 0.02197312004864216, "max": 0.9090893268585205}, "gwa-vestas-v136-mode0-80": {"min": 0.00883168913424015, "max": 0.8608300089836121}, "air-density": {"min": 0.8731387853622437, "max": 1.1591181755065918}, "lcoe": {"gwa-vestas-v136-mode0-100": {"lg": {"min": 43.416778564453125, "max": 2771.248046875}, "li": {"min": 1.3922704458236694, "max": 369.8437805175781}, "lr": {"min": 0.0, "max": 5.163570880889893}, "total": {"min": 45.17159652709961, "max": 3144.371337890625}}, "gwa-vestas-v112-mode0-80": {"lg": {"min": 45.32476043701172, "max": 6904.27197265625}, "li": {"min": 1.5956437587738037, "max": 922.2239990234375}, "lr": {"min": 0.0, "max": 9.506317138671875}, "total": {"min": 47.53750991821289, "max": 7834.673828125}}, "gwa-offshore-leanwind-8mw-110": {"lg": {"min": 44.86868667602539, "max": 6361.6376953125}, "li": {"min": 1.5503039360046387, "max": 849.7007446289062}, "lr": {"min": 0.0, "max": 10.177679061889648}, "total": {"min": 47.0570182800293, "max": 7218.873046875}}, "gwa-vestas-v110-mode0-100": {"lg": {"min": 42.58979415893555, "max": 2280.757080078125}, "li": {"min": 1.3395683765411377, "max": 304.2894287109375}, "lr": {"min": 0.0, "max": 4.336428165435791}, "total": {"min": 44.30779266357422, "max": 2587.74462890625}}, "gwa-vestas-v100-mode0-150": {"lg": {"min": 42.37712478637695, "max": 1670.0306396484375}, "li": {"min": 1.2856991291046143, "max": 222.66563415527344}, "lr": {"min": 0.0, "max": 3.8279051780700684}, "total": {"min": 44.0841178894043, "max": 1894.6707763671875}}, "gwa-vestas-v136-mode0-120": {"lg": {"min": 42.892642974853516, "max": 2141.1669921875}, "li": {"min": 1.3489192724227905, "max": 285.6332092285156}, "lr": {"min": 0.0, "max": 4.517575740814209}, "total": {"min": 44.62412643432617, "max": 2429.333251953125}}, "gwa-vestas-v120-mode0-80": {"lg": {"min": 44.08783721923828, "max": 3041.734130859375}, "li": {"min": 1.3953534364700317, "max": 405.99432373046875}, "lr": {"min": 0.0, "max": 4.671370506286621}, "total": {"min": 45.85555648803711, "max": 3451.32861328125}}, "gwa-vestas-v120-mode0-150": {"lg": {"min": 42.30904006958008, "max": 1237.3902587890625}, "li": {"min": 1.2276792526245117, "max": 164.84307861328125}, "lr": {"min": 0.0, "max": 2.9089174270629883}, "total": {"min": 43.9942741394043, "max": 1403.6951904296875}}, "gwa-vestas-v110-mode0-150": {"lg": {"min": 41.5623779296875, "max": 1321.0526123046875}, "li": {"min": 1.233795166015625, "max": 176.0245819091797}, "lr": {"min": 0.0, "max": 3.112377643585205}, "total": {"min": 43.23313522338867, "max": 1498.6380615234375}}, "gwa-offshore-iea-15mw-150": {"lg": {"min": 43.68218994140625, "max": 2363.3955078125}, "li": {"min": 1.383650779724121, "max": 315.3341064453125}, "lr": {"min": 0.0, "max": 5.288840293884277}, "total": {"min": 45.46785354614258, "max": 2681.52587890625}}, "gwa-vestas-v100-mode0-120": {"lg": {"min": 43.1021614074707, "max": 2273.65966796875}, "li": {"min": 1.3536269664764404, "max": 303.3409118652344}, "lr": {"min": 0.0, "max": 4.710452079772949}, "total": {"min": 44.84297180175781, "max": 2579.6904296875}}, "gwa-enercon-e48-50": {"lg": {"min": 49.43429946899414, "max": 10000.0}, "li": {"min": 1.8487015962600708, "max": 2338.350341796875}, "lr": {"min": 0.0, "max": 20.735626220703125}, "total": {"min": 51.867095947265625, "max": 10000.0}}, "gwa-vestas-v126-mode0-120": {"lg": {"min": 43.79808044433594, "max": 2576.510009765625}, "li": {"min": 1.4014455080032349,