{"worldpop":{"min":-3.4028234663852886e+38,"max":27592.654296875},"slope":{"min":0.0,"max":49.123653411865234},"land-cover":{"min":10.0,"max":210.0},"airports":{"min":0.0,"max":451669.125},"ports":{"min":0.0,"max":458812.59375},"anchorages":{"min":0.0,"max":460341.1875},"grid":{"min":0.0,"max":448000.28125},"roads":{"min":0.0,"max":363917.5625},"pp-whs":{"min":0.0,"max":690306.0625},"unep-coral":{"min":65535.0,"max":65535.0},"unesco":{"min":0.0,"max":499992.5},"unesco-ramsar":{"min":0.0,"max":500000.0},"wwf-glw-1":{"min":0.0,"max":471802.125},"wwf-glw-2":{"min":0.0,"max":441032.03125},"jrc-gsw":{"min":0.0,"max":255.0},"pp-marine-protected":{"min":0.0,"max":1.0},"unep-tidal":{"min":0.0,"max":1.0},"wwf-glw-3":{"min":1.0,"max":255.0},"gsa-pvout":{"min":4.448838233947754,"max":4.85619592666626},"gsa-ghi":{"min":5.575239181518555,"max":5.904913425445557},"gsa-gti":{"min":5.724663734436035,"max":6.15047025680542},"gsa-temp":{"min":23.399999618530273,"max":28.200000762939453},"gwa-iec1":{"min":0.08780109882354736,"max":0.4822714030742645},"gwa-iec2":{"min":0.11353636533021927,"max":0.5422380566596985},"gwa-iec3":{"min":0.13326896727085114,"max":0.5822298526763916},"gwa-power-10":{"min":8.879276275634766,"max":261.09429931640625},"gwa-speed-10":{"min":1.9617598056793213,"max":6.4462385177612305},"gwa-power-50":{"min":43.548927307128906,"max":411.7183837890625},"gwa-speed-50":{"min":3.509315252304077,"max":7.644186496734619},"gwa-power-100":{"min":76.63369750976562,"max":507.125},"gwa-speed-100":{"min":4.8412017822265625,"max":8.094988822937012},"gwa-power-150":{"min":140.01268005371094,"max":676.6657104492188},"gwa-speed-150":{"min":5.103066921234131,"max":8.931421279907227},"gwa-power-200":{"min":159.89654541015625,"max":793.3880004882812},"gwa-speed-200":{"min":5.228376388549805,"max":9.254290580749512},"gebco":{"min":-5021.0,"max":128.0},"srtm90":{"min":-5.0,"max":129.0},"waterbodies":{"min":0.0,"max":2.0},"gwa-enercon-e44-50":{"min":0.028945105150341988,"max":0.2927067279815674},"gwa-enercon-e48-50":{"min":0.03835255280137062,"max":0.3622301518917084},"gwa-enercon-e53-50":{"min":0.05405771732330322,"max":0.41410529613494873},"gwa-offshore-dtu-10mw-119":{"min":0.09016292542219162,"max":0.45650726556777954},"gwa-offshore-iea-15mw-150":{"min":0.1776142716407776,"max":0.5416792631149292},"gwa-offshore-leanwind-8mw-110":{"min":0.0825548991560936,"max":0.45875662565231323},"gwa-vestas-v100-mode0-100":{"min":0.12995654344558716,"max":0.5766741037368774},"gwa-vestas-v100-mode0-120":{"min":0.16671432554721832,"max":0.5933704376220703},"gwa-vestas-v100-mode0-150":{"min":0.22926999628543854,"max":0.6074716448783875},"gwa-vestas-v100-mode0-80":{"min":0.10638972371816635,"max":0.5553097128868103},"gwa-vestas-v110-mode0-100":{"min":0.15845558047294617,"max":0.6233727931976318},"gwa-vestas-v110-mode0-120":{"min":0.2003646194934845,"max":0.6377319097518921},"gwa-vestas-v110-mode0-150":{"min":0.2643161118030548,"max":0.6480032801628113},"gwa-vestas-v110-mode0-80":{"min":0.13071906566619873,"max":0.6027442216873169},"gwa-vestas-v112-mode0-100":{"min":0.08780135214328766,"max":0.47837457060813904},"gwa-vestas-v112-mode0-120":{"min":0.11490733921527863,"max":0.499102920293808},"gwa-vestas-v112-mode0-150":{"min":0.16620796918869019,"max":0.5216283798217773},"gwa-vestas-v112-mode0-80":{"min":0.07117369771003723,"max":0.456817626953125},"gwa-vestas-v120-mode0-100":{"min":0.17030933499336243,"max":0.6410166025161743},"gwa-vestas-v120-mode0-120":{"min":0.21457025408744812,"max":0.6532768607139587},"gwa-vestas-v120-mode0-150":{"min":0.27881503105163574,"max":0.6584048271179199},"gwa-vestas-v120-mode0-80":{"min":0.14061596989631653,"max":0.6210386157035828},"gwa-vestas-v126-mode0-100":{"min":0.11392151564359665,"max":0.5405623316764832},"gwa-vestas-v126-mode0-120":{"min":0.1467333883047104,"max":0.558873176574707},"gwa-vestas-v126-mode0-150":{"min":0.20610229671001434,"max":0.5761452317237854},"gwa-vestas-v126-mode0-80":{"min":0.0931892842054367,"max":0.519008219242096},"gwa-vestas-v136-mode0-100":{"min":0.13454966247081757,"max":0.5821628570556641},"gwa-vestas-v136-mode0-120":{"min":0.17181290686130524,"max":0.5986043214797974},"gwa-vestas-v136-mode0-150":{"min":0.23409175872802734,"max":0.6125920414924622},"gwa-vestas-v136-mode0-80":{"min":0.11041675508022308,"max":0.5609628558158875},"air-density":{"min":1.1434731483459473,"max":1.1663496494293213}}