{"worldpop": {"min": -3.4028234663852886e+38, "max": 43861.75390625}, "slope": {"min": 0.0, "max": 4.326486587524414}, "land-cover": {"min": 10.0, "max": 210.0}, "airports": {"min": 0.0, "max": 28284.271484375}, "ports": {"min": 0.0, "max": 17755.28125}, "anchorages": {"min": 0.0, "max": 9433.98046875}, "grid": {"min": 0.0, "max": 6000.0}, "roads": {"min": 0.0, "max": 8602.3251953125}, "pp-whs": {"min": 409031.15625, "max": 451511.0625}, "unep-coral": {"min": 1000.0, "max": 27536.337890625}, "unesco": {"min": 0.0, "max": 28622.54296875}, "unesco-ramsar": {"min": 65535.0, "max": 65535.0}, "wwf-glw-1": {"min": 161314.125, "max": 192333.03125}, "wwf-glw-2": {"min": 0.0, "max": 16970.5625}, "jrc-gsw": {"min": 0.0, "max": 1.0}, "pp-marine-protected": {"min": 0.0, "max": 0.0}, "unep-tidal": {"min": 0.0, "max": 1.0}, "wwf-glw-3": {"min": 1.0, "max": 255.0}, "gsa-pvout": {"min": 3.451369285583496, "max": 3.6583335399627686}, "gsa-ghi": {"min": 4.38020658493042, "max": 4.62635612487793}, "gsa-gti": {"min": 4.381463050842285, "max": 4.628356456756592}, "gsa-temp": {"min": 26.442995071411133, "max": 27.200000762939453}, "gwa-iec1": {"min": 0.03685196489095688, "max": 0.08717954903841019}, "gwa-iec2": {"min": 0.05033978447318077, "max": 0.11245447397232056}, "gwa-iec3": {"min": 0.060253825038671494, "max": 0.13188795745372772}, "gwa-power-10": {"min": 3.8118784427642822, "max": 35.255001068115234}, "gwa-speed-10": {"min": 1.4725552797317505, "max": 3.0271902084350586}, "gwa-power-50": {"min": 20.462528228759766, "max": 57.946868896484375}, "gwa-speed-50": {"min": 2.707115888595581, "max": 3.704482316970825}, "gwa-power-100": {"min": 37.19163513183594, "max": 75.6340560913086}, "gwa-speed-100": {"min": 3.4369335174560547, "max": 4.311100482940674}, "gwa-power-150": {"min": 63.316078186035156, "max": 103.56802368164062}, "gwa-speed-150": {"min": 4.1419854164123535, "max": 4.80210542678833}, "gwa-power-200": {"min": 89.01732635498047, "max": 134.09173583984375}, "gwa-speed-200": {"min": 4.547599792480469, "max": 5.154559135437012}, "gebco": {"min": -24.0, "max": 109.0}, "srtm90": {"min": -7.0, "max": 122.0}, "waterbodies": {"min": 0.0, "max": 2.0}, "gwa-enercon-e44-50": {"min": 0.010239782743155956, "max": 0.04506150260567665}, "gwa-enercon-e48-50": {"min": 0.013832829892635345, "max": 0.059167977422475815}, "gwa-enercon-e53-50": {"min": 0.023383161053061485, "max": 0.0783664658665657}, "gwa-offshore-dtu-10mw-119": {"min": 0.032701149582862854, "max": 0.08135432004928589}, "gwa-offshore-iea-15mw-150": {"min": 0.07720128446817398, "max": 0.13637837767601013}, "gwa-offshore-leanwind-8mw-110": {"min": 0.0302598737180233, "max": 0.08042310923337936}, "gwa-vestas-v100-mode0-100": {"min": 0.05655882880091667, "max": 0.13363927602767944}, "gwa-vestas-v100-mode0-120": {"min": 0.07371043413877487, "max": 0.15050047636032104}, "gwa-vestas-v100-mode0-150": {"min": 0.10670340806245804, "max": 0.18208366632461548}, "gwa-vestas-v100-mode0-80": {"min": 0.045263420790433884, "max": 0.12295344471931458}, "gwa-vestas-v110-mode0-100": {"min": 0.07103078812360764, "max": 0.16157829761505127}, "gwa-vestas-v110-mode0-120": {"min": 0.0918230414390564, "max": 0.18121187388896942}, "gwa-vestas-v110-mode0-150": {"min": 0.13119463622570038, "max": 0.21685576438903809}, "gwa-vestas-v110-mode0-80": {"min": 0.05714622512459755, "max": 0.14867539703845978}, "gwa-vestas-v112-mode0-100": {"min": 0.03656090050935745, "max": 0.09137748181819916}, "gwa-vestas-v112-mode0-120": {"min": 0.048274293541908264, "max": 0.1034795418381691}, "gwa-vestas-v112-mode0-150": {"min": 0.0712544396519661, "max": 0.12708161771297455}, "gwa-vestas-v112-mode0-80": {"min": 0.02901085838675499, "max": 0.08407309651374817}, "gwa-vestas-v120-mode0-100": {"min": 0.0763467326760292, "max": 0.17317327857017517}, "gwa-vestas-v120-mode0-120": {"min": 0.09880781918764114, "max": 0.1940535604953766}, "gwa-vestas-v120-mode0-150": {"min": 0.14113393425941467, "max": 0.23147879540920258}, "gwa-vestas-v120-mode0-80": {"min": 0.061361245810985565, "max": 0.15926425158977509}, "gwa-vestas-v126-mode0-100": {"min": 0.04952432960271835, "max": 0.11752428114414215}, "gwa-vestas-v126-mode0-120": {"min": 0.06450934708118439, "max": 0.13245362043380737}, "gwa-vestas-v126-mode0-150": {"min": 0.0934283584356308, "max": 0.16083817183971405}, "gwa-vestas-v126-mode0-80": {"min": 0.039666105061769485, "max": 0.10819601267576218}, "gwa-vestas-v136-mode0-100": {"min": 0.05919232219457626, "max": 0.13800325989723206}, "gwa-vestas-v136-mode0-120": {"min": 0.07688022404909134, "max": 0.15520210564136505}, "gwa-vestas-v136-mode0-150": {"min": 0.11078190803527832, "max": 0.18718117475509644}, "gwa-vestas-v136-mode0-80": {"min": 0.04749535396695137, "max": 0.12700089812278748}, "air-density": {"min": 1.1365129947662354, "max": 1.1494160890579224}, "lcoe": {"gwa-vestas-v136-mode0-100": {"lg": {"min": 255.86911010742188, "max": 591.2173461914062}, "li": {"min": 7.51472806930542, "max": 17.6455020904541}, "lr": {"min": 0.0, "max": 0.9430514574050903}, "total": {"min": 263.44415283203125, "max": 609.0851440429688}}, "gwa-vestas-v112-mode0-80": {"lg": {"min": 417.43499755859375, "max": 1202.1292724609375}, "li": {"min": 12.335182189941406, "max": 36.00300979614258}, "lr": {"min": 0.0, "max": 1.7489594221115112}, "total": {"min": 429.8691711425781, "max": 1238.335205078125}}, "gwa-offshore-leanwind-8mw-110": {"lg": {"min": 436.1986083984375, "max": 1152.6749267578125}, "li": {"min": 12.895010948181152, "max": 34.51694107055664}, "lr": {"min": 0.0, "max": 1.7941631078720093}, "total": {"min": 449.1971130371094, "max": 1187.3863525390625}}, "gwa-vestas-v110-mode0-100": {"lg": {"min": 219.12022399902344, "max": 493.3477783203125}, "li": {"min": 6.4182939529418945, "max": 14.704584121704102}, "lr": {"min": 0.0, "max": 0.79201740026474}, "total": {"min": 225.59002685546875, "max": 508.2376403808594}}, "gwa-vestas-v100-mode0-150": {"lg": {"min": 194.89443969726562, "max": 329.75115966796875}, "li": {"min": 5.695496559143066, "max": 9.82690715789795}, "lr": {"min": 0.0, "max": 0.7546266317367554}, "total": {"min": 200.63563537597656, "max": 339.6664733886719}}, "gwa-vestas-v136-mode0-120": {"lg": {"min": 227.9580535888672, "max": 456.11572265625}, "li": {"min": 6.68197774887085, "max": 13.585785865783691}, "lr": {"min": 0.0, "max": 0.8545475006103516}, "total": {"min": 234.6936492919922, "max": 469.8726806640625}}, "gwa-vestas-v120-mode0-80": {"lg": {"min": 222.245849609375, "max": 570.4611206054688}, "li": {"min": 6.511549472808838, "max": 16.99886131286621}, "lr": {"min": 0.0, "max": 0.8533638119697571}, "total": {"min": 228.80966186523438, "max": 587.49755859375}}, "gwa-vestas-v120-mode0-150": {"lg": {"min": 154.15957641601562, "max": 250.2821044921875}, "li": {"min": 4.480137825012207, "max": 7.434584617614746}, "lr": {"min": 0.0, "max": 0.5818179249763489}, "total": {"min": 158.6756591796875, "max": 257.6827087402344}}, "gwa-vestas-v110-mode0-150": {"lg": {"min": 164.28515625, "max": 268.9403991699219}, "li": {"min": 4.782243251800537, "max": 7.999239444732666}, "lr": {"min": 0.0, "max": 0.6236910223960876}, "total": {"min": 169.10577392578125, "max": 276.90167236328125}}, "gwa-offshore-iea-15mw-150": {"lg": {"min": 258.8700256347656, "max": 454.2355041503906}, "li": {"min": 7.604262828826904, "max": 13.56060791015625}, "lr": {"min": 0.0, "max": 1.0252810716629028}, "total": {"min": 266.5353088378906, "max": 467.93994140625}}, "gwa-vestas-v100-mode0-120": {"lg": {"min": 234.95449829101562, "max": 475.5581970214844}, "li": {"min": 6.890722751617432, "max": 14.170018196105957}, "lr": {"min": 0.0, "max": 0.8850451111793518}, "total": {"min": 241.9005126953125, "max": 489.90673828125}}, "gwa-enercon-e48-50": {"lg": {"min": 591.458984375, "max": 2516.772705078125}, "li": {"min": 17.527334213256836, "max": 75.5072021484375}, "lr": {"min": 0.0, "max": 3.285231828689575}, "total": {"min": 609.1270141601562, "max": 2593.130615234375}},