{"worldpop": {"min": -3.4028234663852886e+38, "max": 0.0}, "slope": {"min": 0.0, "max": 67.49725341796875}, "land-cover": {"min": 130.0, "max": 220.0}, "airports": {"min": 65535.0, "max": 65535.0}, "ports": {"min": 65535.0, "max": 65535.0}, "anchorages": {"min": 1000.0, "max": 499995.25}, "grid": {"min": 65535.0, "max": 65535.0}, "roads": {"min": 65535.0, "max": 65535.0}, "pp-whs": {"min": 1685038.375, "max": 2844392.25}, "unep-coral": {"min": 65535.0, "max": 65535.0}, "unesco": {"min": 65535.0, "max": 65535.0}, "unesco-ramsar": {"min": 65535.0, "max": 65535.0}, "wwf-glw-1": {"min": 65535.0, "max": 65535.0}, "wwf-glw-2": {"min": 500.0, "max": 499995.25}, "jrc-gsw": {"min": 0.0, "max": 255.0}, "pp-marine-protected": {"min": 0.0, "max": 0.0}, "unep-tidal": {"min": 0.0, "max": 1.0}, "wwf-glw-3": {"min": 1.0, "max": 255.0}, "gsa-pvout": {"min": 0.0, "max": 0.0}, "gsa-ghi": {"min": 1.2579990625381, "max": 0.0}, "gsa-gti": {"min": 0.0, "max": 0.0}, "gsa-temp": {"min": -9.97319507598877, "max": 3.799999952316284}, "gwa-iec1": {"min": 9.4688022045375e-07, "max": 0.0}, "gwa-iec2": {"min": 2.175584086217e-06, "max": 0.0}, "gwa-iec3": {"min": 2.8338088213786e-06, "max": 0.0}, "gwa-power-10": {"min": 0.012934456579387, "max": 0.0}, "gwa-speed-10": {"min": 0.11994098126888, "max": 0.0}, "gwa-power-50": {"min": 0.068681567907333, "max": 0.0}, "gwa-speed-50": {"min": 0.18117314577103, "max": 0.0}, "gwa-power-100": {"min": 0.12662671506405, "max": 0.0}, "gwa-speed-100": {"min": 0.26562494039536, "max": 0.0}, "gwa-power-150": {"min": 0.11337132751942, "max": 0.0}, "gwa-speed-150": {"min": 0.28240531682968, "max": 0.0}, "gwa-power-200": {"min": 0.12112526595592, "max": 0.0}, "gwa-speed-200": {"min": 0.29232773184776, "max": 0.0}, "gebco": {"min": -8108.0, "max": 2605.0}, "srtm90": {"min": -1.0, "max": 2427.0}, "waterbodies": {"min": 0.0, "max": 2.0}, "gwa-enercon-e44-50": {"min": NaN, "max": NaN}, "gwa-enercon-e48-50": {"min": NaN, "max": NaN}, "gwa-enercon-e53-50": {"min": NaN, "max": NaN}, "gwa-offshore-dtu-10mw-119": {"min": NaN, "max": NaN}, "gwa-offshore-iea-15mw-150": {"min": NaN, "max": NaN}, "gwa-offshore-leanwind-8mw-110": {"min": NaN, "max": NaN}, "gwa-vestas-v100-mode0-100": {"min": NaN, "max": NaN}, "gwa-vestas-v100-mode0-120": {"min": NaN, "max": NaN}, "gwa-vestas-v100-mode0-150": {"min": NaN, "max": NaN}, "gwa-vestas-v100-mode0-80": {"min": NaN, "max": NaN}, "gwa-vestas-v110-mode0-100": {"min": NaN, "max": NaN}, "gwa-vestas-v110-mode0-120": {"min": NaN, "max": NaN}, "gwa-vestas-v110-mode0-150": {"min": NaN, "max": NaN}, "gwa-vestas-v110-mode0-80": {"min": NaN, "max": NaN}, "gwa-vestas-v112-mode0-100": {"min": NaN, "max": NaN}, "gwa-vestas-v112-mode0-120": {"min": NaN, "max": NaN}, "gwa-vestas-v112-mode0-150": {"min": NaN, "max": NaN}, "gwa-vestas-v112-mode0-80": {"min": NaN, "max": NaN}, "gwa-vestas-v120-mode0-100": {"min": NaN, "max": NaN}, "gwa-vestas-v120-mode0-120": {"min": NaN, "max": NaN}, "gwa-vestas-v120-mode0-150": {"min": NaN, "max": NaN}, "gwa-vestas-v120-mode0-80": {"min": NaN, "max": NaN}, "gwa-vestas-v126-mode0-100": {"min": NaN, "max": NaN}, "gwa-vestas-v126-mode0-120": {"min": NaN, "max": NaN}, "gwa-vestas-v126-mode0-150": {"min": NaN, "max": NaN}, "gwa-vestas-v126-mode0-80": {"min": NaN, "max": NaN}, "gwa-vestas-v136-mode0-100": {"min": NaN, "max": NaN}, "gwa-vestas-v136-mode0-120": {"min": NaN, "max": NaN}, "gwa-vestas-v136-mode0-150": {"min": NaN, "max": NaN}, "gwa-vestas-v136-mode0-80": {"min": NaN, "max": NaN}, "air-density": {"min": NaN, "max": NaN}}