{"worldpop":{"min":-3.4028234663852886e+38,"max":13.275862693786621},"slope":{"min":2.6073975563049316,"max":57.65317153930664},"land-cover":{"min":39.23290252685547,"max":210.0},"airports":{"min":1118.0340576171875,"max":65535.0},"ports":{"min":500.0,"max":65535.0},"anchorages":{"min":500.0,"max":65535.0},"grid":{"min":0.0,"max":65535.0},"roads":{"min":0.0,"max":400590.1875},"pp-whs":{"min":0.0,"max":2144619.25},"unep-coral":{"min":65535.0,"max":65535.0},"unesco":{"min":2121.3203125,"max":398763.6875},"unesco-ramsar":{"min":65535.0,"max":65535.0},"wwf-glw-1":{"min":65535.0,"max":65535.0},"wwf-glw-2":{"min":65535.0,"max":65535.0},"jrc-gsw":{"min":0.0,"max":1.0},"pp-marine-protected":{"min":0.0,"max":1.0},"unep-tidal":{"min":0.0,"max":0.0},"wwf-glw-3":{"min":255.0,"max":255.0},"gsa-pvout":{"min":0.0,"max":4.810741901397705},"gsa-ghi":{"min":0.0,"max":5.971865653991699},"gsa-gti":{"min":0.0,"max":6.0411696434021},"gsa-temp":{"min":5.479206562042236,"max":24.899999618530273},"gwa-iec1":{"min":0.270004540681839,"max":0.775687038898468},"gwa-iec2":{"min":0.31279221177101135,"max":0.7463536858558655},"gwa-iec3":{"min":0.34328922629356384,"max":0.7643312215805054},"gwa-power-10":{"min":41.66916275024414,"max":5849.62109375},"gwa-speed-10":{"min":3.027926445007324,"max":16.76200294494629},"gwa-power-50":{"min":128.64193725585938,"max":4778.2822265625},"gwa-speed-50":{"min":4.680866241455078,"max":16.416667938232422},"gwa-power-100":{"min":216.14328002929688,"max":4929.435546875},"gwa-speed-100":{"min":6.133826732635498,"max":17.193742752075195},"gwa-power-150":{"min":293.07745361328125,"max":5465.88330078125},"gwa-speed-150":{"min":7.002785682678223,"max":17.942903518676758},"gwa-power-200":{"min":345.9912109375,"max":5620.25244140625},"gwa-speed-200":{"min":7.420233726501465,"max":18.094289779663086},"gebco":{"min":-160.0,"max":1938.0},"srtm90":{"min":2.0,"max":1907.0},"waterbodies":{"min":0.0,"max":1.0},"gwa-enercon-e44-50":{"min":0.059708137065172195,"max":0.6449230313301086},"gwa-enercon-e48-50":{"min":0.07565800845623016,"max":0.7026691436767578},"gwa-enercon-e53-50":{"min":0.09313125908374786,"max":0.7336395382881165},"gwa-offshore-dtu-10mw-119":{"min":0.18073542416095734,"max":0.7567023038864136},"gwa-offshore-iea-15mw-150":{"min":0.28472253680229187,"max":0.7803198099136353},"gwa-offshore-leanwind-8mw-110":{"min":0.17020894587039948,"max":0.7621774077415466},"gwa-vestas-v100-mode0-100":{"min":0.2259838730096817,"max":0.7482926845550537},"gwa-vestas-v100-mode0-120":{"min":0.28110235929489136,"max":0.7613305449485779},"gwa-vestas-v100-mode0-150":{"min":0.34921571612358093,"max":0.7984199523925781},"gwa-vestas-v100-mode0-80":{"min":0.17279928922653198,"max":0.7449436187744141},"gwa-vestas-v110-mode0-100":{"min":0.25930625200271606,"max":0.7660230398178101},"gwa-vestas-v110-mode0-120":{"min":0.32058119773864746,"max":0.7953038215637207},"gwa-vestas-v110-mode0-150":{"min":0.393353670835495,"max":0.8285086750984192},"gwa-vestas-v110-mode0-80":{"min":0.1986452043056488,"max":0.7664543390274048},"gwa-vestas-v112-mode0-100":{"min":0.1695498675107956,"max":0.7722256183624268},"gwa-vestas-v112-mode0-120":{"min":0.212577223777771,"max":0.7751520872116089},"gwa-vestas-v112-mode0-150":{"min":0.269135445356369,"max":0.7711122632026672},"gwa-vestas-v112-mode0-80":{"min":0.1294817179441452,"max":0.763309121131897},"gwa-vestas-v120-mode0-100":{"min":0.2728833556175232,"max":0.769814670085907},"gwa-vestas-v120-mode0-120":{"min":0.3367891311645508,"max":0.796741783618927},"gwa-vestas-v120-mode0-150":{"min":0.41130003333091736,"max":0.8199891448020935},"gwa-vestas-v120-mode0-80":{"min":0.20901168882846832,"max":0.7317286729812622},"gwa-vestas-v126-mode0-100":{"min":0.2046443074941635,"max":0.745100200176239},"gwa-vestas-v126-mode0-120":{"min":0.2550446093082428,"max":0.7435493469238281},"gwa-vestas-v126-mode0-150":{"min":0.31883928179740906,"max":0.7740821838378906},"gwa-vestas-v126-mode0-80":{"min":0.15654879808425903,"max":0.7392258048057556},"gwa-vestas-v136-mode0-100":{"min":0.23079197108745575,"max":0.763474702835083},"gwa-vestas-v136-mode0-120":{"min":0.28661400079727173,"max":0.7659119963645935},"gwa-vestas-v136-mode0-150":{"min":0.3551008701324463,"max":0.8032307028770447},"gwa-vestas-v136-mode0-80":{"min":0.17662008106708527,"max":0.7589578032493591},"air-density":{"min":1.0040733814239502,"max":1.2226262092590332},"lcoe":{"gwa-vestas-v136-mode0-100":{"lg":{"min":49.527061462402344,"max":154.60646057128906},"li":{"min":2.622673988342285,"max":8.675975799560547},"lr":{"min":0.0,"max":7.286672115325928},"total":{"min":54.900203704833984,"max":163.44570922851562}},"gwa-vestas-v112-mode0-80":{"lg":{"min":49.53693771362305,"max":272.4453430175781},"li":{"min":2.6232433319091797,"max":15.464310646057129},"lr":{"min":0.0,"max":8.611541748046875},"total":{"min":58.251075744628906,"max":288.20068359375}},"gwa-offshore-leanwind-8mw-110":{"lg":{"min":49.60455322265625,"max":208.21229553222656},"li":{"min":2.627138137817383,"max":11.764042854309082},"lr":{"min":0.0,"max":8.03802490234375},"total":{"min":58.33163070678711,"max":220.19772338867188}},"gwa-vestas-v110-mode0-100":{"lg":{"min":49.375606536865234,"max":138.0452117919922},"li":{"min":2.6139495372772217,"max":7.721932888031006},"lr":{"min":0.0,"max":7.086902141571045},"total":{"min":52.65119552612305,"max":145.9124755859375}},"gwa-vestas-v100-mode0-150":{"lg":{"min":47.5344352722168,"max":103.53378295898438},"li":{"min":2.507884979248047,"max":5.733835697174072},"lr":{"min":0.0,"max":6.7820305824279785},"total":{"min":50.07271194458008,"max":109.37551879882812}},"gwa-vestas-v136-mode0-120":{"lg":{"min":49.38218307495117,"max":125.27377319335938},"li":{"min":2.614328145980835,"max":6.986209392547607},"lr":{"min":0.0,"max":6.9535908699035645},"total":{"min":52.02819061279297,"max":132.39144897460938}},"gwa-vestas-v120-mode0-80":{"lg":{"min":51.50225067138672,"max":170.30055236816406},"li":{"min":2.7364587783813477,"max":9.580063819885254},"lr":{"min":0.0,"max":7.696402072906494},"total":{"min":54.27892303466797,"max":180.06089782714844}},"gwa-vestas-v120-mode0-150":{"lg":{"min":46.3892936706543,"max":88.5094985961914},"li":{"min":2.4419169425964355,"max":4.868332386016846},"lr":{"min":0.0,"max":7.325384140014648},"total":{"min":48.860801696777344,"max":93.46944427490234}},"gwa-vestas-v110-mode0-150":{"lg":{"min":45.95340347290039,"max":92.36515045166016},"li":{"min":2.416806697845459,"max":5.090445041656494},"lr":{"min":0.0,"max":6.573707103729248},"total":{"min":48.39949417114258,"max":97.5513916015625}},"gwa-offshore-iea-15mw-150":{"lg":{"min":48.54425048828125,"max":126.07941436767578},"li":{"min":2.5660574436187744,"max":7.032620429992676},"lr":{"min":0.0,"max":6.947268486022949},"total":{"min":53.09981155395508,"max":133.24436950683594}},"gwa-vestas-v100-mode0-120":{"lg":{"min":49.65528106689453,"max":127.651611328125},"li":{"min":2.6300604343414307,"max":7.123189449310303},"lr":{"min":0.0,"max":7.0506720542907715},"total":{"min":52.31721496582031,"max":134.90884399414062}},"gwa-enercon-e48-50":{"lg":{"min":53.46675109863281,"max":463.41943359375},"li":{"min":2.849627733230591,"max":26.465742111206055},"lr":{"min":0.0,"max":10.75703239440918},"total":{"min":62.93291473388672,"max":490.3832092285156}},"gwa-vestas-v126-mode0-120":{"lg":{"min":50.7470817565918,"max":140.28501892089844},"li":{"min":2.692955732345581,"max":7.850961685180664},"lr":{"min":0.0,"max":7.242003917694092},"total":{"min":54.15909194946289,"max":148.2837371826172}},"gwa-vestas-v110-mode0-80":{"lg":{"min":49.350074768066406,"max":178.97911071777344},"li":{"min":2.612478494644165,"max":10.080009460449219},"lr":{"min":0.0,"max":7.5490617752075195},"total":{"min":55.3642692565918,"max":189.24880981445312}},"gwa-iec3":{"lg":{"min":49.47603988647461,"max":105.25210571289062},"li":{"min":2.6197350025177,"max":5.832822799682617},"lr":{"min":0.0,"max":7.4456281661987305},"total":{"min":54.44855880737305,"max":111.1947021484375}},