{"worldpop":{"min":-3.4028234663852886e+38,"max":210.6021728515625},"slope":{"min":0.0,"max":48.89207077026367},"land-cover":{"min":21.8187198638916,"max":210.0},"airports":{"min":1000.0,"max":499993.25},"ports":{"min":1500.0,"max":499970.25},"anchorages":{"min":1000.0,"max":499987.25},"grid":{"min":65535.0,"max":65535.0},"roads":{"min":0.0,"max":500000.0},"pp-whs":{"min":0.0,"max":2552893.75},"unep-coral":{"min":65535.0,"max":65535.0},"unesco":{"min":1581.1387939453125,"max":499990.5},"unesco-ramsar":{"min":65535.0,"max":65535.0},"wwf-glw-1":{"min":65535.0,"max":65535.0},"wwf-glw-2":{"min":65535.0,"max":65535.0},"jrc-gsw":{"min":0.0,"max":255.0},"pp-marine-protected":{"min":0.0,"max":1.0},"unep-tidal":{"min":0.0,"max":0.0},"wwf-glw-3":{"min":255.0,"max":255.0},"gsa-pvout":{"min":0.0,"max":4.945621013641357},"gsa-ghi":{"min":0.0,"max":6.1484456062316895},"gsa-gti":{"min":0.0,"max":6.220431804656982},"gsa-temp":{"min":5.479206562042236,"max":25.399999618530273},"gwa-iec1":{"min":0.0,"max":0.7666446566581726},"gwa-iec2":{"min":0.0,"max":0.7693531513214111},"gwa-iec3":{"min":0.0,"max":0.7902814149856567},"gwa-power-10":{"min":0.0,"max":5849.62109375},"gwa-speed-10":{"min":0.11994098126888,"max":16.76200294494629},"gwa-power-50":{"min":0.0,"max":4778.2822265625},"gwa-speed-50":{"min":0.18117314577103,"max":16.416667938232422},"gwa-power-100":{"min":0.0,"max":4929.435546875},"gwa-speed-100":{"min":5.944946765899658,"max":15.611736297607422},"gwa-power-150":{"min":0.0,"max":5465.88330078125},"gwa-speed-150":{"min":0.28240531682968,"max":17.942903518676758},"gwa-power-200":{"min":0.0,"max":5620.25244140625},"gwa-speed-200":{"min":0.29232773184776,"max":18.094289779663086},"gebco":{"min":-6410.0,"max":1938.0},"srtm90":{"min":4.0,"max":1907.0},"waterbodies":{"min":0.0,"max":1.0},"gwa-enercon-e44-50":{"min":0.0899234414100647,"max":0.6409813761711121},"gwa-enercon-e48-50":{"min":0.11587907373905182,"max":0.693411111831665},"gwa-enercon-e53-50":{"min":0.144417405128479,"max":0.7213560938835144},"gwa-offshore-dtu-10mw-119":{"min":0.21838441491127014,"max":0.7801474928855896},"gwa-offshore-iea-15mw-150":{"min":0.29185405373573303,"max":0.824772834777832},"gwa-offshore-leanwind-8mw-110":{"min":0.2234669327735901,"max":0.7840492129325867},"gwa-vestas-v100-mode0-100":{"min":0.33663803339004517,"max":0.7941713333129883},"gwa-vestas-v100-mode0-120":{"min":0.3510811924934387,"max":0.8059840202331543},"gwa-vestas-v100-mode0-150":{"min":0.3585582673549652,"max":0.8150027394294739},"gwa-vestas-v100-mode0-80":{"min":0.29587554931640625,"max":0.7796629071235657},"gwa-vestas-v110-mode0-100":{"min":0.3727703094482422,"max":0.8203842639923096},"gwa-vestas-v110-mode0-120":{"min":0.39221620559692383,"max":0.8321056365966797},"gwa-vestas-v110-mode0-150":{"min":0.4037211239337921,"max":0.8376824259757996},"gwa-vestas-v110-mode0-80":{"min":0.34011217951774597,"max":0.8063719868659973},"gwa-vestas-v112-mode0-100":{"min":0.24565546214580536,"max":0.7915464043617249},"gwa-vestas-v112-mode0-120":{"min":0.2590619623661041,"max":0.804837167263031},"gwa-vestas-v112-mode0-150":{"min":0.2738855481147766,"max":0.8123067021369934},"gwa-vestas-v112-mode0-80":{"min":0.21965159475803375,"max":0.7720471620559692},"gwa-vestas-v120-mode0-100":{"min":0.38616809248924255,"max":0.7953264117240906},"gwa-vestas-v120-mode0-120":{"min":0.40563279390335083,"max":0.810426652431488},"gwa-vestas-v120-mode0-150":{"min":0.4224110543727875,"max":0.8271801471710205},"gwa-vestas-v120-mode0-80":{"min":0.3586803078651428,"max":0.7751224637031555},"gwa-vestas-v126-mode0-100":{"min":0.30625057220458984,"max":0.7871473431587219},"gwa-vestas-v126-mode0-120":{"min":0.31933385133743286,"max":0.7996954917907715},"gwa-vestas-v126-mode0-150":{"min":0.3271314203739166,"max":0.8086243867874146},"gwa-vestas-v126-mode0-80":{"min":0.26673105359077454,"max":0.7709559798240662},"gwa-vestas-v136-mode0-100":{"min":0.3416580855846405,"max":0.8068811297416687},"gwa-vestas-v136-mode0-120":{"min":0.35723742842674255,"max":0.8187832236289978},"gwa-vestas-v136-mode0-150":{"min":0.364545613527298,"max":0.8275443315505981},"gwa-vestas-v136-mode0-80":{"min":0.30207180976867676,"max":0.7918847799301147},"air-density":{"min":1.0040733814239502,"max":1.2263749837875366}}