{"worldpop": {"min": -3.4028234663852886e+38, "max": 0.028599441051483154}, "slope": {"min": 0.30577102303504944, "max": 43.4310417175293}, "land-cover": {"min": 150.0, "max": 210.0}, "airports": {"min": 190000.65625, "max": 487069.3125}, "ports": {"min": 197002.53125, "max": 485223.90625}, "anchorages": {"min": 3041.38134765625, "max": 480253.3125}, "grid": {"min": 170502.9375, "max": 479154.4375}, "roads": {"min": 168565.265625, "max": 478619.90625}, "pp-whs": {"min": 283698.78125, "max": 736586.9375}, "unep-coral": {"min": 65535.0, "max": 65535.0}, "unesco": {"min": 65535.0, "max": 338107.96875}, "unesco-ramsar": {"min": 197002.53125, "max": 471903.0625}, "wwf-glw-1": {"min": 65535.0, "max": 237262.0}, "wwf-glw-2": {"min": 500.0, "max": 43026.15234375}, "jrc-gsw": {"min": 0.0, "max": 0.0}, "pp-marine-protected": {"min": 0.0, "max": 1.0}, "unep-tidal": {"min": 0.0, "max": 0.0}, "wwf-glw-3": {"min": 1.0, "max": 255.0}, "gsa-pvout": {"min": 0.0, "max": 0.0}, "gsa-ghi": {"min": 1.2579990625381, "max": 0.0}, "gsa-gti": {"min": 0.0, "max": 0.0}, "gsa-temp": {"min": 0.0, "max": 0.0}, "gwa-iec1": {"min": 0.36487525701522827, "max": 0.5867071747779846}, "gwa-iec2": {"min": 0.390450656414032, "max": 0.6172190308570862}, "gwa-iec3": {"min": 0.414141446352005, "max": 0.64463210105896}, "gwa-power-10": {"min": 206.80422973632812, "max": 2945.82275390625}, "gwa-speed-10": {"min": 4.2576189041137695, "max": 9.184636116027832}, "gwa-power-50": {"min": 584.8502197265625, "max": 2339.13232421875}, "gwa-speed-50": {"min": 6.370495796203613, "max": 9.764952659606934}, "gwa-power-100": {"min": 830.4541625976562, "max": 2203.81689453125}, "gwa-speed-100": {"min": 7.482967376708984, "max": 10.345836639404297}, "gwa-power-150": {"min": 1026.9190673828125, "max": 2209.312744140625}, "gwa-speed-150": {"min": 8.206838607788086, "max": 10.915767669677734}, "gwa-power-200": {"min": 1186.998779296875, "max": 2225.40234375}, "gwa-speed-200": {"min": 8.71911907196045, "max": 11.3751220703125}, "gebco": {"min": -1770.0, "max": 1040.0}, "srtm90": {"min": NaN, "max": NaN}, "waterbodies": {"min": 0.0, "max": 1.0}, "gwa-enercon-e44-50": {"min": 0.2286045104265213, "max": 0.43569377064704895}, "gwa-enercon-e48-50": {"min": 0.2675289213657379, "max": 0.49687010049819946}, "gwa-enercon-e53-50": {"min": 0.29737281799316406, "max": 0.5357580780982971}, "gwa-offshore-dtu-10mw-119": {"min": 0.35420846939086914, "max": 0.5701519846916199}, "gwa-offshore-iea-15mw-150": {"min": 0.41657963395118713, "max": 0.6267023086547852}, "gwa-offshore-leanwind-8mw-110": {"min": 0.3518081605434418, "max": 0.5671350359916687}, "gwa-vestas-v100-mode0-100": {"min": 0.40599924325942993, "max": 0.6308957934379578}, "gwa-vestas-v100-mode0-120": {"min": 0.42333781719207764, "max": 0.6433948874473572}, "gwa-vestas-v100-mode0-150": {"min": 0.44478297233581543, "max": 0.6589318513870239}, "gwa-vestas-v100-mode0-80": {"min": 0.3862089216709137, "max": 0.613197922706604}, "gwa-vestas-v110-mode0-100": {"min": 0.43220940232276917, "max": 0.6576103568077087}, "gwa-vestas-v110-mode0-120": {"min": 0.4495549499988556, "max": 0.6745268702507019}, "gwa-vestas-v110-mode0-150": {"min": 0.4707108736038208, "max": 0.6871052384376526}, "gwa-vestas-v110-mode0-80": {"min": 0.0, "max": 0.6409507393836975}, "gwa-vestas-v112-mode0-100": {"min": 0.36226364970207214, "max": 0.5833288431167603}, "gwa-vestas-v112-mode0-120": {"min": 0.3802467882633209, "max": 0.5977169275283813}, "gwa-vestas-v112-mode0-150": {"min": 0.4035325050354004, "max": 0.6103143095970154}, "gwa-vestas-v112-mode0-80": {"min": 0.3424953818321228, "max": 0.5672382712364197}, "gwa-vestas-v120-mode0-100": {"min": 0.4288242757320404, "max": 0.6551740169525146}, "gwa-vestas-v120-mode0-120": {"min": 0.444623202085495, "max": 0.6685048341751099}, "gwa-vestas-v120-mode0-150": {"min": 0.46326762437820435, "max": 0.6747725605964661}, "gwa-vestas-v120-mode0-80": {"min": 0.4101046025753021, "max": 0.6296613216400146}, "gwa-vestas-v126-mode0-100": {"min": 0.38845041394233704, "max": 0.6123879551887512}, "gwa-vestas-v126-mode0-120": {"min": 0.4057968854904175, "max": 0.6241554021835327}, "gwa-vestas-v126-mode0-150": {"min": 0.4275400638580322, "max": 0.6389061212539673}, "gwa-vestas-v126-mode0-80": {"min": 0.3688487708568573, "max": 0.5940551161766052}, "gwa-vestas-v136-mode0-100": {"min": 0.41252049803733826, "max": 0.6399672031402588}, "gwa-vestas-v136-mode0-120": {"min": 0.4301457405090332, "max": 0.6512641906738281}, "gwa-vestas-v136-mode0-150": {"min": 0.45201680064201355, "max": 0.6674521565437317}, "gwa-vestas-v136-mode0-80": {"min": 0.3924465775489807, "max": 0.622024416923523}, "air-density": {"min": 1.1445574760437012, "max": 1.2661693096160889}, "lcoe": {"gwa-vestas-v136-mode0-100": {"lg": {"min": 58.31334686279297, "max": 88.25947570800781}, "li": {"min": 5.641633987426758, "max": 19.08424949645996}, "lr": {"min": 3.1613636016845703, "max": 13.137161254882812}, "total": {"min": 67.9012222290039, "max": 120.48088836669922}}, "gwa-vestas-v112-mode0-80": {"lg": {"min": 65.27717590332031, "max": 105.48680114746094}, "li": {"min": 6.760491371154785, "max": 22.986135482788086}, "lr": {"min": 3.772651195526123, "max": 15.82313060760498}, "total": {"min": 80.57420349121094, "max": 144.2960662841797}}, "gwa-offshore-leanwind-8mw-110": {"lg": {"min": 65.288330078125, "max": 102.80033111572266}, "li": {"min": 6.557222366333008, "max": 22.37766456604004}, "lr": {"min": 3.6843318939208984, "max": 15.404273986816406}, "total": {"min": 78.24628448486328, "max": 140.582275390625}}, "gwa-vestas-v110-mode0-100": {"lg": {"min": 56.85615921020508, "max": 84.42111206054688}, "li": {"min": 5.422290325164795, "max": 18.214885711669922}, "lr": {"min": 3.037980318069458, "max": 12.538711547851562}, "total": {"min": 65.41677856445312, "max": 115.17471313476562}}, "gwa-vestas-v100-mode0-150": {"lg": {"min": 56.75015640258789, "max": 82.14768981933594}, "li": {"min": 5.406371116638184, "max": 17.699968338012695}, "lr": {"min": 3.049164295196533, "max": 12.18425464630127}, "total": {"min": 65.21540069580078, "max": 112.03191375732422}}, "gwa-vestas-v136-mode0-120": {"lg": {"min": 57.371212005615234, "max": 84.80693054199219}, "li": {"min": 5.4700236320495605, "max": 18.30227279663086}, "lr": {"min": 3.073375701904297, "max": 12.59886646270752}, "total": {"min": 65.93612670898438, "max": 115.70807647705078}}, "gwa-vestas-v120-mode0-80": {"lg": {"min": 59.20231246948242, "max": 88.7558364868164}, "li": {"min": 5.659902572631836, "max": 19.196674346923828}, "lr": {"min": 3.164475679397583, "max": 13.214552879333496}, "total": {"min": 68.10814666748047, "max": 121.16706848144531}}, "gwa-vestas-v120-mode0-150": {"lg": {"min": 55.51181411743164, "max": 79.02954864501953}, "li": {"min": 5.279453277587891, "max": 16.993730545043945}, "lr": {"min": 2.9678194522857666, "max": 11.69809627532959}, "total": {"min": 63.77833557128906, "max": 107.72137451171875}}, "gwa-vestas-v110-mode0-150": {"lg": {"min": 54.587249755859375, "max": 77.84312438964844}, "li": {"min": 5.184694290161133, "max": 16.725011825561523}, "lr": {"min": 2.9207029342651367, "max": 11.513116836547852}, "total": {"min": 62.70539474487305, "max": 106.08125305175781}}, "gwa-offshore-iea-15mw-150": {"lg": {"min": 59.462955474853516, "max": 87.4384536743164}, "li": {"min": 5.718303203582764, "max": 18.89829444885254}, "lr": {"min": 3.231720447540283, "max": 13.009154319763184}, "total": {"min": 68.74735260009766, "max": 119.34590148925781}}, "gwa-vestas-v100-mode0-120": {"lg": {"min": 58.023990631103516, "max": 86.10643005371094}, "li": {"min": 5.536926746368408, "max": 18.596601486206055}, "lr": {"min": 3.111048698425293, "max": 12.80147647857666}, "total": {"min": 66.69365692138672, "max": 117.50450897216797}}, "gwa-enercon-e48-50": {"lg": {"min": 73.95542907714844, "max": 133.92523193359375}, "li": {"min": 8.487665176391602, "max": 29.427265167236328}, "lr": {"min": 4.721251010894775, "max": 20.257057189941406},