{"worldpop": {"min": -3.4028234663852886e+38, "max": 18611.970703125}, "slope": {"min": 0.0, "max": 27.766984939575195}, "land-cover": {"min": 10.0, "max": 210.0}, "airports": {"min": 0.0, "max": 281945.03125}, "ports": {"min": 500.0, "max": 251318.53125}, "anchorages": {"min": 0.0, "max": 251207.578125}, "grid": {"min": 0.0, "max": 63570.828125}, "roads": {"min": 0.0, "max": 17804.4921875}, "pp-whs": {"min": 190138.109375, "max": 483043.71875}, "unep-coral": {"min": 65535.0, "max": 65535.0}, "unesco": {"min": 198973.625, "max": 488685.21875}, "unesco-ramsar": {"min": 65535.0, "max": 500000.0}, "wwf-glw-1": {"min": 25268.556640625, "max": 344764.40625}, "wwf-glw-2": {"min": 0.0, "max": 98550.75}, "jrc-gsw": {"min": 0.0, "max": 1.0}, "pp-marine-protected": {"min": 0.0, "max": 0.0}, "unep-tidal": {"min": 0.0, "max": 1.0}, "wwf-glw-3": {"min": 1.0, "max": 255.0}, "gsa-pvout": {"min": 3.7852683067321777, "max": 4.439332962036133}, "gsa-ghi": {"min": 4.664900302886963, "max": 5.553595542907715}, "gsa-gti": {"min": 4.725105285644531, "max": 5.682491779327393}, "gsa-temp": {"min": 18.390913009643555, "max": 27.600000381469727}, "gwa-iec1": {"min": 0.011073403991758823, "max": 0.3542683720588684}, "gwa-iec2": {"min": 0.014361647889018059, "max": 0.3920523226261139}, "gwa-iec3": {"min": 0.016672179102897644, "max": 0.4208633601665497}, "gwa-power-10": {"min": 0.8214221000671387, "max": 759.1782836914062}, "gwa-speed-10": {"min": 0.660964846611023, "max": 6.494487762451172}, "gwa-power-50": {"min": 5.692502975463867, "max": 617.879150390625}, "gwa-speed-50": {"min": 1.2221671342849731, "max": 7.2810893058776855}, "gwa-power-100": {"min": 14.252557754516602, "max": 521.97265625}, "gwa-speed-100": {"min": 1.786967158317566, "max": 7.500973701477051}, "gwa-power-150": {"min": 22.68445587158203, "max": 495.13153076171875}, "gwa-speed-150": {"min": 2.1924750804901123, "max": 7.587589263916016}, "gwa-power-200": {"min": 32.61372375488281, "max": 479.0169372558594}, "gwa-speed-200": {"min": 2.5717124938964844, "max": 7.493145942687988}, "gebco": {"min": -66.0, "max": 1695.0}, "srtm90": {"min": 0.0, "max": 1679.0}, "waterbodies": {"min": 0.0, "max": 2.0}, "gwa-enercon-e44-50": {"min": 0.0016368288779631257, "max": 0.2843547463417053}, "gwa-enercon-e48-50": {"min": 0.0021778361406177282, "max": 0.3328082263469696}, "gwa-enercon-e53-50": {"min": 0.003745070192962885, "max": 0.3689449429512024}, "gwa-offshore-dtu-10mw-119": {"min": 0.0072062062099576, "max": 0.3552151024341583}, "gwa-offshore-iea-15mw-150": {"min": 0.017649196088314056, "max": 0.39982935786247253}, "gwa-offshore-leanwind-8mw-110": {"min": 0.006559441331773996, "max": 0.37019604444503784}, "gwa-vestas-v100-mode0-100": {"min": 0.011732668615877628, "max": 0.4532332718372345}, "gwa-vestas-v100-mode0-120": {"min": 0.016458597034215927, "max": 0.45778688788414}, "gwa-vestas-v100-mode0-150": {"min": 0.02435113489627838, "max": 0.4570567309856415}, "gwa-vestas-v100-mode0-80": {"min": 0.007616529241204262, "max": 0.4446027874946594}, "gwa-vestas-v110-mode0-100": {"min": 0.014711295254528522, "max": 0.4895089566707611}, "gwa-vestas-v110-mode0-120": {"min": 0.020506663247942924, "max": 0.4947444200515747}, "gwa-vestas-v110-mode0-150": {"min": 0.030024122446775436, "max": 0.4943821132183075}, "gwa-vestas-v110-mode0-80": {"min": 0.00958362314850092, "max": 0.47978463768959045}, "gwa-vestas-v112-mode0-100": {"min": 0.00763500714674592, "max": 0.38700488209724426}, "gwa-vestas-v112-mode0-120": {"min": 0.010804279707372189, "max": 0.3889005780220032}, "gwa-vestas-v112-mode0-150": {"min": 0.016233012080192566, "max": 0.3865901827812195}, "gwa-vestas-v112-mode0-80": {"min": 0.004932326264679432, "max": 0.3825069069862366}, "gwa-vestas-v120-mode0-100": {"min": 0.015705103054642677, "max": 0.490690141916275}, "gwa-vestas-v120-mode0-120": {"min": 0.021902741864323616, "max": 0.4972623586654663}, "gwa-vestas-v120-mode0-150": {"min": 0.03205839917063713, "max": 0.49988311529159546}, "gwa-vestas-v120-mode0-80": {"min": 0.010221102274954319, "max": 0.4791097640991211}, "gwa-vestas-v126-mode0-100": {"min": 0.010357748717069626, "max": 0.4262418746948242}, "gwa-vestas-v126-mode0-120": {"min": 0.014511296525597572, "max": 0.429890513420105}, "gwa-vestas-v126-mode0-150": {"min": 0.021488236263394356, "max": 0.4286331534385681}, "gwa-vestas-v126-mode0-80": {"min": 0.006733173970133066, "max": 0.418987900018692}, "gwa-vestas-v136-mode0-100": {"min": 0.012323233298957348, "max": 0.4573361873626709}, "gwa-vestas-v136-mode0-120": {"min": 0.017233578488230705, "max": 0.4616953432559967}, "gwa-vestas-v136-mode0-150": {"min": 0.025379616767168045, "max": 0.46093225479125977}, "gwa-vestas-v136-mode0-80": {"min": 0.008018999360501766, "max": 0.44897255301475525}, "air-density": {"min": 0.9843168258666992, "max": 1.1553845405578613}, "lcoe": {"gwa-vestas-v136-mode0-100": {"lg": {"min": 80.00263977050781, "max": 2824.587646484375}, "li": {"min": 2.3381593227386475, "max": 103.43478393554688}, "lr": {"min": 0.0, "max": 8.524789810180664}, "total": {"min": 82.55009460449219, "max": 2932.7978515625}}, "gwa-vestas-v112-mode0-80": {"lg": {"min": 94.87093353271484, "max": 7051.13232421875}, "li": {"min": 2.8743221759796143, "max": 258.4279479980469}, "lr": {"min": 0.0, "max": 20.04349136352539}, "total": {"min": 97.91674041748047, "max": 7321.49169921875}}, "gwa-offshore-leanwind-8mw-110": {"lg": {"min": 97.8928451538086, "max": 5303.04248046875}, "li": {"min": 2.9543488025665283, "max": 204.0794677734375}, "lr": {"min": 0.0, "max": 19.537797927856445}, "total": {"min": 101.03994750976562, "max": 5506.33740234375}}, "gwa-vestas-v110-mode0-100": {"lg": {"min": 75.00740814208984, "max": 2366.72607421875}, "li": {"min": 2.174274206161499, "max": 86.64437866210938}, "lr": {"min": 0.0, "max": 7.037498950958252}, "total": {"min": 77.38743591308594, "max": 2457.37060546875}}, "gwa-vestas-v100-mode0-150": {"lg": {"min": 80.04911041259766, "max": 1431.39794921875}, "li": {"min": 2.370687484741211, "max": 52.344627380371094}, "lr": {"min": 0.0, "max": 4.658309459686279}, "total": {"min": 82.58049774169922, "max": 1486.1593017578125}}, "gwa-vestas-v136-mode0-120": {"lg": {"min": 79.2850570678711, "max": 2020.9205322265625}, "li": {"min": 2.319136381149292, "max": 73.96322631835938}, "lr": {"min": 0.0, "max": 6.383764743804932}, "total": {"min": 81.80846405029297, "max": 2098.298583984375}}, "gwa-vestas-v120-mode0-80": {"lg": {"min": 76.54864501953125, "max": 3404.68603515625}, "li": {"min": 2.213754653930664, "max": 124.7077865600586}, "lr": {"min": 0.0, "max": 8.991873741149902}, "total": {"min": 78.9803237915039, "max": 3535.1513671875}}, "gwa-vestas-v120-mode0-150": {"lg": {"min": 73.53377532958984, "max": 1088.2325439453125}, "li": {"min": 2.1440787315368652, "max": 39.76028060913086}, "lr": {"min": 0.0, "max": 3.478520631790161}, "total": {"min": 75.8482894897461, "max": 1129.8284912109375}}, "gwa-vestas-v110-mode0-150": {"lg": {"min": 74.30747985839844, "max": 1161.6944580078125}, "li": {"min": 2.181755304336548, "max": 42.45423126220703}, "lr": {"min": 0.0, "max": 3.731416702270508}, "total": {"min": 76.65225982666016, "max": 1206.1087646484375}}, "gwa-offshore-iea-15mw-150": {"lg": {"min": 90.9339828491211, "max": 1973.4244384765625}, "li": {"min": 2.749696969985962, "max": 72.22147369384766}, "lr": {"min": 0.0, "max": 6.53159761428833}, "total": {"min": 93.84783172607422, "max": 2048.980224609375}}, "gwa-vestas-v100-mode0-120": {"lg": {"min": 79.92781829833984, "max": 2115.890869140625}, "li": {"min": 2.3390114307403564, "max": 77.44591522216797}, "lr": {"min": 0.0, "max": 6.735122203826904}, "total": {"min": 82.47276306152344, "max": 2196.912353515625}}, "gwa-enercon-e48-50": {"lg": {"min": 108.44081115722656, "max": 10000.0}, "li": {"min": 3.3300023078918457, "max": 598.0360107421875}, "lr": {"min": 0.0, "max": 56.37638473510742}, "total": {"min": 111.94145202636719, "max": 10000.0}}, "gwa-vestas-v126-mode0-120": {"lg": {"min": 84.85491180419922,