{"worldpop": {"min": -3.4028234663852886e+38, "max": 18724.958984375}, "slope": {"min": 0.0, "max": 43.2710075378418}, "land-cover": {"min": 10.0, "max": 210.0}, "airports": {"min": 0.0, "max": 472618.78125}, "ports": {"min": 0.0, "max": 419990.78125}, "anchorages": {"min": 0.0, "max": 426258.4375}, "grid": {"min": 0.0, "max": 408157.4375}, "roads": {"min": 0.0, "max": 405406.59375}, "pp-whs": {"min": 296015.1875, "max": 768268.375}, "unep-coral": {"min": 65535.0, "max": 65535.0}, "unesco": {"min": 65535.0, "max": 500000.0}, "unesco-ramsar": {"min": 65535.0, "max": 500000.0}, "wwf-glw-1": {"min": 21470.91015625, "max": 499995.25}, "wwf-glw-2": {"min": 0.0, "max": 409791.71875}, "jrc-gsw": {"min": 0.0, "max": 255.0}, "pp-marine-protected": {"min": 0.0, "max": 0.0}, "unep-tidal": {"min": 0.0, "max": 1.0}, "wwf-glw-3": {"min": 1.0, "max": 255.0}, "gsa-pvout": {"min": 3.7852683067321777, "max": 4.265109539031982}, "gsa-ghi": {"min": 4.664900302886963, "max": 5.286440849304199}, "gsa-gti": {"min": 4.725105285644531, "max": 5.371218681335449}, "gsa-temp": {"min": 21.93983268737793, "max": 26.600000381469727}, "gwa-iec1": {"min": 0.020639361813664436, "max": 0.2278502881526947}, "gwa-iec2": {"min": 0.028019728139042854, "max": 0.2675391435623169}, "gwa-iec3": {"min": 0.033372409641742706, "max": 0.29633086919784546}, "gwa-power-10": {"min": 1.2985764741897583, "max": 210.33555603027344}, "gwa-speed-10": {"min": 0.722299337387085, "max": 4.666263103485107}, "gwa-power-50": {"min": 9.10502815246582, "max": 201.54837036132812}, "gwa-speed-50": {"min": 1.700620412826538, "max": 5.1960930824279785}, "gwa-power-100": {"min": 22.734699249267578, "max": 222.6934051513672}, "gwa-speed-100": {"min": 2.5023813247680664, "max": 5.776428699493408}, "gwa-power-150": {"min": 32.99809265136719, "max": 247.7687530517578}, "gwa-speed-150": {"min": 2.673461675643921, "max": 6.081460475921631}, "gwa-power-200": {"min": 39.67503356933594, "max": 277.60321044921875}, "gwa-speed-200": {"min": 2.9074673652648926, "max": 6.290480613708496}, "gebco": {"min": -5042.0, "max": 785.0}, "srtm90": {"min": -4.0, "max": 794.0}, "waterbodies": {"min": 0.0, "max": 2.0}, "gwa-enercon-e44-50": {"min": 0.0019024998182430863, "max": 0.16535234451293945}, "gwa-enercon-e48-50": {"min": 0.002595294965431094, "max": 0.2034711092710495}, "gwa-enercon-e53-50": {"min": 0.005833618808537722, "max": 0.2365545630455017}, "gwa-offshore-dtu-10mw-119": {"min": 0.014553584158420563, "max": 0.23741847276687622}, "gwa-offshore-iea-15mw-150": {"min": 0.03532906994223595, "max": 0.29278913140296936}, "gwa-offshore-leanwind-8mw-110": {"min": 0.012948964722454548, "max": 0.2441175878047943}, "gwa-vestas-v100-mode0-100": {"min": 0.025080518797039986, "max": 0.3321497142314911}, "gwa-vestas-v100-mode0-120": {"min": 0.03692234307527542, "max": 0.34386762976646423}, "gwa-vestas-v100-mode0-150": {"min": 0.04854515567421913, "max": 0.35558390617370605}, "gwa-vestas-v100-mode0-80": {"min": 0.015345176681876183, "max": 0.31795692443847656}, "gwa-vestas-v110-mode0-100": {"min": 0.03200985863804817, "max": 0.37023505568504333}, "gwa-vestas-v110-mode0-120": {"min": 0.04660966619849205, "max": 0.38311171531677246}, "gwa-vestas-v110-mode0-150": {"min": 0.059531547129154205, "max": 0.3956741690635681}, "gwa-vestas-v110-mode0-80": {"min": 0.019824450835585594, "max": 0.3543446362018585}, "gwa-vestas-v112-mode0-100": {"min": 0.015825456008315086, "max": 0.2604111135005951}, "gwa-vestas-v112-mode0-120": {"min": 0.023694904521107674, "max": 0.2694333493709564}, "gwa-vestas-v112-mode0-150": {"min": 0.03256929665803909, "max": 0.27892518043518066}, "gwa-vestas-v112-mode0-80": {"min": 0.009504804387688637, "max": 0.2499472200870514}, "gwa-vestas-v120-mode0-100": {"min": 0.03427395224571228, "max": 0.38438206911087036}, "gwa-vestas-v120-mode0-120": {"min": 0.05000026896595955, "max": 0.39785847067832947}, "gwa-vestas-v120-mode0-150": {"min": 0.06372300535440445, "max": 0.41080063581466675}, "gwa-vestas-v120-mode0-80": {"min": 0.021173622459173203, "max": 0.36754119396209717}, "gwa-vestas-v126-mode0-100": {"min": 0.022044871002435684, "max": 0.304386168718338}, "gwa-vestas-v126-mode0-120": {"min": 0.03238748013973236, "max": 0.3150186538696289}, "gwa-vestas-v126-mode0-150": {"min": 0.04275065287947655, "max": 0.32584354281425476}, "gwa-vestas-v126-mode0-80": {"min": 0.013527359813451767, "max": 0.29168081283569336}, "gwa-vestas-v136-mode0-100": {"min": 0.02648298628628254, "max": 0.3362441956996918}, "gwa-vestas-v136-mode0-120": {"min": 0.03877203166484833, "max": 0.3479863405227661}, "gwa-vestas-v136-mode0-150": {"min": 0.050444457679986954, "max": 0.35967519879341125}, "gwa-vestas-v136-mode0-80": {"min": 0.016316138207912445, "max": 0.3219863176345825}, "air-density": {"min": 1.0748190879821777, "max": 1.1553845405578613}}