{"worldpop":{"min":-3.4028234663852886e+38,"max":8478.8876953125},"slope":{"min":-3.4028234663852886e+38,"max":29.788599014282227},"land-cover":{"min":10.0,"max":210.0},"airports":{"min":0.0,"max":119278.0390625},"ports":{"min":0.0,"max":116346.46875},"anchorages":{"min":0.0,"max":122386.6796875},"grid":{"min":0.0,"max":9124.1435546875},"roads":{"min":0.0,"max":12369.3173828125},"pp-whs":{"min":226513.796875,"max":358793.125},"unep-coral":{"min":201241.78125,"max":353385.40625},"unesco":{"min":0.0,"max":160049.984375},"unesco-ramsar":{"min":243008.21875,"max":421874.6875},"wwf-glw-1":{"min":0.0,"max":92402.6484375},"wwf-glw-2":{"min":0.0,"max":89068.796875},"jrc-gsw":{"min":0.0,"max":1.0},"pp-marine-protected":{"min":0.0,"max":1.0},"unep-tidal":{"min":0.0,"max":1.0},"wwf-glw-3":{"min":1.0,"max":255.0},"gsa-pvout":{"min":4.087990760803223,"max":5.135258674621582},"gsa-ghi":{"min":4.944332599639893,"max":6.21702766418457},"gsa-gti":{"min":5.070140838623047,"max":6.466873645782471},"gsa-temp":{"min":14.069003105163574,"max":28.92732048034668},"gwa-iec1":{"min":0.0033081185538321733,"max":0.4749373495578766},"gwa-iec2":{"min":0.00476272776722908,"max":0.5107197165489197},"gwa-iec3":{"min":0.005731866229325533,"max":0.536209762096405},"gwa-power-10":{"min":0.7382699251174927,"max":1953.900146484375},"gwa-speed-10":{"min":0.3931984007358551,"max":7.4797234535217285},"gwa-power-50":{"min":2.8578877449035645,"max":1800.070068359375},"gwa-speed-50":{"min":0.8270625472068787,"max":8.91455078125},"gwa-power-100":{"min":5.636592388153076,"max":1647.3485107421875},"gwa-speed-100":{"min":1.2013776302337646,"max":9.350627899169922},"gwa-power-150":{"min":7.888696193695068,"max":1580.90087890625},"gwa-speed-150":{"min":1.320460557937622,"max":9.880435943603516},"gwa-power-200":{"min":8.88609504699707,"max":1938.6739501953125},"gwa-speed-200":{"min":1.4472748041152954,"max":10.288074493408203},"gebco":{"min":-73.0,"max":2309.0},"srtm90":{"min":0.0,"max":2333.0},"waterbodies":{"min":0.0,"max":2.0},"gwa-enercon-e44-50":{"min":0.0007114044274203479,"max":0.346782922744751},"gwa-enercon-e48-50":{"min":0.0009551539551466703,"max":0.39498260617256165},"gwa-enercon-e53-50":{"min":0.0018139793537557125,"max":0.42840710282325745},"gwa-offshore-dtu-10mw-119":{"min":0.0017575736856088042,"max":0.4320615231990814},"gwa-offshore-iea-15mw-150":{"min":0.005209396593272686,"max":0.489673912525177},"gwa-offshore-leanwind-8mw-110":{"min":0.0017085601575672626,"max":0.44172829389572144},"gwa-vestas-v100-mode0-100":{"min":0.004265484865754843,"max":0.5134909749031067},"gwa-vestas-v100-mode0-120":{"min":0.005422606598585844,"max":0.5250561237335205},"gwa-vestas-v100-mode0-150":{"min":0.007485724054276943,"max":0.5364446043968201},"gwa-vestas-v100-mode0-80":{"min":0.003114985767751932,"max":0.49516478180885315},"gwa-vestas-v110-mode0-100":{"min":0.005541760008782148,"max":0.5489339828491211},"gwa-vestas-v110-mode0-120":{"min":0.007020612712949514,"max":0.5605586767196655},"gwa-vestas-v110-mode0-150":{"min":0.009612522087991238,"max":0.5717536807060242},"gwa-vestas-v110-mode0-80":{"min":0.004055565223097801,"max":0.5305491089820862},"gwa-vestas-v112-mode0-100":{"min":0.0026264290791004896,"max":0.4541151523590088},"gwa-vestas-v112-mode0-120":{"min":0.0033573166001588106,"max":0.46215903759002686},"gwa-vestas-v112-mode0-150":{"min":0.004692421294748783,"max":0.4758847951889038},"gwa-vestas-v112-mode0-80":{"min":0.0019144084071740508,"max":0.44877058267593384},"gwa-vestas-v120-mode0-100":{"min":0.005905412137508392,"max":0.5463545322418213},"gwa-vestas-v120-mode0-120":{"min":0.007487199269235134,"max":0.5566285252571106},"gwa-vestas-v120-mode0-150":{"min":0.010265754535794258,"max":0.566528856754303},"gwa-vestas-v120-mode0-80":{"min":0.004317295737564564,"max":0.5298673510551453},"gwa-vestas-v126-mode0-100":{"min":0.00377610232681036,"max":0.4880426228046417},"gwa-vestas-v126-mode0-120":{"min":0.004789496771991253,"max":0.4997625946998596},"gwa-vestas-v126-mode0-150":{"min":0.006606136914342642,"max":0.5115387439727783},"gwa-vestas-v126-mode0-80":{"min":0.00276032998226583,"max":0.46955206990242004},"gwa-vestas-v136-mode0-100":{"min":0.004561226349323988,"max":0.5187973976135254},"gwa-vestas-v136-mode0-120":{"min":0.00578538840636611,"max":0.5304864645004272},"gwa-vestas-v136-mode0-150":{"min":0.007946872152388096,"max":0.5421241521835327},"gwa-vestas-v136-mode0-80":{"min":0.0033363369293510914,"max":0.5002877712249756},"air-density":{"min":0.9317604303359985,"max":1.1508986949920654},"lcoe":{"gwa-vestas-v136-mode0-100":{"lg":{"min":70.99871826171875,"max":7624.486328125},"li":{"min":2.0166451930999756,"max":230.7755889892578},"lr":{"min":0.0,"max":10.080891609191895},"total":{"min":73.04073333740234,"max":7857.169921875}},"gwa-vestas-v112-mode0-80":{"lg":{"min":81.45330047607422,"max":10000.0},"li":{"min":2.3274214267730713,"max":567.3578491210938},"lr":{"min":0.0,"max":24.78369903564453},"total":{"min":83.8462905883789,"max":10000.0}},"gwa-offshore-leanwind-8mw-110":{"lg":{"min":82.68810272216797,"max":10000.0},"li":{"min":2.3645267486572266,"max":606.9771118164062},"lr":{"min":0.0,"max":25.437780380249023},"total":{"min":85.1192398071289,"max":10000.0}},"gwa-vestas-v110-mode0-100":{"lg":{"min":67.32047271728516,"max":6276.15185546875},"li":{"min":1.905930757522583,"max":189.81044006347656},"lr":{"min":0.0,"max":8.291424751281738},"total":{"min":69.25037384033203,"max":6467.6650390625}},"gwa-vestas-v100-mode0-150":{"lg":{"min":68.79468536376953,"max":4647.33984375},"li":{"min":1.9565603733062744,"max":141.752685546875},"lr":{"min":0.0,"max":6.09984016418457},"total":{"min":70.8394546508789,"max":4792.2373046875}},"gwa-vestas-v136-mode0-120":{"lg":{"min":69.52242279052734,"max":6012.025390625},"li":{"min":1.972209095954895,"max":179.25450134277344},"lr":{"min":0.0,"max":7.511375427246094},"total":{"min":71.5194320678711,"max":6195.4736328125}},"gwa-vestas-v120-mode0-80":{"lg":{"min":69.59898376464844,"max":8055.04833984375},"li":{"min":1.9745134115219116,"max":251.5821533203125},"lr":{"min":0.0,"max":10.989778518676758},"total":{"min":71.59832763671875,"max":8317.62109375}},"gwa-vestas-v120-mode0-150":{"lg":{"min":65.35391235351562,"max":3389.89453125},"li":{"min":1.8515201807022095,"max":103.36518859863281},"lr":{"min":0.0,"max":4.448374271392822},"total":{"min":67.29009246826172,"max":3495.552734375}},"gwa-vestas-v110-mode0-150":{"lg":{"min":64.79324340820312,"max":3619.987548828125},"li":{"min":1.8343809843063354,"max":110.38951110839844},"lr":{"min":0.0,"max":4.751805305480957},"total":{"min":66.71173095703125,"max":3732.825927734375}},"gwa-offshore-iea-15mw-150":{"lg":{"min":74.98348236083984,"max":6676.31982421875},"li":{"min":2.1417369842529297,"max":203.69375610351562},"lr":{"min":0.0,"max":8.766925811767578},"total":{"min":77.22354888916016,"max":6884.5322265625}},"gwa-vestas-v100-mode0-120":{"lg":{"min":70.20008850097656,"max":6413.97265625},"li":{"min":1.992606282234192,"max":191.2469482421875},"lr":{"min":0.0,"max":8.01330852508545},"total":{"min":72.21775817871094,"max":6609.6943359375}},"gwa-enercon-e48-50":{"lg":{"min":92.00074005126953,"max":10000.0},"li":{"min":2.6919727325439453,"max":1093.5181884765625},"lr":{"min":0.0,"max":43.25833511352539},"total":{"min":94.73198699951172,"max":10000.0}},"gwa-vestas-v126-mode0-120":{"lg":{"min":73.55054473876953,"max":7261.28955078125},"li":{"min":2.093454360961914,"max":216.52735900878906},"lr":{"min":0.0,"max":9.073202133178711},"total":{"min":75.67032623291016,"max":7482.8828125}},"gwa-vestas-v110-mode0-80":{"lg":{"min":69.51469421386719,"max":8574.6328125},"li":{"min":1.9719761610031128,"max":267.81829833984375},"lr":{"min":0.0,"max":11.699014663696289},"total":{"min":71.511474609375,"max":8854.150390625}},"gwa-iec3":{"lg":{"min":68.82306671142578,"max":6068.1259765625},"li":{"min":1.9595390558242798,"max":184.81256103515625},"lr":{"min":0.0,"max":8.951811790466309},"total":{"min":70.86872863769531,"max":6257.04541015625}},