{"worldpop": {"min": -3.4028234663852886e+38, "max": 3320.84521484375}, "slope": {"min": -3.4028234663852886e+38, "max": 31.1606502532959}, "land-cover": {"min": 10.0, "max": 210.0}, "airports": {"min": 0.0, "max": 425289.625}, "ports": {"min": 0.0, "max": 420935.28125}, "anchorages": {"min": 0.0, "max": 418300.4375}, "grid": {"min": 0.0, "max": 412890.09375}, "roads": {"min": 0.0, "max": 415040.0625}, "pp-whs": {"min": 258051.359375, "max": 525415.3125}, "unep-coral": {"min": 65535.0, "max": 500000.0}, "unesco": {"min": 22276.66796875, "max": 458371.59375}, "unesco-ramsar": {"min": 65535.0, "max": 499999.25}, "wwf-glw-1": {"min": 3535.533935546875, "max": 446430.3125}, "wwf-glw-2": {"min": 0.0, "max": 415910.15625}, "jrc-gsw": {"min": 0.0, "max": 255.0}, "pp-marine-protected": {"min": 0.0, "max": 1.0}, "unep-tidal": {"min": 0.0, "max": 1.0}, "wwf-glw-3": {"min": 1.0, "max": 255.0}, "gsa-pvout": {"min": 4.302824974060059, "max": 5.135258674621582}, "gsa-ghi": {"min": 5.193049430847168, "max": 6.217728614807129}, "gsa-gti": {"min": 5.404110908508301, "max": 6.44765043258667}, "gsa-temp": {"min": 16.85542106628418, "max": 28.5}, "gwa-iec1": {"min": 0.015869934111833572, "max": 0.3745134174823761}, "gwa-iec2": {"min": 0.02176751010119915, "max": 0.4113396406173706}, "gwa-iec3": {"min": 0.025977952405810356, "max": 0.44055554270744324}, "gwa-power-10": {"min": 1.1007524728775024, "max": 692.2916870117188}, "gwa-speed-10": {"min": 0.6751836538314819, "max": 6.257599830627441}, "gwa-power-50": {"min": 7.373253345489502, "max": 1186.33251953125}, "gwa-speed-50": {"min": 1.5541306734085083, "max": 8.05219841003418}, "gwa-power-100": {"min": 17.939294815063477, "max": 1202.1383056640625}, "gwa-speed-100": {"min": 2.022397041320801, "max": 8.587141036987305}, "gwa-power-150": {"min": 28.819211959838867, "max": 1550.6298828125}, "gwa-speed-150": {"min": 2.213063955307007, "max": 9.445450782775879}, "gwa-power-200": {"min": 36.0393180847168, "max": 1938.6739501953125}, "gwa-speed-200": {"min": 2.4367597103118896, "max": 10.191313743591309}, "gebco": {"min": -6153.0, "max": 1980.0}, "srtm90": {"min": -2.0, "max": 2001.0}, "waterbodies": {"min": 0.0, "max": 2.0}, "gwa-enercon-e44-50": {"min": 0.0025441471952944994, "max": 0.2828783094882965}, "gwa-enercon-e48-50": {"min": 0.003432604717090726, "max": 0.32354357838630676}, "gwa-enercon-e53-50": {"min": 0.006475871428847313, "max": 0.35308074951171875}, "gwa-offshore-dtu-10mw-119": {"min": 0.013775083236396313, "max": 0.36832940578460693}, "gwa-offshore-iea-15mw-150": {"min": 0.031179053708910942, "max": 0.42009520530700684}, "gwa-offshore-leanwind-8mw-110": {"min": 0.01247531920671463, "max": 0.37391629815101624}, "gwa-vestas-v100-mode0-100": {"min": 0.022587686777114868, "max": 0.4493819773197174}, "gwa-vestas-v100-mode0-120": {"min": 0.030847910791635513, "max": 0.44840890169143677}, "gwa-vestas-v100-mode0-150": {"min": 0.04131332412362099, "max": 0.43742549419403076}, "gwa-vestas-v100-mode0-80": {"min": 0.015438332222402096, "max": 0.43665269017219543}, "gwa-vestas-v110-mode0-100": {"min": 0.02839658595621586, "max": 0.48326611518859863}, "gwa-vestas-v110-mode0-120": {"min": 0.03814543038606644, "max": 0.4819234013557434}, "gwa-vestas-v110-mode0-150": {"min": 0.04930379241704941, "max": 0.468949556350708}, "gwa-vestas-v110-mode0-80": {"min": 0.01958700455725193, "max": 0.470153272151947}, "gwa-vestas-v112-mode0-100": {"min": 0.014603937976062298, "max": 0.3896511495113373}, "gwa-vestas-v112-mode0-120": {"min": 0.020462991669774055, "max": 0.3943628668785095}, "gwa-vestas-v112-mode0-150": {"min": 0.029021061956882477, "max": 0.40976324677467346}, "gwa-vestas-v112-mode0-80": {"min": 0.009846304543316364, "max": 0.37747684121131897}, "gwa-vestas-v120-mode0-100": {"min": 0.030420510098338127, "max": 0.4847131371498108}, "gwa-vestas-v120-mode0-120": {"min": 0.04078134894371033, "max": 0.48349955677986145}, "gwa-vestas-v120-mode0-150": {"min": 0.05234370008111, "max": 0.4693073630332947}, "gwa-vestas-v120-mode0-80": {"min": 0.020961038768291473, "max": 0.472259521484375}, "gwa-vestas-v126-mode0-100": {"min": 0.01986069232225418, "max": 0.42596951127052307}, "gwa-vestas-v126-mode0-120": {"min": 0.027193361893296242, "max": 0.425089031457901}, "gwa-vestas-v126-mode0-150": {"min": 0.036807600408792496, "max": 0.4216574430465698}, "gwa-vestas-v126-mode0-80": {"min": 0.013586502522230148, "max": 0.4134846031665802}, "gwa-vestas-v136-mode0-100": {"min": 0.023708077147603035, "max": 0.4547841250896454}, "gwa-vestas-v136-mode0-120": {"min": 0.03218262642621994, "max": 0.4538055956363678}, "gwa-vestas-v136-mode0-150": {"min": 0.04261583462357521, "max": 0.4448358714580536}, "gwa-vestas-v136-mode0-80": {"min": 0.016275731846690178, "max": 0.44197914004325867}, "air-density": {"min": 0.9622271060943604, "max": 1.1500358581542969}}