{"worldpop":{"min":8.670624732971191,"max":1156.635986328125},"slope":{"min":1.9940593242645264,"max":11.55329418182373},"land-cover":{"min":10.0,"max":196.0770721435547},"airports":{"min":11423.6591796875,"max":21931.712890625},"ports":{"min":46287.1484375,"max":53770.34375},"anchorages":{"min":11401.75390625,"max":21569.654296875},"grid":{"min":0.0,"max":2549.509765625},"roads":{"min":0.0,"max":6264.982421875},"pp-whs":{"min":55578.7734375,"max":65924.203125},"unep-coral":{"min":65535.0,"max":65535.0},"unesco":{"min":0.0,"max":6103.27783203125},"unesco-ramsar":{"min":290006.90625,"max":300010.40625},"wwf-glw-1":{"min":58843.01171875,"max":66189.125},"wwf-glw-2":{"min":47636.64453125,"max":54781.3828125},"jrc-gsw":{"min":0.0,"max":0.0},"pp-marine-protected":{"min":0.0,"max":0.0},"unep-tidal":{"min":0.0,"max":0.0},"wwf-glw-3":{"min":255.0,"max":255.0},"gsa-pvout":{"min":3.6045382022857666,"max":3.803595781326294},"gsa-ghi":{"min":3.8177969455718994,"max":3.9753670692443848},"gsa-gti":{"min":4.3648481369018555,"max":4.618398666381836},"gsa-temp":{"min":11.548783302307129,"max":14.556988716125488},"gwa-iec1":{"min":0.13351771235466003,"max":0.29150116443634033},"gwa-iec2":{"min":0.15573880076408386,"max":0.3202475905418396},"gwa-iec3":{"min":0.1726473718881607,"max":0.34462860226631165},"gwa-power-10":{"min":30.28525733947754,"max":665.5635375976562},"gwa-speed-10":{"min":1.7816582918167114,"max":5.079852104187012},"gwa-power-50":{"min":113.68406677246094,"max":658.3890991210938},"gwa-speed-50":{"min":3.3466694355010986,"max":6.12989616394043},"gwa-power-100":{"min":176.05174255371094,"max":663.7154541015625},"gwa-speed-100":{"min":4.2619309425354,"max":6.723677635192871},"gwa-power-150":{"min":237.97181701660156,"max":740.601806640625},"gwa-speed-150":{"min":4.9141130447387695,"max":7.152683258056641},"gwa-power-200":{"min":298.2610778808594,"max":798.4105834960938},"gwa-speed-200":{"min":5.37755823135376,"max":7.3906450271606445},"gebco":{"min":99.0,"max":606.0},"srtm90":{"min":95.0,"max":624.0},"waterbodies":{"min":1.0,"max":1.0},"gwa-enercon-e44-50":{"min":0.0675598606467247,"max":0.22187159955501556},"gwa-enercon-e48-50":{"min":0.08384403586387634,"max":0.25728732347488403},"gwa-enercon-e53-50":{"min":0.1004556193947792,"max":0.2845606505870819},"gwa-offshore-dtu-10mw-119":{"min":0.14833933115005493,"max":0.30482017993927},"gwa-offshore-iea-15mw-150":{"min":0.2036561518907547,"max":0.3547944724559784},"gwa-offshore-leanwind-8mw-110":{"min":0.14512208104133606,"max":0.3074219226837158},"gwa-vestas-v100-mode0-100":{"min":0.188898503780365,"max":0.36127057671546936},"gwa-vestas-v100-mode0-120":{"min":0.20933589339256287,"max":0.37266677618026733},"gwa-vestas-v100-mode0-150":{"min":0.23768381774425507,"max":0.3859863877296448},"gwa-vestas-v100-mode0-80":{"min":0.1682940423488617,"max":0.3482726216316223},"gwa-vestas-v110-mode0-100":{"min":0.21063834428787231,"max":0.38799259066581726},"gwa-vestas-v110-mode0-120":{"min":0.23230302333831787,"max":0.39999786019325256},"gwa-vestas-v110-mode0-150":{"min":0.2621766924858093,"max":0.41366565227508545},"gwa-vestas-v110-mode0-80":{"min":0.18860286474227905,"max":0.37435442209243774},"gwa-vestas-v112-mode0-100":{"min":0.1506803333759308,"max":0.3193948566913605},"gwa-vestas-v112-mode0-120":{"min":0.16854915022850037,"max":0.32994773983955383},"gwa-vestas-v112-mode0-150":{"min":0.19439968466758728,"max":0.3431805372238159},"gwa-vestas-v112-mode0-80":{"min":0.133230060338974,"max":0.3081708252429962},"gwa-vestas-v120-mode0-100":{"min":0.2175900638103485,"max":0.38628846406936646},"gwa-vestas-v120-mode0-120":{"min":0.23936113715171814,"max":0.39804506301879883},"gwa-vestas-v120-mode0-150":{"min":0.2689698338508606,"max":0.41009408235549927},"gwa-vestas-v120-mode0-80":{"min":0.19523775577545166,"max":0.3734983801841736},"gwa-vestas-v126-mode0-100":{"min":0.1746167242527008,"max":0.3439926505088806},"gwa-vestas-v126-mode0-120":{"min":0.1941487044095993,"max":0.35502395033836365},"gwa-vestas-v126-mode0-150":{"min":0.22143222391605377,"max":0.36818283796310425},"gwa-vestas-v126-mode0-80":{"min":0.1552087515592575,"max":0.33163467049598694},"gwa-vestas-v136-mode0-100":{"min":0.19230878353118896,"max":0.36695706844329834},"gwa-vestas-v136-mode0-120":{"min":0.21295350790023804,"max":0.37845897674560547},"gwa-vestas-v136-mode0-150":{"min":0.24159345030784607,"max":0.39195215702056885},"gwa-vestas-v136-mode0-80":{"min":0.17146369814872742,"max":0.35387974977493286},"air-density":{"min":1.143738031387329,"max":1.197344183921814},"lcoe":{"gwa-vestas-v136-mode0-100":{"lg":{"min":98.72160339355469,"max":184.74452209472656},"li":{"min":2.805875301361084,"max":5.392665863037109},"lr":{"min":0.0,"max":0.3037816882133484},"total":{"min":101.54351806640625,"max":190.24752807617188}},"gwa-vestas-v112-mode0-80":{"lg":{"min":116.79055786132812,"max":264.8927917480469},"li":{"min":3.3411197662353516,"max":7.783956527709961},"lr":{"min":0.0,"max":0.42901411652565},"total":{"min":120.15077209472656,"max":272.8360290527344}},"gwa-offshore-leanwind-8mw-110":{"lg":{"min":117.0653305053711,"max":243.51393127441406},"li":{"min":3.349259376525879,"max":7.1461005210876465},"lr":{"min":0.0,"max":0.409758985042572},"total":{"min":120.43373107910156,"max":250.80624389648438}},"gwa-vestas-v110-mode0-100":{"lg":{"min":93.58613586425781,"max":169.01629638671875},"li":{"min":2.6537506580352783,"max":4.918719291687012},"lr":{"min":0.0,"max":0.2767726480960846},"total":{"min":96.25505065917969,"max":173.99281311035156}},"gwa-vestas-v100-mode0-150":{"lg":{"min":94.0517807006836,"max":150.23948669433594},"li":{"min":2.66754412651062,"max":4.341400146484375},"lr":{"min":0.0,"max":0.2562144100666046},"total":{"min":96.73456573486328,"max":154.6497344970703}},"gwa-vestas-v136-mode0-120":{"lg":{"min":95.84286499023438,"max":167.22230529785156},"li":{"min":2.7206003665924072,"max":4.866455078125},"lr":{"min":0.0,"max":0.2795923352241516},"total":{"min":98.57901763916016,"max":172.14471435546875}},"gwa-vestas-v120-mode0-80":{"lg":{"min":97.06268310546875,"max":182.03297424316406},"li":{"min":2.7567341327667236,"max":5.305800914764404},"lr":{"min":0.0,"max":0.2918078303337097},"total":{"min":99.83517456054688,"max":187.4020538330078}},"gwa-vestas-v120-mode0-150":{"lg":{"min":88.75800323486328,"max":133.2292022705078},"li":{"min":2.510730266571045,"max":3.828439950942993},"lr":{"min":0.0,"max":0.22501491010189056},"total":{"min":91.2830810546875,"max":137.12644958496094}},"gwa-vestas-v110-mode0-150":{"lg":{"min":88.02621459960938,"max":136.57760620117188},"li":{"min":2.4890527725219727,"max":3.931513547897339},"lr":{"min":0.0,"max":0.23180148005485535},"total":{"min":90.52949523925781,"max":140.5758514404297}},"gwa-offshore-iea-15mw-150":{"lg":{"min":101.96871948242188,"max":174.6737518310547},"li":{"min":2.90206241607666,"max":5.079153060913086},"lr":{"min":0.0,"max":0.3011700212955475},"total":{"min":104.88736724853516,"max":179.82089233398438}},"gwa-vestas-v100-mode0-120":{"lg":{"min":97.27033996582031,"max":170.04299926757812},"li":{"min":2.762885570526123,"max":4.950740337371826},"lr":{"min":0.0,"max":0.28437539935112},"total":{"min":100.04901885986328,"max":175.05047607421875}},"gwa-enercon-e48-50":{"lg":{"min":139.09706115722656,"max":418.5644836425781},"li":{"min":4.001890659332275,"max":12.368882179260254},"lr":{"min":0.0,"max":0.624351441860199},"total":{"min":143.121826171875,"max":431.18646240234375}},"gwa-vestas-v126-mode0-120":{"lg":{"min":101.90538787841797,"max":183.03164672851562},"li":{"min":2.900186538696289,"max":5.341560363769531},"lr":{"min":0.0,"max":0.3073499798774719},"total":{"min":104.82215118408203,"max":188.48248291015625}},"gwa-vestas-v110-mode0-80":{"lg":{"min":96.84986877441406,"max":188.29603576660156},"li":{"min":2.75042986869812,"max":5.49862813949585},"lr":{"min":0.0,"max":0.30287840962409973},"total":{"min":99.61601257324219,"max":193.90716552734375}},"gwa-iec3":{"lg":{"min":104.85860443115234,"max":205.3280487060547},