{"worldpop": {"min": -3.4028234663852886e+38, "max": 10571.138671875}, "slope": {"min": 0.0, "max": 34.96843719482422}, "land-cover": {"min": 10.0, "max": 210.0}, "airports": {"min": 500.0, "max": 398329.65625}, "ports": {"min": 0.0, "max": 500000.0}, "anchorages": {"min": 500.0, "max": 499990.5}, "grid": {"min": 0.0, "max": 500000.0}, "roads": {"min": 0.0, "max": 33559.6484375}, "pp-whs": {"min": 89315.453125, "max": 1083730.875}, "unep-coral": {"min": 0.0, "max": 499999.25}, "unesco": {"min": 65535.0, "max": 500000.0}, "unesco-ramsar": {"min": 65535.0, "max": 65535.0}, "wwf-glw-1": {"min": 65535.0, "max": 500000.0}, "wwf-glw-2": {"min": 0.0, "max": 500000.0}, "jrc-gsw": {"min": 0.0, "max": 1.0}, "pp-marine-protected": {"min": 0.0, "max": 0.0}, "unep-tidal": {"min": 0.0, "max": 1.0}, "wwf-glw-3": {"min": 4.0, "max": 255.0}, "gsa-pvout": {"min": 4.12530517578125, "max": 5.533576488494873}, "gsa-ghi": {"min": 5.2873053550720215, "max": 6.802525997161865}, "gsa-gti": {"min": 5.333305358886719, "max": 6.998735427856445}, "gsa-temp": {"min": 17.581932067871094, "max": 30.100000381469727}, "gwa-iec1": {"min": 0.03759769722819328, "max": 0.76345294713974}, "gwa-iec2": {"min": 0.04653959721326828, "max": 0.8190847039222717}, "gwa-iec3": {"min": 0.05311170220375061, "max": 0.8511996269226074}, "gwa-power-10": {"min": 5.7673468589782715, "max": 5780.86962890625}, "gwa-speed-10": {"min": 0.8779857754707336, "max": 11.331374168395996}, "gwa-power-50": {"min": 11.341662406921387, "max": 4855.01904296875}, "gwa-speed-50": {"min": 1.3599821329116821, "max": 13.151230812072754}, "gwa-power-100": {"min": 37.392696380615234, "max": 4647.75}, "gwa-speed-100": {"min": 2.2976186275482178, "max": 13.543810844421387}, "gwa-power-150": {"min": 46.164398193359375, "max": 4633.71826171875}, "gwa-speed-150": {"min": 2.4451775550842285, "max": 14.116010665893555}, "gwa-power-200": {"min": 50.595497131347656, "max": 4438.20751953125}, "gwa-speed-200": {"min": 2.4804821014404297, "max": 14.61019515991211}, "gebco": {"min": -229.0, "max": 2364.0}, "srtm90": {"min": -1.0, "max": 2365.0}, "waterbodies": {"min": 0.0, "max": 2.0}, "gwa-enercon-e44-50": {"min": 0.004742524586617947, "max": 0.5011559724807739}, "gwa-enercon-e48-50": {"min": 0.006192618981003761, "max": 0.5649540424346924}, "gwa-enercon-e53-50": {"min": 0.00902478490024805, "max": 0.6226993203163147}, "gwa-offshore-dtu-10mw-119": {"min": 0.02521771565079689, "max": 0.7441314458847046}, "gwa-offshore-iea-15mw-150": {"min": 0.03987985476851463, "max": 0.8228866457939148}, "gwa-offshore-leanwind-8mw-110": {"min": 0.0245379526168108, "max": 0.7503864169120789}, "gwa-vestas-v100-mode0-100": {"min": 0.037132736295461655, "max": 0.8479462265968323}, "gwa-vestas-v100-mode0-120": {"min": 0.046017516404390335, "max": 0.8613681793212891}, "gwa-vestas-v100-mode0-150": {"min": 0.05322382599115372, "max": 0.8762211799621582}, "gwa-vestas-v100-mode0-80": {"min": 0.02496773935854435, "max": 0.8214287161827087}, "gwa-vestas-v110-mode0-100": {"min": 0.04435274377465248, "max": 0.8795067071914673}, "gwa-vestas-v110-mode0-120": {"min": 0.05493153631687164, "max": 0.8897100687026978}, "gwa-vestas-v110-mode0-150": {"min": 0.06369154155254364, "max": 0.9019496440887451}, "gwa-vestas-v110-mode0-80": {"min": 0.029928263276815414, "max": 0.856092631816864}, "gwa-vestas-v112-mode0-100": {"min": 0.02609238773584366, "max": 0.7622352242469788}, "gwa-vestas-v112-mode0-120": {"min": 0.03229186311364174, "max": 0.7832999229431152}, "gwa-vestas-v112-mode0-150": {"min": 0.037129539996385574, "max": 0.8039312958717346}, "gwa-vestas-v112-mode0-80": {"min": 0.0175059475004673, "max": 0.7289667725563049}, "gwa-vestas-v120-mode0-100": {"min": 0.0469956174492836, "max": 0.8887067437171936}, "gwa-vestas-v120-mode0-120": {"min": 0.05825675278902054, "max": 0.8951159715652466}, "gwa-vestas-v120-mode0-150": {"min": 0.06763989478349686, "max": 0.9039202928543091}, "gwa-vestas-v120-mode0-80": {"min": 0.03169025853276253, "max": 0.8670578598976135}, "gwa-vestas-v126-mode0-100": {"min": 0.03308776021003723, "max": 0.8178350329399109}, "gwa-vestas-v126-mode0-120": {"min": 0.040943559259176254, "max": 0.8341528177261353}, "gwa-vestas-v126-mode0-150": {"min": 0.04726435989141464, "max": 0.8512616753578186}, "gwa-vestas-v126-mode0-80": {"min": 0.022276952862739563, "max": 0.7888842821121216}, "gwa-vestas-v136-mode0-100": {"min": 0.03829960897564888, "max": 0.8501128554344177}, "gwa-vestas-v136-mode0-120": {"min": 0.047428496181964874, "max": 0.8633394241333008}, "gwa-vestas-v136-mode0-150": {"min": 0.0548684224486351, "max": 0.8779698014259338}, "gwa-vestas-v136-mode0-80": {"min": 0.025806577876210213, "max": 0.8238998055458069}, "air-density": {"min": 0.9162175059318542, "max": 1.1522256135940552}, "lcoe": {"gwa-vestas-v136-mode0-100": {"lg": {"min": 44.88723373413086, "max": 911.5487060546875}, "li": {"min": 1.7592741250991821, "max": 120.05201721191406}, "lr": {"min": 0.0, "max": 1.0932787656784058}, "total": {"min": 47.26506042480469, "max": 1031.75439453125}}, "gwa-vestas-v112-mode0-80": {"lg": {"min": 51.682228088378906, "max": 1989.5400390625}, "li": {"min": 2.170673370361328, "max": 293.6844787597656}, "lr": {"min": 0.0, "max": 1.970063328742981}, "total": {"min": 54.429054260253906, "max": 2252.526611328125}}, "gwa-offshore-leanwind-8mw-110": {"lg": {"min": 50.32115173339844, "max": 1420.5306396484375}, "li": {"min": 2.0990700721740723, "max": 187.38096618652344}, "lr": {"min": 0.0, "max": 1.6115506887435913}, "total": {"min": 52.98957061767578, "max": 1608.1514892578125}}, "gwa-vestas-v110-mode0-100": {"lg": {"min": 43.52074432373047, "max": 787.6890258789062}, "li": {"min": 1.6592036485671997, "max": 103.66765594482422}, "lr": {"min": 0.0, "max": 0.9571241140365601}, "total": {"min": 45.840457916259766, "max": 891.4893798828125}}, "gwa-vestas-v100-mode0-150": {"lg": {"min": 43.66893768310547, "max": 657.067626953125}, "li": {"min": 1.6646784543991089, "max": 86.38884735107422}, "lr": {"min": 0.0, "max": 0.8939637541770935}, "total": {"min": 45.99919891357422, "max": 743.5670776367188}}, "gwa-vestas-v136-mode0-120": {"lg": {"min": 44.260833740234375, "max": 736.8665771484375}, "li": {"min": 1.7138848304748535, "max": 96.94477844238281}, "lr": {"min": 0.0, "max": 0.9566656351089478}, "total": {"min": 46.601802825927734, "max": 833.9354248046875}}, "gwa-vestas-v120-mode0-80": {"lg": {"min": 44.088165283203125, "max": 1100.827880859375}, "li": {"min": 1.7057617902755737, "max": 157.84185791015625}, "lr": {"min": 0.0, "max": 1.1198920011520386}, "total": {"min": 46.405704498291016, "max": 1246.103759765625}}, "gwa-vestas-v120-mode0-150": {"lg": {"min": 42.45334243774414, "max": 517.8795776367188}, "li": {"min": 1.5540095567703247, "max": 67.97682189941406}, "lr": {"min": 0.0, "max": 0.8049893379211426}, "total": {"min": 44.712196350097656, "max": 585.943359375}}, "gwa-vestas-v110-mode0-150": {"lg": {"min": 42.53736114501953, "max": 549.7359008789062}, "li": {"min": 1.5712623596191406, "max": 72.19082641601562}, "lr": {"min": 0.0, "max": 0.8206185698509216}, "total": {"min": 44.801151275634766, "max": 622.0191650390625}}, "gwa-offshore-iea-15mw-150": {"lg": {"min": 46.24003601074219, "max": 875.5869750976562}, "li": {"min": 1.8811556100845337, "max": 115.29493713378906}, "lr": {"min": 0.0, "max": 1.0823593139648438}, "total": {"min": 48.72132873535156, "max": 991.0294799804688}}, "gwa-vestas-v100-mode0-120": {"lg": {"min": 44.352962493896484, "max": 759.337646484375}, "li": {"min": 1.7182360887527466, "max": 99.91728973388672}, "lr": {"min": 0.0, "max": 0.9673364162445068}, "total": {"min": 46.69771957397461, "max": 859.3828125}}, "gwa-enercon-e48-50": {"lg": {"min": 65.52493286132812, "max": 5616.93408203125}, "li": {"min": 2.6535823345184326, "max": 692.437255859375}, "lr": {"min": 0.0, "max": 8.499917984008789}, "total": {"min": 69.56212615966797, "max": 6317.87109375}}, "gwa-vestas-v126-mode0-120": {"lg": {"min": 45.669532775878906, "max": 852.943359375},