{"worldpop":{"min":-3.4028234663852886e+38,"max":10659.140625},"slope":{"min":0.0,"max":44.14265441894531},"land-cover":{"min":10.0,"max":210.0},"airports":{"min":500.0,"max":499995.25},"ports":{"min":500.0,"max":499999.25},"anchorages":{"min":0.0,"max":500000.0},"grid":{"min":0.0,"max":500000.0},"roads":{"min":0.0,"max":394320.9375},"pp-whs":{"min":6946.2216796875,"max":1167672.625},"unep-coral":{"min":0.0,"max":500000.0},"unesco":{"min":65535.0,"max":500000.0},"unesco-ramsar":{"min":65535.0,"max":65535.0},"wwf-glw-1":{"min":65535.0,"max":500000.0},"wwf-glw-2":{"min":0.0,"max":500000.0},"jrc-gsw":{"min":0.0,"max":255.0},"pp-marine-protected":{"min":0.0,"max":0.0},"unep-tidal":{"min":0.0,"max":1.0},"wwf-glw-3":{"min":4.0,"max":255.0},"gsa-pvout":{"min":4.166999816894531,"max":5.533576488494873},"gsa-ghi":{"min":5.3930768966674805,"max":6.798242568969727},"gsa-gti":{"min":5.3930768966674805,"max":6.999648094177246},"gsa-temp":{"min":17.573421478271484,"max":30.100000381469727},"gwa-iec1":{"min":0.027675023302435875,"max":0.763149082660675},"gwa-iec2":{"min":0.034977346658706665,"max":0.8183199167251587},"gwa-iec3":{"min":0.040353599935770035,"max":0.850225031375885},"gwa-power-10":{"min":-999.0,"max":4566.71630859375},"gwa-speed-10":{"min":0.11994098126888,"max":12.817350387573242},"gwa-power-50":{"min":-999.0,"max":4855.01904296875},"gwa-speed-50":{"min":0.18117314577103,"max":13.21259880065918},"gwa-power-100":{"min":-999.0,"max":4647.75},"gwa-speed-100":{"min":3.967345952987671,"max":11.084327697753906},"gwa-power-150":{"min":-999.0,"max":4633.71826171875},"gwa-speed-150":{"min":0.28240531682968,"max":14.116010665893555},"gwa-power-200":{"min":-999.0,"max":4438.20751953125},"gwa-speed-200":{"min":0.29232773184776,"max":14.61019515991211},"gebco":{"min":-5301.0,"max":2364.0},"srtm90":{"min":-3.0,"max":2350.0},"waterbodies":{"min":0.0,"max":2.0},"gwa-enercon-e44-50":{"min":0.0024785965215414762,"max":0.4910553991794586},"gwa-enercon-e48-50":{"min":0.003128614742308855,"max":0.5607369542121887},"gwa-enercon-e53-50":{"min":0.005149799399077892,"max":0.6226993203163147},"gwa-offshore-dtu-10mw-119":{"min":0.025434954091906548,"max":0.7441314458847046},"gwa-offshore-iea-15mw-150":{"min":0.03854769468307495,"max":0.8172858357429504},"gwa-offshore-leanwind-8mw-110":{"min":0.024934880435466766,"max":0.7503864169120789},"gwa-vestas-v100-mode0-100":{"min":0.037540413439273834,"max":0.8475740551948547},"gwa-vestas-v100-mode0-120":{"min":0.046090010553598404,"max":0.8609617352485657},"gwa-vestas-v100-mode0-150":{"min":0.05151285231113434,"max":0.8734896779060364},"gwa-vestas-v100-mode0-80":{"min":0.024466555565595627,"max":0.8214287161827087},"gwa-vestas-v110-mode0-100":{"min":0.04481101781129837,"max":0.8786019086837769},"gwa-vestas-v110-mode0-120":{"min":0.054918911308050156,"max":0.8890621066093445},"gwa-vestas-v110-mode0-150":{"min":0.06166345998644829,"max":0.9005666375160217},"gwa-vestas-v110-mode0-80":{"min":0.029499711468815804,"max":0.856092631816864},"gwa-vestas-v112-mode0-100":{"min":0.026336340233683586,"max":0.7622352242469788},"gwa-vestas-v112-mode0-120":{"min":0.03238825127482414,"max":0.7832999229431152},"gwa-vestas-v112-mode0-150":{"min":0.03587925061583519,"max":0.7998568415641785},"gwa-vestas-v112-mode0-80":{"min":0.01690950244665146,"max":0.7289667725563049},"gwa-vestas-v120-mode0-100":{"min":0.04751858487725258,"max":0.8869981169700623},"gwa-vestas-v120-mode0-120":{"min":0.058247946202754974,"max":0.8936980962753296},"gwa-vestas-v120-mode0-150":{"min":0.06550904363393784,"max":0.9059212803840637},"gwa-vestas-v120-mode0-80":{"min":0.031333085149526596,"max":0.8668906092643738},"gwa-vestas-v126-mode0-100":{"min":0.03341709449887276,"max":0.8178350329399109},"gwa-vestas-v126-mode0-120":{"min":0.041007526218891144,"max":0.8339860439300537},"gwa-vestas-v126-mode0-150":{"min":0.04571899399161339,"max":0.8470231294631958},"gwa-vestas-v126-mode0-80":{"min":0.021734468638896942,"max":0.7888842821121216},"gwa-vestas-v136-mode0-100":{"min":0.038696613162755966,"max":0.8496718406677246},"gwa-vestas-v136-mode0-120":{"min":0.0474679060280323,"max":0.8629002571105957},"gwa-vestas-v136-mode0-150":{"min":0.05310289189219475,"max":0.8752550482749939},"gwa-vestas-v136-mode0-80":{"min":0.025312358513474464,"max":0.8238998055458069},"air-density":{"min":0.9162175059318542,"max":1.1532046794891357}}