{"worldpop": {"min": -3.4028234663852886e+38, "max": 358.9062194824219}, "slope": {"min": 0.11235729604959488, "max": 10.136032104492188}, "land-cover": {"min": 73.9395751953125, "max": 210.0}, "airports": {"min": 707.1067504882812, "max": 37316.21484375}, "ports": {"min": 38503.24609375, "max": 56462.375}, "anchorages": {"min": 0.0, "max": 20500.0}, "grid": {"min": 0.0, "max": 10547.5107421875}, "roads": {"min": 84340.0859375, "max": 109293.1796875}, "pp-whs": {"min": 224513.359375, "max": 261155.609375}, "unep-coral": {"min": 65535.0, "max": 65535.0}, "unesco": {"min": 239942.703125, "max": 276470.625}, "unesco-ramsar": {"min": 65535.0, "max": 65535.0}, "wwf-glw-1": {"min": 79945.296875, "max": 105291.2578125}, "wwf-glw-2": {"min": 0.0, "max": 30417.923828125}, "jrc-gsw": {"min": 0.0, "max": 1.0}, "pp-marine-protected": {"min": 0.0, "max": 1.0}, "unep-tidal": {"min": 0.0, "max": 1.0}, "wwf-glw-3": {"min": 1.0, "max": 255.0}, "gsa-pvout": {"min": 2.9959301948547363, "max": 3.133223533630371}, "gsa-ghi": {"min": 3.096656322479248, "max": 3.168705701828003}, "gsa-gti": {"min": 3.4723873138427734, "max": 3.6345460414886475}, "gsa-temp": {"min": 5.45847749710083, "max": 6.099999904632568}, "gwa-iec1": {"min": 0.5051087141036987, "max": 0.6674042344093323}, "gwa-iec2": {"min": 0.5544261932373047, "max": 0.6910566091537476}, "gwa-iec3": {"min": 0.5889695286750793, "max": 0.7166277170181274}, "gwa-power-10": {"min": 47.728736877441406, "max": 688.4172973632812}, "gwa-speed-10": {"min": 3.1186282634735107, "max": 8.235859870910645}, "gwa-power-50": {"min": 374.7808532714844, "max": 1209.1834716796875}, "gwa-speed-50": {"min": 6.66536283493042, "max": 10.10706615447998}, "gwa-power-100": {"min": 727.393798828125, "max": 1540.79736328125}, "gwa-speed-100": {"min": 8.658647537231445, "max": 11.311997413635254}, "gwa-power-150": {"min": 1028.1348876953125, "max": 1856.2822265625}, "gwa-speed-150": {"min": 9.867095947265625, "max": 12.123824119567871}, "gwa-power-200": {"min": 1303.116943359375, "max": 2136.197265625}, "gwa-speed-200": {"min": 10.598233222961426, "max": 12.533876419067383}, "gebco": {"min": -25.0, "max": 177.0}, "srtm90": {"min": 1.0, "max": 182.0}, "waterbodies": {"min": 0.0, "max": 1.0}, "gwa-enercon-e44-50": {"min": 0.23618590831756592, "max": 0.4904581606388092}, "gwa-enercon-e48-50": {"min": 0.2891794741153717, "max": 0.5561347007751465}, "gwa-enercon-e53-50": {"min": 0.32997238636016846, "max": 0.5962989926338196}, "gwa-offshore-dtu-10mw-119": {"min": 0.5120720863342285, "max": 0.6591200828552246}, "gwa-offshore-iea-15mw-150": {"min": 0.6135257482528687, "max": 0.7149680852890015}, "gwa-offshore-leanwind-8mw-110": {"min": 0.4976643919944763, "max": 0.6560171842575073}, "gwa-vestas-v100-mode0-100": {"min": 0.5780166387557983, "max": 0.7063157558441162}, "gwa-vestas-v100-mode0-120": {"min": 0.6174129843711853, "max": 0.7176365256309509}, "gwa-vestas-v100-mode0-150": {"min": 0.6586086750030518, "max": 0.7251119017601013}, "gwa-vestas-v100-mode0-80": {"min": 0.5304428339004517, "max": 0.6892519593238831}, "gwa-vestas-v110-mode0-100": {"min": 0.614982008934021, "max": 0.7277891039848328}, "gwa-vestas-v110-mode0-120": {"min": 0.6524628400802612, "max": 0.7381715774536133}, "gwa-vestas-v110-mode0-150": {"min": 0.6899315118789673, "max": 0.7461637258529663}, "gwa-vestas-v110-mode0-80": {"min": 0.5685649514198303, "max": 0.7120015025138855}, "gwa-vestas-v112-mode0-100": {"min": 0.5036518573760986, "max": 0.6697422862052917}, "gwa-vestas-v112-mode0-120": {"min": 0.5458396077156067, "max": 0.685910165309906}, "gwa-vestas-v112-mode0-150": {"min": 0.5945909023284912, "max": 0.6996971964836121}, "gwa-vestas-v112-mode0-80": {"min": 0.45535585284233093, "max": 0.6501386165618896}, "gwa-vestas-v120-mode0-100": {"min": 0.6206709742546082, "max": 0.7057538032531738}, "gwa-vestas-v120-mode0-120": {"min": 0.6542760133743286, "max": 0.7171065211296082}, "gwa-vestas-v120-mode0-150": {"min": 0.6834487915039062, "max": 0.7216457724571228}, "gwa-vestas-v120-mode0-80": {"min": 0.5771441459655762, "max": 0.6885864734649658}, "gwa-vestas-v126-mode0-100": {"min": 0.5516393184661865, "max": 0.6908769607543945}, "gwa-vestas-v126-mode0-120": {"min": 0.5920274257659912, "max": 0.7034919857978821}, "gwa-vestas-v126-mode0-150": {"min": 0.6356481313705444, "max": 0.7105008363723755}, "gwa-vestas-v126-mode0-80": {"min": 0.5037241578102112, "max": 0.6730419397354126}, "gwa-vestas-v136-mode0-100": {"min": 0.5848132371902466, "max": 0.7162138819694519}, "gwa-vestas-v136-mode0-120": {"min": 0.62434321641922, "max": 0.7279847860336304}, "gwa-vestas-v136-mode0-150": {"min": 0.6660134792327881, "max": 0.7351338267326355}, "gwa-vestas-v136-mode0-80": {"min": 0.5371577739715576, "max": 0.6989839673042297}, "air-density": {"min": 1.2248749732971191, "max": 1.2458114624023438}, "lcoe": {"gwa-vestas-v136-mode0-100": {"lg": {"min": 52.531253814697266, "max": 63.43565368652344}, "li": {"min": 1.473639965057373, "max": 2.004720687866211}, "lr": {"min": 1.5045527219772339, "max": 1.999138593673706}, "total": {"min": 55.676815032958984, "max": 67.16522979736328}}, "gwa-vestas-v112-mode0-80": {"lg": {"min": 57.4636116027832, "max": 80.33318328857422}, "li": {"min": 1.640791893005371, "max": 2.5746614933013916}, "lr": {"min": 1.678804874420166, "max": 2.3824663162231445}, "total": {"min": 60.92886734008789, "max": 85.12307739257812}}, "gwa-offshore-leanwind-8mw-110": {"lg": {"min": 56.98452377319336, "max": 73.8437728881836}, "li": {"min": 1.6163803339004517, "max": 2.355778694152832}, "lr": {"min": 1.7073396444320679, "max": 2.3143041133880615}, "total": {"min": 60.418724060058594, "max": 78.22645568847656}}, "gwa-vestas-v110-mode0-100": {"lg": {"min": 51.75938415527344, "max": 60.51996612548828}, "li": {"min": 1.4382729530334473, "max": 1.9076305627822876}, "lr": {"min": 1.4546266794204712, "max": 1.921241044998169}, "total": {"min": 54.854915618896484, "max": 64.06658172607422}}, "gwa-vestas-v100-mode0-150": {"lg": {"min": 51.93571472167969, "max": 56.77604293823242}, "li": {"min": 1.42237389087677, "max": 1.7921735048294067}, "lr": {"min": 1.4394465684890747, "max": 1.8835866451263428}, "total": {"min": 55.03067398071289, "max": 60.087730407714844}}, "gwa-vestas-v136-mode0-120": {"lg": {"min": 51.74654769897461, "max": 59.672515869140625}, "li": {"min": 1.4333834648132324, "max": 1.8810049295425415}, "lr": {"min": 1.4665441513061523, "max": 1.9273269176483154}, "total": {"min": 54.84124755859375, "max": 63.16595458984375}}, "gwa-vestas-v120-mode0-80": {"lg": {"min": 54.47842025756836, "max": 64.22543334960938}, "li": {"min": 1.507868766784668, "max": 2.0313591957092285}, "lr": {"min": 1.5096051692962646, "max": 1.9919201135635376}, "total": {"min": 57.757110595703125, "max": 68.00456237792969}}, "gwa-vestas-v120-mode0-150": {"lg": {"min": 52.165958404541016, "max": 54.857887268066406}, "li": {"min": 1.4288374185562134, "max": 1.7351582050323486}, "lr": {"min": 1.4318979978561401, "max": 1.8568429946899414}, "total": {"min": 55.291259765625, "max": 58.061954498291016}}, "gwa-vestas-v110-mode0-150": {"lg": {"min": 50.58328628540039, "max": 54.3800163269043}, "li": {"min": 1.3818347454071045, "max": 1.7140874862670898}, "lr": {"min": 1.3944114446640015, "max": 1.811734914779663}, "total": {"min": 53.6192626953125, "max": 57.541351318359375}}, "gwa-offshore-iea-15mw-150": {"lg": {"min": 52.615821838378906, "max": 60.65412139892578}, "li": {"min": 1.4598069190979004, "max": 1.9144099950790405}, "lr": {"min": 1.4922245740890503, "max": 1.9834811687469482}, "total": {"min": 55.76686477661133, "max": 64.20915222167969}}, "gwa-vestas-v100-mode0-120": {"lg": {"min": 52.43505096435547, "max": 60.297420501708984}, "li": {"min": 1.4509977102279663, "max": 1.9022269248962402}, "lr": {"min": 1.4839383363723755, "max": 1.9497325420379639}, "total": {"min": 55.574378967285156, "max": 63.83007049560547}}, "gwa-enercon-e48-50": {"lg": {"min": 66.50061798095703, "max": 124.19788360595703},