{"worldpop": {"min": -3.4028234663852886e+38, "max": 358.9062194824219}, "slope": {"min": 0.0, "max": 29.684282302856445}, "land-cover": {"min": 73.9395751953125, "max": 210.0}, "airports": {"min": 0.0, "max": 303761.84375}, "ports": {"min": 21691.01171875, "max": 334308.625}, "anchorages": {"min": 0.0, "max": 305258.09375}, "grid": {"min": 0.0, "max": 303422.15625}, "roads": {"min": 67885.9296875, "max": 379150.6875}, "pp-whs": {"min": 200380.890625, "max": 423246.09375}, "unep-coral": {"min": 65535.0, "max": 65535.0}, "unesco": {"min": 215792.140625, "max": 423708.03125}, "unesco-ramsar": {"min": 65535.0, "max": 65535.0}, "wwf-glw-1": {"min": 60827.625, "max": 406623.28125}, "wwf-glw-2": {"min": 0.0, "max": 323445.53125}, "jrc-gsw": {"min": 0.0, "max": 255.0}, "pp-marine-protected": {"min": 0.0, "max": 1.0}, "unep-tidal": {"min": 0.0, "max": 1.0}, "wwf-glw-3": {"min": 1.0, "max": 255.0}, "gsa-pvout": {"min": 2.9959301948547363, "max": 3.1630001068115234}, "gsa-ghi": {"min": 3.096656322479248, "max": 3.168705701828003}, "gsa-gti": {"min": 3.4723873138427734, "max": 3.6600000858306885}, "gsa-temp": {"min": 5.45847749710083, "max": 10.399999618530273}, "gwa-iec1": {"min": 0.5051087141036987, "max": 0.6727911233901978}, "gwa-iec2": {"min": 0.5544261932373047, "max": 0.7006831765174866}, "gwa-iec3": {"min": 0.5889695286750793, "max": 0.7266572713851929}, "gwa-power-10": {"min": 47.728736877441406, "max": 1047.4674072265625}, "gwa-speed-10": {"min": 3.1186282634735107, "max": 8.893784523010254}, "gwa-power-50": {"min": 374.7808532714844, "max": 1552.7989501953125}, "gwa-speed-50": {"min": 6.66536283493042, "max": 10.778011322021484}, "gwa-power-100": {"min": 727.393798828125, "max": 1642.8599853515625}, "gwa-speed-100": {"min": 8.658647537231445, "max": 11.364614486694336}, "gwa-power-150": {"min": 1028.1348876953125, "max": 1856.2822265625}, "gwa-speed-150": {"min": 9.867095947265625, "max": 12.123824119567871}, "gwa-power-200": {"min": 1303.116943359375, "max": 2136.197265625}, "gwa-speed-200": {"min": 10.598233222961426, "max": 12.533876419067383}, "gebco": {"min": -3839.0, "max": 177.0}, "srtm90": {"min": 1.0, "max": 182.0}, "waterbodies": {"min": 0.0, "max": 1.0}, "gwa-enercon-e44-50": {"min": 0.23618590831756592, "max": 0.5132943391799927}, "gwa-enercon-e48-50": {"min": 0.2891794741153717, "max": 0.5820261240005493}, "gwa-enercon-e53-50": {"min": 0.32997238636016846, "max": 0.6231966018676758}, "gwa-offshore-dtu-10mw-119": {"min": 0.5120720863342285, "max": 0.6591200828552246}, "gwa-offshore-iea-15mw-150": {"min": 0.6135257482528687, "max": 0.7149680852890015}, "gwa-offshore-leanwind-8mw-110": {"min": 0.4976643919944763, "max": 0.6560171842575073}, "gwa-vestas-v100-mode0-100": {"min": 0.5780166387557983, "max": 0.7123420834541321}, "gwa-vestas-v100-mode0-120": {"min": 0.6174129843711853, "max": 0.7176365256309509}, "gwa-vestas-v100-mode0-150": {"min": 0.649121105670929, "max": 0.7251119017601013}, "gwa-vestas-v100-mode0-80": {"min": 0.5304428339004517, "max": 0.7030576467514038}, "gwa-vestas-v110-mode0-100": {"min": 0.614982008934021, "max": 0.7354393601417542}, "gwa-vestas-v110-mode0-120": {"min": 0.6524628400802612, "max": 0.7381715774536133}, "gwa-vestas-v110-mode0-150": {"min": 0.6741666197776794, "max": 0.7461637258529663}, "gwa-vestas-v110-mode0-80": {"min": 0.5685649514198303, "max": 0.7273980379104614}, "gwa-vestas-v112-mode0-100": {"min": 0.5036518573760986, "max": 0.6698172092437744}, "gwa-vestas-v112-mode0-120": {"min": 0.5458396077156067, "max": 0.685910165309906}, "gwa-vestas-v112-mode0-150": {"min": 0.5945909023284912, "max": 0.6996971964836121}, "gwa-vestas-v112-mode0-80": {"min": 0.45535585284233093, "max": 0.6575443148612976}, "gwa-vestas-v120-mode0-100": {"min": 0.6206709742546082, "max": 0.7131115198135376}, "gwa-vestas-v120-mode0-120": {"min": 0.6541575193405151, "max": 0.7171065211296082}, "gwa-vestas-v120-mode0-150": {"min": 0.6555789113044739, "max": 0.7216457724571228}, "gwa-vestas-v120-mode0-80": {"min": 0.5771441459655762, "max": 0.7068618535995483}, "gwa-vestas-v126-mode0-100": {"min": 0.5516393184661865, "max": 0.6956853866577148}, "gwa-vestas-v126-mode0-120": {"min": 0.5920274257659912, "max": 0.7034919857978821}, "gwa-vestas-v126-mode0-150": {"min": 0.6316636204719543, "max": 0.7105008363723755}, "gwa-vestas-v126-mode0-80": {"min": 0.5037241578102112, "max": 0.68552565574646}, "gwa-vestas-v136-mode0-100": {"min": 0.5848132371902466, "max": 0.7217986583709717}, "gwa-vestas-v136-mode0-120": {"min": 0.62434321641922, "max": 0.7279847860336304}, "gwa-vestas-v136-mode0-150": {"min": 0.6585351824760437, "max": 0.7351338267326355}, "gwa-vestas-v136-mode0-80": {"min": 0.5371577739715576, "max": 0.7122471332550049}, "air-density": {"min": 1.2248749732971191, "max": 1.2474651336669922}}