{"worldpop":{"min":-3.4028234663852886e+38,"max":10888.4248046875},"slope":{"min":0.0,"max":38.227821350097656},"land-cover":{"min":10.0,"max":210.0},"airports":{"min":0.0,"max":127989.2578125},"ports":{"min":112680.96875,"max":375949.46875},"anchorages":{"min":100623.0625,"max":387284.125},"grid":{"min":0.0,"max":14603.08203125},"roads":{"min":0.0,"max":15532.224609375},"pp-whs":{"min":16000.0,"max":249471.9375},"unep-coral":{"min":65535.0,"max":65535.0},"unesco":{"min":0.0,"max":193624.640625},"unesco-ramsar":{"min":0.0,"max":231871.1875},"wwf-glw-1":{"min":0.0,"max":227554.9375},"wwf-glw-2":{"min":0.0,"max":85091.125},"jrc-gsw":{"min":0.0,"max":1.0},"pp-marine-protected":{"min":0.0,"max":0.0},"unep-tidal":{"min":0.0,"max":0.0},"wwf-glw-3":{"min":1.0,"max":255.0},"gsa-pvout":{"min":2.535595655441284,"max":3.87503981590271},"gsa-ghi":{"min":2.891646146774292,"max":4.087806224822998},"gsa-gti":{"min":3.0940053462982178,"max":4.720727443695068},"gsa-temp":{"min":2.541015863418579,"max":13.481964111328125},"gwa-iec1":{"min":0.017288392409682274,"max":0.5539928674697876},"gwa-iec2":{"min":0.022238750010728836,"max":0.5792072415351868},"gwa-iec3":{"min":0.025826193392276764,"max":0.6070852875709534},"gwa-power-10":{"min":2.934438705444336,"max":3844.455322265625},"gwa-speed-10":{"min":0.6341542601585388,"max":9.270960807800293},"gwa-power-50":{"min":11.983308792114258,"max":1877.03466796875},"gwa-speed-50":{"min":1.2704583406448364,"max":9.675796508789062},"gwa-power-100":{"min":20.324546813964844,"max":1758.3577880859375},"gwa-speed-100":{"min":1.7323111295700073,"max":10.311765670776367},"gwa-power-150":{"min":32.42769241333008,"max":1915.1112060546875},"gwa-speed-150":{"min":2.1322970390319824,"max":10.810450553894043},"gwa-power-200":{"min":47.24637985229492,"max":1949.879150390625},"gwa-speed-200":{"min":2.493730306625366,"max":11.153375625610352},"gebco":{"min":34.0,"max":2061.0},"srtm90":{"min":33.0,"max":2064.0},"waterbodies":{"min":1.0,"max":2.0},"gwa-enercon-e44-50":{"min":0.00462785130366683,"max":0.4118265211582184},"gwa-enercon-e48-50":{"min":0.006165702361613512,"max":0.46950510144233704},"gwa-enercon-e53-50":{"min":0.009800206869840622,"max":0.5076131224632263},"gwa-offshore-dtu-10mw-119":{"min":0.01775224320590496,"max":0.5439746975898743},"gwa-offshore-iea-15mw-150":{"min":0.034661419689655304,"max":0.6058749556541443},"gwa-offshore-leanwind-8mw-110":{"min":0.016684945672750473,"max":0.5493044853210449},"gwa-vestas-v100-mode0-100":{"min":0.02619258500635624,"max":0.6074714064598083},"gwa-vestas-v100-mode0-120":{"min":0.03400218486785889,"max":0.6193814873695374},"gwa-vestas-v100-mode0-150":{"min":0.04557584971189499,"max":0.6362165808677673},"gwa-vestas-v100-mode0-80":{"min":0.019784793257713318,"max":0.5899009108543396},"gwa-vestas-v110-mode0-100":{"min":0.03150635585188866,"max":0.6389564871788025},"gwa-vestas-v110-mode0-120":{"min":0.0408085361123085,"max":0.6508657932281494},"gwa-vestas-v110-mode0-150":{"min":0.05421645566821098,"max":0.6737123131752014},"gwa-vestas-v110-mode0-80":{"min":0.023700730875134468,"max":0.6224930882453918},"gwa-vestas-v112-mode0-100":{"min":0.01821376010775566,"max":0.5617671608924866},"gwa-vestas-v112-mode0-120":{"min":0.02371111884713173,"max":0.5753809809684753},"gwa-vestas-v112-mode0-150":{"min":0.03224373981356621,"max":0.5910074710845947},"gwa-vestas-v112-mode0-80":{"min":0.013875615783035755,"max":0.543573796749115},"gwa-vestas-v120-mode0-100":{"min":0.03352845832705498,"max":0.6238760352134705},"gwa-vestas-v120-mode0-120":{"min":0.043427661061286926,"max":0.6364169120788574},"gwa-vestas-v120-mode0-150":{"min":0.057583436369895935,"max":0.6774711608886719},"gwa-vestas-v120-mode0-80":{"min":0.025178959593176842,"max":0.6076184511184692},"gwa-vestas-v126-mode0-100":{"min":0.023318573832511902,"max":0.5872216820716858},"gwa-vestas-v126-mode0-120":{"min":0.030264971777796745,"max":0.5995619297027588},"gwa-vestas-v126-mode0-150":{"min":0.0406976155936718,"max":0.6160678863525391},"gwa-vestas-v126-mode0-80":{"min":0.017663361504673958,"max":0.569514811038971},"gwa-vestas-v136-mode0-100":{"min":0.027113495394587517,"max":0.6155346035957336},"gwa-vestas-v136-mode0-120":{"min":0.035164110362529755,"max":0.6276389360427856},"gwa-vestas-v136-mode0-150":{"min":0.04701006039977074,"max":0.6442946195602417},"gwa-vestas-v136-mode0-80":{"min":0.020467713475227356,"max":0.5978271961212158},"air-density":{"min":0.9974521398544312,"max":1.219796895980835},"lcoe":{"gwa-vestas-v136-mode0-100":{"lg":{"min":60.46921920776367,"max":1285.97265625},"li":{"min":1.758003830909729,"max":38.24873733520508},"lr":{"min":0.0,"max":4.79792594909668},"total":{"min":62.23678207397461,"max":1325.3902587890625}},"gwa-vestas-v112-mode0-80":{"lg":{"min":67.94487762451172,"max":2509.0244140625},"li":{"min":1.990736484527588,"max":74.7395248413086},"lr":{"min":0.0,"max":8.817461013793945},"total":{"min":69.94644165039062,"max":2586.0478515625}},"gwa-offshore-leanwind-8mw-110":{"lg":{"min":67.27777099609375,"max":2087.240966796875},"li":{"min":1.9699678421020508,"max":62.15525436401367},"lr":{"min":0.0,"max":7.3437042236328125},"total":{"min":69.25845336914062,"max":2151.295654296875}},"gwa-vestas-v110-mode0-100":{"lg":{"min":58.39925765991211,"max":1107.2301025390625},"li":{"min":1.6935615539550781,"max":32.915802001953125},"lr":{"min":0.0,"max":4.194090843200684},"total":{"min":60.102027893066406,"max":1141.1517333984375}},"gwa-vestas-v100-mode0-150":{"lg":{"min":58.63353729248047,"max":766.657470703125},"li":{"min":1.644789218902588,"max":23.178802490234375},"lr":{"min":0.0,"max":3.173497200012207},"total":{"min":60.29864501953125,"max":790.6630859375}},"gwa-vestas-v136-mode0-120":{"lg":{"min":59.38018798828125,"max":992.47265625},"li":{"min":1.7240999937057495,"max":29.756193161010742},"lr":{"min":0.0,"max":3.972344398498535},"total":{"min":61.11366271972656,"max":1022.8658447265625}},"gwa-vestas-v120-mode0-80":{"lg":{"min":61.20491409301758,"max":1384.4683837890625},"li":{"min":1.7802796363830566,"max":41.187442779541016},"lr":{"min":0.0,"max":4.882360935211182},"total":{"min":62.995506286621094,"max":1426.91455078125}},"gwa-vestas-v120-mode0-150":{"lg":{"min":55.30662536621094,"max":607.624267578125},"li":{"min":1.5443168878555298,"max":18.345441818237305},"lr":{"min":0.0,"max":2.584068775177002},"total":{"min":56.85962677001953,"max":626.6241455078125}},"gwa-vestas-v110-mode0-150":{"lg":{"min":55.5928840637207,"max":645.1109008789062},"li":{"min":1.5529332160949707,"max":19.484739303588867},"lr":{"min":0.0,"max":2.722243309020996},"total":{"min":57.1545524597168,"max":665.2906494140625}},"gwa-offshore-iea-15mw-150":{"lg":{"min":61.36952209472656,"max":1006.808349609375},"li":{"min":1.7915898561477661,"max":30.47750473022461},"lr":{"min":0.0,"max":4.049839973449707},"total":{"min":63.231475830078125,"max":1038.373046875}},"gwa-vestas-v100-mode0-120":{"lg":{"min":60.118499755859375,"max":1026.250732421875},"li":{"min":1.7470850944519043,"max":30.779394149780273},"lr":{"min":0.0,"max":4.083564758300781},"total":{"min":61.87508773803711,"max":1057.6824951171875}},"gwa-enercon-e48-50":{"lg":{"min":78.03276062011719,"max":5641.4375},"li":{"min":2.304793119430542,"max":167.2261505126953},"lr":{"min":0.0,"max":15.549077987670898},"total":{"min":80.35009002685547,"max":5809.38623046875}},"gwa-vestas-v126-mode0-120":{"lg":{"min":61.97359085083008,"max":1152.4814453125},"li":{"min":1.804837942123413,"max":34.6058349609375},"lr":{"min":0.0,"max":4.539376735687256},"total":{"min":63.78824234008789,"max":1187.79443359375}},"gwa-vestas-v110-mode0-80":{"lg":{"min":59.83798599243164,"max":1470.5692138671875},"li":{"min":1.7383521795272827,"max":43.75633239746094},"lr":{"min":0.0,"max":5.159579753875732},"total":{"min":61.585792541503906,"max":1515.6627197265625}},"gwa-iec3":{"lg":{"min":61.255149841308594,"max":1349.8724365234375},"li":{"min":1.7824714183807373,"max":40.903961181640625},"lr":{"min":0.0,"max":4.759270191192627},