{"worldpop": {"min": -3.4028234663852886e+38, "max": 6877.9814453125}, "slope": {"min": 0.4496939778327942, "max": 35.92573928833008}, "land-cover": {"min": 10.0, "max": 210.0}, "airports": {"min": 2061.552734375, "max": 180423.109375}, "ports": {"min": 0.0, "max": 46295.25}, "anchorages": {"min": 1414.2135009765625, "max": 181315.34375}, "grid": {"min": 0.0, "max": 179260.984375}, "roads": {"min": 0.0, "max": 8500.0}, "pp-whs": {"min": 430648.65625, "max": 468364.15625}, "unep-coral": {"min": 65535.0, "max": 65535.0}, "unesco": {"min": 468526.4375, "max": 495193.375}, "unesco-ramsar": {"min": 201323.75, "max": 252315.78125}, "wwf-glw-1": {"min": 304774.09375, "max": 371130.71875}, "wwf-glw-2": {"min": 209059.796875, "max": 269426.25}, "jrc-gsw": {"min": 0.0, "max": 1.0}, "pp-marine-protected": {"min": 0.0, "max": 1.0}, "unep-tidal": {"min": 0.0, "max": 0.0}, "wwf-glw-3": {"min": 255.0, "max": 255.0}, "gsa-pvout": {"min": 2.9559988975524902, "max": 4.042660713195801}, "gsa-ghi": {"min": 3.6503727436065674, "max": 5.072004318237305}, "gsa-gti": {"min": 3.6523830890655518, "max": 5.073012351989746}, "gsa-temp": {"min": 16.597383499145508, "max": 26.299999237060547}, "gwa-iec1": {"min": 0.0007736092666164041, "max": 0.24570158123970032}, "gwa-iec2": {"min": 0.0011718848254531622, "max": 0.29309573769569397}, "gwa-iec3": {"min": 0.001428958959877491, "max": 0.327918142080307}, "gwa-power-10": {"min": 0.45341336727142334, "max": 120.708984375}, "gwa-speed-10": {"min": 0.4514606297016144, "max": 4.150218963623047}, "gwa-power-50": {"min": 1.3640358448028564, "max": 170.218505859375}, "gwa-speed-50": {"min": 0.7301844954490662, "max": 5.391287803649902}, "gwa-power-100": {"min": 2.049604892730713, "max": 219.34695434570312}, "gwa-speed-100": {"min": 0.9182141423225403, "max": 6.146299839019775}, "gwa-power-150": {"min": 2.5382776260375977, "max": 230.82955932617188}, "gwa-speed-150": {"min": 1.0472444295883179, "max": 6.368111610412598}, "gwa-power-200": {"min": 3.1377694606781006, "max": 234.06527709960938}, "gwa-speed-200": {"min": 1.1426430940628052, "max": 6.471071720123291}, "gebco": {"min": -564.0, "max": 1777.0}, "srtm90": {"min": 11.0, "max": 1840.0}, "waterbodies": {"min": 0.0, "max": 1.0}, "gwa-enercon-e44-50": {"min": 0.00010061868670163676, "max": 0.18332050740718842}, "gwa-enercon-e48-50": {"min": 0.00014049993478693068, "max": 0.23157653212547302}, "gwa-enercon-e53-50": {"min": 0.0006755066569894552, "max": 0.27356210350990295}, "gwa-offshore-dtu-10mw-119": {"min": 0.00030083488672971725, "max": 0.2739960849285126}, "gwa-offshore-iea-15mw-150": {"min": 0.0009481247398070991, "max": 0.31574559211730957}, "gwa-offshore-leanwind-8mw-110": {"min": 0.00031741606653667986, "max": 0.2890191674232483}, "gwa-vestas-v100-mode0-100": {"min": 0.0009355070069432259, "max": 0.40866684913635254}, "gwa-vestas-v100-mode0-120": {"min": 0.0011819705832749605, "max": 0.4044080972671509}, "gwa-vestas-v100-mode0-150": {"min": 0.0013988884165883064, "max": 0.3898336887359619}, "gwa-vestas-v100-mode0-80": {"min": 0.000614820106420666, "max": 0.400978684425354}, "gwa-vestas-v110-mode0-100": {"min": 0.0012332620099186897, "max": 0.45633387565612793}, "gwa-vestas-v110-mode0-120": {"min": 0.001561980228871107, "max": 0.4521101415157318}, "gwa-vestas-v110-mode0-150": {"min": 0.0018581096082925797, "max": 0.43692007660865784}, "gwa-vestas-v110-mode0-80": {"min": 0.0008050754549913108, "max": 0.4476659297943115}, "gwa-vestas-v112-mode0-100": {"min": 0.0005613074754364789, "max": 0.3162205219268799}, "gwa-vestas-v112-mode0-120": {"min": 0.0007073278538882732, "max": 0.31210649013519287}, "gwa-vestas-v112-mode0-150": {"min": 0.000833027355838567, "max": 0.2994566261768341}, "gwa-vestas-v112-mode0-80": {"min": 0.000369666435290128, "max": 0.3108069896697998}, "gwa-vestas-v120-mode0-100": {"min": 0.0013081918004900217, "max": 0.4756152927875519}, "gwa-vestas-v120-mode0-120": {"min": 0.0016579882940277457, "max": 0.4714311957359314}, "gwa-vestas-v120-mode0-150": {"min": 0.001966994721442461, "max": 0.45603814721107483}, "gwa-vestas-v120-mode0-80": {"min": 0.0008555749082006514, "max": 0.4665141701698303}, "gwa-vestas-v126-mode0-100": {"min": 0.000833437021356076, "max": 0.3729957044124603}, "gwa-vestas-v126-mode0-120": {"min": 0.0010436252923682332, "max": 0.36872875690460205}, "gwa-vestas-v126-mode0-150": {"min": 0.0012472009984776378, "max": 0.3548222482204437}, "gwa-vestas-v126-mode0-80": {"min": 0.0005482311826199293, "max": 0.3662461042404175}, "gwa-vestas-v136-mode0-100": {"min": 0.0010123795364052057, "max": 0.4136909544467926}, "gwa-vestas-v136-mode0-120": {"min": 0.0012799444375559688, "max": 0.40941041707992554}, "gwa-vestas-v136-mode0-150": {"min": 0.0015176577726379037, "max": 0.39478519558906555}, "gwa-vestas-v136-mode0-80": {"min": 0.0006654815515503287, "max": 0.4059920012950897}, "air-density": {"min": 0.9809703230857849, "max": 1.1519784927368164}, "lcoe": {"gwa-vestas-v136-mode0-100": {"lg": {"min": 88.02108764648438, "max": 10000.0}, "li": {"min": 4.739846706390381, "max": 1066.219970703125}, "lr": {"min": 0.0, "max": 44.794776916503906}, "total": {"min": 96.40839385986328, "max": 10000.0}}, "gwa-vestas-v112-mode0-80": {"lg": {"min": 115.83390808105469, "max": 10000.0}, "li": {"min": 7.019235610961914, "max": 2919.98193359375}, "lr": {"min": 0.0, "max": 107.10746002197266}, "total": {"min": 126.99759674072266, "max": 10000.0}}, "gwa-offshore-leanwind-8mw-110": {"lg": {"min": 124.26455688476562, "max": 10000.0}, "li": {"min": 7.780364513397217, "max": 3400.644775390625}, "lr": {"min": 0.0, "max": 158.48147583007812}, "total": {"min": 136.2698211669922, "max": 10000.0}}, "gwa-vestas-v110-mode0-100": {"lg": {"min": 80.1695785522461, "max": 10000.0}, "li": {"min": 4.101282119750977, "max": 875.25537109375}, "lr": {"min": 0.0, "max": 36.7795295715332}, "total": {"min": 87.77311706542969, "max": 10000.0}}, "gwa-vestas-v100-mode0-150": {"lg": {"min": 93.16304016113281, "max": 10000.0}, "li": {"min": 4.362138271331787, "max": 771.6263427734375}, "lr": {"min": 0.0, "max": 36.281131744384766}, "total": {"min": 102.06363677978516, "max": 10000.0}}, "gwa-vestas-v136-mode0-120": {"lg": {"min": 88.89954376220703, "max": 10000.0}, "li": {"min": 4.4864420890808105, "max": 843.3328857421875}, "lr": {"min": 0.0, "max": 39.039146423339844}, "total": {"min": 97.37454223632812, "max": 10000.0}}, "gwa-vestas-v120-mode0-80": {"lg": {"min": 78.50740814208984, "max": 10000.0}, "li": {"min": 4.181336402893066, "max": 1261.63037109375}, "lr": {"min": 0.0, "max": 43.79488754272461}, "total": {"min": 85.94501495361328, "max": 10000.0}}, "gwa-vestas-v120-mode0-150": {"lg": {"min": 80.2189712524414, "max": 10000.0}, "li": {"min": 3.4867987632751465, "max": 548.7656860351562}, "lr": {"min": 0.0, "max": 25.946569442749023}, "total": {"min": 87.82743835449219, "max": 10000.0}}, "gwa-vestas-v110-mode0-150": {"lg": {"min": 83.55404663085938, "max": 10000.0}, "li": {"min": 3.7081096172332764, "max": 580.92333984375}, "lr": {"min": 0.0, "max": 27.51436996459961}, "total": {"min": 91.49542999267578, "max": 10000.0}}, "gwa-offshore-iea-15mw-150": {"lg": {"min": 114.08470916748047, "max": 10000.0}, "li": {"min": 5.745533466339111, "max": 1138.4781494140625}, "lr": {"min": 0.0, "max": 53.23107147216797}, "total": {"min": 125.07378387451172, "max": 10000.0}}, "gwa-vestas-v100-mode0-120": {"lg": {"min": 89.94972229003906, "max": 10000.0}, "li": {"min": 4.601865291595459, "max": 913.2369995117188}, "lr": {"min": 0.0, "max": 42.091556549072266}, "total": {"min": 98.52954864501953, "max": 10000.0}}, "gwa-enercon-e48-50": {"lg": {"min": 154.09622192382812, "max": 10000.0}, "li": {"min": 8.181486129760742, "max": 7381.19140625}, "lr": {"min": 0.0, "max": 453.06536865234375}, "total": {"min": 169.0793914794922, "max": 10000.0}}, "gwa-vestas-v126-mode0-120": {"lg": {"min": 98.2664794921875, "max": 10000.0}, "li": {"min": 5.199333667755127, "max": 1034.2978515625}, "lr": {"min": 0.0,