{"worldpop": {"min": -3.4028234663852886e+38, "max": 7965.01513671875}, "slope": {"min": 0.0, "max": 53.42909240722656}, "land-cover": {"min": 10.0, "max": 210.0}, "airports": {"min": 0.0, "max": 362398.25}, "ports": {"min": 0.0, "max": 363632.34375}, "anchorages": {"min": 0.0, "max": 352423.03125}, "grid": {"min": 0.0, "max": 348933.0}, "roads": {"min": 0.0, "max": 349560.4375}, "pp-whs": {"min": 312360.375, "max": 792004.0625}, "unep-coral": {"min": 65535.0, "max": 65535.0}, "unesco": {"min": 65535.0, "max": 500000.0}, "unesco-ramsar": {"min": 89810.9140625, "max": 441032.03125}, "wwf-glw-1": {"min": 65535.0, "max": 500000.0}, "wwf-glw-2": {"min": 65535.0, "max": 500000.0}, "jrc-gsw": {"min": 0.0, "max": 255.0}, "pp-marine-protected": {"min": 0.0, "max": 1.0}, "unep-tidal": {"min": 0.0, "max": 0.0}, "wwf-glw-3": {"min": 255.0, "max": 255.0}, "gsa-pvout": {"min": 2.9559988975524902, "max": 4.192999839782715}, "gsa-ghi": {"min": 3.6503727436065674, "max": 5.26800012588501}, "gsa-gti": {"min": 3.6523830890655518, "max": 5.270999908447266}, "gsa-temp": {"min": 16.597383499145508, "max": 26.5}, "gwa-iec1": {"min": 0.0005476929945871234, "max": 0.23800623416900635}, "gwa-iec2": {"min": 0.0008642617613077164, "max": 0.284982830286026}, "gwa-iec3": {"min": 0.0010616695508360863, "max": 0.3196742832660675}, "gwa-power-10": {"min": 0.45341336727142334, "max": 120.708984375}, "gwa-speed-10": {"min": 0.4514606297016144, "max": 4.301483154296875}, "gwa-power-50": {"min": 0.961037814617157, "max": 164.39710998535156}, "gwa-speed-50": {"min": 0.657486617565155, "max": 5.298757076263428}, "gwa-power-100": {"min": 1.9099539518356323, "max": 210.8557586669922}, "gwa-speed-100": {"min": 0.9182141423225403, "max": 6.073183059692383}, "gwa-power-150": {"min": 2.5382776260375977, "max": 230.82955932617188}, "gwa-speed-150": {"min": 1.0472444295883179, "max": 6.368111610412598}, "gwa-power-200": {"min": 3.1377694606781006, "max": 234.06527709960938}, "gwa-speed-200": {"min": 1.1426430940628052, "max": 6.471071720123291}, "gebco": {"min": -4358.0, "max": 1777.0}, "srtm90": {"min": 6.0, "max": 1840.0}, "waterbodies": {"min": 0.0, "max": 1.0}, "gwa-enercon-e44-50": {"min": 3.29101640090812e-05, "max": 0.14073693752288818}, "gwa-enercon-e48-50": {"min": 4.534359322860837e-05, "max": 0.1797504723072052}, "gwa-enercon-e53-50": {"min": 0.00017061957623809576, "max": 0.2166672945022583}, "gwa-offshore-dtu-10mw-119": {"min": 9.557550947647542e-05, "max": 0.24460124969482422}, "gwa-offshore-iea-15mw-150": {"min": 0.0005858003860339522, "max": 0.3072710931301117}, "gwa-offshore-leanwind-8mw-110": {"min": 9.637671610107645e-05, "max": 0.2519904673099518}, "gwa-vestas-v100-mode0-100": {"min": 0.0003862814628519118, "max": 0.3582560420036316}, "gwa-vestas-v100-mode0-120": {"min": 0.0005838981596753001, "max": 0.3725554943084717}, "gwa-vestas-v100-mode0-150": {"min": 0.0008780672214925289, "max": 0.3824406862258911}, "gwa-vestas-v100-mode0-80": {"min": 0.0001988892472581938, "max": 0.33618834614753723}, "gwa-vestas-v110-mode0-100": {"min": 0.0005208856309764087, "max": 0.40533745288848877}, "gwa-vestas-v110-mode0-120": {"min": 0.0007907143444754183, "max": 0.4202476441860199}, "gwa-vestas-v110-mode0-150": {"min": 0.0011899889213964343, "max": 0.4299665689468384}, "gwa-vestas-v110-mode0-80": {"min": 0.000267075898591429, "max": 0.3813888430595398}, "gwa-vestas-v112-mode0-100": {"min": 0.00022013728448655456, "max": 0.26992976665496826}, "gwa-vestas-v112-mode0-120": {"min": 0.0003338585083838552, "max": 0.2820689380168915}, "gwa-vestas-v112-mode0-150": {"min": 0.0005058704991824925, "max": 0.2913406193256378}, "gwa-vestas-v112-mode0-80": {"min": 0.00011274899588897824, "max": 0.25250160694122314}, "gwa-vestas-v120-mode0-100": {"min": 0.000554732047021389, "max": 0.42454585433006287}, "gwa-vestas-v120-mode0-120": {"min": 0.0008350672433152795, "max": 0.43965211510658264}, "gwa-vestas-v120-mode0-150": {"min": 0.0012532859109342098, "max": 0.44920817017555237}, "gwa-vestas-v120-mode0-80": {"min": 0.0002790293365251273, "max": 0.39984291791915894}, "gwa-vestas-v126-mode0-100": {"min": 0.0003480406303424388, "max": 0.3235918879508972}, "gwa-vestas-v126-mode0-120": {"min": 0.0005172198289074004, "max": 0.33703720569610596}, "gwa-vestas-v126-mode0-150": {"min": 0.0007883690414018929, "max": 0.34671589732170105}, "gwa-vestas-v126-mode0-80": {"min": 0.00017949681205209345, "max": 0.3033939003944397}, "gwa-vestas-v136-mode0-100": {"min": 0.00042745558312162757, "max": 0.3630645275115967}, "gwa-vestas-v136-mode0-120": {"min": 0.0006449545035138726, "max": 0.37729111313819885}, "gwa-vestas-v136-mode0-150": {"min": 0.0009660982177592814, "max": 0.3870367109775543}, "gwa-vestas-v136-mode0-80": {"min": 0.00022069021360948682, "max": 0.3409745693206787}, "air-density": {"min": 0.9809703230857849, "max": 1.1538268327713013}}