{"worldpop":{"min":-3.4028234663852886e+38,"max":6059.271484375},"slope":{"min":0.0,"max":27.462677001953125},"land-cover":{"min":10.0,"max":210.0},"airports":{"min":0.0,"max":466326.59375},"ports":{"min":0.0,"max":422595.84375},"anchorages":{"min":0.0,"max":499672.15625},"grid":{"min":0.0,"max":326243.0},"roads":{"min":0.0,"max":139707.734375},"pp-whs":{"min":0.0,"max":223683.921875},"unep-coral":{"min":65535.0,"max":65535.0},"unesco":{"min":0.0,"max":290107.71875},"unesco-ramsar":{"min":707.1067504882812,"max":499993.25},"wwf-glw-1":{"min":0.0,"max":277522.0625},"wwf-glw-2":{"min":0.0,"max":144516.4375},"jrc-gsw":{"min":0.0,"max":1.0},"pp-marine-protected":{"min":0.0,"max":0.0},"unep-tidal":{"min":0.0,"max":1.0},"wwf-glw-3":{"min":1.0,"max":255.0},"gsa-pvout":{"min":3.7385523319244385,"max":4.689004421234131},"gsa-ghi":{"min":4.669621467590332,"max":5.900616645812988},"gsa-gti":{"min":4.683272838592529,"max":5.92829704284668},"gsa-temp":{"min":20.255935668945312,"max":26.799999237060547},"gwa-iec1":{"min":0.004130000714212656,"max":0.5149663686752319},"gwa-iec2":{"min":0.006561929360032082,"max":0.5706206560134888},"gwa-iec3":{"min":0.008080320432782173,"max":0.6080675721168518},"gwa-power-10":{"min":0.2468559890985489,"max":548.5137329101562},"gwa-speed-10":{"min":0.48770660161972046,"max":7.334771633148193},"gwa-power-50":{"min":3.2939860820770264,"max":635.9297485351562},"gwa-speed-50":{"min":1.2373886108398438,"max":8.883785247802734},"gwa-power-100":{"min":8.618496894836426,"max":606.8489379882812},"gwa-speed-100":{"min":1.9827009439468384,"max":9.053970336914062},"gwa-power-150":{"min":18.30085563659668,"max":707.3807983398438},"gwa-speed-150":{"min":2.501629114151001,"max":9.54669189453125},"gwa-power-200":{"min":31.888973236083984,"max":803.4612426757812},"gwa-speed-200":{"min":2.9497036933898926,"max":9.956083297729492},"gebco":{"min":-13.0,"max":1101.0},"srtm90":{"min":-11.0,"max":1137.0},"waterbodies":{"min":0.0,"max":2.0},"gwa-enercon-e44-50":{"min":0.00020457901700865477,"max":0.3971070349216461},"gwa-enercon-e48-50":{"min":0.0002817589556798339,"max":0.46793943643569946},"gwa-enercon-e53-50":{"min":0.0009929277002811432,"max":0.515609860420227},"gwa-offshore-dtu-10mw-119":{"min":0.002565462375059724,"max":0.4878155291080475},"gwa-offshore-iea-15mw-150":{"min":0.014717829413712025,"max":0.5696082711219788},"gwa-offshore-leanwind-8mw-110":{"min":0.002050860784947872,"max":0.5021933317184448},"gwa-vestas-v100-mode0-100":{"min":0.005893995054066181,"max":0.6190760135650635},"gwa-vestas-v100-mode0-120":{"min":0.011063138954341412,"max":0.625220537185669},"gwa-vestas-v100-mode0-150":{"min":0.02143104001879692,"max":0.6429240107536316},"gwa-vestas-v100-mode0-80":{"min":0.0024937528651207685,"max":0.6181826591491699},"gwa-vestas-v110-mode0-100":{"min":0.007972919382154942,"max":0.6613507270812988},"gwa-vestas-v110-mode0-120":{"min":0.014603784307837486,"max":0.667465090751648},"gwa-vestas-v110-mode0-150":{"min":0.02776583842933178,"max":0.683611273765564},"gwa-vestas-v110-mode0-80":{"min":0.0034060575999319553,"max":0.6611871719360352},"gwa-vestas-v112-mode0-100":{"min":0.0034125156234949827,"max":0.5247530341148376},"gwa-vestas-v112-mode0-120":{"min":0.006614550482481718,"max":0.5304389595985413},"gwa-vestas-v112-mode0-150":{"min":0.013207705691456795,"max":0.551176905632019},"gwa-vestas-v112-mode0-80":{"min":0.001425888272933662,"max":0.5279625654220581},"gwa-vestas-v120-mode0-100":{"min":0.008433273062109947,"max":0.6732485294342041},"gwa-vestas-v120-mode0-120":{"min":0.01553028728812933,"max":0.679402232170105},"gwa-vestas-v120-mode0-150":{"min":0.02964763157069683,"max":0.6921234130859375},"gwa-vestas-v120-mode0-80":{"min":0.003587608225643635,"max":0.6756216883659363},"gwa-vestas-v126-mode0-100":{"min":0.005273884162306786,"max":0.5829805135726929},"gwa-vestas-v126-mode0-120":{"min":0.009797451086342335,"max":0.58895343542099},"gwa-vestas-v126-mode0-150":{"min":0.01888372004032135,"max":0.6077964901924133},"gwa-vestas-v126-mode0-80":{"min":0.0022422983311116695,"max":0.5836189389228821},"gwa-vestas-v136-mode0-100":{"min":0.006453510373830795,"max":0.6221359372138977},"gwa-vestas-v136-mode0-120":{"min":0.011911675333976746,"max":0.6281847357749939},"gwa-vestas-v136-mode0-150":{"min":0.022804468870162964,"max":0.6457464694976807},"gwa-vestas-v136-mode0-80":{"min":0.0027513159438967705,"max":0.6215166449546814},"air-density":{"min":1.0431352853775024,"max":1.156967282295227},"lcoe":{"gwa-vestas-v136-mode0-100":{"lg":{"min":59.87003707885742,"max":5390.0234375},"li":{"min":2.5819528102874756,"max":574.171630859375},"lr":{"min":0.0,"max":119.00927734375},"total":{"min":64.7020492553711,"max":6083.20458984375}},"gwa-vestas-v112-mode0-80":{"lg":{"min":69.83565521240234,"max":10000.0},"li":{"min":3.4797534942626953,"max":2598.6767578125},"lr":{"min":0.0,"max":538.6309814453125},"total":{"min":75.5295639038086,"max":10000.0}},"gwa-offshore-leanwind-8mw-110":{"lg":{"min":73.21390533447266,"max":10000.0},"li":{"min":3.6298820972442627,"max":1806.7645263671875},"lr":{"min":0.0,"max":374.4903564453125},"total":{"min":79.19998931884766,"max":10000.0}},"gwa-vestas-v110-mode0-100":{"lg":{"min":56.557228088378906,"max":4363.6025390625},"li":{"min":2.3281402587890625,"max":464.7510681152344},"lr":{"min":0.0,"max":96.32953643798828},"total":{"min":61.102725982666016,"max":4924.68310546875}},"gwa-vestas-v100-mode0-150":{"lg":{"min":58.063560485839844,"max":1625.8885498046875},"li":{"min":2.1690673828125,"max":179.14874267578125},"lr":{"min":0.0,"max":36.367679595947266},"total":{"min":62.70435333251953,"max":1834.1192626953125}},"gwa-vestas-v136-mode0-120":{"lg":{"min":59.33206558227539,"max":2922.04150390625},"li":{"min":2.42187762260437,"max":317.79132080078125},"lr":{"min":0.0,"max":63.74995040893555},"total":{"min":64.11754608154297,"max":3293.998291015625}},"gwa-vestas-v120-mode0-80":{"lg":{"min":55.44707107543945,"max":9692.560546875},"li":{"min":2.2833638191223145,"max":1032.8392333984375},"lr":{"min":0.0,"max":214.07791137695312},"total":{"min":58.99428939819336,"max":10000.0}},"gwa-vestas-v120-mode0-150":{"lg":{"min":54.2204704284668,"max":1176.3958740234375},"li":{"min":1.8986400365829468,"max":130.62338256835938},"lr":{"min":0.0,"max":26.28868293762207},"total":{"min":58.531375885009766,"max":1326.917236328125}},"gwa-vestas-v110-mode0-150":{"lg":{"min":54.84579849243164,"max":1255.8533935546875},"li":{"min":1.968658447265625,"max":139.76553344726562},"lr":{"min":0.0,"max":28.070362091064453},"total":{"min":59.21038055419922,"max":1416.5760498046875}},"gwa-offshore-iea-15mw-150":{"lg":{"min":65.022216796875,"max":2365.677001953125},"li":{"min":2.6115269660949707,"max":257.98828125},"lr":{"min":0.0,"max":52.95598602294922},"total":{"min":70.26033782958984,"max":2668.8876953125}},"gwa-vestas-v100-mode0-120":{"lg":{"min":59.59439468383789,"max":3145.853271484375},"li":{"min":2.4511325359344482,"max":342.16571044921875},"lr":{"min":0.0,"max":68.57024383544922},"total":{"min":64.4025650024414,"max":3546.339111328125}},"gwa-enercon-e48-50":{"lg":{"min":78.28047180175781,"max":10000.0},"li":{"min":4.473874092102051,"max":10000.0},"lr":{"min":0.0,"max":2725.832275390625},"total":{"min":84.70474243164062,"max":10000.0}},"gwa-vestas-v126-mode0-120":{"lg":{"min":63.01783752441406,"max":3551.735107421875},"li":{"min":2.6895267963409424,"max":386.3685302734375},"lr":{"min":0.0,"max":77.45594787597656},"total":{"min":68.1220932006836,"max":4003.957763671875}},"gwa-vestas-v110-mode0-80":{"lg":{"min":56.57022476196289,"max":10000.0},"li":{"min":2.3862926959991455,"max":1087.89208984375},"lr":{"min":0.0,"max":225.4887237548828},"total":{"min":60.194881439208984,"max":10000.0}},"gwa-iec3":{"lg":{"min":61.162662506103516,"max":4305.65625},"li":{"min":2.6022791862487793,"max":458.8410949707031},"lr":{"min":0.0,"max":93.2690200805664},"total":{"min":66.0694808959961,"max":4857.7666015625}},"gwa-vestas-v120-mode0-120":{"lg":{"min":55.16080093383789,