{"worldpop": {"min": -3.4028234663852886e+38, "max": 6653.431640625}, "slope": {"min": 0.0, "max": 31.31871795654297}, "land-cover": {"min": 10.0, "max": 210.0}, "airports": {"min": 0.0, "max": 90578.6953125}, "ports": {"min": 65535.0, "max": 500000.0}, "anchorages": {"min": 65535.0, "max": 500000.0}, "grid": {"min": 0.0, "max": 11280.513671875}, "roads": {"min": 0.0, "max": 12747.548828125}, "pp-whs": {"min": 0.0, "max": 259188.140625}, "unep-coral": {"min": 65535.0, "max": 65535.0}, "unesco": {"min": 0.0, "max": 91400.21875}, "unesco-ramsar": {"min": 0.0, "max": 101471.671875}, "wwf-glw-1": {"min": 21708.29296875, "max": 227601.078125}, "wwf-glw-2": {"min": 0.0, "max": 88708.796875}, "jrc-gsw": {"min": 0.0, "max": 1.0}, "pp-marine-protected": {"min": 0.0, "max": 0.0}, "unep-tidal": {"min": 0.0, "max": 0.0}, "wwf-glw-3": {"min": 1.0, "max": 255.0}, "gsa-pvout": {"min": 1.7275216579437256, "max": 3.4352195262908936}, "gsa-ghi": {"min": 1.9817206859588623, "max": 3.49372935295105}, "gsa-gti": {"min": 2.0169215202331543, "max": 4.137258529663086}, "gsa-temp": {"min": -2.4861083030700684, "max": 11.800000190734863}, "gwa-iec1": {"min": 0.02520344778895378, "max": 0.5358340740203857}, "gwa-iec2": {"min": 0.032024309039115906, "max": 0.5726476311683655}, "gwa-iec3": {"min": 0.037045013159513474, "max": 0.6031365394592285}, "gwa-power-10": {"min": 3.8657124042510986, "max": 7521.96142578125}, "gwa-speed-10": {"min": 0.7584767937660217, "max": 13.237100601196289}, "gwa-power-50": {"min": 11.551513671875, "max": 4489.75341796875}, "gwa-speed-50": {"min": 1.3049747943878174, "max": 12.780051231384277}, "gwa-power-100": {"min": 25.572101593017578, "max": 3378.223876953125}, "gwa-speed-100": {"min": 2.029376983642578, "max": 12.74753475189209}, "gwa-power-150": {"min": 48.87298583984375, "max": 3059.180908203125}, "gwa-speed-150": {"min": 2.7021007537841797, "max": 12.701930046081543}, "gwa-power-200": {"min": 82.31818389892578, "max": 2882.882568359375}, "gwa-speed-200": {"min": 3.1458051204681396, "max": 12.673650741577148}, "gebco": {"min": 93.0, "max": 2397.0}, "srtm90": {"min": 93.0, "max": 2438.0}, "waterbodies": {"min": 1.0, "max": 2.0}, "gwa-enercon-e44-50": {"min": 0.006736078765243292, "max": 0.4158588945865631}, "gwa-enercon-e48-50": {"min": 0.008747315034270287, "max": 0.4692252576351166}, "gwa-enercon-e53-50": {"min": 0.012149288319051266, "max": 0.5041228532791138}, "gwa-offshore-dtu-10mw-119": {"min": 0.02484029345214367, "max": 0.5299157500267029}, "gwa-offshore-iea-15mw-150": {"min": 0.050992950797080994, "max": 0.6141021251678467}, "gwa-offshore-leanwind-8mw-110": {"min": 0.02271469309926033, "max": 0.5324444770812988}, "gwa-vestas-v100-mode0-100": {"min": 0.033542241901159286, "max": 0.5995500087738037}, "gwa-vestas-v100-mode0-120": {"min": 0.04550116881728172, "max": 0.624041736125946}, "gwa-vestas-v100-mode0-150": {"min": 0.06603136658668518, "max": 0.6496374011039734}, "gwa-vestas-v100-mode0-80": {"min": 0.0235550869256258, "max": 0.57566237449646}, "gwa-vestas-v110-mode0-100": {"min": 0.04010552540421486, "max": 0.6340845823287964}, "gwa-vestas-v110-mode0-120": {"min": 0.05408633127808571, "max": 0.658062756061554}, "gwa-vestas-v110-mode0-150": {"min": 0.07759201526641846, "max": 0.6823970079421997}, "gwa-vestas-v110-mode0-80": {"min": 0.028247090056538582, "max": 0.6099908947944641}, "gwa-vestas-v112-mode0-100": {"min": 0.02353835478425026, "max": 0.5425290465354919}, "gwa-vestas-v112-mode0-120": {"min": 0.0322200283408165, "max": 0.5647178292274475}, "gwa-vestas-v112-mode0-150": {"min": 0.047663524746894836, "max": 0.5983260273933411}, "gwa-vestas-v112-mode0-80": {"min": 0.01647084578871727, "max": 0.5312479734420776}, "gwa-vestas-v120-mode0-100": {"min": 0.04260561615228653, "max": 0.6265807151794434}, "gwa-vestas-v120-mode0-120": {"min": 0.05740014463663101, "max": 0.6474045515060425}, "gwa-vestas-v120-mode0-150": {"min": 0.08209284394979477, "max": 0.6705324649810791}, "gwa-vestas-v120-mode0-80": {"min": 0.030005505308508873, "max": 0.6033780574798584}, "gwa-vestas-v126-mode0-100": {"min": 0.02990572527050972, "max": 0.5753464102745056}, "gwa-vestas-v126-mode0-120": {"min": 0.04062162712216377, "max": 0.6005616784095764}, "gwa-vestas-v126-mode0-150": {"min": 0.05922942981123924, "max": 0.628408670425415}, "gwa-vestas-v126-mode0-80": {"min": 0.021001026034355164, "max": 0.5517044067382812}, "gwa-vestas-v136-mode0-100": {"min": 0.03464570641517639, "max": 0.6061193346977234}, "gwa-vestas-v136-mode0-120": {"min": 0.0469086728990078, "max": 0.6308963894844055}, "gwa-vestas-v136-mode0-150": {"min": 0.06785352528095245, "max": 0.6573306918144226}, "gwa-vestas-v136-mode0-80": {"min": 0.024360032752156258, "max": 0.5822305083274841}, "air-density": {"min": 0.9667797684669495, "max": 1.2195732593536377}, "lcoe": {"gwa-vestas-v136-mode0-100": {"lg": {"min": 61.346397399902344, "max": 1007.2631225585938}, "li": {"min": 1.7842764854431152, "max": 31.004230499267578}, "lr": {"min": 0.0, "max": 1.7070856094360352}, "total": {"min": 63.22736740112305, "max": 1039.974365234375}}, "gwa-vestas-v112-mode0-80": {"lg": {"min": 69.42850494384766, "max": 2114.3203125}, "li": {"min": 2.0321156978607178, "max": 65.21604919433594}, "lr": {"min": 0.0, "max": 3.59078049659729}, "total": {"min": 71.58525085449219, "max": 2183.127197265625}}, "gwa-offshore-leanwind-8mw-110": {"lg": {"min": 69.2814712524414, "max": 1534.2325439453125}, "li": {"min": 2.0126359462738037, "max": 47.289371490478516}, "lr": {"min": 0.0, "max": 2.603741407394409}, "total": {"min": 71.39837646484375, "max": 1584.125732421875}}, "gwa-vestas-v110-mode0-100": {"lg": {"min": 58.817230224609375, "max": 870.6826782226562}, "li": {"min": 1.6973737478256226, "max": 26.783432006835938}, "lr": {"min": 0.0, "max": 1.4746893644332886}, "total": {"min": 60.61524200439453, "max": 898.9407958984375}}, "gwa-vestas-v100-mode0-150": {"lg": {"min": 57.50486373901367, "max": 530.397705078125}, "li": {"min": 1.6399860382080078, "max": 16.267473220825195}, "lr": {"min": 0.0, "max": 0.9813107252120972}, "total": {"min": 59.259830474853516, "max": 547.5608520507812}}, "gwa-vestas-v136-mode0-120": {"lg": {"min": 59.09424591064453, "max": 744.9879150390625}, "li": {"min": 1.7094866037368774, "max": 22.899038314819336}, "lr": {"min": 0.0, "max": 1.3060449361801147}, "total": {"min": 60.901344299316406, "max": 769.1477661132812}}, "gwa-vestas-v120-mode0-80": {"lg": {"min": 61.60693359375, "max": 1162.412841796875}, "li": {"min": 1.7602341175079346, "max": 35.79888153076172}, "lr": {"min": 0.0, "max": 1.9710779190063477}, "total": {"min": 63.4964485168457, "max": 1200.1827392578125}}, "gwa-vestas-v120-mode0-150": {"lg": {"min": 55.837547302246094, "max": 427.40789794921875}, "li": {"min": 1.5840109586715698, "max": 13.084739685058594}, "lr": {"min": 0.0, "max": 0.8072477579116821}, "total": {"min": 57.49122619628906, "max": 441.21307373046875}}, "gwa-vestas-v110-mode0-150": {"lg": {"min": 54.93627166748047, "max": 451.96826171875}, "li": {"min": 1.5586097240447998, "max": 13.843738555908203}, "lr": {"min": 0.0, "max": 0.8504218459129333}, "total": {"min": 56.60698699951172, "max": 466.5742492675781}}, "gwa-offshore-iea-15mw-150": {"lg": {"min": 60.6009521484375, "max": 685.6384887695312}, "li": {"min": 1.7486563920974731, "max": 21.064939498901367}, "lr": {"min": 0.0, "max": 1.2588036060333252}, "total": {"min": 62.45746994018555, "max": 707.86328125}}, "gwa-vestas-v100-mode0-120": {"lg": {"min": 59.69942092895508, "max": 767.9091796875}, "li": {"min": 1.728348731994629, "max": 23.60738182067871}, "lr": {"min": 0.0, "max": 1.3414762020111084}, "total": {"min": 61.526371002197266, "max": 792.8163452148438}}, "gwa-enercon-e48-50": {"lg": {"min": 78.07691955566406, "max": 3977.648681640625}, "li": {"min": 2.2838006019592285, "max": 122.7992172241211}, "lr": {"min": 0.0, "max": 6.761295795440674}, "total": {"min": 80.47903442382812, "max": 4107.208984375}},