{"worldpop":{"min":-3.4028234663852886e+38,"max":10273.4873046875},"slope":{"min":0.0,"max":40.88304138183594},"land-cover":{"min":10.0,"max":220.0},"airports":{"min":0.0,"max":187238.484375},"ports":{"min":0.0,"max":219515.953125},"anchorages":{"min":0.0,"max":273141.90625},"grid":{"min":0.0,"max":34474.62890625},"roads":{"min":0.0,"max":43566.0390625},"pp-whs":{"min":0.0,"max":481669.21875},"unep-coral":{"min":65535.0,"max":65535.0},"unesco":{"min":0.0,"max":285233.6875},"unesco-ramsar":{"min":0.0,"max":145330.65625},"wwf-glw-1":{"min":0.0,"max":217478.734375},"wwf-glw-2":{"min":0.0,"max":41382.36328125},"jrc-gsw":{"min":0.0,"max":1.0},"pp-marine-protected":{"min":0.0,"max":1.0},"unep-tidal":{"min":0.0,"max":1.0},"wwf-glw-3":{"min":1.0,"max":255.0},"gsa-pvout":{"min":2.5746190547943115,"max":3.2293992042541504},"gsa-ghi":{"min":2.4992148876190186,"max":3.0631511211395264},"gsa-gti":{"min":3.0203137397766113,"max":3.7869791984558105},"gsa-temp":{"min":0.0,"max":9.100000381469727},"gwa-iec1":{"min":0.06811339408159256,"max":0.6620246767997742},"gwa-iec2":{"min":0.08297248184680939,"max":0.6682149171829224},"gwa-iec3":{"min":0.09390132874250412,"max":0.6920888423919678},"gwa-power-10":{"min":4.091905117034912,"max":8070.69970703125},"gwa-speed-10":{"min":0.9535700082778931,"max":15.046783447265625},"gwa-power-50":{"min":34.49589920043945,"max":5947.4345703125},"gwa-speed-50":{"min":2.103008508682251,"max":14.761537551879883},"gwa-power-100":{"min":68.34184265136719,"max":5482.14208984375},"gwa-speed-100":{"min":2.8540802001953125,"max":15.101972579956055},"gwa-power-150":{"min":108.2922134399414,"max":5223.6318359375},"gwa-speed-150":{"min":3.3380908966064453,"max":15.387006759643555},"gwa-power-200":{"min":149.38516235351562,"max":4991.65185546875},"gwa-speed-200":{"min":3.708159923553467,"max":15.535853385925293},"gebco":{"min":-74.0,"max":1903.0},"srtm90":{"min":-7.0,"max":415.0},"waterbodies":{"min":0.0,"max":2.0},"gwa-enercon-e44-50":{"min":0.022701585665345192,"max":0.5173890590667725},"gwa-enercon-e48-50":{"min":0.029931675642728806,"max":0.5757843255996704},"gwa-enercon-e53-50":{"min":0.039711855351924896,"max":0.6110302209854126},"gwa-offshore-dtu-10mw-119":{"min":0.0683925598859787,"max":0.6525326371192932},"gwa-offshore-iea-15mw-150":{"min":0.10332932323217392,"max":0.7069143056869507},"gwa-offshore-leanwind-8mw-110":{"min":0.06602168828248978,"max":0.6554378271102905},"gwa-vestas-v100-mode0-100":{"min":0.09094864875078201,"max":0.6834036111831665},"gwa-vestas-v100-mode0-120":{"min":0.10461867600679398,"max":0.704512357711792},"gwa-vestas-v100-mode0-150":{"min":0.12469170987606049,"max":0.7222925424575806},"gwa-vestas-v100-mode0-80":{"min":0.06922361254692078,"max":0.6651069521903992},"gwa-vestas-v110-mode0-100":{"min":0.10392927378416061,"max":0.7156755924224854},"gwa-vestas-v110-mode0-120":{"min":0.11893590539693832,"max":0.7361238598823547},"gwa-vestas-v110-mode0-150":{"min":0.1405683010816574,"max":0.7531142830848694},"gwa-vestas-v110-mode0-80":{"min":0.08046668767929077,"max":0.6935743093490601},"gwa-vestas-v112-mode0-100":{"min":0.06754010915756226,"max":0.664583683013916},"gwa-vestas-v112-mode0-120":{"min":0.08069876581430435,"max":0.680246889591217},"gwa-vestas-v112-mode0-150":{"min":0.09781958162784576,"max":0.6935421228408813},"gwa-vestas-v112-mode0-80":{"min":0.051054906100034714,"max":0.6455647945404053},"gwa-vestas-v120-mode0-100":{"min":0.10879559814929962,"max":0.7048730850219727},"gwa-vestas-v120-mode0-120":{"min":0.12420812249183655,"max":0.7243058085441589},"gwa-vestas-v120-mode0-150":{"min":0.146121084690094,"max":0.7527500987052917},"gwa-vestas-v120-mode0-80":{"min":0.08479510247707367,"max":0.6775780320167542},"gwa-vestas-v126-mode0-100":{"min":0.0826687142252922,"max":0.6697253584861755},"gwa-vestas-v126-mode0-120":{"min":0.09579834342002869,"max":0.6862435340881348},"gwa-vestas-v126-mode0-150":{"min":0.11476089805364609,"max":0.7070899605751038},"gwa-vestas-v126-mode0-80":{"min":0.06250280886888504,"max":0.6519894003868103},"gwa-vestas-v136-mode0-100":{"min":0.09307284653186798,"max":0.6936681270599365},"gwa-vestas-v136-mode0-120":{"min":0.10695347189903259,"max":0.7132164239883423},"gwa-vestas-v136-mode0-150":{"min":0.12729032337665558,"max":0.7322473526000977},"gwa-vestas-v136-mode0-80":{"min":0.07099627703428268,"max":0.6762605309486389},"air-density":{"min":1.0349311828613281,"max":1.2584201097488403},"lcoe":{"gwa-vestas-v136-mode0-100":{"lg":{"min":54.1086311340332,"max":377.45758056640625},"li":{"min":1.5335015058517456,"max":13.356184959411621},"lr":{"min":0.0,"max":3.697397470474243},"total":{"min":55.95563888549805,"max":391.192138671875}},"gwa-vestas-v112-mode0-80":{"lg":{"min":57.84239959716797,"max":684.8113403320312},"li":{"min":1.720984935760498,"max":24.56658935546875},"lr":{"min":0.0,"max":6.800777912139893},"total":{"min":59.82703399658203,"max":716.1787109375}},"gwa-offshore-leanwind-8mw-110":{"lg":{"min":57.0313606262207,"max":530.4749145507812},"li":{"min":1.698804259300232,"max":18.83375358581543},"lr":{"min":0.0,"max":5.213755130767822},"total":{"min":58.98609924316406,"max":549.9854125976562}},"gwa-vestas-v110-mode0-100":{"lg":{"min":52.5677604675293,"max":338.4462890625},"li":{"min":1.474207878112793,"max":11.78812313079834},"lr":{"min":0.0,"max":3.263310670852661},"total":{"min":54.30895233154297,"max":349.37554931640625}},"gwa-vestas-v100-mode0-150":{"lg":{"min":52.12282943725586,"max":282.757568359375},"li":{"min":1.4340579509735107,"max":8.914839744567871},"lr":{"min":0.0,"max":2.261728048324585},"total":{"min":53.73380661010742,"max":291.8669738769531}},"gwa-vestas-v136-mode0-120":{"lg":{"min":52.73522186279297,"max":328.98956298828125},"li":{"min":1.4788479804992676,"max":10.540756225585938},"lr":{"min":0.0,"max":2.918001413345337},"total":{"min":54.482418060302734,"max":339.60980224609375}},"gwa-vestas-v120-mode0-80":{"lg":{"min":55.29853439331055,"max":413.9147033691406},"li":{"min":1.5350719690322876,"max":14.791478157043457},"lr":{"min":0.0,"max":4.094730377197266},"total":{"min":56.84229278564453,"max":432.8009033203125}},"gwa-vestas-v120-mode0-150":{"lg":{"min":50.175697326660156,"max":241.87640380859375},"li":{"min":1.3678319454193115,"max":7.607712268829346},"lr":{"min":0.0,"max":1.8843079805374146},"total":{"min":51.54352951049805,"max":249.64990234375}},"gwa-vestas-v110-mode0-150":{"lg":{"min":50.15336227416992,"max":251.27308654785156},"li":{"min":1.3695718050003052,"max":7.9079461097717285},"lr":{"min":0.0,"max":1.9772816896438599},"total":{"min":51.604000091552734,"max":259.3536376953125}},"gwa-offshore-iea-15mw-150":{"lg":{"min":53.169700622558594,"max":340.3881530761719},"li":{"min":1.534424066543579,"max":10.75790023803711},"lr":{"min":0.0,"max":2.820498466491699},"total":{"min":54.932472229003906,"max":351.3808898925781}},"gwa-vestas-v100-mode0-120":{"lg":{"min":53.33733367919922,"max":336.2424011230469},"li":{"min":1.4928525686264038,"max":10.788103103637695},"lr":{"min":0.0,"max":2.9864747524261475},"total":{"min":55.106117248535156,"max":347.0996398925781}},"gwa-enercon-e48-50":{"lg":{"min":64.36767578125,"max":1165.27001953125},"li":{"min":1.92972993850708,"max":38.59534454345703},"lr":{"min":0.0,"max":10.68436336517334},"total":{"min":66.40522766113281,"max":1200.195556640625}},"gwa-vestas-v126-mode0-120":{"lg":{"min":54.6507682800293,"max":366.8326110839844},"li":{"min":1.5469341278076172,"max":11.937734603881836},"lr":{"min":0.0,"max":3.304727554321289},"total":{"min":56.466636657714844,"max":378.68951416015625}},"gwa-vestas-v110-mode0-80":{"lg":{"min":54.11540603637695,"max":435.9646301269531},"li":{"min":1.5394889116287231,"max":15.587133407592773},"lr":{"min":0.0,"max":4.3149919509887695},"total":{"min":55.96266174316406,"max":455.86676025390625}},"gwa-iec3":{"lg":{"min":54.22297668457031,"max":374.16259765625},"li":{"min":1.528038501739502,"max":13.357051849365234},"lr":{"min":0.0,"max":3.6976373195648193},"total":{"min":56.074195861816406,