{"worldpop": {"min": -3.4028234663852886e+38, "max": 13118.046875}, "slope": {"min": 0.0, "max": 13.140764236450195}, "land-cover": {"min": 10.0, "max": 210.0}, "airports": {"min": 0.0, "max": 149500.0}, "ports": {"min": 0.0, "max": 165626.84375}, "anchorages": {"min": 0.0, "max": 261266.625}, "grid": {"min": 0.0, "max": 130831.953125}, "roads": {"min": 0.0, "max": 115170.5234375}, "pp-whs": {"min": 0.0, "max": 459588.125}, "unep-coral": {"min": 65535.0, "max": 65535.0}, "unesco": {"min": 0.0, "max": 249098.375}, "unesco-ramsar": {"min": 0.0, "max": 152460.640625}, "wwf-glw-1": {"min": 0.0, "max": 242706.09375}, "wwf-glw-2": {"min": 0.0, "max": 124669.5625}, "jrc-gsw": {"min": 0.0, "max": 255.0}, "pp-marine-protected": {"min": 0.0, "max": 1.0}, "unep-tidal": {"min": 0.0, "max": 1.0}, "wwf-glw-3": {"min": 1.0, "max": 255.0}, "gsa-pvout": {"min": 2.556156873703003, "max": 3.2281620502471924}, "gsa-ghi": {"min": 2.5001327991485596, "max": 3.0624043941497803}, "gsa-gti": {"min": 2.997603416442871, "max": 3.7857375144958496}, "gsa-temp": {"min": 0.0, "max": 9.300000190734863}, "gwa-iec1": {"min": 0.10255741328001022, "max": 0.6098440885543823}, "gwa-iec2": {"min": 0.1282142549753189, "max": 0.6597064137458801}, "gwa-iec3": {"min": 0.14761199057102203, "max": 0.6924657225608826}, "gwa-power-10": {"min": 4.881038188934326, "max": 553.5493774414062}, "gwa-speed-10": {"min": 1.293707013130188, "max": 7.7183356285095215}, "gwa-power-50": {"min": 45.48628616333008, "max": 843.0078125}, "gwa-speed-50": {"min": 2.975382089614868, "max": 9.093140602111816}, "gwa-power-100": {"min": 90.91227722167969, "max": 1001.2987060546875}, "gwa-speed-100": {"min": 4.124265670776367, "max": 9.875046730041504}, "gwa-power-150": {"min": 165.8286895751953, "max": 1195.3526611328125}, "gwa-speed-150": {"min": 5.09428071975708, "max": 10.720276832580566}, "gwa-power-200": {"min": 263.31695556640625, "max": 1427.19140625}, "gwa-speed-200": {"min": 6.043888092041016, "max": 11.300228118896484}, "gebco": {"min": -531.0, "max": 605.0}, "srtm90": {"min": -7.0, "max": 404.0}, "waterbodies": {"min": 0.0, "max": 2.0}, "gwa-enercon-e44-50": {"min": 0.032092947512865067, "max": 0.4262087345123291}, "gwa-enercon-e48-50": {"min": 0.04209241271018982, "max": 0.49787089228630066}, "gwa-enercon-e53-50": {"min": 0.056032732129096985, "max": 0.5444743037223816}, "gwa-offshore-dtu-10mw-119": {"min": 0.10740726441144943, "max": 0.5941390991210938}, "gwa-offshore-iea-15mw-150": {"min": 0.19880089163780212, "max": 0.677864134311676}, "gwa-offshore-leanwind-8mw-110": {"min": 0.10052195936441422, "max": 0.5873839855194092}, "gwa-vestas-v100-mode0-100": {"min": 0.14565134048461914, "max": 0.6852424740791321}, "gwa-vestas-v100-mode0-120": {"min": 0.18289919197559357, "max": 0.6967406272888184}, "gwa-vestas-v100-mode0-150": {"min": 0.24599385261535645, "max": 0.7232030630111694}, "gwa-vestas-v100-mode0-80": {"min": 0.11873812973499298, "max": 0.6680827140808105}, "gwa-vestas-v110-mode0-100": {"min": 0.17160366475582123, "max": 0.7205266952514648}, "gwa-vestas-v110-mode0-120": {"min": 0.21334443986415863, "max": 0.7286093235015869}, "gwa-vestas-v110-mode0-150": {"min": 0.2797897756099701, "max": 0.7559831738471985}, "gwa-vestas-v110-mode0-80": {"min": 0.14087526500225067, "max": 0.7043375372886658}, "gwa-vestas-v112-mode0-100": {"min": 0.10412855446338654, "max": 0.6089513897895813}, "gwa-vestas-v112-mode0-120": {"min": 0.13260036706924438, "max": 0.6283183693885803}, "gwa-vestas-v112-mode0-150": {"min": 0.18692056834697723, "max": 0.6592226028442383}, "gwa-vestas-v112-mode0-80": {"min": 0.08413300663232803, "max": 0.5905910730361938}, "gwa-vestas-v120-mode0-100": {"min": 0.18241311609745026, "max": 0.7232018709182739}, "gwa-vestas-v120-mode0-120": {"min": 0.22609560191631317, "max": 0.7324726581573486}, "gwa-vestas-v120-mode0-150": {"min": 0.29337531328201294, "max": 0.7537752985954285}, "gwa-vestas-v120-mode0-80": {"min": 0.14986515045166016, "max": 0.7085044384002686}, "gwa-vestas-v126-mode0-100": {"min": 0.13004498183727264, "max": 0.6586944460868835}, "gwa-vestas-v126-mode0-120": {"min": 0.1640472263097763, "max": 0.6723822951316833}, "gwa-vestas-v126-mode0-150": {"min": 0.22401712834835052, "max": 0.6980122923851013}, "gwa-vestas-v126-mode0-80": {"min": 0.10584037005901337, "max": 0.6410579085350037}, "gwa-vestas-v136-mode0-100": {"min": 0.14973445236682892, "max": 0.691604733467102}, "gwa-vestas-v136-mode0-120": {"min": 0.18757905066013336, "max": 0.7033387422561646}, "gwa-vestas-v136-mode0-150": {"min": 0.2512088418006897, "max": 0.728959321975708}, "gwa-vestas-v136-mode0-80": {"min": 0.1223544254899025, "max": 0.6745171546936035}, "air-density": {"min": 1.1720231771469116, "max": 1.2584476470947266}}