{"worldpop": {"min": -3.4028234663852886e+38, "max": 1792.7352294921875}, "slope": {"min": 0.04241852089762688, "max": 22.737876892089844}, "land-cover": {"min": 10.0, "max": 210.0}, "airports": {"min": 0.0, "max": 110146.4921875}, "ports": {"min": 46952.1015625, "max": 188883.5625}, "anchorages": {"min": 40301.98828125, "max": 191813.703125}, "grid": {"min": 0.0, "max": 10547.5107421875}, "roads": {"min": 0.0, "max": 19906.029296875}, "pp-whs": {"min": 0.0, "max": 114766.0703125}, "unep-coral": {"min": 73979.7265625, "max": 203796.46875}, "unesco": {"min": 8944.2724609375, "max": 144773.109375}, "unesco-ramsar": {"min": 4949.74755859375, "max": 140406.5625}, "wwf-glw-1": {"min": 2000.0, "max": 182426.015625}, "wwf-glw-2": {"min": 0.0, "max": 95001.3125}, "jrc-gsw": {"min": 0.0, "max": 1.0}, "pp-marine-protected": {"min": 0.0, "max": 0.0}, "unep-tidal": {"min": 0.0, "max": 0.0}, "wwf-glw-3": {"min": 2.0, "max": 255.0}, "gsa-pvout": {"min": 3.8669159412384033, "max": 4.645563125610352}, "gsa-ghi": {"min": 4.4686479568481445, "max": 5.137659549713135}, "gsa-gti": {"min": 4.856966972351074, "max": 5.706221103668213}, "gsa-temp": {"min": 13.746780395507812, "max": 22.600000381469727}, "gwa-iec1": {"min": 0.04128913953900337, "max": 0.4228019416332245}, "gwa-iec2": {"min": 0.05150378495454788, "max": 0.4744225740432739}, "gwa-iec3": {"min": 0.059145208448171616, "max": 0.5114035606384277}, "gwa-power-10": {"min": 3.036801338195801, "max": 1146.0791015625}, "gwa-speed-10": {"min": 0.9453061819076538, "max": 7.847953796386719}, "gwa-power-50": {"min": 20.476642608642578, "max": 665.11279296875}, "gwa-speed-50": {"min": 2.0979537963867188, "max": 7.651919364929199}, "gwa-power-100": {"min": 40.04053497314453, "max": 688.2188110351562}, "gwa-speed-100": {"min": 2.6348319053649902, "max": 8.211224555969238}, "gwa-power-150": {"min": 62.917625427246094, "max": 742.65576171875}, "gwa-speed-150": {"min": 3.032658576965332, "max": 8.558138847351074}, "gwa-power-200": {"min": 83.3066635131836, "max": 780.779052734375}, "gwa-speed-200": {"min": 3.44739031791687, "max": 9.06334400177002}, "gebco": {"min": 82.0, "max": 1781.0}, "srtm90": {"min": 75.0, "max": 1789.0}, "waterbodies": {"min": 1.0, "max": 2.0}, "gwa-enercon-e44-50": {"min": 0.006606751587241888, "max": 0.311042457818985}, "gwa-enercon-e48-50": {"min": 0.008804159238934517, "max": 0.3625248670578003}, "gwa-enercon-e53-50": {"min": 0.01392077375203371, "max": 0.39989492297172546}, "gwa-offshore-dtu-10mw-119": {"min": 0.025478452444076538, "max": 0.42222124338150024}, "gwa-offshore-iea-15mw-150": {"min": 0.05634617060422897, "max": 0.5009006857872009}, "gwa-offshore-leanwind-8mw-110": {"min": 0.02349427528679371, "max": 0.4287477135658264}, "gwa-vestas-v100-mode0-100": {"min": 0.04130549356341362, "max": 0.527850866317749}, "gwa-vestas-v100-mode0-120": {"min": 0.055046673864126205, "max": 0.5449312329292297}, "gwa-vestas-v100-mode0-150": {"min": 0.07744970917701721, "max": 0.5722550749778748}, "gwa-vestas-v100-mode0-80": {"min": 0.02930447645485401, "max": 0.5038087368011475}, "gwa-vestas-v110-mode0-100": {"min": 0.05154557526111603, "max": 0.5684292912483215}, "gwa-vestas-v110-mode0-120": {"min": 0.06827493011951447, "max": 0.5854768753051758}, "gwa-vestas-v110-mode0-150": {"min": 0.09464244544506073, "max": 0.6145119667053223}, "gwa-vestas-v110-mode0-80": {"min": 0.03664987161755562, "max": 0.5438711643218994}, "gwa-vestas-v112-mode0-100": {"min": 0.02699800580739975, "max": 0.44419801235198975}, "gwa-vestas-v112-mode0-120": {"min": 0.03629310429096222, "max": 0.4605949819087982}, "gwa-vestas-v112-mode0-150": {"min": 0.05204945430159569, "max": 0.48232170939445496}, "gwa-vestas-v112-mode0-80": {"min": 0.019097259268164635, "max": 0.4223324954509735}, "gwa-vestas-v120-mode0-100": {"min": 0.05521393194794655, "max": 0.5797250270843506}, "gwa-vestas-v120-mode0-120": {"min": 0.07317452877759933, "max": 0.596386730670929}, "gwa-vestas-v120-mode0-150": {"min": 0.10129129886627197, "max": 0.6270832419395447}, "gwa-vestas-v120-mode0-80": {"min": 0.03922523930668831, "max": 0.5551748871803284}, "gwa-vestas-v126-mode0-100": {"min": 0.03628890961408615, "max": 0.4962054491043091}, "gwa-vestas-v126-mode0-120": {"min": 0.04832238703966141, "max": 0.5130283236503601}, "gwa-vestas-v126-mode0-150": {"min": 0.06809566915035248, "max": 0.5384154319763184}, "gwa-vestas-v126-mode0-80": {"min": 0.025762272998690605, "max": 0.47294551134109497}, "gwa-vestas-v136-mode0-100": {"min": 0.04319240525364876, "max": 0.5322933793067932}, "gwa-vestas-v136-mode0-120": {"min": 0.0573914460837841, "max": 0.5493050217628479}, "gwa-vestas-v136-mode0-150": {"min": 0.08027637004852295, "max": 0.5765568614006042}, "gwa-vestas-v136-mode0-80": {"min": 0.030688699334859848, "max": 0.5083317756652832}, "air-density": {"min": 0.9908761382102966, "max": 1.169366478919983}, "lcoe": {"gwa-vestas-v136-mode0-100": {"lg": {"min": 69.30000305175781, "max": 808.742431640625}, "li": {"min": 1.9737730026245117, "max": 25.053300857543945}, "lr": {"min": 0.0, "max": 1.794772982597351}, "total": {"min": 71.3179931640625, "max": 834.709716796875}}, "gwa-vestas-v112-mode0-80": {"lg": {"min": 86.30188751220703, "max": 1824.0914306640625}, "li": {"min": 2.487675666809082, "max": 56.6632194519043}, "lr": {"min": 0.0, "max": 3.7722327709198}, "total": {"min": 88.84530639648438, "max": 1882.82177734375}}, "gwa-offshore-leanwind-8mw-110": {"lg": {"min": 85.07042694091797, "max": 1483.4566650390625}, "li": {"min": 2.450453519821167, "max": 46.05855178833008}, "lr": {"min": 0.0, "max": 2.870144844055176}, "total": {"min": 87.5757827758789, "max": 1531.195556640625}}, "gwa-vestas-v110-mode0-100": {"lg": {"min": 65.14878845214844, "max": 678.33056640625}, "li": {"min": 1.848297357559204, "max": 20.993309020996094}, "lr": {"min": 0.0, "max": 1.5344616174697876}, "total": {"min": 67.03849792480469, "max": 700.0897216796875}}, "gwa-vestas-v100-mode0-150": {"lg": {"min": 64.73997497558594, "max": 452.7913818359375}, "li": {"min": 1.8573843240737915, "max": 13.964996337890625}, "lr": {"min": 0.0, "max": 1.0805180072784424}, "total": {"min": 66.760986328125, "max": 467.2369384765625}}, "gwa-vestas-v136-mode0-120": {"lg": {"min": 67.2777099609375, "max": 609.6435546875}, "li": {"min": 1.9117774963378906, "max": 18.854938507080078}, "lr": {"min": 0.0, "max": 1.3963385820388794}, "total": {"min": 69.23320770263672, "max": 629.1863403320312}}, "gwa-vestas-v120-mode0-80": {"lg": {"min": 66.6086654663086, "max": 890.132568359375}, "li": {"min": 1.8905375003814697, "max": 27.587141036987305}, "lr": {"min": 0.0, "max": 1.9625085592269897}, "total": {"min": 68.54349517822266, "max": 918.7261352539062}}, "gwa-vestas-v120-mode0-150": {"lg": {"min": 59.429256439208984, "max": 347.15643310546875}, "li": {"min": 1.7039332389831543, "max": 10.677963256835938}, "lr": {"min": 0.0, "max": 0.8612117171287537}, "total": {"min": 61.273563385009766, "max": 358.2018737792969}}, "gwa-vestas-v110-mode0-150": {"lg": {"min": 60.56319046020508, "max": 371.26397705078125}, "li": {"min": 1.7327535152435303, "max": 11.428115844726562}, "lr": {"min": 0.0, "max": 0.9141337871551514}, "total": {"min": 62.44522476196289, "max": 383.0853576660156}}, "gwa-offshore-iea-15mw-150": {"lg": {"min": 73.39251708984375, "max": 620.8787841796875}, "li": {"min": 2.1085879802703857, "max": 19.204715728759766}, "lr": {"min": 0.0, "max": 1.425756573677063}, "total": {"min": 75.70142364501953, "max": 640.7841186523438}}, "gwa-vestas-v100-mode0-120": {"lg": {"min": 67.78559112548828, "max": 635.4415893554688}, "li": {"min": 1.9271727800369263, "max": 19.658084869384766}, "lr": {"min": 0.0, "max": 1.4392133951187134}, "total": {"min": 69.75679016113281, "max": 655.8168334960938}}, "gwa-enercon-e48-50": {"lg": {"min": 99.87965393066406, "max": 3951.993408203125}, "li": {"min": 2.904914617538452, "max": 122.90921783447266}, "lr": {"min": 0.0, "max": 8.672511100769043}, "total": {"min": 102.84310150146484,