{"worldpop":{"min":56.78825378417969,"max":1311.3245849609375},"slope":{"min":0.08424881100654602,"max":9.851334571838379},"land-cover":{"min":45.00987243652344,"max":210.0},"airports":{"min":0.0,"max":8631.337890625},"ports":{"min":0.0,"max":8077.74755859375},"anchorages":{"min":0.0,"max":3535.533935546875},"grid":{"min":0.0,"max":1118.0340576171875},"roads":{"min":0.0,"max":4500.0},"pp-whs":{"min":362470.0,"max":370619.09375},"unep-coral":{"min":500.0,"max":6576.47314453125},"unesco":{"min":84060.9921875,"max":90599.3984375},"unesco-ramsar":{"min":65535.0,"max":65535.0},"wwf-glw-1":{"min":65535.0,"max":65535.0},"wwf-glw-2":{"min":0.0,"max":2692.582275390625},"jrc-gsw":{"min":0.0,"max":1.0},"pp-marine-protected":{"min":0.0,"max":0.0},"unep-tidal":{"min":0.0,"max":1.0},"wwf-glw-3":{"min":1.0,"max":255.0},"gsa-pvout":{"min":4.758655548095703,"max":4.943596363067627},"gsa-ghi":{"min":5.713976860046387,"max":5.9512152671813965},"gsa-gti":{"min":5.967442512512207,"max":6.2357611656188965},"gsa-temp":{"min":24.295499801635742,"max":26.299999237060547},"gwa-iec1":{"min":0.1509018838405609,"max":0.4730093777179718},"gwa-iec2":{"min":0.19142243266105652,"max":0.5349780917167664},"gwa-iec3":{"min":0.22363252937793732,"max":0.5768895745277405},"gwa-power-10":{"min":10.863950729370117,"max":284.6730651855469},"gwa-speed-10":{"min":1.6778943538665771,"max":5.269384860992432},"gwa-power-50":{"min":56.59142303466797,"max":389.289306640625},"gwa-speed-50":{"min":3.9463610649108887,"max":7.4936017990112305},"gwa-power-100":{"min":124.26012420654297,"max":489.98870849609375},"gwa-speed-100":{"min":5.370999336242676,"max":8.339217185974121},"gwa-power-150":{"min":201.34519958496094,"max":551.8602905273438},"gwa-speed-150":{"min":6.36633825302124,"max":8.715441703796387},"gwa-power-200":{"min":275.30194091796875,"max":578.2664184570312},"gwa-speed-200":{"min":7.069413185119629,"max":8.924662590026855},"gebco":{"min":-7.0,"max":178.0},"srtm90":{"min":0.0,"max":201.0},"waterbodies":{"min":0.0,"max":2.0},"gwa-enercon-e44-50":{"min":0.03186749666929245,"max":0.31429189443588257},"gwa-enercon-e48-50":{"min":0.04229823127388954,"max":0.3862951099872589},"gwa-enercon-e53-50":{"min":0.05961716175079346,"max":0.438991904258728},"gwa-offshore-dtu-10mw-119":{"min":0.1440814584493637,"max":0.4733535945415497},"gwa-offshore-iea-15mw-150":{"min":0.2488376349210739,"max":0.5583349466323853},"gwa-offshore-leanwind-8mw-110":{"min":0.1353895217180252,"max":0.48231127858161926},"gwa-vestas-v100-mode0-100":{"min":0.20250001549720764,"max":0.6074162125587463},"gwa-vestas-v100-mode0-120":{"min":0.25374701619148254,"max":0.620672345161438},"gwa-vestas-v100-mode0-150":{"min":0.326172411441803,"max":0.6356239914894104},"gwa-vestas-v100-mode0-80":{"min":0.15242494642734528,"max":0.5967282652854919},"gwa-vestas-v110-mode0-100":{"min":0.24404887855052948,"max":0.6544243693351746},"gwa-vestas-v110-mode0-120":{"min":0.30215927958488464,"max":0.6671206951141357},"gwa-vestas-v110-mode0-150":{"min":0.38106197118759155,"max":0.680570662021637},"gwa-vestas-v110-mode0-80":{"min":0.18569639325141907,"max":0.6438072919845581},"gwa-vestas-v112-mode0-100":{"min":0.13917571306228638,"max":0.5055755376815796},"gwa-vestas-v112-mode0-120":{"min":0.17689618468284607,"max":0.5190503001213074},"gwa-vestas-v112-mode0-150":{"min":0.23295079171657562,"max":0.5362803936004639},"gwa-vestas-v112-mode0-80":{"min":0.10331011563539505,"max":0.49626001715660095},"gwa-vestas-v120-mode0-100":{"min":0.26204654574394226,"max":0.6718869805335999},"gwa-vestas-v120-mode0-120":{"min":0.32316210865974426,"max":0.6841006875038147},"gwa-vestas-v120-mode0-150":{"min":0.4046013653278351,"max":0.6961583495140076},"gwa-vestas-v120-mode0-80":{"min":0.1998620480298996,"max":0.6610448360443115},"gwa-vestas-v126-mode0-100":{"min":0.17778928577899933,"max":0.5697481036186218},"gwa-vestas-v126-mode0-120":{"min":0.22350062429904938,"max":0.5831587910652161},"gwa-vestas-v126-mode0-150":{"min":0.28949785232543945,"max":0.599066972732544},"gwa-vestas-v126-mode0-80":{"min":0.1335715502500534,"max":0.5595179200172424},"gwa-vestas-v136-mode0-100":{"min":0.20878326892852783,"max":0.6123236417770386},"gwa-vestas-v136-mode0-120":{"min":0.2606737017631531,"max":0.6254511475563049},"gwa-vestas-v136-mode0-150":{"min":0.3333946168422699,"max":0.6402080655097961},"gwa-vestas-v136-mode0-80":{"min":0.1577056497335434,"max":0.6018489599227905},"air-density":{"min":1.1360514163970947,"max":1.1550580263137817},"lcoe":{"gwa-vestas-v136-mode0-100":{"lg":{"min":60.765342712402344,"max":170.4824981689453},"li":{"min":1.693642020225525,"max":4.967145919799805},"lr":{"min":0.0,"max":0.1292749047279358},"total":{"min":62.47257614135742,"max":175.4778289794922}},"gwa-vestas-v112-mode0-80":{"lg":{"min":74.04143524169922,"max":340.45068359375},"li":{"min":2.089745283126831,"max":10.038290977478027},"lr":{"min":0.0,"max":0.18577906489372253},"total":{"min":76.18148803710938,"max":350.54595947265625}},"gwa-offshore-leanwind-8mw-110":{"lg":{"min":76.06707000732422,"max":260.7315368652344},"li":{"min":2.150181770324707,"max":7.659802436828613},"lr":{"min":0.0,"max":0.18982183933258057},"total":{"min":78.23451232910156,"max":268.4347839355469}},"gwa-vestas-v110-mode0-100":{"lg":{"min":57.113487243652344,"max":146.42539978027344},"li":{"min":1.5846858024597168,"max":4.249382495880127},"lr":{"min":0.0,"max":0.11550243943929672},"total":{"min":58.71089172363281,"max":150.6988983154297}},"gwa-vestas-v100-mode0-150":{"lg":{"min":58.68446350097656,"max":110.56560516357422},"li":{"min":1.6315572261810303,"max":3.1794748306274414},"lr":{"min":0.0,"max":0.11381345987319946},"total":{"min":60.3291130065918,"max":113.76312255859375}},"gwa-vestas-v136-mode0-120":{"lg":{"min":59.57389831542969,"max":137.34202575683594},"li":{"min":1.6580942869186401,"max":3.9783718585968018},"lr":{"min":0.0,"max":0.12212001532316208},"total":{"min":61.245296478271484,"max":141.34298706054688}},"gwa-vestas-v120-mode0-80":{"lg":{"min":56.581546783447266,"max":177.9137420654297},"li":{"min":1.568814754486084,"max":5.188863754272461},"lr":{"min":0.0,"max":0.11521033942699432},"total":{"min":58.18812942504883,"max":183.13204956054688}},"gwa-vestas-v120-mode0-150":{"lg":{"min":53.92938232421875,"max":89.90866088867188},"li":{"min":1.4896854162216187,"max":2.563157558441162},"lr":{"min":0.0,"max":0.09702666848897934},"total":{"min":55.43102264404297,"max":92.48635864257812}},"gwa-vestas-v110-mode0-150":{"lg":{"min":55.07296371459961,"max":95.21550750732422},"li":{"min":1.523805022239685,"max":2.721491575241089},"lr":{"min":0.0,"max":0.10140298306941986},"total":{"min":56.6089973449707,"max":97.95243835449219}},"gwa-offshore-iea-15mw-150":{"lg":{"min":66.25431823730469,"max":143.6844940185547},"li":{"min":1.857410192489624,"max":4.167604923248291},"lr":{"min":0.0,"max":0.1407436728477478},"total":{"min":68.12663269042969,"max":147.87574768066406}},"gwa-vestas-v100-mode0-120":{"lg":{"min":60.00178527832031,"max":140.98193359375},"li":{"min":1.6708606481552124,"max":4.086971759796143},"lr":{"min":0.0,"max":0.12407039105892181},"total":{"min":61.68605422973633,"max":145.09210205078125}},"gwa-enercon-e48-50":{"lg":{"min":93.97981262207031,"max":825.7545166015625},"li":{"min":2.665412187576294,"max":24.51774024963379},"lr":{"min":0.0,"max":0.2674233019351959},"total":{"min":96.67569732666016,"max":850.4690551757812}},"gwa-vestas-v126-mode0-120":{"lg":{"min":63.604278564453125,"max":159.51974487304688},"li":{"min":1.7783440351486206,"max":4.6400628089904785},"lr":{"min":0.0,"max":0.13729415833950043},"total":{"min":65.39689636230469,"max":164.18614196777344}},"gwa-vestas-v110-mode0-80":{"lg":{"min":57.989383697509766,"max":191.18057250976562},"li":{"min":1.610818862915039,"max":5.584690570831299},"lr":{"min":0.0,"max":0.12117103487253189},"total":{"min":59.63898468017578,"max":196.7969512939453}},"gwa-iec3":{"lg":{"min":64.25201416015625,"max":159.4280242919922},"li":{"min":1.797669768333435,"max":4.6510725021362305},