{"worldpop":{"min":-3.4028234663852886e+38,"max":1311.3245849609375},"slope":{"min":0.03320226073265076,"max":11.242827415466309},"land-cover":{"min":45.00987243652344,"max":210.0},"airports":{"min":0.0,"max":26004.806640625},"ports":{"min":0.0,"max":28744.564453125},"anchorages":{"min":0.0,"max":25164.458984375},"grid":{"min":0.0,"max":25927.783203125},"roads":{"min":0.0,"max":27225.90625},"pp-whs":{"min":344693.0,"max":370853.40625},"unep-coral":{"min":0.0,"max":25894.013671875},"unesco":{"min":63312.71875,"max":90757.921875},"unesco-ramsar":{"min":65535.0,"max":65535.0},"wwf-glw-1":{"min":65535.0,"max":65535.0},"wwf-glw-2":{"min":0.0,"max":26617.662109375},"jrc-gsw":{"min":0.0,"max":255.0},"pp-marine-protected":{"min":0.0,"max":1.0},"unep-tidal":{"min":0.0,"max":1.0},"wwf-glw-3":{"min":1.0,"max":255.0},"gsa-pvout":{"min":4.7718281745910645,"max":4.997000217437744},"gsa-ghi":{"min":5.7347846031188965,"max":6.020999908447266},"gsa-gti":{"min":5.995763301849365,"max":6.308000087738037},"gsa-temp":{"min":24.820112228393555,"max":26.299999237060547},"gwa-iec1":{"min":0.1509018838405609,"max":0.46213799715042114},"gwa-iec2":{"min":0.19142243266105652,"max":0.5242913961410522},"gwa-iec3":{"min":0.22363252937793732,"max":0.5667011141777039},"gwa-power-10":{"min":9.402799606323242,"max":284.6730651855469},"gwa-speed-10":{"min":1.6778943538665771,"max":5.760587215423584},"gwa-power-50":{"min":56.59142303466797,"max":402.2933044433594},"gwa-speed-50":{"min":3.9463610649108887,"max":7.4936017990112305},"gwa-power-100":{"min":124.26012420654297,"max":480.18914794921875},"gwa-speed-100":{"min":5.998599052429199,"max":8.004804611206055},"gwa-power-150":{"min":201.34519958496094,"max":517.2459106445312},"gwa-speed-150":{"min":6.36633825302124,"max":8.49663257598877},"gwa-power-200":{"min":275.45068359375,"max":572.3841552734375},"gwa-speed-200":{"min":7.0712690353393555,"max":8.883306503295898},"gebco":{"min":-1080.0,"max":178.0},"srtm90":{"min":0.0,"max":201.0},"waterbodies":{"min":0.0,"max":2.0},"gwa-enercon-e44-50":{"min":0.0345909558236599,"max":0.3490179181098938},"gwa-enercon-e48-50":{"min":0.04581297188997269,"max":0.4214722514152527},"gwa-enercon-e53-50":{"min":0.06378335505723953,"max":0.4725092649459839},"gwa-offshore-dtu-10mw-119":{"min":0.1463112235069275,"max":0.48382121324539185},"gwa-offshore-iea-15mw-150":{"min":0.1877075880765915,"max":0.5600261092185974},"gwa-offshore-leanwind-8mw-110":{"min":0.13745035231113434,"max":0.49989402294158936},"gwa-vestas-v100-mode0-100":{"min":0.20507892966270447,"max":0.6292613744735718},"gwa-vestas-v100-mode0-120":{"min":0.25717756152153015,"max":0.628247857093811},"gwa-vestas-v100-mode0-150":{"min":0.3300672769546509,"max":0.6381394863128662},"gwa-vestas-v100-mode0-80":{"min":0.15409965813159943,"max":0.624538779258728},"gwa-vestas-v110-mode0-100":{"min":0.24702021479606628,"max":0.6743609309196472},"gwa-vestas-v110-mode0-120":{"min":0.30602335929870605,"max":0.6740286946296692},"gwa-vestas-v110-mode0-150":{"min":0.38522183895111084,"max":0.6836901903152466},"gwa-vestas-v110-mode0-80":{"min":0.18764255940914154,"max":0.6687319278717041},"gwa-vestas-v112-mode0-100":{"min":0.14103947579860687,"max":0.5308879017829895},"gwa-vestas-v112-mode0-120":{"min":0.1794373244047165,"max":0.5281124711036682},"gwa-vestas-v112-mode0-150":{"min":0.23605410754680634,"max":0.5377395749092102},"gwa-vestas-v112-mode0-80":{"min":0.10451482981443405,"max":0.5289026498794556},"gwa-vestas-v120-mode0-100":{"min":0.26519864797592163,"max":0.6898597478866577},"gwa-vestas-v120-mode0-120":{"min":0.3272142708301544,"max":0.6903155446052551},"gwa-vestas-v120-mode0-150":{"min":0.4088577330112457,"max":0.6994886994361877},"gwa-vestas-v120-mode0-80":{"min":0.20193418860435486,"max":0.6834089159965515},"gwa-vestas-v126-mode0-100":{"min":0.1800726056098938,"max":0.5930763483047485},"gwa-vestas-v126-mode0-120":{"min":0.22656933963298798,"max":0.5913662910461426},"gwa-vestas-v126-mode0-150":{"min":0.29309365153312683,"max":0.6011629700660706},"gwa-vestas-v126-mode0-80":{"min":0.1350497156381607,"max":0.5893712043762207},"gwa-vestas-v136-mode0-100":{"min":0.21140563488006592,"max":0.63407963514328},"gwa-vestas-v136-mode0-120":{"min":0.26414260268211365,"max":0.6330534815788269},"gwa-vestas-v136-mode0-150":{"min":0.3372962176799774,"max":0.6428145170211792},"gwa-vestas-v136-mode0-80":{"min":0.15941256284713745,"max":0.6294131875038147},"air-density":{"min":1.136803388595581,"max":1.1550626754760742}}