{"worldpop": {"min": -3.4028234663852886e+38, "max": 1984.68115234375}, "slope": {"min": 0.018887270241975784, "max": 22.983449935913086}, "land-cover": {"min": 10.0, "max": 210.0}, "airports": {"min": 500.0, "max": 397050.375}, "ports": {"min": 707.1067504882812, "max": 403133.0625}, "anchorages": {"min": 0.0, "max": 399713.96875}, "grid": {"min": 65535.0, "max": 398598.1875}, "roads": {"min": 0.0, "max": 391666.0}, "pp-whs": {"min": 0.0, "max": 57271.28515625}, "unep-coral": {"min": 0.0, "max": 5408.3271484375}, "unesco": {"min": 500.0, "max": 57271.28515625}, "unesco-ramsar": {"min": 500.0, "max": 65535.0}, "wwf-glw-1": {"min": 65535.0, "max": 65535.0}, "wwf-glw-2": {"min": 65535.0, "max": 457096.5625}, "jrc-gsw": {"min": 0.0, "max": 1.0}, "pp-marine-protected": {"min": 0.0, "max": 0.0}, "unep-tidal": {"min": 0.0, "max": 1.0}, "wwf-glw-3": {"min": 255.0, "max": 255.0}, "gsa-pvout": {"min": 3.9884021282196045, "max": 4.902245998382568}, "gsa-ghi": {"min": 4.941099643707275, "max": 6.0731520652771}, "gsa-gti": {"min": 4.9454264640808105, "max": 6.176915645599365}, "gsa-temp": {"min": 21.137113571166992, "max": 26.585376739501953}, "gwa-iec1": {"min": 0.08456069231033325, "max": 0.4161180257797241}, "gwa-iec2": {"min": 0.10986433178186417, "max": 0.46444419026374817}, "gwa-iec3": {"min": 0.12966927886009216, "max": 0.4977950155735016}, "gwa-power-10": {"min": 10.910809516906738, "max": 426.2599792480469}, "gwa-speed-10": {"min": 1.8825087547302246, "max": 6.026556015014648}, "gwa-power-50": {"min": 39.32911682128906, "max": 460.0605773925781}, "gwa-speed-50": {"min": 3.334470748901367, "max": 7.272762775421143}, "gwa-power-100": {"min": 73.15830993652344, "max": 499.33660888671875}, "gwa-speed-100": {"min": 4.329052925109863, "max": 7.887715816497803}, "gwa-power-150": {"min": 104.01892852783203, "max": 489.1116943359375}, "gwa-speed-150": {"min": 4.897643089294434, "max": 7.8599395751953125}, "gwa-power-200": {"min": 131.5397491455078, "max": 475.05950927734375}, "gwa-speed-200": {"min": 5.289376735687256, "max": 7.836084842681885}, "gebco": {"min": -23.0, "max": 737.0}, "srtm90": {"min": -2.0, "max": 722.0}, "waterbodies": {"min": 0.0, "max": 2.0}, "gwa-enercon-e44-50": {"min": 0.02099096216261387, "max": 0.28553199768066406}, "gwa-enercon-e48-50": {"min": 0.027928655967116356, "max": 0.34285134077072144}, "gwa-enercon-e53-50": {"min": 0.04094530642032623, "max": 0.38571199774742126}, "gwa-offshore-dtu-10mw-119": {"min": 0.06926635652780533, "max": 0.3974355459213257}, "gwa-offshore-iea-15mw-150": {"min": 0.12272915989160538, "max": 0.44671544432640076}, "gwa-offshore-leanwind-8mw-110": {"min": 0.06667861342430115, "max": 0.4114876091480255}, "gwa-vestas-v100-mode0-100": {"min": 0.11095045506954193, "max": 0.5205678939819336}, "gwa-vestas-v100-mode0-120": {"min": 0.13322031497955322, "max": 0.5214381814002991}, "gwa-vestas-v100-mode0-150": {"min": 0.16594946384429932, "max": 0.515068769454956}, "gwa-vestas-v100-mode0-80": {"min": 0.0888969898223877, "max": 0.5102663040161133}, "gwa-vestas-v110-mode0-100": {"min": 0.13599812984466553, "max": 0.5623362064361572}, "gwa-vestas-v110-mode0-120": {"min": 0.16217336058616638, "max": 0.5633610486984253}, "gwa-vestas-v110-mode0-150": {"min": 0.19976167380809784, "max": 0.5567019581794739}, "gwa-vestas-v110-mode0-80": {"min": 0.10966404527425766, "max": 0.5513134002685547}, "gwa-vestas-v112-mode0-100": {"min": 0.0744679793715477, "max": 0.43497219681739807}, "gwa-vestas-v112-mode0-120": {"min": 0.09027476608753204, "max": 0.4352664351463318}, "gwa-vestas-v112-mode0-150": {"min": 0.11410674452781677, "max": 0.42959147691726685}, "gwa-vestas-v112-mode0-80": {"min": 0.05910398066043854, "max": 0.4269477128982544}, "gwa-vestas-v120-mode0-100": {"min": 0.14625680446624756, "max": 0.5738904476165771}, "gwa-vestas-v120-mode0-120": {"min": 0.17423507571220398, "max": 0.5752306580543518}, "gwa-vestas-v120-mode0-150": {"min": 0.21402208507061005, "max": 0.5683373212814331}, "gwa-vestas-v120-mode0-80": {"min": 0.1179426833987236, "max": 0.5621840953826904}, "gwa-vestas-v126-mode0-100": {"min": 0.09722962230443954, "max": 0.48798081278800964}, "gwa-vestas-v126-mode0-120": {"min": 0.11684641987085342, "max": 0.4885997474193573}, "gwa-vestas-v126-mode0-150": {"min": 0.14593759179115295, "max": 0.48246055841445923}, "gwa-vestas-v126-mode0-80": {"min": 0.07787491381168365, "max": 0.4785309433937073}, "gwa-vestas-v136-mode0-100": {"min": 0.1150512620806694, "max": 0.5249553322792053}, "gwa-vestas-v136-mode0-120": {"min": 0.13781413435935974, "max": 0.525754451751709}, "gwa-vestas-v136-mode0-150": {"min": 0.1710612028837204, "max": 0.5192974805831909}, "gwa-vestas-v136-mode0-80": {"min": 0.09240513294935226, "max": 0.5147449970245361}, "air-density": {"min": 1.0831178426742554, "max": 1.1538021564483643}, "lcoe": {"gwa-vestas-v136-mode0-100": {"lg": {"min": 70.21279907226562, "max": 306.1154479980469}, "li": {"min": 3.8143157958984375, "max": 22.5679988861084}, "lr": {"min": 0.0, "max": 14.912986755371094}, "total": {"min": 74.5487289428711, "max": 323.5193786621094}}, "gwa-vestas-v112-mode0-80": {"lg": {"min": 85.41221618652344, "max": 592.0950927734375}, "li": {"min": 4.689908027648926, "max": 35.738006591796875}, "lr": {"min": 0.0, "max": 23.665807723999023}, "total": {"min": 90.74348449707031, "max": 625.9734497070312}}, "gwa-offshore-leanwind-8mw-110": {"lg": {"min": 88.47098541259766, "max": 525.2879638671875}, "li": {"min": 4.866114139556885, "max": 33.332672119140625}, "lr": {"min": 0.0, "max": 22.026308059692383}, "total": {"min": 94.00254821777344, "max": 555.3177490234375}}, "gwa-vestas-v110-mode0-100": {"lg": {"min": 65.81135559082031, "max": 259.5826416015625}, "li": {"min": 3.5607619285583496, "max": 19.974899291992188}, "lr": {"min": 0.0, "max": 13.19946002960205}, "total": {"min": 69.85905456542969, "max": 274.30596923828125}}, "gwa-vestas-v100-mode0-150": {"lg": {"min": 71.48372650146484, "max": 213.4539031982422}, "li": {"min": 3.8875300884246826, "max": 18.021841049194336}, "lr": {"min": 0.0, "max": 11.908873558044434}, "total": {"min": 75.90288543701172, "max": 225.5198974609375}}, "gwa-vestas-v136-mode0-120": {"lg": {"min": 70.1121597290039, "max": 256.2147521972656}, "li": {"min": 3.808518409729004, "max": 20.39515495300293}, "lr": {"min": 0.0, "max": 13.477166175842285}, "total": {"min": 74.44149780273438, "max": 270.74407958984375}}, "gwa-vestas-v120-mode0-80": {"lg": {"min": 65.82807922363281, "max": 298.7088928222656}, "li": {"min": 3.561725616455078, "max": 21.191781997680664}, "lr": {"min": 0.0, "max": 14.033257484436035}, "total": {"min": 69.87687683105469, "max": 315.6861572265625}}, "gwa-vestas-v120-mode0-150": {"lg": {"min": 65.15868377685547, "max": 166.40733337402344}, "li": {"min": 3.5231637954711914, "max": 15.263933181762695}, "lr": {"min": 0.0, "max": 10.086443901062012}, "total": {"min": 69.16364288330078, "max": 175.76312255859375}}, "gwa-vestas-v110-mode0-150": {"lg": {"min": 66.43692016601562, "max": 178.0011444091797}, "li": {"min": 3.596799373626709, "max": 15.980242729187012}, "lr": {"min": 0.0, "max": 10.559782028198242}, "total": {"min": 70.52558898925781, "max": 188.02481079101562}}, "gwa-offshore-iea-15mw-150": {"lg": {"min": 81.80962371826172, "max": 287.2151794433594}, "li": {"min": 4.4823737144470215, "max": 22.324743270874023}, "lr": {"min": 0.0, "max": 14.752243995666504}, "total": {"min": 86.90497589111328, "max": 303.53033447265625}}, "gwa-vestas-v100-mode0-120": {"lg": {"min": 70.65940856933594, "max": 264.911865234375}, "li": {"min": 3.840043783187866, "max": 20.771635055541992}, "lr": {"min": 0.0, "max": 13.725944519042969}, "total": {"min": 75.02458190917969, "max": 279.94219970703125}}, "gwa-enercon-e48-50": {"lg": {"min": 105.38142395019531, "max": 1248.555419921875}, "li": {"min": 5.840272426605225, "max": 71.69501495361328}, "lr": {"min": 0.0, "max": 41.58331298828125}, "total": {"min": 112.0203628540039, "max": 1320.25048828125}},