{"worldpop":{"min":-3.4028234663852886e+38,"max":22958.541015625},"slope":{"min":0.0,"max":27.797374725341797},"land-cover":{"min":10.0,"max":210.0},"airports":{"min":0.0,"max":230604.09375},"ports":{"min":0.0,"max":500000.0},"anchorages":{"min":0.0,"max":500000.0},"grid":{"min":0.0,"max":64031.2421875},"roads":{"min":0.0,"max":30054.1171875},"pp-whs":{"min":247998.484375,"max":680248.6875},"unep-coral":{"min":65535.0,"max":500000.0},"unesco":{"min":0.0,"max":237158.703125},"unesco-ramsar":{"min":65535.0,"max":499990.5},"wwf-glw-1":{"min":0.0,"max":273117.1875},"wwf-glw-2":{"min":0.0,"max":174535.09375},"jrc-gsw":{"min":0.0,"max":1.0},"pp-marine-protected":{"min":0.0,"max":0.0},"unep-tidal":{"min":0.0,"max":0.0},"wwf-glw-3":{"min":1.0,"max":255.0},"gsa-pvout":{"min":3.466460704803467,"max":5.472214698791504},"gsa-ghi":{"min":4.060530185699463,"max":6.011519908905029},"gsa-gti":{"min":4.300971984863281,"max":6.781587600708008},"gsa-temp":{"min":4.894172668457031,"max":22.299999237060547},"gwa-iec1":{"min":0.04708227887749672,"max":0.6262760162353516},"gwa-iec2":{"min":0.058359552174806595,"max":0.6581058502197266},"gwa-iec3":{"min":0.06609954684972763,"max":0.6845474243164062},"gwa-power-10":{"min":4.948127746582031,"max":2746.8818359375},"gwa-speed-10":{"min":1.196610927581787,"max":10.890646934509277},"gwa-power-50":{"min":26.377735137939453,"max":2643.679443359375},"gwa-speed-50":{"min":2.058762550354004,"max":11.682701110839844},"gwa-power-100":{"min":46.106651306152344,"max":2515.20703125},"gwa-speed-100":{"min":2.502326250076294,"max":12.139344215393066},"gwa-power-150":{"min":58.81317901611328,"max":2454.334228515625},"gwa-speed-150":{"min":2.7463276386260986,"max":12.735432624816895},"gwa-power-200":{"min":66.09233856201172,"max":2475.696044921875},"gwa-speed-200":{"min":2.694228410720825,"max":13.138402938842773},"gebco":{"min":-103.0,"max":2721.0},"srtm90":{"min":2.0,"max":2732.0},"waterbodies":{"min":0.0,"max":2.0},"gwa-enercon-e44-50":{"min":0.017212385311722755,"max":0.45503538846969604},"gwa-enercon-e48-50":{"min":0.0225233044475317,"max":0.5107514262199402},"gwa-enercon-e53-50":{"min":0.030852027237415314,"max":0.5460965037345886},"gwa-offshore-dtu-10mw-119":{"min":0.042030464857816696,"max":0.6115887761116028},"gwa-offshore-iea-15mw-150":{"min":0.062404245138168335,"max":0.6782311797142029},"gwa-offshore-leanwind-8mw-110":{"min":0.04204404354095459,"max":0.6158165335655212},"gwa-vestas-v100-mode0-100":{"min":0.06665532290935516,"max":0.6827691793441772},"gwa-vestas-v100-mode0-120":{"min":0.07240088284015656,"max":0.6969121694564819},"gwa-vestas-v100-mode0-150":{"min":0.07926143705844879,"max":0.7043467164039612},"gwa-vestas-v100-mode0-80":{"min":0.060135938227176666,"max":0.658292829990387},"gwa-vestas-v110-mode0-100":{"min":0.07742802798748016,"max":0.7157872915267944},"gwa-vestas-v110-mode0-120":{"min":0.08426768332719803,"max":0.7290899753570557},"gwa-vestas-v110-mode0-150":{"min":0.0919688418507576,"max":0.7356013655662537},"gwa-vestas-v110-mode0-80":{"min":0.07050434499979019,"max":0.6920414566993713},"gwa-vestas-v112-mode0-100":{"min":0.047654908150434494,"max":0.6248978972434998},"gwa-vestas-v112-mode0-120":{"min":0.05305362120270729,"max":0.6448732614517212},"gwa-vestas-v112-mode0-150":{"min":0.05857494845986366,"max":0.6632600426673889},"gwa-vestas-v112-mode0-80":{"min":0.04148230701684952,"max":0.5972607731819153},"gwa-vestas-v120-mode0-100":{"min":0.08154415339231491,"max":0.6994256973266602},"gwa-vestas-v120-mode0-120":{"min":0.0887538269162178,"max":0.7085239291191101},"gwa-vestas-v120-mode0-150":{"min":0.09686722606420517,"max":0.7332822680473328},"gwa-vestas-v120-mode0-80":{"min":0.07418001443147659,"max":0.6802142858505249},"gwa-vestas-v126-mode0-100":{"min":0.06008673831820488,"max":0.6593056917190552},"gwa-vestas-v126-mode0-120":{"min":0.06526004523038864,"max":0.6751096844673157},"gwa-vestas-v126-mode0-150":{"min":0.0715765506029129,"max":0.6854540705680847},"gwa-vestas-v126-mode0-80":{"min":0.05320345610380173,"max":0.6338344812393188},"gwa-vestas-v136-mode0-100":{"min":0.0683453157544136,"max":0.6893106698989868},"gwa-vestas-v136-mode0-120":{"min":0.07425887137651443,"max":0.7040639519691467},"gwa-vestas-v136-mode0-150":{"min":0.08122231066226959,"max":0.7127329707145691},"gwa-vestas-v136-mode0-80":{"min":0.061940647661685944,"max":0.6645464301109314},"air-density":{"min":0.9076871871948242,"max":1.1851671934127808},"lcoe":{"gwa-vestas-v136-mode0-100":{"lg":{"min":54.425392150878906,"max":512.5756225585938},"li":{"min":1.641756534576416,"max":15.594077110290527},"lr":{"min":0.0,"max":1.2434439659118652},"total":{"min":56.445899963378906,"max":527.8130493164062}},"gwa-vestas-v112-mode0-80":{"lg":{"min":62.19696044921875,"max":841.9176635742188},"li":{"min":1.8440335988998413,"max":24.999982833862305},"lr":{"min":0.0,"max":1.9409130811691284},"total":{"min":64.52886962890625,"max":867.0595092773438}},"gwa-offshore-leanwind-8mw-110":{"lg":{"min":60.4433708190918,"max":830.7224731445312},"li":{"min":1.832867980003357,"max":24.884145736694336},"lr":{"min":0.0,"max":1.973840355873108},"total":{"min":62.705013275146484,"max":856.4227905273438}},"gwa-vestas-v110-mode0-100":{"lg":{"min":52.5601806640625,"max":452.9170227050781},"li":{"min":1.5638148784637451,"max":13.709035873413086},"lr":{"min":0.0,"max":1.1107890605926514},"total":{"min":54.50595474243164,"max":466.36700439453125}},"gwa-vestas-v100-mode0-150":{"lg":{"min":53.34893035888672,"max":442.53302001953125},"li":{"min":1.5162876844406128,"max":13.552156448364258},"lr":{"min":0.0,"max":1.0560216903686523},"total":{"min":55.32630920410156,"max":456.159423828125}},"gwa-vestas-v136-mode0-120":{"lg":{"min":53.3687629699707,"max":472.0755615234375},"li":{"min":1.592742681503296,"max":14.475029945373535},"lr":{"min":0.0,"max":1.1535420417785645},"total":{"min":55.34693145751953,"max":486.61993408203125}},"gwa-vestas-v120-mode0-80":{"lg":{"min":55.09971618652344,"max":472.5731201171875},"li":{"min":1.6255930662155151,"max":14.273152351379395},"lr":{"min":0.0,"max":1.1855415105819702},"total":{"min":57.147247314453125,"max":486.61199951171875}},"gwa-vestas-v120-mode0-150":{"lg":{"min":51.401611328125,"max":362.8288879394531},"li":{"min":1.4267768859863281,"max":11.089029312133789},"lr":{"min":0.0,"max":0.8628256320953369},"total":{"min":52.86851501464844,"max":373.9786682128906}},"gwa-vestas-v110-mode0-150":{"lg":{"min":51.252174377441406,"max":381.9405822753906},"li":{"min":1.4367705583572388,"max":11.679645538330078},"lr":{"min":0.0,"max":0.9104464650154114},"total":{"min":53.14553451538086,"max":393.6842346191406}},"gwa-offshore-iea-15mw-150":{"lg":{"min":55.2491340637207,"max":560.9935302734375},"li":{"min":1.6740409135818481,"max":17.22270393371582},"lr":{"min":0.0,"max":1.352325439453125},"total":{"min":57.302650451660156,"max":578.3008422851562}},"gwa-vestas-v100-mode0-120":{"lg":{"min":53.87538146972656,"max":484.0874938964844},"li":{"min":1.6058931350708008,"max":14.850586891174316},"lr":{"min":0.0,"max":1.181954264640808},"total":{"min":55.87385177612305,"max":499.0050964355469}},"gwa-enercon-e48-50":{"lg":{"min":72.05416107177734,"max":1547.2354736328125},"li":{"min":2.068312644958496,"max":47.21919631958008},"lr":{"min":0.0,"max":2.92694091796875},"total":{"min":74.16856384277344,"max":1593.5404052734375}},"gwa-vestas-v126-mode0-120":{"lg":{"min":55.48609161376953,"max":536.6193237304688},"li":{"min":1.6767607927322388,"max":16.49123191833496},"lr":{"min":0.0,"max":1.3198012113571167},"total":{"min":57.549102783203125,"max":553.169189453125}},"gwa-vestas-v110-mode0-80":{"lg":{"min":54.22641372680664,"max":497.0016784667969},"li":{"min":1.6283457279205322,"max":15.051390647888184},"lr":{"min":0.0,"max":1.2350963354110718},"total":{"min":56.238948822021484,"max":511.7724609375}},"gwa-iec3":{"lg":{"min":54.7762565612793,"max":529.854736328125},"li":{"min":1.6466648578643799,"max":15.776986122131348},"lr":{"min":0.0,"max":1.3067234754562378},