{"worldpop":{"min":-3.4028234663852886e+38,"max":8632.35546875},"slope":{"min":0.0,"max":27.97464370727539},"land-cover":{"min":10.0,"max":210.0},"airports":{"min":4500.0,"max":116503.21875},"ports":{"min":0.0,"max":89244.046875},"anchorages":{"min":0.0,"max":83836.1484375},"grid":{"min":0.0,"max":87642.7421875},"roads":{"min":0.0,"max":86903.6796875},"pp-whs":{"min":262983.375,"max":423264.6875},"unep-coral":{"min":65535.0,"max":65535.0},"unesco":{"min":29000.0,"max":165744.53125},"unesco-ramsar":{"min":50500.0,"max":205029.875},"wwf-glw-1":{"min":53051.859375,"max":191492.171875},"wwf-glw-2":{"min":33000.0,"max":121148.6640625},"jrc-gsw":{"min":0.0,"max":255.0},"pp-marine-protected":{"min":0.0,"max":0.0},"unep-tidal":{"min":0.0,"max":0.0},"wwf-glw-3":{"min":255.0,"max":255.0},"gsa-pvout":{"min":3.779268741607666,"max":4.628334045410156},"gsa-ghi":{"min":4.348814964294434,"max":5.217668533325195},"gsa-gti":{"min":4.6890363693237305,"max":5.799668312072754},"gsa-temp":{"min":17.493436813354492,"max":21.513072967529297},"gwa-iec1":{"min":0.1346588432788849,"max":0.45594245195388794},"gwa-iec2":{"min":0.15893733501434326,"max":0.4992316961288452},"gwa-iec3":{"min":0.17446675896644592,"max":0.5337302088737488},"gwa-power-10":{"min":15.251354217529297,"max":820.14208984375},"gwa-speed-10":{"min":1.9098726511001587,"max":7.112635135650635},"gwa-power-50":{"min":86.77554321289062,"max":1075.358642578125},"gwa-speed-50":{"min":3.402040481567383,"max":8.376252174377441},"gwa-power-100":{"min":158.57559204101562,"max":1281.7620849609375},"gwa-speed-100":{"min":4.714264869689941,"max":9.057839393615723},"gwa-power-150":{"min":183.92550659179688,"max":1361.8009033203125},"gwa-speed-150":{"min":4.694353103637695,"max":9.129114151000977},"gwa-power-200":{"min":184.60699462890625,"max":1341.183837890625},"gwa-speed-200":{"min":4.6614227294921875,"max":9.09515380859375},"gebco":{"min":-1808.0,"max":649.0},"srtm90":{"min":2.0,"max":672.0},"waterbodies":{"min":0.0,"max":2.0},"gwa-enercon-e44-50":{"min":0.06196669861674309,"max":0.33559688925743103},"gwa-enercon-e48-50":{"min":0.07742443680763245,"max":0.38476479053497314},"gwa-enercon-e53-50":{"min":0.09363510459661484,"max":0.41991347074508667},"gwa-offshore-dtu-10mw-119":{"min":0.1312151998281479,"max":0.43205150961875916},"gwa-offshore-iea-15mw-150":{"min":0.18134582042694092,"max":0.4669315218925476},"gwa-offshore-leanwind-8mw-110":{"min":0.1286185085773468,"max":0.43978509306907654},"gwa-vestas-v100-mode0-100":{"min":0.17223025858402252,"max":0.5268268585205078},"gwa-vestas-v100-mode0-120":{"min":0.19072529673576355,"max":0.5246282815933228},"gwa-vestas-v100-mode0-150":{"min":0.21323102712631226,"max":0.5117045640945435},"gwa-vestas-v100-mode0-80":{"min":0.1530352532863617,"max":0.5165560841560364},"gwa-vestas-v110-mode0-100":{"min":0.19404827058315277,"max":0.5616387128829956},"gwa-vestas-v110-mode0-120":{"min":0.21363064646720886,"max":0.5592550039291382},"gwa-vestas-v110-mode0-150":{"min":0.2353827804327011,"max":0.5458141565322876},"gwa-vestas-v110-mode0-80":{"min":0.17309440672397614,"max":0.5511252880096436},"gwa-vestas-v112-mode0-100":{"min":0.13449393212795258,"max":0.4625522196292877},"gwa-vestas-v112-mode0-120":{"min":0.15073198080062866,"max":0.46107158064842224},"gwa-vestas-v112-mode0-150":{"min":0.1727653294801712,"max":0.4529626965522766},"gwa-vestas-v112-mode0-80":{"min":0.11868675798177719,"max":0.4531188905239105},"gwa-vestas-v120-mode0-100":{"min":0.20121927559375763,"max":0.5619480609893799},"gwa-vestas-v120-mode0-120":{"min":0.21996496617794037,"max":0.559280514717102},"gwa-vestas-v120-mode0-150":{"min":0.24106277525424957,"max":0.5453960299491882},"gwa-vestas-v120-mode0-80":{"min":0.17965711653232574,"max":0.5514920949935913},"gwa-vestas-v126-mode0-100":{"min":0.1581304520368576,"max":0.5023386478424072},"gwa-vestas-v126-mode0-120":{"min":0.17575609683990479,"max":0.5003572702407837},"gwa-vestas-v126-mode0-150":{"min":0.1986570656299591,"max":0.4880724549293518},"gwa-vestas-v126-mode0-80":{"min":0.14021636545658112,"max":0.49232712388038635},"gwa-vestas-v136-mode0-100":{"min":0.17549492418766022,"max":0.5331272482872009},"gwa-vestas-v136-mode0-120":{"min":0.19415496289730072,"max":0.5309118032455444},"gwa-vestas-v136-mode0-150":{"min":0.2167973518371582,"max":0.5179704427719116},"gwa-vestas-v136-mode0-80":{"min":0.15606731176376343,"max":0.5228906869888306},"air-density":{"min":1.1171231269836426,"max":1.1852216720581055}}