{"worldpop":{"min":-3.4028234663852886e+38,"max":1323.6431884765625},"slope":{"min":0.0,"max":28.95660972595215},"land-cover":{"min":13.31873893737793,"max":210.0},"airports":{"min":0.0,"max":60533.05078125},"ports":{"min":0.0,"max":60000.0},"anchorages":{"min":0.0,"max":42059.484375},"grid":{"min":151711.078125,"max":219049.09375},"roads":{"min":0.0,"max":13462.9111328125},"pp-whs":{"min":267226.96875,"max":358642.5625},"unep-coral":{"min":0.0,"max":14317.8212890625},"unesco":{"min":240463.09375,"max":286592.46875},"unesco-ramsar":{"min":419986.90625,"max":480205.15625},"wwf-glw-1":{"min":122851.5390625,"max":216127.859375},"wwf-glw-2":{"min":0.0,"max":39051.24609375},"jrc-gsw":{"min":0.0,"max":1.0},"pp-marine-protected":{"min":0.0,"max":0.0},"unep-tidal":{"min":0.0,"max":1.0},"wwf-glw-3":{"min":1.0,"max":255.0},"gsa-pvout":{"min":4.530099391937256,"max":4.95811128616333},"gsa-ghi":{"min":5.371671676635742,"max":5.877700328826904},"gsa-gti":{"min":5.697386264801025,"max":6.252434253692627},"gsa-temp":{"min":25.805709838867188,"max":26.100000381469727},"gwa-iec1":{"min":0.1781521886587143,"max":0.4968057870864868},"gwa-iec2":{"min":0.22213798761367798,"max":0.5619555115699768},"gwa-iec3":{"min":0.2566649317741394,"max":0.6051540970802307},"gwa-power-10":{"min":12.662313461303711,"max":240.00392150878906},"gwa-speed-10":{"min":2.22247314453125,"max":6.2739057540893555},"gwa-power-50":{"min":82.33042907714844,"max":408.89398193359375},"gwa-speed-50":{"min":4.322605133056641,"max":7.7487592697143555},"gwa-power-100":{"min":153.1243438720703,"max":496.523681640625},"gwa-speed-100":{"min":5.550238609313965,"max":8.45109748840332},"gwa-power-150":{"min":222.55880737304688,"max":526.00830078125},"gwa-speed-150":{"min":6.387468338012695,"max":8.609176635742188},"gwa-power-200":{"min":290.7085876464844,"max":543.8981323242188},"gwa-speed-200":{"min":6.986374378204346,"max":8.734426498413086},"gebco":{"min":-405.0,"max":110.0},"srtm90":{"min":0.0,"max":29.0},"waterbodies":{"min":0.0,"max":2.0},"gwa-enercon-e44-50":{"min":0.061044756323099136,"max":0.2980111837387085},"gwa-enercon-e48-50":{"min":0.08002986758947372,"max":0.3699256181716919},"gwa-enercon-e53-50":{"min":0.10397820919752121,"max":0.4236201047897339},"gwa-offshore-dtu-10mw-119":{"min":0.17990635335445404,"max":0.45349326729774475},"gwa-offshore-iea-15mw-150":{"min":0.2805277705192566,"max":0.5288038849830627},"gwa-offshore-leanwind-8mw-110":{"min":0.17524424195289612,"max":0.4644203186035156},"gwa-vestas-v100-mode0-100":{"min":0.2581353485584259,"max":0.5959588289260864},"gwa-vestas-v100-mode0-120":{"min":0.2967833876609802,"max":0.6032930612564087},"gwa-vestas-v100-mode0-150":{"min":0.35534247756004333,"max":0.6083135008811951},"gwa-vestas-v100-mode0-80":{"min":0.21986062824726105,"max":0.5802835822105408},"gwa-vestas-v110-mode0-100":{"min":0.30184298753738403,"max":0.6446723937988281},"gwa-vestas-v110-mode0-120":{"min":0.3443138003349304,"max":0.6516153812408447},"gwa-vestas-v110-mode0-150":{"min":0.406220018863678,"max":0.6557380557060242},"gwa-vestas-v110-mode0-80":{"min":0.25898563861846924,"max":0.6289260983467102},"gwa-vestas-v112-mode0-100":{"min":0.18491074442863464,"max":0.491735577583313},"gwa-vestas-v112-mode0-120":{"min":0.21511036157608032,"max":0.4992992579936981},"gwa-vestas-v112-mode0-150":{"min":0.2636491060256958,"max":0.5058070421218872},"gwa-vestas-v112-mode0-80":{"min":0.15601257979869843,"max":0.4773622453212738},"gwa-vestas-v120-mode0-100":{"min":0.32037267088890076,"max":0.6635168790817261},"gwa-vestas-v120-mode0-120":{"min":0.3644395172595978,"max":0.6702048182487488},"gwa-vestas-v120-mode0-150":{"min":0.4275803864002228,"max":0.6737452745437622},"gwa-vestas-v120-mode0-80":{"min":0.27553120255470276,"max":0.6477913856506348},"gwa-vestas-v126-mode0-100":{"min":0.22975583374500275,"max":0.5575281381607056},"gwa-vestas-v126-mode0-120":{"min":0.26509591937065125,"max":0.5649760365486145},"gwa-vestas-v126-mode0-150":{"min":0.31995323300361633,"max":0.5705841779708862},"gwa-vestas-v126-mode0-80":{"min":0.1951829195022583,"max":0.5422701835632324},"gwa-vestas-v136-mode0-100":{"min":0.2641889750957489,"max":0.6013565063476562},"gwa-vestas-v136-mode0-120":{"min":0.3031472861766815,"max":0.6085923910140991},"gwa-vestas-v136-mode0-150":{"min":0.36180204153060913,"max":0.6134642362594604},"gwa-vestas-v136-mode0-80":{"min":0.22546139359474182,"max":0.5857683420181274},"air-density":{"min":1.1550748348236084,"max":1.1582112312316895},"lcoe":{"gwa-vestas-v136-mode0-100":{"lg":{"min":61.80058670043945,"max":135.5677947998047},"li":{"min":6.359617233276367,"max":14.425370216369629},"lr":{"min":0.0,"max":0.351849228143692},"total":{"min":68.32765197753906,"max":149.98301696777344}},"gwa-vestas-v112-mode0-80":{"lg":{"min":76.81421661376953,"max":226.79457092285156},"li":{"min":8.116548538208008,"max":24.450153350830078},"lr":{"min":0.0,"max":0.5575942993164062},"total":{"min":85.03668212890625,"max":251.28244018554688}},"gwa-offshore-leanwind-8mw-110":{"lg":{"min":78.84331512451172,"max":202.34466552734375},"li":{"min":8.377069473266602,"max":21.70826530456543},"lr":{"min":0.0,"max":0.510301411151886},"total":{"min":87.29491424560547,"max":224.0529327392578}},"gwa-vestas-v110-mode0-100":{"lg":{"min":57.916934967041016,"max":119.15510559082031},"li":{"min":5.906129837036133,"max":12.622289657592773},"lr":{"min":0.0,"max":0.31334084272384644},"total":{"min":64.00543975830078,"max":131.77207946777344}},"gwa-vestas-v100-mode0-150":{"lg":{"min":61.139549255371094,"max":101.817626953125},"li":{"min":6.304487228393555,"max":10.705864906311035},"lr":{"min":0.0,"max":0.2994581162929535},"total":{"min":67.59196472167969,"max":112.52349090576172}},"gwa-vestas-v136-mode0-120":{"lg":{"min":61.11336898803711,"max":118.6596450805664},"li":{"min":6.290687561035156,"max":12.549176216125488},"lr":{"min":0.0,"max":0.3219580352306366},"total":{"min":67.56282806396484,"max":131.2088165283203}},"gwa-vestas-v120-mode0-80":{"lg":{"min":57.6573371887207,"max":130.15179443359375},"li":{"min":5.859897613525391,"max":13.844281196594238},"lr":{"min":0.0,"max":0.3341578543186188},"total":{"min":63.716529846191406,"max":144.01744079589844}},"gwa-vestas-v120-mode0-150":{"lg":{"min":55.59035873413086,"max":85.29175567626953},"li":{"min":5.628653049468994,"max":8.897153854370117},"lr":{"min":0.0,"max":0.2630627155303955},"total":{"min":61.416141510009766,"max":94.18891143798828}},"gwa-vestas-v110-mode0-150":{"lg":{"min":57.007080078125,"max":89.56635284423828},"li":{"min":5.823770523071289,"max":9.364995956420898},"lr":{"min":0.0,"max":0.27258193492889404},"total":{"min":62.99284362792969,"max":98.93135070800781}},"gwa-offshore-iea-15mw-150":{"lg":{"min":69.73090362548828,"max":127.90487670898438},"li":{"min":7.3071980476379395,"max":13.561040878295898},"lr":{"min":0.0,"max":0.3653697669506073},"total":{"min":77.15348815917969,"max":141.46591186523438}},"gwa-vestas-v100-mode0-120":{"lg":{"min":61.61504364013672,"max":121.11827850341797},"li":{"min":6.3494086265563965,"max":12.818266868591309},"lr":{"min":0.0,"max":0.3273272216320038},"total":{"min":68.12115478515625,"max":133.93653869628906}},"gwa-enercon-e48-50":{"lg":{"min":97.96148681640625,"max":438.32232666015625},"li":{"min":10.551067352294922,"max":47.715087890625},"lr":{"min":0.0,"max":1.013202428817749},"total":{"min":108.57197570800781,"max":486.1109619140625}},"gwa-vestas-v126-mode0-120":{"lg":{"min":65.52254486083984,"max":135.11767578125},"li":{"min":6.807789325714111,"max":14.35046100616455},"lr":{"min":0.0,"max":0.36227986216545105},"total":{"min":72.46990966796875,"max":149.4681396484375}},"gwa-vestas-v110-mode0-80":{"lg":{"min":59.26683807373047,"max":138.21115112304688},"li":{"min":6.050924777984619,"max":14.728738784790039},"lr":{"min":0.0,"max":0.3530363142490387},"total":{"min":65.50778198242188,"max":152.96261596679688}},"gwa-iec3":{"lg":{"min":61.43785858154297,"max":139.42465209960938},"li":{"min":6.350528240203857,"max":14.837806701660156},