{"worldpop":{"min":-3.4028234663852886e+38,"max":1268.637939453125},"slope":{"min":0.0,"max":62.394771575927734},"land-cover":{"min":13.31873893737793,"max":210.0},"airports":{"min":0.0,"max":417485.625},"ports":{"min":500.0,"max":419288.09375},"anchorages":{"min":0.0,"max":399965.625},"grid":{"min":65535.0,"max":500000.0},"roads":{"min":0.0,"max":387196.3125},"pp-whs":{"min":213392.84375,"max":702301.375},"unep-coral":{"min":0.0,"max":381642.8125},"unesco":{"min":65535.0,"max":500000.0},"unesco-ramsar":{"min":65535.0,"max":500000.0},"wwf-glw-1":{"min":65535.0,"max":500000.0},"wwf-glw-2":{"min":0.0,"max":385751.21875},"jrc-gsw":{"min":0.0,"max":255.0},"pp-marine-protected":{"min":0.0,"max":1.0},"unep-tidal":{"min":0.0,"max":1.0},"wwf-glw-3":{"min":1.0,"max":255.0},"gsa-pvout":{"min":4.514301776885986,"max":5.021700859069824},"gsa-ghi":{"min":5.361527442932129,"max":5.964990139007568},"gsa-gti":{"min":5.675217628479004,"max":6.330325126647949},"gsa-temp":{"min":24.899999618530273,"max":26.299999237060547},"gwa-iec1":{"min":0.1781521886587143,"max":0.5147546529769897},"gwa-iec2":{"min":0.22213798761367798,"max":0.5813429951667786},"gwa-iec3":{"min":0.2566649317741394,"max":0.6250189542770386},"gwa-power-10":{"min":13.077792167663574,"max":256.4075622558594},"gwa-speed-10":{"min":2.244788646697998,"max":6.55390739440918},"gwa-power-50":{"min":83.17147827148438,"max":417.83837890625},"gwa-speed-50":{"min":4.329982280731201,"max":7.8714704513549805},"gwa-power-100":{"min":153.1243438720703,"max":510.223876953125},"gwa-speed-100":{"min":5.7295427322387695,"max":8.579849243164062},"gwa-power-150":{"min":222.55880737304688,"max":531.6065063476562},"gwa-speed-150":{"min":6.387468338012695,"max":8.72120475769043},"gwa-power-200":{"min":290.7085876464844,"max":547.6446533203125},"gwa-speed-200":{"min":6.986374378204346,"max":8.814143180847168},"gebco":{"min":-5821.0,"max":280.0},"srtm90":{"min":-2.0,"max":29.0},"waterbodies":{"min":0.0,"max":2.0},"gwa-enercon-e44-50":{"min":0.061795469373464584,"max":0.304799884557724},"gwa-enercon-e48-50":{"min":0.08098912984132767,"max":0.37917694449424744},"gwa-enercon-e53-50":{"min":0.1050623208284378,"max":0.4344223737716675},"gwa-offshore-dtu-10mw-119":{"min":0.17990635335445404,"max":0.46438056230545044},"gwa-offshore-iea-15mw-150":{"min":0.2805277705192566,"max":0.5418590903282166},"gwa-offshore-leanwind-8mw-110":{"min":0.17524424195289612,"max":0.4759664833545685},"gwa-vestas-v100-mode0-100":{"min":0.2581353485584259,"max":0.6106431484222412},"gwa-vestas-v100-mode0-120":{"min":0.2967833876609802,"max":0.6175398230552673},"gwa-vestas-v100-mode0-150":{"min":0.35534247756004333,"max":0.6235329508781433},"gwa-vestas-v100-mode0-80":{"min":0.21986062824726105,"max":0.5972284078598022},"gwa-vestas-v110-mode0-100":{"min":0.30184298753738403,"max":0.6596676111221313},"gwa-vestas-v110-mode0-120":{"min":0.3443138003349304,"max":0.6664416790008545},"gwa-vestas-v110-mode0-150":{"min":0.406220018863678,"max":0.6718286275863647},"gwa-vestas-v110-mode0-80":{"min":0.25898563861846924,"max":0.6460633873939514},"gwa-vestas-v112-mode0-100":{"min":0.18491074442863464,"max":0.5046612024307251},"gwa-vestas-v112-mode0-120":{"min":0.21511036157608032,"max":0.5112242698669434},"gwa-vestas-v112-mode0-150":{"min":0.2636491060256958,"max":0.5179955959320068},"gwa-vestas-v112-mode0-80":{"min":0.15601257979869843,"max":0.49272799491882324},"gwa-vestas-v120-mode0-100":{"min":0.32037267088890076,"max":0.6787015199661255},"gwa-vestas-v120-mode0-120":{"min":0.3644395172595978,"max":0.6853936910629272},"gwa-vestas-v120-mode0-150":{"min":0.4275803864002228,"max":0.6904130578041077},"gwa-vestas-v120-mode0-80":{"min":0.27553120255470276,"max":0.6650232076644897},"gwa-vestas-v126-mode0-100":{"min":0.22975583374500275,"max":0.5716663002967834},"gwa-vestas-v126-mode0-120":{"min":0.26509591937065125,"max":0.5784575343132019},"gwa-vestas-v126-mode0-150":{"min":0.31995323300361633,"max":0.5847647786140442},"gwa-vestas-v126-mode0-80":{"min":0.1951829195022583,"max":0.5587470531463623},"gwa-vestas-v136-mode0-100":{"min":0.2641889750957489,"max":0.6160308122634888},"gwa-vestas-v136-mode0-120":{"min":0.3031472861766815,"max":0.6228508949279785},"gwa-vestas-v136-mode0-150":{"min":0.36180204153060913,"max":0.6287123560905457},"gwa-vestas-v136-mode0-80":{"min":0.22546139359474182,"max":0.6026887893676758},"air-density":{"min":1.1550748348236084,"max":1.161797285079956}}