{"worldpop":{"min":-3.4028234663852886e+38,"max":5326.02685546875},"slope":{"min":0.0,"max":37.1799430847168},"land-cover":{"min":10.0,"max":210.0},"airports":{"min":707.1067504882812,"max":500000.0},"ports":{"min":65535.0,"max":500000.0},"anchorages":{"min":65535.0,"max":65535.0},"grid":{"min":0.0,"max":500000.0},"roads":{"min":0.0,"max":225062.203125},"pp-whs":{"min":0.0,"max":725196.0},"unep-coral":{"min":65535.0,"max":65535.0},"unesco":{"min":707.1067504882812,"max":499996.5},"unesco-ramsar":{"min":500.0,"max":500000.0},"wwf-glw-1":{"min":0.0,"max":500000.0},"wwf-glw-2":{"min":0.0,"max":499988.0},"jrc-gsw":{"min":0.0,"max":1.0},"pp-marine-protected":{"min":0.0,"max":0.0},"unep-tidal":{"min":0.0,"max":0.0},"wwf-glw-3":{"min":1.0,"max":255.0},"gsa-pvout":{"min":4.522082805633545,"max":5.945490837097168},"gsa-ghi":{"min":5.7345147132873535,"max":6.89882230758667},"gsa-gti":{"min":5.851902961730957,"max":7.487132549285889},"gsa-temp":{"min":10.613455772399902,"max":29.899999618530273},"gwa-iec1":{"min":0.011124360375106335,"max":0.7421186566352844},"gwa-iec2":{"min":0.015583669766783714,"max":0.761825680732727},"gwa-iec3":{"min":0.01869124360382557,"max":0.7829702496528625},"gwa-power-10":{"min":2.0470917224884033,"max":3646.488525390625},"gwa-speed-10":{"min":0.9220117330551147,"max":13.3121976852417},"gwa-power-50":{"min":8.825669288635254,"max":3014.549560546875},"gwa-speed-50":{"min":1.643172025680542,"max":14.861655235290527},"gwa-power-100":{"min":13.728673934936523,"max":3404.136962890625},"gwa-speed-100":{"min":2.0654916763305664,"max":15.859848976135254},"gwa-power-150":{"min":23.75684356689453,"max":3756.34765625},"gwa-speed-150":{"min":2.5871105194091797,"max":16.273834228515625},"gwa-power-200":{"min":39.3482551574707,"max":4340.71142578125},"gwa-speed-200":{"min":3.0936710834503174,"max":16.436912536621094},"gebco":{"min":166.0,"max":3318.0},"srtm90":{"min":166.0,"max":3279.0},"waterbodies":{"min":1.0,"max":2.0},"gwa-enercon-e44-50":{"min":0.003815373172983527,"max":0.6160393953323364},"gwa-enercon-e48-50":{"min":0.00515325041487813,"max":0.6689165234565735},"gwa-enercon-e53-50":{"min":0.009494449011981487,"max":0.6973389387130737},"gwa-offshore-dtu-10mw-119":{"min":0.00939455907791853,"max":0.7216506600379944},"gwa-offshore-iea-15mw-150":{"min":0.024843353778123856,"max":0.7729370594024658},"gwa-offshore-leanwind-8mw-110":{"min":0.008795161731541157,"max":0.7277951240539551},"gwa-vestas-v100-mode0-100":{"min":0.017736230045557022,"max":0.7759185433387756},"gwa-vestas-v100-mode0-120":{"min":0.02259947545826435,"max":0.7876295447349548},"gwa-vestas-v100-mode0-150":{"min":0.034761667251586914,"max":0.786359429359436},"gwa-vestas-v100-mode0-80":{"min":0.015140282921493053,"max":0.7548440098762512},"gwa-vestas-v110-mode0-100":{"min":0.022455567494034767,"max":0.8064297437667847},"gwa-vestas-v110-mode0-120":{"min":0.028490856289863586,"max":0.8172733783721924},"gwa-vestas-v110-mode0-150":{"min":0.043330296874046326,"max":0.8153395056724548},"gwa-vestas-v110-mode0-80":{"min":0.01918087527155876,"max":0.7868012189865112},"gwa-vestas-v112-mode0-100":{"min":0.01135675236582756,"max":0.7368118166923523},"gwa-vestas-v112-mode0-120":{"min":0.01456150971353054,"max":0.747667670249939},"gwa-vestas-v112-mode0-150":{"min":0.02276383340358734,"max":0.7595207095146179},"gwa-vestas-v112-mode0-80":{"min":0.009689046069979668,"max":0.7212252616882324},"gwa-vestas-v120-mode0-100":{"min":0.02402660995721817,"max":0.798855185508728},"gwa-vestas-v120-mode0-120":{"min":0.030492441728711128,"max":0.8012002110481262},"gwa-vestas-v120-mode0-150":{"min":0.04640674591064453,"max":0.7979550957679749},"gwa-vestas-v120-mode0-80":{"min":0.02050822786986828,"max":0.7773825526237488},"gwa-vestas-v126-mode0-100":{"min":0.015610822476446629,"max":0.7549436092376709},"gwa-vestas-v126-mode0-120":{"min":0.019870014861226082,"max":0.7675740718841553},"gwa-vestas-v126-mode0-150":{"min":0.030547859147191048,"max":0.7692259550094604},"gwa-vestas-v126-mode0-80":{"min":0.013332205824553967,"max":0.7310962080955505},"gwa-vestas-v136-mode0-100":{"min":0.018685054033994675,"max":0.7823668122291565},"gwa-vestas-v136-mode0-120":{"min":0.023753654211759567,"max":0.7942202687263489},"gwa-vestas-v136-mode0-150":{"min":0.03634047508239746,"max":0.7942911386489868},"gwa-vestas-v136-mode0-80":{"min":0.015957681462168694,"max":0.760221004486084},"air-density":{"min":0.8380346894264221,"max":1.1320189237594604},"lcoe":{"gwa-vestas-v136-mode0-100":{"lg":{"min":48.42770004272461,"max":1864.2440185546875},"li":{"min":2.236114978790283,"max":127.57548522949219},"lr":{"min":0.0,"max":11.450584411621094},"total":{"min":51.20079803466797,"max":1931.6846923828125}},"gwa-vestas-v112-mode0-80":{"lg":{"min":52.19403839111328,"max":3591.428466796875},"li":{"min":2.776310443878174,"max":226.8614044189453},"lr":{"min":0.0,"max":21.502161026000977},"total":{"min":55.06157684326172,"max":3721.48583984375}},"gwa-offshore-leanwind-8mw-110":{"lg":{"min":51.75899124145508,"max":3956.0322265625},"li":{"min":2.751248836517334,"max":216.14137268066406},"lr":{"min":0.0,"max":20.671184539794922},"total":{"min":54.574928283691406,"max":4099.3076171875}},"gwa-vestas-v110-mode0-100":{"lg":{"min":47.102027893066406,"max":1551.890380859375},"li":{"min":2.049327850341797,"max":110.917724609375},"lr":{"min":0.0,"max":9.672327041625977},"total":{"min":49.72050094604492,"max":1608.007080078125}},"gwa-vestas-v100-mode0-150":{"lg":{"min":48.20212936401367,"max":1003.9164428710938},"li":{"min":1.8675411939620972,"max":103.63094329833984},"lr":{"min":0.0,"max":7.826845169067383},"total":{"min":50.95336151123047,"max":1040.1671142578125}},"gwa-vestas-v136-mode0-120":{"lg":{"min":47.7646369934082,"max":1467.3016357421875},"li":{"min":2.0414788722991943,"max":115.48738098144531},"lr":{"min":0.0,"max":9.64042854309082},"total":{"min":50.4052619934082,"max":1520.3516845703125}},"gwa-vestas-v120-mode0-80":{"lg":{"min":48.712554931640625,"max":1698.868896484375},"li":{"min":2.1596932411193848,"max":125.33058166503906},"lr":{"min":0.0,"max":10.8888578414917},"total":{"min":51.47194290161133,"max":1760.3140869140625}},"gwa-vestas-v120-mode0-150":{"lg":{"min":47.559791564941406,"max":753.0023193359375},"li":{"min":1.691441535949707,"max":84.58551025390625},"lr":{"min":0.0,"max":6.121886253356934},"total":{"min":50.202552795410156,"max":780.1563720703125}},"gwa-vestas-v110-mode0-150":{"lg":{"min":46.63102722167969,"max":806.181396484375},"li":{"min":1.731733798980713,"max":88.94812774658203},"lr":{"min":0.0,"max":6.498228549957275},"total":{"min":49.27674102783203,"max":835.263427734375}},"gwa-offshore-iea-15mw-150":{"lg":{"min":48.96971893310547,"max":1403.116943359375},"li":{"min":2.1337690353393555,"max":134.065673828125},"lr":{"min":0.0,"max":10.592851638793945},"total":{"min":51.656593322753906,"max":1453.840087890625}},"gwa-vestas-v100-mode0-120":{"lg":{"min":48.1308479309082,"max":1542.0338134765625},"li":{"min":2.0599751472473145,"max":118.34176635742188},"lr":{"min":0.0,"max":9.9983491897583},"total":{"min":50.79357147216797,"max":1597.7930908203125}},"gwa-enercon-e48-50":{"lg":{"min":55.96277618408203,"max":6749.0166015625},"li":{"min":2.9934160709381104,"max":407.5665588378906},"lr":{"min":0.0,"max":33.7496452331543},"total":{"min":58.98258590698242,"max":7004.79345703125}},"gwa-vestas-v126-mode0-120":{"lg":{"min":49.28391647338867,"max":1753.307373046875},"li":{"min":2.2119648456573486,"max":132.65213012695312},"lr":{"min":0.0,"max":11.361454010009766},"total":{"min":52.016212463378906,"max":1816.7261962890625}},"gwa-vestas-v110-mode0-80":{"lg":{"min":48.17730712890625,"max":1816.1572265625},"li":{"min":2.2469565868377686,"max":132.24839782714844},"lr":{"min":0.0,"max":11.626786231994629},"total":{"min":50.87765884399414,"max":1881.8544921875}},"gwa-iec3":{"lg":{"min":48.39345932006836,"max":1863.6280517578125},"li":{"min":2.2396671772003174,"max":135.7181854248047},"lr":{"min":0.0,"max":10.767711639404297},