{"worldpop": {"min": -3.4028234663852886e+38, "max": 11626.126953125}, "slope": {"min": 0.0, "max": 23.88294792175293}, "land-cover": {"min": 10.0, "max": 210.0}, "airports": {"min": 0.0, "max": 433084.875}, "ports": {"min": 500.0, "max": 500000.0}, "anchorages": {"min": 500.0, "max": 500000.0}, "grid": {"min": 0.0, "max": 19525.623046875}, "roads": {"min": 0.0, "max": 21691.01171875}, "pp-whs": {"min": 31890.4375, "max": 566389.625}, "unep-coral": {"min": 65535.0, "max": 65535.0}, "unesco": {"min": 500.0, "max": 206421.90625}, "unesco-ramsar": {"min": 65535.0, "max": 500000.0}, "wwf-glw-1": {"min": 0.0, "max": 173850.515625}, "wwf-glw-2": {"min": 0.0, "max": 239151.109375}, "jrc-gsw": {"min": 0.0, "max": 1.0}, "pp-marine-protected": {"min": 0.0, "max": 0.0}, "unep-tidal": {"min": 0.0, "max": 1.0}, "wwf-glw-3": {"min": 1.0, "max": 255.0}, "gsa-pvout": {"min": 3.7037506103515625, "max": 4.4784932136535645}, "gsa-ghi": {"min": 4.690309524536133, "max": 5.670917510986328}, "gsa-gti": {"min": 4.723309516906738, "max": 5.816916465759277}, "gsa-temp": {"min": 22.306711196899414, "max": 29.394943237304688}, "gwa-iec1": {"min": 0.012206926941871643, "max": 0.45999741554260254}, "gwa-iec2": {"min": 0.017295992001891136, "max": 0.5132123231887817}, "gwa-iec3": {"min": 0.020770296454429626, "max": 0.5496370196342468}, "gwa-power-10": {"min": 1.7098863124847412, "max": 322.7798156738281}, "gwa-speed-10": {"min": 0.7675732970237732, "max": 6.175816059112549}, "gwa-power-50": {"min": 7.470621109008789, "max": 416.3056640625}, "gwa-speed-50": {"min": 1.5556325912475586, "max": 7.459188461303711}, "gwa-power-100": {"min": 15.175460815429688, "max": 535.9597778320312}, "gwa-speed-100": {"min": 2.067685604095459, "max": 8.4546480178833}, "gwa-power-150": {"min": 23.485994338989258, "max": 574.8329467773438}, "gwa-speed-150": {"min": 2.3090362548828125, "max": 8.66909408569336}, "gwa-power-200": {"min": 29.62916374206543, "max": 718.71875}, "gwa-speed-200": {"min": 2.45878267288208, "max": 8.616874694824219}, "gebco": {"min": -161.0, "max": 933.0}, "srtm90": {"min": -1.0, "max": 943.0}, "waterbodies": {"min": 0.0, "max": 2.0}, "gwa-enercon-e44-50": {"min": 0.0026218928396701813, "max": 0.28451961278915405}, "gwa-enercon-e48-50": {"min": 0.00355354486964643, "max": 0.3439938426017761}, "gwa-enercon-e53-50": {"min": 0.006096529774367809, "max": 0.38898319005966187}, "gwa-offshore-dtu-10mw-119": {"min": 0.008866229094564915, "max": 0.43367910385131836}, "gwa-offshore-iea-15mw-150": {"min": 0.02483753301203251, "max": 0.4974649250507355}, "gwa-offshore-leanwind-8mw-110": {"min": 0.008050649426877499, "max": 0.4459752142429352}, "gwa-vestas-v100-mode0-100": {"min": 0.016270870342850685, "max": 0.5551823973655701}, "gwa-vestas-v100-mode0-120": {"min": 0.022602859884500504, "max": 0.566613495349884}, "gwa-vestas-v100-mode0-150": {"min": 0.03419508785009384, "max": 0.5701726675033569}, "gwa-vestas-v100-mode0-80": {"min": 0.011694854125380516, "max": 0.5326047539710999}, "gwa-vestas-v110-mode0-100": {"min": 0.020768364891409874, "max": 0.5980082750320435}, "gwa-vestas-v110-mode0-120": {"min": 0.02865958958864212, "max": 0.6092568039894104}, "gwa-vestas-v110-mode0-150": {"min": 0.04203008860349655, "max": 0.6121364235877991}, "gwa-vestas-v110-mode0-80": {"min": 0.01471168827265501, "max": 0.5751676559448242}, "gwa-vestas-v112-mode0-100": {"min": 0.010292187333106995, "max": 0.463239461183548}, "gwa-vestas-v112-mode0-120": {"min": 0.014434432610869408, "max": 0.474502295255661}, "gwa-vestas-v112-mode0-150": {"min": 0.02287491224706173, "max": 0.47966453433036804}, "gwa-vestas-v112-mode0-80": {"min": 0.007562349550426006, "max": 0.44244056940078735}, "gwa-vestas-v120-mode0-100": {"min": 0.022201435640454292, "max": 0.6111414432525635}, "gwa-vestas-v120-mode0-120": {"min": 0.03067966364324093, "max": 0.621997594833374}, "gwa-vestas-v120-mode0-150": {"min": 0.04493572190403938, "max": 0.6239538192749023}, "gwa-vestas-v120-mode0-80": {"min": 0.015708554536104202, "max": 0.5884237885475159}, "gwa-vestas-v126-mode0-100": {"min": 0.014329633675515652, "max": 0.5197442770004272}, "gwa-vestas-v126-mode0-120": {"min": 0.019872350618243217, "max": 0.531119704246521}, "gwa-vestas-v126-mode0-150": {"min": 0.030143342912197113, "max": 0.5352803468704224}, "gwa-vestas-v126-mode0-80": {"min": 0.010319671593606472, "max": 0.49781501293182373}, "gwa-vestas-v136-mode0-100": {"min": 0.017204487696290016, "max": 0.5585388541221619}, "gwa-vestas-v136-mode0-120": {"min": 0.02381446585059166, "max": 0.5699046850204468}, "gwa-vestas-v136-mode0-150": {"min": 0.03558032959699631, "max": 0.5734604001045227}, "gwa-vestas-v136-mode0-80": {"min": 0.012300195172429085, "max": 0.5360808372497559}, "air-density": {"min": 1.0528777837753296, "max": 1.1491522789001465}, "lcoe": {"gwa-vestas-v136-mode0-100": {"lg": {"min": 66.23158264160156, "max": 2024.3309326171875}, "li": {"min": 1.9098800420761108, "max": 62.818973541259766}, "lr": {"min": 0.0, "max": 6.648670196533203}, "total": {"min": 68.2029037475586, "max": 2085.524169921875}}, "gwa-vestas-v112-mode0-80": {"lg": {"min": 82.56141662597656, "max": 4600.291015625}, "li": {"min": 2.411040782928467, "max": 150.3818359375}, "lr": {"min": 0.0, "max": 12.707452774047852}, "total": {"min": 85.05001831054688, "max": 4756.6279296875}}, "gwa-offshore-leanwind-8mw-110": {"lg": {"min": 81.93876647949219, "max": 4321.51025390625}, "li": {"min": 2.3919315338134766, "max": 129.73838806152344}, "lr": {"min": 0.0, "max": 13.487133026123047}, "total": {"min": 84.40763854980469, "max": 4452.2822265625}}, "gwa-vestas-v110-mode0-100": {"lg": {"min": 62.12421798706055, "max": 1677.6396484375}, "li": {"min": 1.7838252782821655, "max": 52.40430450439453}, "lr": {"min": 0.0, "max": 5.553913593292236}, "total": {"min": 63.965423583984375, "max": 1728.3321533203125}}, "gwa-vestas-v100-mode0-150": {"lg": {"min": 64.9618148803711, "max": 1020.4840087890625}, "li": {"min": 1.870910882949829, "max": 31.860370635986328}, "lr": {"min": 0.0, "max": 3.798682689666748}, "total": {"min": 66.89290618896484, "max": 1053.3912353515625}}, "gwa-vestas-v136-mode0-120": {"lg": {"min": 64.990478515625, "max": 1463.56494140625}, "li": {"min": 1.8717906475067139, "max": 43.85898208618164}, "lr": {"min": 0.0, "max": 5.312843322753906}, "total": {"min": 66.92247772216797, "max": 1507.7734375}}, "gwa-vestas-v120-mode0-80": {"lg": {"min": 63.07096481323242, "max": 2216.728271484375}, "li": {"min": 1.8113670349121094, "max": 72.42496490478516}, "lr": {"min": 0.0, "max": 6.096102237701416}, "total": {"min": 64.9421615600586, "max": 2292.899658203125}}, "gwa-vestas-v120-mode0-150": {"lg": {"min": 59.70725631713867, "max": 777.5217895507812}, "li": {"min": 1.7096492052078247, "max": 24.245033264160156}, "lr": {"min": 0.0, "max": 2.8755388259887695}, "total": {"min": 61.471900939941406, "max": 802.5634765625}}, "gwa-vestas-v110-mode0-150": {"lg": {"min": 60.78270721435547, "max": 830.9971313476562}, "li": {"min": 1.74265456199646, "max": 25.9211483001709}, "lr": {"min": 0.0, "max": 3.08101224899292}, "total": {"min": 62.581417083740234, "max": 857.7699584960938}}, "gwa-offshore-iea-15mw-150": {"lg": {"min": 73.87178039550781, "max": 1403.4449462890625}, "li": {"min": 2.1443567276000977, "max": 43.8637809753418}, "lr": {"min": 0.0, "max": 5.257227897644043}, "total": {"min": 76.08511352539062, "max": 1448.75}}, "gwa-vestas-v100-mode0-120": {"lg": {"min": 65.3447494506836, "max": 1541.8037109375}, "li": {"min": 1.8826630115509033, "max": 46.21000671386719}, "lr": {"min": 0.0, "max": 5.557775020599365}, "total": {"min": 67.28797149658203, "max": 1588.3818359375}}, "gwa-enercon-e48-50": {"lg": {"min": 105.04471588134766, "max": 9785.4326171875}, "li": {"min": 3.0579023361206055, "max": 312.2769775390625}, "lr": {"min": 0.0, "max": 22.319599151611328}, "total": {"min": 108.1510009765625, "max": 10000.0}}, "gwa-vestas-v126-mode0-120": {"lg": {"min": 69.44430541992188, "max": 1753.1016845703125},