{"worldpop":{"min":-3.4028234663852886e+38,"max":8214.0634765625},"slope":{"min":0.0,"max":38.23833465576172},"land-cover":{"min":30.686443328857422,"max":210.0},"airports":{"min":3605.55126953125,"max":416601.71875},"ports":{"min":0.0,"max":379039.90625},"anchorages":{"min":0.0,"max":322386.40625},"grid":{"min":0.0,"max":386653.90625},"roads":{"min":0.0,"max":386477.0625},"pp-whs":{"min":531718.1875,"max":898442.125},"unep-coral":{"min":65535.0,"max":65535.0},"unesco":{"min":125341.53125,"max":332853.21875},"unesco-ramsar":{"min":348896.125,"max":468461.59375},"wwf-glw-1":{"min":1414.2135009765625,"max":387907.53125},"wwf-glw-2":{"min":0.0,"max":388236.09375},"jrc-gsw":{"min":0.0,"max":255.0},"pp-marine-protected":{"min":0.0,"max":0.0},"unep-tidal":{"min":0.0,"max":0.0},"wwf-glw-3":{"min":1.0,"max":255.0},"gsa-pvout":{"min":4.130958080291748,"max":4.21999979019165},"gsa-ghi":{"min":5.215981483459473,"max":5.308000087738037},"gsa-gti":{"min":5.250129699707031,"max":5.341000080108643},"gsa-temp":{"min":26.5,"max":27.100000381469727},"gwa-iec1":{"min":0.14053680002689362,"max":0.25645893812179565},"gwa-iec2":{"min":0.17744596302509308,"max":0.3147111237049103},"gwa-iec3":{"min":0.20624621212482452,"max":0.35900574922561646},"gwa-power-10":{"min":50.072349548339844,"max":107.71395874023438},"gwa-speed-10":{"min":3.567138910293579,"max":4.927919864654541},"gwa-power-50":{"min":96.55972290039062,"max":169.6588592529297},"gwa-speed-50":{"min":4.628298759460449,"max":5.844943523406982},"gwa-power-100":{"min":116.5042724609375,"max":208.75144958496094},"gwa-speed-100":{"min":5.0540242195129395,"max":6.369431495666504},"gwa-power-150":{"min":120.21317291259766,"max":234.24935913085938},"gwa-speed-150":{"min":5.1120219230651855,"max":6.583435535430908},"gwa-power-200":{"min":122.48344421386719,"max":258.2302551269531},"gwa-speed-200":{"min":5.154051780700684,"max":6.792335033416748},"gebco":{"min":-4419.0,"max":9.0},"srtm90":{"min":-1.0,"max":6.0},"waterbodies":{"min":0.0,"max":1.0},"gwa-enercon-e44-50":{"min":0.07411867380142212,"max":0.1351441890001297},"gwa-enercon-e48-50":{"min":0.09696739166975021,"max":0.17570123076438904},"gwa-enercon-e53-50":{"min":0.1241510882973671,"max":0.2164383977651596},"gwa-offshore-dtu-10mw-119":{"min":0.11674634367227554,"max":0.22434258460998535},"gwa-offshore-iea-15mw-150":{"min":0.15517057478427887,"max":0.2981317341327667},"gwa-offshore-leanwind-8mw-110":{"min":0.12178517878055573,"max":0.23082944750785828},"gwa-vestas-v100-mode0-100":{"min":0.20033177733421326,"max":0.34955427050590515},"gwa-vestas-v100-mode0-120":{"min":0.2043967992067337,"max":0.35980987548828125},"gwa-vestas-v100-mode0-150":{"min":0.20633645355701447,"max":0.3776089549064636},"gwa-vestas-v100-mode0-80":{"min":0.1915992796421051,"max":0.33337733149528503},"gwa-vestas-v110-mode0-100":{"min":0.23809798061847687,"max":0.4036393463611603},"gwa-vestas-v110-mode0-120":{"min":0.24275201559066772,"max":0.41383349895477295},"gwa-vestas-v110-mode0-150":{"min":0.24477161467075348,"max":0.43094950914382935},"gwa-vestas-v110-mode0-80":{"min":0.22788746654987335,"max":0.3861413300037384},"gwa-vestas-v112-mode0-100":{"min":0.14019477367401123,"max":0.25431862473487854},"gwa-vestas-v112-mode0-120":{"min":0.14316295087337494,"max":0.26363837718963623},"gwa-vestas-v112-mode0-150":{"min":0.1447451412677765,"max":0.28032386302948},"gwa-vestas-v112-mode0-80":{"min":0.1339949369430542,"max":0.24154989421367645},"gwa-vestas-v120-mode0-100":{"min":0.2540903687477112,"max":0.42656633257865906},"gwa-vestas-v120-mode0-120":{"min":0.258999228477478,"max":0.4366593062877655},"gwa-vestas-v120-mode0-150":{"min":0.2610381245613098,"max":0.45330092310905457},"gwa-vestas-v120-mode0-80":{"min":0.24321314692497253,"max":0.40855419635772705},"gwa-vestas-v126-mode0-100":{"min":0.17702582478523254,"max":0.3124004602432251},"gwa-vestas-v126-mode0-120":{"min":0.18063421547412872,"max":0.3223689794540405},"gwa-vestas-v126-mode0-150":{"min":0.18243713676929474,"max":0.3399392366409302},"gwa-vestas-v126-mode0-80":{"min":0.1693277806043625,"max":0.29755035042762756},"gwa-vestas-v136-mode0-100":{"min":0.20582164824008942,"max":0.3564542829990387},"gwa-vestas-v136-mode0-120":{"min":0.2099422812461853,"max":0.36659228801727295},"gwa-vestas-v136-mode0-150":{"min":0.21186017990112305,"max":0.3841632604598999},"gwa-vestas-v136-mode0-80":{"min":0.1969146430492401,"max":0.3402270972728729},"air-density":{"min":1.1480227708816528,"max":1.1491522789001465}}