{"worldpop": {"min": -3.4028234663852886e+38, "max": 16204.5546875}, "slope": {"min": 0.0, "max": 26.808359146118164}, "land-cover": {"min": 10.0, "max": 210.0}, "airports": {"min": 0.0, "max": 300596.5}, "ports": {"min": 0.0, "max": 304547.21875}, "anchorages": {"min": 0.0, "max": 284273.1875}, "grid": {"min": 0.0, "max": 267320.5}, "roads": {"min": 0.0, "max": 269824.0}, "pp-whs": {"min": 64445.71875, "max": 729356.5625}, "unep-coral": {"min": 0.0, "max": 219169.453125}, "unesco": {"min": 65535.0, "max": 500000.0}, "unesco-ramsar": {"min": 65535.0, "max": 500000.0}, "wwf-glw-1": {"min": 0.0, "max": 344445.21875}, "wwf-glw-2": {"min": 0.0, "max": 277962.6875}, "jrc-gsw": {"min": 0.0, "max": 255.0}, "pp-marine-protected": {"min": 0.0, "max": 0.0}, "unep-tidal": {"min": 0.0, "max": 1.0}, "wwf-glw-3": {"min": 1.0, "max": 255.0}, "gsa-pvout": {"min": 3.2438089847564697, "max": 4.255739212036133}, "gsa-ghi": {"min": 4.021106243133545, "max": 5.293000221252441}, "gsa-gti": {"min": 4.045562744140625, "max": 5.44665002822876}, "gsa-temp": {"min": 18.006149291992188, "max": 28.700000762939453}, "gwa-iec1": {"min": 0.00939908903092146, "max": 0.5518203973770142}, "gwa-iec2": {"min": 0.013234133832156658, "max": 0.5761806964874268}, "gwa-iec3": {"min": 0.01590639539062977, "max": 0.603741466999054}, "gwa-power-10": {"min": 0.6880027651786804, "max": 1275.2705078125}, "gwa-speed-10": {"min": 0.5552381873130798, "max": 7.489908695220947}, "gwa-power-50": {"min": 6.16282320022583, "max": 1643.7596435546875}, "gwa-speed-50": {"min": 1.2110188007354736, "max": 10.047199249267578}, "gwa-power-100": {"min": 12.110221862792969, "max": 1503.636962890625}, "gwa-speed-100": {"min": 1.8546062707901, "max": 10.496113777160645}, "gwa-power-150": {"min": 14.680997848510742, "max": 1462.3289794921875}, "gwa-speed-150": {"min": 2.018040180206299, "max": 10.789602279663086}, "gwa-power-200": {"min": 17.425676345825195, "max": 1474.394287109375}, "gwa-speed-200": {"min": 2.13558030128479, "max": 10.986170768737793}, "gebco": {"min": -2869.0, "max": 1617.0}, "srtm90": {"min": -14.0, "max": 1663.0}, "waterbodies": {"min": 0.0, "max": 2.0}, "gwa-enercon-e44-50": {"min": 0.0010509616695344448, "max": 0.44745713472366333}, "gwa-enercon-e48-50": {"min": 0.0014270773390308022, "max": 0.5059738159179688}, "gwa-enercon-e53-50": {"min": 0.0031063565984368324, "max": 0.543666660785675}, "gwa-offshore-dtu-10mw-119": {"min": 0.006667097099125385, "max": 0.5538411736488342}, "gwa-offshore-iea-15mw-150": {"min": 0.014746108092367649, "max": 0.6037387847900391}, "gwa-offshore-leanwind-8mw-110": {"min": 0.0062554641626775265, "max": 0.5687020421028137}, "gwa-vestas-v100-mode0-100": {"min": 0.012959444895386696, "max": 0.6265067458152771}, "gwa-vestas-v100-mode0-120": {"min": 0.017617996782064438, "max": 0.6313970685005188}, "gwa-vestas-v100-mode0-150": {"min": 0.020716851577162743, "max": 0.6339676380157471}, "gwa-vestas-v100-mode0-80": {"min": 0.008270596154034138, "max": 0.614781379699707}, "gwa-vestas-v110-mode0-100": {"min": 0.016517676413059235, "max": 0.6626705527305603}, "gwa-vestas-v110-mode0-120": {"min": 0.02236965484917164, "max": 0.6680209636688232}, "gwa-vestas-v110-mode0-150": {"min": 0.025955157354474068, "max": 0.6739917397499084}, "gwa-vestas-v110-mode0-80": {"min": 0.010709291324019432, "max": 0.6502083539962769}, "gwa-vestas-v112-mode0-100": {"min": 0.008209223859012127, "max": 0.5848521590232849}, "gwa-vestas-v112-mode0-120": {"min": 0.011221249587833881, "max": 0.5868993997573853}, "gwa-vestas-v112-mode0-150": {"min": 0.013464708812534809, "max": 0.5899191498756409}, "gwa-vestas-v112-mode0-80": {"min": 0.00511177908629179, "max": 0.5788918733596802}, "gwa-vestas-v120-mode0-100": {"min": 0.01766345277428627, "max": 0.654309093952179}, "gwa-vestas-v120-mode0-120": {"min": 0.023942727595567703, "max": 0.666363000869751}, "gwa-vestas-v120-mode0-150": {"min": 0.027796346694231033, "max": 0.6831373572349548}, "gwa-vestas-v120-mode0-80": {"min": 0.011427564546465874, "max": 0.6416237950325012}, "gwa-vestas-v126-mode0-100": {"min": 0.011416364461183548, "max": 0.6060909628868103}, "gwa-vestas-v126-mode0-120": {"min": 0.015501013956964016, "max": 0.610228419303894}, "gwa-vestas-v126-mode0-150": {"min": 0.01822669245302677, "max": 0.6129152774810791}, "gwa-vestas-v126-mode0-80": {"min": 0.007304486818611622, "max": 0.5958462357521057}, "gwa-vestas-v136-mode0-100": {"min": 0.013698137365281582, "max": 0.6344406008720398}, "gwa-vestas-v136-mode0-120": {"min": 0.018581554293632507, "max": 0.639030396938324}, "gwa-vestas-v136-mode0-150": {"min": 0.02171921730041504, "max": 0.6416508555412292}, "gwa-vestas-v136-mode0-80": {"min": 0.008815995417535305, "max": 0.6232904195785522}, "air-density": {"min": 0.9916061758995056, "max": 1.1546434164047241}}