{"worldpop": {"min": -3.4028234663852886e+38, "max": 15984.7998046875}, "slope": {"min": 0.0, "max": 55.557064056396484}, "land-cover": {"min": 10.0, "max": 220.0}, "airports": {"min": 0.0, "max": 325622.875}, "ports": {"min": 707.1067504882812, "max": 500000.0}, "anchorages": {"min": 65535.0, "max": 65535.0}, "grid": {"min": 0.0, "max": 86175.6875}, "roads": {"min": 0.0, "max": 49015.3046875}, "pp-whs": {"min": 0.0, "max": 349088.09375}, "unep-coral": {"min": 65535.0, "max": 65535.0}, "unesco": {"min": 0.0, "max": 307149.0}, "unesco-ramsar": {"min": 65535.0, "max": 65535.0}, "wwf-glw-1": {"min": 0.0, "max": 204221.078125}, "wwf-glw-2": {"min": 0.0, "max": 127632.2890625}, "jrc-gsw": {"min": 0.0, "max": 1.0}, "pp-marine-protected": {"min": 0.0, "max": 0.0}, "unep-tidal": {"min": 0.0, "max": 0.0}, "wwf-glw-3": {"min": 1.0, "max": 255.0}, "gsa-pvout": {"min": 2.6919474601745605, "max": 5.588193893432617}, "gsa-ghi": {"min": 2.9901161193847656, "max": 5.365038871765137}, "gsa-gti": {"min": 3.154104709625244, "max": 6.375441551208496}, "gsa-temp": {"min": -29.98509407043457, "max": 19.600000381469727}, "gwa-iec1": {"min": 0.00033862493000924587, "max": 0.6058438420295715}, "gwa-iec2": {"min": 0.0005341898067854345, "max": 0.6578863263130188}, "gwa-iec3": {"min": 0.0006562496419064701, "max": 0.6925308704376221}, "gwa-power-10": {"min": 0.4772021174430847, "max": 19600.513671875}, "gwa-speed-10": {"min": 0.22546963393688202, "max": 24.268081665039062}, "gwa-power-50": {"min": 0.8325546979904175, "max": 11812.771484375}, "gwa-speed-50": {"min": 0.48110032081604004, "max": 22.476179122924805}, "gwa-power-100": {"min": 0.9411429762840271, "max": 9555.7099609375}, "gwa-speed-100": {"min": 0.6075250506401062, "max": 22.47467041015625}, "gwa-power-150": {"min": 0.9220169186592102, "max": 9475.826171875}, "gwa-speed-150": {"min": 0.6150399446487427, "max": 22.781875610351562}, "gwa-power-200": {"min": 1.2315258979797363, "max": 9398.5}, "gwa-speed-200": {"min": 0.6989306211471558, "max": 22.795164108276367}, "gebco": {"min": 289.0, "max": 7189.0}, "srtm90": {"min": 287.0, "max": 7134.0}, "waterbodies": {"min": 1.0, "max": 2.0}, "gwa-enercon-e44-50": {"min": 0.0001106461786548607, "max": 0.4439515769481659}, "gwa-enercon-e48-50": {"min": 0.0001495872566010803, "max": 0.5008113980293274}, "gwa-enercon-e53-50": {"min": 0.00033647939562797546, "max": 0.5399436950683594}, "gwa-offshore-dtu-10mw-119": {"min": 0.0001942064263857901, "max": 0.577063262462616}, "gwa-offshore-iea-15mw-150": {"min": 0.0004130698798689991, "max": 0.6559528708457947}, "gwa-offshore-leanwind-8mw-110": {"min": 0.00017650089284870774, "max": 0.6079885363578796}, "gwa-vestas-v100-mode0-100": {"min": 0.0005453014164231718, "max": 0.6810848712921143}, "gwa-vestas-v100-mode0-120": {"min": 0.0006317166262306273, "max": 0.6939228773117065}, "gwa-vestas-v100-mode0-150": {"min": 0.0006053943070583045, "max": 0.7106543183326721}, "gwa-vestas-v100-mode0-80": {"min": 0.0004157861403655261, "max": 0.6518505811691284}, "gwa-vestas-v110-mode0-100": {"min": 0.0007431259728036821, "max": 0.7492976784706116}, "gwa-vestas-v110-mode0-120": {"min": 0.0008352873264811933, "max": 0.7593345642089844}, "gwa-vestas-v110-mode0-150": {"min": 0.0008007980650290847, "max": 0.7617601752281189}, "gwa-vestas-v110-mode0-80": {"min": 0.0005610225489363074, "max": 0.7280228137969971}, "gwa-vestas-v112-mode0-100": {"min": 0.000314085598802194, "max": 0.6030002236366272}, "gwa-vestas-v112-mode0-120": {"min": 0.0003734031051862985, "max": 0.615740954875946}, "gwa-vestas-v112-mode0-150": {"min": 0.00036344362888485193, "max": 0.6382227540016174}, "gwa-vestas-v112-mode0-80": {"min": 0.0002426266873953864, "max": 0.5827974677085876}, "gwa-vestas-v120-mode0-100": {"min": 0.0007806331268511713, "max": 0.727848470211029}, "gwa-vestas-v120-mode0-120": {"min": 0.0008836688939481974, "max": 0.7351455092430115}, "gwa-vestas-v120-mode0-150": {"min": 0.0008430684101767838, "max": 0.7415587902069092}, "gwa-vestas-v120-mode0-80": {"min": 0.0005892653716728091, "max": 0.7012577056884766}, "gwa-vestas-v126-mode0-100": {"min": 0.0004925645189359784, "max": 0.6486454606056213}, "gwa-vestas-v126-mode0-120": {"min": 0.000555263482965529, "max": 0.6647826433181763}, "gwa-vestas-v126-mode0-150": {"min": 0.0005416303174570203, "max": 0.6834186911582947}, "gwa-vestas-v126-mode0-80": {"min": 0.0003744667919818312, "max": 0.6189022660255432}, "gwa-vestas-v136-mode0-100": {"min": 0.0006050903466530144, "max": 0.6849911212921143}, "gwa-vestas-v136-mode0-120": {"min": 0.0006868410855531693, "max": 0.6985193490982056}, "gwa-vestas-v136-mode0-150": {"min": 0.000658879813272506, "max": 0.7156240344047546}, "gwa-vestas-v136-mode0-80": {"min": 0.00045864676940254867, "max": 0.6559305787086487}, "air-density": {"min": 0.574089527130127, "max": 1.1650028228759766}, "lcoe": {"gwa-vestas-v136-mode0-100": {"lg": {"min": 54.74337387084961, "max": 10000.0}, "li": {"min": 1.5858336687088013, "max": 2150.98046875}, "lr": {"min": 0.0, "max": 161.9627685546875}, "total": {"min": 56.550537109375, "max": 10000.0}}, "gwa-vestas-v112-mode0-80": {"lg": {"min": 63.6412353515625, "max": 10000.0}, "li": {"min": 1.8759596347808838, "max": 4807.70556640625}, "lr": {"min": 0.0, "max": 382.6009826660156}, "total": {"min": 65.81644439697266, "max": 10000.0}}, "gwa-offshore-leanwind-8mw-110": {"lg": {"min": 61.17008972167969, "max": 10000.0}, "li": {"min": 1.8466222286224365, "max": 7456.89306640625}, "lr": {"min": 0.0, "max": 605.5768432617188}, "total": {"min": 63.25517272949219, "max": 10000.0}}, "gwa-vestas-v110-mode0-100": {"lg": {"min": 50.38845443725586, "max": 10000.0}, "li": {"min": 1.5125492811203003, "max": 1762.167724609375}, "lr": {"min": 0.0, "max": 131.3297119140625}, "total": {"min": 52.08031463623047, "max": 10000.0}}, "gwa-vestas-v100-mode0-150": {"lg": {"min": 52.91092300415039, "max": 10000.0}, "li": {"min": 1.509134292602539, "max": 2034.44873046875}, "lr": {"min": 0.0, "max": 123.3343276977539}, "total": {"min": 54.462860107421875, "max": 10000.0}}, "gwa-vestas-v136-mode0-120": {"lg": {"min": 53.760623931884766, "max": 10000.0}, "li": {"min": 1.5377230644226074, "max": 2040.262451171875}, "lr": {"min": 0.0, "max": 135.1272430419922}, "total": {"min": 55.33952331542969, "max": 10000.0}}, "gwa-vestas-v120-mode0-80": {"lg": {"min": 53.566314697265625, "max": 10000.0}, "li": {"min": 1.567888617515564, "max": 1979.545654296875}, "lr": {"min": 0.0, "max": 158.8060760498047}, "total": {"min": 55.33155822753906, "max": 10000.0}}, "gwa-vestas-v120-mode0-150": {"lg": {"min": 50.872554779052734, "max": 10000.0}, "li": {"min": 1.4479392766952515, "max": 1416.8424072265625}, "lr": {"min": 0.0, "max": 86.2468032836914}, "total": {"min": 52.35981750488281, "max": 10000.0}}, "gwa-vestas-v110-mode0-150": {"lg": {"min": 49.62953186035156, "max": 10000.0}, "li": {"min": 1.4385212659835815, "max": 1484.7412109375}, "lr": {"min": 0.0, "max": 90.75773620605469}, "total": {"min": 51.2937126159668, "max": 10000.0}}, "gwa-offshore-iea-15mw-150": {"lg": {"min": 56.989723205566406, "max": 10000.0}, "li": {"min": 1.6330386400222778, "max": 3039.502685546875}, "lr": {"min": 0.0, "max": 184.06700134277344}, "total": {"min": 58.67108154296875, "max": 10000.0}}, "gwa-vestas-v100-mode0-120": {"lg": {"min": 54.090232849121094, "max": 10000.0}, "li": {"min": 1.5483825206756592, "max": 2261.034423828125}, "lr": {"min": 0.0, "max": 148.99879455566406}, "total": {"min": 55.679588317871094, "max": 10000.0}}, "gwa-enercon-e48-50": {"lg": {"min": 73.40489196777344, "max": 10000.0}, "li": {"min": 2.1716716289520264, "max": 7797.97509765625}, "lr": {"min": 0.0, "max": 463.94061279296875}, "total": {"min": 75.7703628540039, "max": 10000.0}}, "gwa-vestas-v126-mode0-120": {"lg": {"min": 56.28589630126953, "max": 10000.0}, "li": {"min": 1.6154754161834717, "max": 2530.300048828125}, "lr": {"min": 0.0, "max": 166.50650024414062}, "total": {"min": 57.94491958618164, "max": 10000.0}},