{"worldpop":{"min":-3.4028234663852886e+38,"max":8631.3369140625},"slope":{"min":0.0,"max":32.72819900512695},"land-cover":{"min":10.0,"max":210.0},"airports":{"min":500.0,"max":342599.625},"ports":{"min":1581.1387939453125,"max":499999.25},"anchorages":{"min":65535.0,"max":65535.0},"grid":{"min":0.0,"max":132815.65625},"roads":{"min":0.0,"max":72479.3125},"pp-whs":{"min":425000.0,"max":1208831.0},"unep-coral":{"min":65535.0,"max":65535.0},"unesco":{"min":0.0,"max":465694.375},"unesco-ramsar":{"min":500.0,"max":499996.5},"wwf-glw-1":{"min":0.0,"max":347819.28125},"wwf-glw-2":{"min":0.0,"max":211811.234375},"jrc-gsw":{"min":0.0,"max":1.0},"pp-marine-protected":{"min":0.0,"max":0.0},"unep-tidal":{"min":0.0,"max":0.0},"wwf-glw-3":{"min":1.0,"max":255.0},"gsa-pvout":{"min":3.015376567840576,"max":4.860747337341309},"gsa-ghi":{"min":3.6959152221679688,"max":5.211001396179199},"gsa-gti":{"min":3.76996111869812,"max":5.902074337005615},"gsa-temp":{"min":2.660447835922241,"max":19.899999618530273},"gwa-iec1":{"min":0.04045508801937103,"max":0.5861912369728088},"gwa-iec2":{"min":0.05000847205519676,"max":0.6280201077461243},"gwa-iec3":{"min":0.057106394320726395,"max":0.6638461947441101},"gwa-power-10":{"min":8.555985450744629,"max":1837.5703125},"gwa-speed-10":{"min":1.188814401626587,"max":10.284215927124023},"gwa-power-50":{"min":31.409631729125977,"max":1842.769287109375},"gwa-speed-50":{"min":1.956937313079834,"max":11.037617683410645},"gwa-power-100":{"min":44.78120422363281,"max":1992.1846923828125},"gwa-speed-100":{"min":2.485495090484619,"max":11.911429405212402},"gwa-power-150":{"min":50.584373474121094,"max":1949.37841796875},"gwa-speed-150":{"min":2.6421010494232178,"max":11.921090126037598},"gwa-power-200":{"min":56.46500015258789,"max":1989.23779296875},"gwa-speed-200":{"min":2.7181825637817383,"max":12.027902603149414},"gebco":{"min":-76.0,"max":2831.0},"srtm90":{"min":-74.0,"max":2827.0},"waterbodies":{"min":1.0,"max":2.0},"gwa-enercon-e44-50":{"min":0.01904868707060814,"max":0.43477460741996765},"gwa-enercon-e48-50":{"min":0.024314559996128082,"max":0.4882328510284424},"gwa-enercon-e53-50":{"min":0.031304847449064255,"max":0.5226359963417053},"gwa-offshore-dtu-10mw-119":{"min":0.036591432988643646,"max":0.5584878921508789},"gwa-offshore-iea-15mw-150":{"min":0.05109310895204544,"max":0.6391929984092712},"gwa-offshore-leanwind-8mw-110":{"min":0.03730952739715576,"max":0.5669422149658203},"gwa-vestas-v100-mode0-100":{"min":0.05773214250802994,"max":0.65495765209198},"gwa-vestas-v100-mode0-120":{"min":0.06179089471697807,"max":0.675606369972229},"gwa-vestas-v100-mode0-150":{"min":0.06577596813440323,"max":0.6930204629898071},"gwa-vestas-v100-mode0-80":{"min":0.0517583042383194,"max":0.6191396713256836},"gwa-vestas-v110-mode0-100":{"min":0.06761365383863449,"max":0.6952517032623291},"gwa-vestas-v110-mode0-120":{"min":0.07228675484657288,"max":0.7126537561416626},"gwa-vestas-v110-mode0-150":{"min":0.0767393633723259,"max":0.7269216179847717},"gwa-vestas-v110-mode0-80":{"min":0.06063759699463844,"max":0.6611740589141846},"gwa-vestas-v112-mode0-100":{"min":0.04186216741800308,"max":0.5790702104568481},"gwa-vestas-v112-mode0-120":{"min":0.04487035796046257,"max":0.5946980714797974},"gwa-vestas-v112-mode0-150":{"min":0.04798770695924759,"max":0.6194519996643066},"gwa-vestas-v112-mode0-80":{"min":0.037542980164289474,"max":0.5616071224212646},"gwa-vestas-v120-mode0-100":{"min":0.07133136689662933,"max":0.7060209512710571},"gwa-vestas-v120-mode0-120":{"min":0.07624612003564835,"max":0.7182201147079468},"gwa-vestas-v120-mode0-150":{"min":0.08085104078054428,"max":0.7262851595878601},"gwa-vestas-v120-mode0-80":{"min":0.06396501511335373,"max":0.6741536855697632},"gwa-vestas-v126-mode0-100":{"min":0.051809147000312805,"max":0.6240029335021973},"gwa-vestas-v126-mode0-120":{"min":0.05545223504304886,"max":0.6469268202781677},"gwa-vestas-v126-mode0-150":{"min":0.05910554528236389,"max":0.6667247414588928},"gwa-vestas-v126-mode0-80":{"min":0.04646735638380051,"max":0.5873509645462036},"gwa-vestas-v136-mode0-100":{"min":0.05921368673443794,"max":0.6606302857398987},"gwa-vestas-v136-mode0-120":{"min":0.06334935128688812,"max":0.6812346577644348},"gwa-vestas-v136-mode0-150":{"min":0.06738217920064926,"max":0.6989083886146545},"gwa-vestas-v136-mode0-80":{"min":0.05310477688908577,"max":0.6250247955322266},"air-density":{"min":0.9043455719947815,"max":1.2129976749420166},"lcoe":{"gwa-vestas-v136-mode0-100":{"lg":{"min":56.614540100097656,"max":591.0055541992188},"li":{"min":1.5739558935165405,"max":23.51785659790039},"lr":{"min":0.0,"max":1.7921088933944702},"total":{"min":58.208168029785156,"max":609.148681640625}},"gwa-vestas-v112-mode0-80":{"lg":{"min":65.8916015625,"max":929.8391723632812},"li":{"min":1.9473145008087158,"max":39.895572662353516},"lr":{"min":0.0,"max":3.0175819396972656},"total":{"min":67.9142837524414,"max":958.4549560546875}},"gwa-offshore-leanwind-8mw-110":{"lg":{"min":65.30917358398438,"max":935.6322631835938},"li":{"min":1.8727267980575562,"max":38.429508209228516},"lr":{"min":0.0,"max":2.6638009548187256},"total":{"min":67.31282043457031,"max":964.4271240234375}},"gwa-vestas-v110-mode0-100":{"lg":{"min":53.99449920654297,"max":518.0790405273438},"li":{"min":1.497638463973999,"max":20.275550842285156},"lr":{"min":0.0,"max":1.624271035194397},"total":{"min":55.50877380371094,"max":533.9682006835938}},"gwa-vestas-v100-mode0-150":{"lg":{"min":54.155460357666016,"max":532.4415893554688},"li":{"min":1.5223702192306519,"max":16.010465621948242},"lr":{"min":0.0,"max":1.4830549955368042},"total":{"min":55.83393859863281,"max":548.7745971679688}},"gwa-vestas-v136-mode0-120":{"lg":{"min":55.02317810058594,"max":552.6837768554688},"li":{"min":1.525826096534729,"max":19.715808868408203},"lr":{"min":0.0,"max":1.6314555406570435},"total":{"min":56.65083312988281,"max":569.6425170898438}},"gwa-vestas-v120-mode0-80":{"lg":{"min":55.55910110473633,"max":547.4026489257812},"li":{"min":1.5488460063934326,"max":21.886913299560547},"lr":{"min":0.0,"max":1.713392972946167},"total":{"min":57.12076187133789,"max":564.1981201171875}},"gwa-vestas-v120-mode0-150":{"lg":{"min":51.8582878112793,"max":433.9111022949219},"li":{"min":1.4575749635696411,"max":13.025236129760742},"lr":{"min":0.0,"max":1.3276219367980957},"total":{"min":53.45988845825195,"max":447.19879150390625}},"gwa-vestas-v110-mode0-150":{"lg":{"min":51.81637954711914,"max":456.9456481933594},"li":{"min":1.452633261680603,"max":13.723125457763672},"lr":{"min":0.0,"max":1.3506076335906982},"total":{"min":53.41658020019531,"max":470.94525146484375}},"gwa-offshore-iea-15mw-150":{"lg":{"min":58.37913513183594,"max":684.3023071289062},"li":{"min":1.6440662145614624,"max":20.611465454101562},"lr":{"min":0.0,"max":1.7485723495483398},"total":{"min":60.199283599853516,"max":705.3290405273438}},"gwa-vestas-v100-mode0-120":{"lg":{"min":55.448246002197266,"max":566.5223388671875},"li":{"min":1.5386595726013184,"max":20.301057815551758},"lr":{"min":0.0,"max":1.6538305282592773},"total":{"min":57.08946228027344,"max":583.9087524414062}},"gwa-enercon-e48-50":{"lg":{"min":75.1929931640625,"max":1433.5450439453125},"li":{"min":2.275423049926758,"max":61.041812896728516},"lr":{"min":0.0,"max":4.907744407653809},"total":{"min":77.51966094970703,"max":1477.7293701171875}},"gwa-vestas-v126-mode0-120":{"lg":{"min":57.72904586791992,"max":630.823486328125},"li":{"min":1.6062861680984497,"max":22.8425350189209},"lr":{"min":0.0,"max":1.7974077463150024},"total":{"min":59.44301986694336,"max":650.1973266601562}},"gwa-vestas-v110-mode0-80":{"lg":{"min":56.571266174316406,"max":577.2212524414062},"li":{"min":1.575652837753296,"max":23.283098220825195},"lr":{"min":0.0,"max":1.790464997291565},"total":{"min":58.1635856628418,"max":594.9383544921875}},"gwa-iec3":{"lg":{"min":56.359657287597656,"max":612.6666870117188},"li":{"min":1.565439224243164,"max":21.61836814880371},"lr":{"min":0.0,"max":1.876892328262329},