{"worldpop": {"min": -3.4028234663852886e+38, "max": 868.6912231445312}, "slope": {"min": 0.0, "max": 13.155941009521484}, "land-cover": {"min": 99.62217712402344, "max": 210.0}, "airports": {"min": 0.0, "max": 219536.4375}, "ports": {"min": 0.0, "max": 204382.609375}, "anchorages": {"min": 65535.0, "max": 65535.0}, "grid": {"min": 0.0, "max": 179316.0625}, "roads": {"min": 0.0, "max": 177483.09375}, "pp-whs": {"min": 741797.3125, "max": 1128510.75}, "unep-coral": {"min": 65535.0, "max": 65535.0}, "unesco": {"min": 115391.7265625, "max": 347551.78125}, "unesco-ramsar": {"min": 0.0, "max": 460752.65625}, "wwf-glw-1": {"min": 0.0, "max": 47594.64453125}, "wwf-glw-2": {"min": 0.0, "max": 181176.71875}, "jrc-gsw": {"min": 0.0, "max": 1.0}, "pp-marine-protected": {"min": 0.0, "max": 0.0}, "unep-tidal": {"min": 0.0, "max": 0.0}, "wwf-glw-3": {"min": 1.0, "max": 255.0}, "gsa-pvout": {"min": 3.704902172088623, "max": 4.384392738342285}, "gsa-ghi": {"min": 4.008350849151611, "max": 4.635704517364502}, "gsa-gti": {"min": 4.496916770935059, "max": 5.3954267501831055}, "gsa-temp": {"min": 14.800000190734863, "max": 18.664663314819336}, "gwa-iec1": {"min": 0.13420872390270233, "max": 0.5927462577819824}, "gwa-iec2": {"min": 0.165029376745224, "max": 0.6467335224151611}, "gwa-iec3": {"min": 0.18792015314102173, "max": 0.6814969778060913}, "gwa-power-10": {"min": 36.24346160888672, "max": 532.2801513671875}, "gwa-speed-10": {"min": 2.7937324047088623, "max": 6.983479976654053}, "gwa-power-50": {"min": 102.71837615966797, "max": 663.9689331054688}, "gwa-speed-50": {"min": 4.13223934173584, "max": 8.361358642578125}, "gwa-power-100": {"min": 118.57123565673828, "max": 823.0704956054688}, "gwa-speed-100": {"min": 4.509802341461182, "max": 9.467937469482422}, "gwa-power-150": {"min": 122.91239166259766, "max": 1075.491455078125}, "gwa-speed-150": {"min": 4.519028186798096, "max": 10.108716011047363}, "gwa-power-200": {"min": 120.78936767578125, "max": 1283.7080078125}, "gwa-speed-200": {"min": 4.449950218200684, "max": 10.426950454711914}, "gebco": {"min": -707.0, "max": 295.0}, "srtm90": {"min": -31.0, "max": 298.0}, "waterbodies": {"min": 1.0, "max": 2.0}, "gwa-enercon-e44-50": {"min": 0.07624517381191254, "max": 0.3683823347091675}, "gwa-enercon-e48-50": {"min": 0.09816553443670273, "max": 0.440731018781662}, "gwa-enercon-e53-50": {"min": 0.12200067937374115, "max": 0.48994287848472595}, "gwa-offshore-dtu-10mw-119": {"min": 0.11387785524129868, "max": 0.5806257724761963}, "gwa-offshore-iea-15mw-150": {"min": 0.1461799293756485, "max": 0.6405518651008606}, "gwa-offshore-leanwind-8mw-110": {"min": 0.11813953518867493, "max": 0.5813426375389099}, "gwa-vestas-v100-mode0-100": {"min": 0.18327949941158295, "max": 0.6823063492774963}, "gwa-vestas-v100-mode0-120": {"min": 0.18602421879768372, "max": 0.6942746639251709}, "gwa-vestas-v100-mode0-150": {"min": 0.18565087020397186, "max": 0.687684953212738}, "gwa-vestas-v100-mode0-80": {"min": 0.176829993724823, "max": 0.6518504023551941}, "gwa-vestas-v110-mode0-100": {"min": 0.21275466680526733, "max": 0.7200594544410706}, "gwa-vestas-v110-mode0-120": {"min": 0.21565213799476624, "max": 0.7295082211494446}, "gwa-vestas-v110-mode0-150": {"min": 0.21459858119487762, "max": 0.7190441489219666}, "gwa-vestas-v110-mode0-80": {"min": 0.20525629818439484, "max": 0.6913702487945557}, "gwa-vestas-v112-mode0-100": {"min": 0.13425356149673462, "max": 0.5993134379386902}, "gwa-vestas-v112-mode0-120": {"min": 0.13656693696975708, "max": 0.6167665719985962}, "gwa-vestas-v112-mode0-150": {"min": 0.13706642389297485, "max": 0.6218432784080505}, "gwa-vestas-v112-mode0-80": {"min": 0.1296265572309494, "max": 0.5665894746780396}, "gwa-vestas-v120-mode0-100": {"min": 0.22498388588428497, "max": 0.7270586490631104}, "gwa-vestas-v120-mode0-120": {"min": 0.22792798280715942, "max": 0.731845498085022}, "gwa-vestas-v120-mode0-150": {"min": 0.22653816640377045, "max": 0.7123227119445801}, "gwa-vestas-v120-mode0-80": {"min": 0.21702773869037628, "max": 0.7008680701255798}, "gwa-vestas-v126-mode0-100": {"min": 0.16479142010211945, "max": 0.6529859304428101}, "gwa-vestas-v126-mode0-120": {"min": 0.16736768186092377, "max": 0.6668484210968018}, "gwa-vestas-v126-mode0-150": {"min": 0.16734710335731506, "max": 0.6637893915176392}, "gwa-vestas-v126-mode0-80": {"min": 0.15905889868736267, "max": 0.6215773224830627}, "gwa-vestas-v136-mode0-100": {"min": 0.18769586086273193, "max": 0.6878650188446045}, "gwa-vestas-v136-mode0-120": {"min": 0.19044212996959686, "max": 0.6999666094779968}, "gwa-vestas-v136-mode0-150": {"min": 0.1899438202381134, "max": 0.6943066120147705}, "gwa-vestas-v136-mode0-80": {"min": 0.18111400306224823, "max": 0.6575630307197571}, "air-density": {"min": 1.1689958572387695, "max": 1.211356282234192}}