{"worldpop": {"min": -3.4028234663852886e+38, "max": 12862.2568359375}, "slope": {"min": 0.0, "max": 35.020267486572266}, "land-cover": {"min": 10.0, "max": 210.0}, "airports": {"min": 0.0, "max": 171944.765625}, "ports": {"min": 0.0, "max": 142521.921875}, "anchorages": {"min": 0.0, "max": 164778.640625}, "grid": {"min": 0.0, "max": 15231.546875}, "roads": {"min": 0.0, "max": 40404.2109375}, "pp-whs": {"min": 415107.5, "max": 696172.5625}, "unep-coral": {"min": 0.0, "max": 61565.0078125}, "unesco": {"min": 65535.0, "max": 489015.59375}, "unesco-ramsar": {"min": 65535.0, "max": 65535.0}, "wwf-glw-1": {"min": 65535.0, "max": 65535.0}, "wwf-glw-2": {"min": 0.0, "max": 128371.5390625}, "jrc-gsw": {"min": 0.0, "max": 1.0}, "pp-marine-protected": {"min": 0.0, "max": 1.0}, "unep-tidal": {"min": 0.0, "max": 1.0}, "wwf-glw-3": {"min": 1.0, "max": 255.0}, "gsa-pvout": {"min": 3.2817647457122803, "max": 4.8550262451171875}, "gsa-ghi": {"min": 4.048121452331543, "max": 5.968508243560791}, "gsa-gti": {"min": 4.040234088897705, "max": 6.083258152008057}, "gsa-temp": {"min": 12.424450874328613, "max": 28.299999237060547}, "gwa-iec1": {"min": 0.0018130880780518055, "max": 0.5640160441398621}, "gwa-iec2": {"min": 0.002659795805811882, "max": 0.5728983283042908}, "gwa-iec3": {"min": 0.0032102041877806187, "max": 0.5990591049194336}, "gwa-power-10": {"min": 0.8675969839096069, "max": 1922.0791015625}, "gwa-speed-10": {"min": 0.5756436586380005, "max": 9.571062088012695}, "gwa-power-50": {"min": 1.793387532234192, "max": 2098.232666015625}, "gwa-speed-50": {"min": 0.8482354879379272, "max": 11.407532691955566}, "gwa-power-100": {"min": 4.007027626037598, "max": 1940.6995849609375}, "gwa-speed-100": {"min": 1.2904731035232544, "max": 11.868146896362305}, "gwa-power-150": {"min": 5.847651958465576, "max": 1807.377685546875}, "gwa-speed-150": {"min": 1.355228304862976, "max": 11.948049545288086}, "gwa-power-200": {"min": 7.030960559844971, "max": 1754.4351806640625}, "gwa-speed-200": {"min": 1.3933926820755005, "max": 11.718774795532227}, "gebco": {"min": -712.0, "max": 2786.0}, "srtm90": {"min": 1.0, "max": 2819.0}, "waterbodies": {"min": 0.0, "max": 2.0}, "gwa-enercon-e44-50": {"min": 0.0002663492050487548, "max": 0.4456311762332916}, "gwa-enercon-e48-50": {"min": 0.0003658622445072979, "max": 0.49842607975006104}, "gwa-enercon-e53-50": {"min": 0.0009992613922804594, "max": 0.5320761203765869}, "gwa-offshore-dtu-10mw-119": {"min": 0.0006316630751825869, "max": 0.5606111288070679}, "gwa-offshore-iea-15mw-150": {"min": 0.003245612373575568, "max": 0.6107536554336548}, "gwa-offshore-leanwind-8mw-110": {"min": 0.0006111083785071969, "max": 0.5709777474403381}, "gwa-vestas-v100-mode0-100": {"min": 0.0020522666163742542, "max": 0.5995714068412781}, "gwa-vestas-v100-mode0-120": {"min": 0.0029307915829122066, "max": 0.613455593585968}, "gwa-vestas-v100-mode0-150": {"min": 0.004753533750772476, "max": 0.6273418664932251}, "gwa-vestas-v100-mode0-80": {"min": 0.0013627324951812625, "max": 0.5825839042663574}, "gwa-vestas-v110-mode0-100": {"min": 0.0027306918054819107, "max": 0.6366325616836548}, "gwa-vestas-v110-mode0-120": {"min": 0.003881163662299514, "max": 0.6505576372146606}, "gwa-vestas-v110-mode0-150": {"min": 0.006203608587384224, "max": 0.6642332077026367}, "gwa-vestas-v110-mode0-80": {"min": 0.0018123023910447955, "max": 0.6174134612083435}, "gwa-vestas-v112-mode0-100": {"min": 0.0012186253443360329, "max": 0.5784607529640198}, "gwa-vestas-v112-mode0-120": {"min": 0.001754180295392871, "max": 0.5903086066246033}, "gwa-vestas-v112-mode0-150": {"min": 0.002862711437046528, "max": 0.5989587903022766}, "gwa-vestas-v112-mode0-80": {"min": 0.000810233352240175, "max": 0.5647703409194946}, "gwa-vestas-v120-mode0-100": {"min": 0.0028953910805284977, "max": 0.6362961530685425}, "gwa-vestas-v120-mode0-120": {"min": 0.004119326360523701, "max": 0.6486472487449646}, "gwa-vestas-v120-mode0-150": {"min": 0.00660590548068285, "max": 0.6602951884269714}, "gwa-vestas-v120-mode0-80": {"min": 0.001917973393574357, "max": 0.6180399656295776}, "gwa-vestas-v126-mode0-100": {"min": 0.0018294231267645955, "max": 0.5766875743865967}, "gwa-vestas-v126-mode0-120": {"min": 0.0025993152521550655, "max": 0.5898070931434631}, "gwa-vestas-v126-mode0-150": {"min": 0.004210676997900009, "max": 0.5997939109802246}, "gwa-vestas-v126-mode0-80": {"min": 0.0012078998843207955, "max": 0.561479389667511}, "gwa-vestas-v136-mode0-100": {"min": 0.0022280681878328323, "max": 0.6043500900268555}, "gwa-vestas-v136-mode0-120": {"min": 0.0031701226253062487, "max": 0.618159830570221}, "gwa-vestas-v136-mode0-150": {"min": 0.005094495136290789, "max": 0.6321083903312683}, "gwa-vestas-v136-mode0-80": {"min": 0.001479306723922491, "max": 0.5899268388748169}, "air-density": {"min": 0.8867804408073425, "max": 1.1510297060012817}, "lcoe": {"gwa-vestas-v136-mode0-100": {"lg": {"min": 61.51427459716797, "max": 10000.0}, "li": {"min": 1.7548003196716309, "max": 518.7442626953125}, "lr": {"min": 0.0, "max": 46.128089904785156}, "total": {"min": 63.30859375, "max": 10000.0}}, "gwa-vestas-v112-mode0-80": {"lg": {"min": 65.54495239257812, "max": 10000.0}, "li": {"min": 1.9661425352096558, "max": 1426.4998779296875}, "lr": {"min": 0.0, "max": 126.84806823730469}, "total": {"min": 67.69569396972656, "max": 10000.0}}, "gwa-offshore-leanwind-8mw-110": {"lg": {"min": 64.8758544921875, "max": 10000.0}, "li": {"min": 1.9516398906707764, "max": 1842.7376708984375}, "lr": {"min": 0.0, "max": 145.67930603027344}, "total": {"min": 67.00321197509766, "max": 10000.0}}, "gwa-vestas-v110-mode0-100": {"lg": {"min": 58.597835540771484, "max": 10000.0}, "li": {"min": 1.6653003692626953, "max": 423.2618408203125}, "lr": {"min": 0.0, "max": 37.637542724609375}, "total": {"min": 60.301170349121094, "max": 10000.0}}, "gwa-vestas-v100-mode0-150": {"lg": {"min": 59.40640640258789, "max": 7316.19384765625}, "li": {"min": 1.700416088104248, "max": 243.1449432373047}, "lr": {"min": 0.0, "max": 21.62108039855957}, "total": {"min": 61.13496398925781, "max": 7580.9599609375}}, "gwa-vestas-v136-mode0-120": {"lg": {"min": 60.229400634765625, "max": 10000.0}, "li": {"min": 1.7256736755371094, "max": 364.59088134765625}, "lr": {"min": 0.0, "max": 32.42036437988281}, "total": {"min": 61.98363494873047, "max": 10000.0}}, "gwa-vestas-v120-mode0-80": {"lg": {"min": 60.24031066894531, "max": 10000.0}, "li": {"min": 1.7019927501678467, "max": 602.6140747070312}, "lr": {"min": 0.0, "max": 53.58600616455078}, "total": {"min": 61.95182418823242, "max": 10000.0}}, "gwa-vestas-v120-mode0-150": {"lg": {"min": 56.6412467956543, "max": 5265.7705078125}, "li": {"min": 1.6091660261154175, "max": 174.9643096923828}, "lr": {"min": 0.0, "max": 15.558279991149902}, "total": {"min": 58.283538818359375, "max": 5456.29296875}}, "gwa-vestas-v110-mode0-150": {"lg": {"min": 56.32915115356445, "max": 5606.990234375}, "li": {"min": 1.6059755086898804, "max": 186.310546875}, "lr": {"min": 0.0, "max": 16.567216873168945}, "total": {"min": 57.961708068847656, "max": 5809.8681640625}}, "gwa-offshore-iea-15mw-150": {"lg": {"min": 60.91126251220703, "max": 10000.0}, "li": {"min": 1.8250272274017334, "max": 354.1272277832031}, "lr": {"min": 0.0, "max": 31.489913940429688}, "total": {"min": 62.90007400512695, "max": 10000.0}}, "gwa-vestas-v100-mode0-120": {"lg": {"min": 60.66059875488281, "max": 10000.0}, "li": {"min": 1.7389070987701416, "max": 394.36370849609375}, "lr": {"min": 0.0, "max": 35.067840576171875}, "total": {"min": 62.42828369140625, "max": 10000.0}}, "gwa-enercon-e48-50": {"lg": {"min": 73.7370376586914, "max": 10000.0}, "li": {"min": 2.232927083969116, "max": 3077.968505859375}, "lr": {"min": 0.0, "max": 246.7068634033203}, "total": {"min": 76.17405700683594, "max": 10000.0}}, "gwa-vestas-v126-mode0-120": {"lg": {"min": 62.93241882324219, "max": 10000.0}, "li": {"min": 1.8215988874435425, "max": 444.65472412109375}, "lr": {"min": 0.0, "max": 39.53984832763672},