{"worldpop":{"min":-3.4028234663852886e+38,"max":12862.2568359375},"slope":{"min":0.0,"max":47.43317413330078},"land-cover":{"min":10.0,"max":210.0},"airports":{"min":500.0,"max":371699.125},"ports":{"min":0.0,"max":290913.21875},"anchorages":{"min":0.0,"max":270366.875},"grid":{"min":0.0,"max":290193.90625},"roads":{"min":0.0,"max":288016.0625},"pp-whs":{"min":435866.09375,"max":702690.75},"unep-coral":{"min":0.0,"max":289348.40625},"unesco":{"min":65535.0,"max":65535.0},"unesco-ramsar":{"min":65535.0,"max":65535.0},"wwf-glw-1":{"min":65535.0,"max":500000.0},"wwf-glw-2":{"min":0.0,"max":295689.875},"jrc-gsw":{"min":0.0,"max":255.0},"pp-marine-protected":{"min":0.0,"max":1.0},"unep-tidal":{"min":0.0,"max":1.0},"wwf-glw-3":{"min":1.0,"max":255.0},"gsa-pvout":{"min":3.268008232116699,"max":4.866806507110596},"gsa-ghi":{"min":4.048121452331543,"max":6.074999809265137},"gsa-gti":{"min":4.040234088897705,"max":6.187897682189941},"gsa-temp":{"min":12.53097152709961,"max":28.299999237060547},"gwa-iec1":{"min":0.0018130880780518055,"max":0.5640160441398621},"gwa-iec2":{"min":0.002659795805811882,"max":0.5640538334846497},"gwa-iec3":{"min":0.0032102041877806187,"max":0.5920530557632446},"gwa-power-10":{"min":-999.0,"max":1922.0791015625},"gwa-speed-10":{"min":0.11994098126888,"max":9.571062088012695},"gwa-power-50":{"min":-999.0,"max":2098.232666015625},"gwa-speed-50":{"min":0.18117314577103,"max":11.407532691955566},"gwa-power-100":{"min":-999.0,"max":1940.6995849609375},"gwa-speed-100":{"min":1.564518928527832,"max":6.636087417602539},"gwa-power-150":{"min":-999.0,"max":1807.377685546875},"gwa-speed-150":{"min":0.28240531682968,"max":11.948049545288086},"gwa-power-200":{"min":-999.0,"max":1754.4351806640625},"gwa-speed-200":{"min":0.29232773184776,"max":11.718774795532227},"gebco":{"min":-3717.0,"max":2786.0},"srtm90":{"min":-68.0,"max":2819.0},"waterbodies":{"min":0.0,"max":2.0},"gwa-enercon-e44-50":{"min":0.0003086317447014153,"max":0.4456311762332916},"gwa-enercon-e48-50":{"min":0.0004229832557030022,"max":0.49842607975006104},"gwa-enercon-e53-50":{"min":0.001044890028424561,"max":0.5320761203765869},"gwa-offshore-dtu-10mw-119":{"min":0.0007393808919005096,"max":0.5606111288070679},"gwa-offshore-iea-15mw-150":{"min":0.003521126229315996,"max":0.6107536554336548},"gwa-offshore-leanwind-8mw-110":{"min":0.0007169356686063111,"max":0.5709777474403381},"gwa-vestas-v100-mode0-100":{"min":0.0022493978030979633,"max":0.59024977684021},"gwa-vestas-v100-mode0-120":{"min":0.00323197222314775,"max":0.6038362383842468},"gwa-vestas-v100-mode0-150":{"min":0.005179576110094786,"max":0.6142797470092773},"gwa-vestas-v100-mode0-80":{"min":0.0015611841809004545,"max":0.5749450922012329},"gwa-vestas-v110-mode0-100":{"min":0.002987417159602046,"max":0.6236832737922668},"gwa-vestas-v110-mode0-120":{"min":0.004271863494068384,"max":0.6380652189254761},"gwa-vestas-v110-mode0-150":{"min":0.006834850646555424,"max":0.6494523286819458},"gwa-vestas-v110-mode0-80":{"min":0.002063158666715026,"max":0.6071557998657227},"gwa-vestas-v112-mode0-100":{"min":0.0013409809907898307,"max":0.5784607529640198},"gwa-vestas-v112-mode0-120":{"min":0.0019424122292548418,"max":0.5903086066246033},"gwa-vestas-v112-mode0-150":{"min":0.0031157045159488916,"max":0.5989587903022766},"gwa-vestas-v112-mode0-80":{"min":0.0009354361682198942,"max":0.5647703409194946},"gwa-vestas-v120-mode0-100":{"min":0.0031680548563599586,"max":0.6042325496673584},"gwa-vestas-v120-mode0-120":{"min":0.004534602630883455,"max":0.6168528199195862},"gwa-vestas-v120-mode0-150":{"min":0.007266865577548742,"max":0.6223533153533936},"gwa-vestas-v120-mode0-80":{"min":0.0021891198121011257,"max":0.5863522291183472},"gwa-vestas-v126-mode0-100":{"min":0.002004049252718687,"max":0.5766875743865967},"gwa-vestas-v126-mode0-120":{"min":0.0028647161088883877,"max":0.5898070931434631},"gwa-vestas-v126-mode0-150":{"min":0.004598674830049276,"max":0.5997939109802246},"gwa-vestas-v126-mode0-80":{"min":0.001381938112899661,"max":0.561479389667511},"gwa-vestas-v136-mode0-100":{"min":0.002438752679154277,"max":0.6009654402732849},"gwa-vestas-v136-mode0-120":{"min":0.0034908268135041,"max":0.614472508430481},"gwa-vestas-v136-mode0-150":{"min":0.005584539379924536,"max":0.6247850656509399},"gwa-vestas-v136-mode0-80":{"min":0.0016898040194064379,"max":0.5852757692337036},"air-density":{"min":0.8867804408073425,"max":1.1512094736099243}}