{"worldpop":{"min":-3.4028234663852886e+38,"max":805.748291015625},"slope":{"min":0.03585316240787506,"max":43.875030517578125},"land-cover":{"min":13.711030960083008,"max":210.0},"airports":{"min":0.0,"max":315360.5},"ports":{"min":500.0,"max":392608.28125},"anchorages":{"min":0.0,"max":189331.71875},"grid":{"min":0.0,"max":326080.5},"roads":{"min":0.0,"max":298973.65625},"pp-whs":{"min":1120000.0,"max":1833000.0},"unep-coral":{"min":0.0,"max":103781.0234375},"unesco":{"min":65535.0,"max":65535.0},"unesco-ramsar":{"min":65535.0,"max":65535.0},"wwf-glw-1":{"min":65535.0,"max":65535.0},"wwf-glw-2":{"min":0.0,"max":184500.0},"jrc-gsw":{"min":0.0,"max":1.0},"pp-marine-protected":{"min":0.0,"max":1.0},"unep-tidal":{"min":0.0,"max":1.0},"wwf-glw-3":{"min":1.0,"max":255.0},"gsa-pvout":{"min":3.5922141075134277,"max":4.198625087738037},"gsa-ghi":{"min":4.313812732696533,"max":5.1199798583984375},"gsa-gti":{"min":4.455664157867432,"max":5.27943229675293},"gsa-temp":{"min":20.801254272460938,"max":26.5},"gwa-iec1":{"min":0.20612786710262299,"max":0.5993345975875854},"gwa-iec2":{"min":0.2518051266670227,"max":0.6309114694595337},"gwa-iec3":{"min":0.2848876416683197,"max":0.6590234041213989},"gwa-power-10":{"min":12.756509780883789,"max":1102.45947265625},"gwa-speed-10":{"min":2.051056146621704,"max":9.218740463256836},"gwa-power-50":{"min":84.84274291992188,"max":1184.98388671875},"gwa-speed-50":{"min":4.115534782409668,"max":10.048033714294434},"gwa-power-100":{"min":174.35205078125,"max":1147.85107421875},"gwa-speed-100":{"min":5.693595886230469,"max":10.460668563842773},"gwa-power-150":{"min":247.88438415527344,"max":1184.471923828125},"gwa-speed-150":{"min":6.497755527496338,"max":10.671292304992676},"gwa-power-200":{"min":311.8887634277344,"max":1206.1688232421875},"gwa-speed-200":{"min":6.977797985076904,"max":10.789664268493652},"gebco":{"min":-510.0,"max":447.0},"srtm90":{"min":0.0,"max":458.0},"waterbodies":{"min":0.0,"max":2.0},"gwa-enercon-e44-50":{"min":0.05428370088338852,"max":0.4570060670375824},"gwa-enercon-e48-50":{"min":0.07100293785333633,"max":0.5190042853355408},"gwa-enercon-e53-50":{"min":0.0923842042684555,"max":0.5585495233535767},"gwa-offshore-dtu-10mw-119":{"min":0.18129684031009674,"max":0.5850322842597961},"gwa-offshore-iea-15mw-150":{"min":0.2777230739593506,"max":0.6384392976760864},"gwa-offshore-leanwind-8mw-110":{"min":0.17277546226978302,"max":0.593582034111023},"gwa-vestas-v100-mode0-100":{"min":0.24442175030708313,"max":0.6622539162635803},"gwa-vestas-v100-mode0-120":{"min":0.29374369978904724,"max":0.6715007424354553},"gwa-vestas-v100-mode0-150":{"min":0.3485831916332245,"max":0.6747550964355469},"gwa-vestas-v100-mode0-80":{"min":0.19515445828437805,"max":0.6428331136703491},"gwa-vestas-v110-mode0-100":{"min":0.28510352969169617,"max":0.6958717107772827},"gwa-vestas-v110-mode0-120":{"min":0.3384949862957001,"max":0.7052628397941589},"gwa-vestas-v110-mode0-150":{"min":0.3965778052806854,"max":0.7086588144302368},"gwa-vestas-v110-mode0-80":{"min":0.23020140826702118,"max":0.6760988831520081},"gwa-vestas-v112-mode0-100":{"min":0.17624539136886597,"max":0.6094134449958801},"gwa-vestas-v112-mode0-120":{"min":0.21583107113838196,"max":0.6181846857070923},"gwa-vestas-v112-mode0-150":{"min":0.2614983916282654,"max":0.6224707365036011},"gwa-vestas-v112-mode0-80":{"min":0.13846229016780853,"max":0.5924737453460693},"gwa-vestas-v120-mode0-100":{"min":0.3022341728210449,"max":0.6801255941390991},"gwa-vestas-v120-mode0-120":{"min":0.3572785258293152,"max":0.6878535151481628},"gwa-vestas-v120-mode0-150":{"min":0.41658395528793335,"max":0.6958292722702026},"gwa-vestas-v120-mode0-80":{"min":0.2448998987674713,"max":0.6582839488983154},"gwa-vestas-v126-mode0-100":{"min":0.2181064486503601,"max":0.640546441078186},"gwa-vestas-v126-mode0-120":{"min":0.26369035243988037,"max":0.6496843099594116},"gwa-vestas-v126-mode0-150":{"min":0.31511005759239197,"max":0.6532058715820312},"gwa-vestas-v126-mode0-80":{"min":0.17334823310375214,"max":0.6217136383056641},"gwa-vestas-v136-mode0-100":{"min":0.2500734031200409,"max":0.6698646545410156},"gwa-vestas-v136-mode0-120":{"min":0.2996916174888611,"max":0.6790340542793274},"gwa-vestas-v136-mode0-150":{"min":0.3546433448791504,"max":0.6823472380638123},"gwa-vestas-v136-mode0-80":{"min":0.200246661901474,"max":0.6506917476654053},"air-density":{"min":1.1130037307739258,"max":1.1640733480453491},"lcoe":{"gwa-vestas-v136-mode0-100":{"lg":{"min":55.88922882080078,"max":142.99423217773438},"li":{"min":1.818110704421997,"max":22.95208168029785},"lr":{"min":0.0,"max":9.582772254943848},"total":{"min":62.95498275756836,"max":165.9698486328125}},"gwa-vestas-v112-mode0-80":{"lg":{"min":62.667171478271484,"max":255.0341339111328},"li":{"min":2.153102397918701,"max":41.45320129394531},"lr":{"min":0.0,"max":15.667309761047363},"total":{"min":71.6438217163086,"max":296.52984619140625}},"gwa-offshore-leanwind-8mw-110":{"lg":{"min":62.557640075683594,"max":205.17881774902344},"li":{"min":2.2187345027923584,"max":33.22060775756836},"lr":{"min":0.0,"max":13.40953254699707},"total":{"min":71.51752471923828,"max":238.43348693847656}},"gwa-vestas-v110-mode0-100":{"lg":{"min":53.949951171875,"max":125.91627502441406},"li":{"min":1.7217642068862915,"max":20.132001876831055},"lr":{"min":0.0,"max":8.575614929199219},"total":{"min":59.81479263305664,"max":146.0689239501953}},"gwa-vestas-v100-mode0-150":{"lg":{"min":55.513145446777344,"max":103.71438598632812},"li":{"min":1.7755320072174072,"max":16.70150375366211},"lr":{"min":0.0,"max":8.058631896972656},"total":{"min":62.78325271606445,"max":120.50680541992188}},"gwa-vestas-v136-mode0-120":{"lg":{"min":55.18853759765625,"max":119.98175048828125},"li":{"min":1.7844160795211792,"max":19.29317855834961},"lr":{"min":0.0,"max":8.612515449523926},"total":{"min":62.61160659790039,"max":139.15342712402344}},"gwa-vestas-v120-mode0-80":{"lg":{"min":56.80207443237305,"max":145.93048095703125},"li":{"min":1.7350988388061523,"max":23.43694305419922},"lr":{"min":0.0,"max":9.53577709197998},"total":{"min":60.177459716796875,"max":169.39146423339844}},"gwa-vestas-v120-mode0-150":{"lg":{"min":53.9530029296875,"max":87.43758392333984},"li":{"min":1.6449761390686035,"max":13.975247383117676},"lr":{"min":0.0,"max":7.012328147888184},"total":{"min":58.62708282470703,"max":101.48890686035156}},"gwa-vestas-v110-mode0-150":{"lg":{"min":53.04865646362305,"max":91.64676666259766},"li":{"min":1.665956735610962,"max":14.680257797241211},"lr":{"min":0.0,"max":7.282977104187012},"total":{"min":59.223182678222656,"max":106.40693664550781}},"gwa-offshore-iea-15mw-150":{"lg":{"min":58.443328857421875,"max":129.15618896484375},"li":{"min":1.9905438423156738,"max":20.96283721923828},"lr":{"min":0.0,"max":9.723454475402832},"total":{"min":66.77368927001953,"max":150.23312377929688}},"gwa-vestas-v100-mode0-120":{"lg":{"min":55.7628059387207,"max":122.33023834228516},"li":{"min":1.7990583181381226,"max":19.682226181030273},"lr":{"min":0.0,"max":8.746939659118652},"total":{"min":63.084938049316406,"max":141.89012145996094}},"gwa-enercon-e48-50":{"lg":{"min":70.97200775146484,"max":493.539794921875},"li":{"min":2.705709218978882,"max":80.83757781982422},"lr":{"min":0.0,"max":28.06863021850586},"total":{"min":81.21937561035156,"max":574.4602661132812}},"gwa-vestas-v126-mode0-120":{"lg":{"min":57.500999450683594,"max":135.81655883789062},"li":{"min":1.8972018957138062,"max":21.927989959716797},"lr":{"min":0.0,"max":9.619108200073242},"total":{"min":65.68717193603516,"max":157.605712890625}},"gwa-vestas-v110-mode0-80":{"lg":{"min":55.410762786865234,"max":154.99281311035156},"li":{"min":1.754536509513855,"max":24.93340492248535},"lr":{"min":0.0,"max":10.055034637451172},"total":{"min":60.806793212890625,"max":179.9517822265625}},"gwa-iec3":{"lg":{"min":56.742828369140625,"max":126.00867462158203},"li":{"min":1.8444238901138306,"max":20.3017578125},"lr":{"min":0.0,"max":9.545097351074219},"total":{"min":64.0015640258789,