{"worldpop": {"min": -3.4028234663852886e+38, "max": 880.9837646484375}, "slope": {"min": 0.0, "max": 73.19231414794922}, "land-cover": {"min": 11.0, "max": 210.0}, "airports": {"min": 500.0, "max": 500000.0}, "ports": {"min": 500.0, "max": 500000.0}, "anchorages": {"min": 0.0, "max": 480901.75}, "grid": {"min": 0.0, "max": 500000.0}, "roads": {"min": 0.0, "max": 499999.25}, "pp-whs": {"min": 947000.0, "max": 2329547.25}, "unep-coral": {"min": 0.0, "max": 390392.4375}, "unesco": {"min": 65535.0, "max": 65535.0}, "unesco-ramsar": {"min": 65535.0, "max": 65535.0}, "wwf-glw-1": {"min": 65535.0, "max": 65535.0}, "wwf-glw-2": {"min": 0.0, "max": 499999.25}, "jrc-gsw": {"min": 0.0, "max": 255.0}, "pp-marine-protected": {"min": 0.0, "max": 1.0}, "unep-tidal": {"min": 0.0, "max": 1.0}, "wwf-glw-3": {"min": 1.0, "max": 255.0}, "gsa-pvout": {"min": 3.6053874492645264, "max": 4.243000030517578}, "gsa-ghi": {"min": 4.318199634552002, "max": 5.173576354980469}, "gsa-gti": {"min": 4.457764625549316, "max": 5.338235855102539}, "gsa-temp": {"min": 19.220291137695312, "max": 26.899999618530273}, "gwa-iec1": {"min": 0.20558789372444153, "max": 0.685048520565033}, "gwa-iec2": {"min": 0.251036137342453, "max": 0.6815219521522522}, "gwa-iec3": {"min": 0.2848876416683197, "max": 0.7036452889442444}, "gwa-power-10": {"min": 13.00054931640625, "max": 1204.610595703125}, "gwa-speed-10": {"min": 2.1796200275421143, "max": 9.159543991088867}, "gwa-power-50": {"min": 87.45024108886719, "max": 1884.925537109375}, "gwa-speed-50": {"min": 4.084846496582031, "max": 12.07016658782959}, "gwa-power-100": {"min": 172.63230895996094, "max": 2139.38818359375}, "gwa-speed-100": {"min": 5.693595886230469, "max": 13.136290550231934}, "gwa-power-150": {"min": 244.101318359375, "max": 1856.158203125}, "gwa-speed-150": {"min": 6.421320915222168, "max": 12.635724067687988}, "gwa-power-200": {"min": 277.2215881347656, "max": 1674.1273193359375}, "gwa-speed-200": {"min": 6.657710075378418, "max": 12.322434425354004}, "gebco": {"min": -10801.0, "max": 809.0}, "srtm90": {"min": 0.0, "max": 458.0}, "waterbodies": {"min": 0.0, "max": 2.0}, "gwa-enercon-e44-50": {"min": 0.044307101517915726, "max": 0.5572047233581543}, "gwa-enercon-e48-50": {"min": 0.058122243732213974, "max": 0.616020679473877}, "gwa-enercon-e53-50": {"min": 0.07678839564323425, "max": 0.6501270532608032}, "gwa-offshore-dtu-10mw-119": {"min": 0.1910826861858368, "max": 0.6829308271408081}, "gwa-offshore-iea-15mw-150": {"min": 0.27084702253341675, "max": 0.716744065284729}, "gwa-offshore-leanwind-8mw-110": {"min": 0.18785858154296875, "max": 0.6931007504463196}, "gwa-vestas-v100-mode0-100": {"min": 0.2606147229671478, "max": 0.6932184100151062}, "gwa-vestas-v100-mode0-120": {"min": 0.29777592420578003, "max": 0.700969398021698}, "gwa-vestas-v100-mode0-150": {"min": 0.3360072672367096, "max": 0.7075299620628357}, "gwa-vestas-v100-mode0-80": {"min": 0.20089490711688995, "max": 0.6817113161087036}, "gwa-vestas-v110-mode0-100": {"min": 0.2984185814857483, "max": 0.7195823192596436}, "gwa-vestas-v110-mode0-120": {"min": 0.3392734229564667, "max": 0.7283994555473328}, "gwa-vestas-v110-mode0-150": {"min": 0.38006138801574707, "max": 0.7360296249389648}, "gwa-vestas-v110-mode0-80": {"min": 0.23558856546878815, "max": 0.7116641402244568}, "gwa-vestas-v112-mode0-100": {"min": 0.19189326465129852, "max": 0.7042855024337769}, "gwa-vestas-v112-mode0-120": {"min": 0.22389104962348938, "max": 0.707851231098175}, "gwa-vestas-v112-mode0-150": {"min": 0.25570446252822876, "max": 0.7040600776672363}, "gwa-vestas-v112-mode0-80": {"min": 0.1438407152891159, "max": 0.691474199295044}, "gwa-vestas-v120-mode0-100": {"min": 0.31397947669029236, "max": 0.687269389629364}, "gwa-vestas-v120-mode0-120": {"min": 0.3563790023326874, "max": 0.6928883194923401}, "gwa-vestas-v120-mode0-150": {"min": 0.39813852310180664, "max": 0.6958292722702026}, "gwa-vestas-v120-mode0-80": {"min": 0.25009405612945557, "max": 0.6711686253547668}, "gwa-vestas-v126-mode0-100": {"min": 0.23513589799404144, "max": 0.6867671012878418}, "gwa-vestas-v126-mode0-120": {"min": 0.26948365569114685, "max": 0.6935754418373108}, "gwa-vestas-v126-mode0-150": {"min": 0.30530211329460144, "max": 0.6976818442344666}, "gwa-vestas-v126-mode0-80": {"min": 0.1789848655462265, "max": 0.6748212575912476}, "gwa-vestas-v136-mode0-100": {"min": 0.26567980647087097, "max": 0.7073597311973572}, "gwa-vestas-v136-mode0-120": {"min": 0.3031919002532959, "max": 0.7146846055984497}, "gwa-vestas-v136-mode0-150": {"min": 0.3415805995464325, "max": 0.7201072573661804}, "gwa-vestas-v136-mode0-80": {"min": 0.20586366951465607, "max": 0.6956540942192078}, "air-density": {"min": 1.0783339738845825, "max": 1.1718404293060303}}