{"worldpop":{"min":-3.4028234663852886e+38,"max":2617.36328125},"slope":{"min":0.0,"max":37.128414154052734},"land-cover":{"min":10.0,"max":210.0},"airports":{"min":0.0,"max":347365.09375},"ports":{"min":0.0,"max":348969.90625},"anchorages":{"min":0.0,"max":318352.03125},"grid":{"min":0.0,"max":414632.65625},"roads":{"min":0.0,"max":331303.5},"pp-whs":{"min":194428.015625,"max":517857.59375},"unep-coral":{"min":0.0,"max":327513.71875},"unesco":{"min":112687.625,"max":449386.8125},"unesco-ramsar":{"min":65535.0,"max":65535.0},"wwf-glw-1":{"min":65535.0,"max":500000.0},"wwf-glw-2":{"min":0.0,"max":393061.375},"jrc-gsw":{"min":0.0,"max":255.0},"pp-marine-protected":{"min":0.0,"max":0.0},"unep-tidal":{"min":0.0,"max":1.0},"wwf-glw-3":{"min":1.0,"max":255.0},"gsa-pvout":{"min":3.9118800163269043,"max":4.835999965667725},"gsa-ghi":{"min":4.823555946350098,"max":5.98199987411499},"gsa-gti":{"min":4.873504638671875,"max":6.111999988555908},"gsa-temp":{"min":19.837787628173828,"max":26.899999618530273},"gwa-iec1":{"min":0.016746211796998978,"max":0.48702502250671387},"gwa-iec2":{"min":0.023831062018871307,"max":0.5509397983551025},"gwa-iec3":{"min":0.028765130788087845,"max":0.5933235883712769},"gwa-power-10":{"min":1.6156383752822876,"max":357.2284851074219},"gwa-speed-10":{"min":0.9529658555984497,"max":6.1751484870910645},"gwa-power-50":{"min":7.566559314727783,"max":454.71380615234375},"gwa-speed-50":{"min":1.7556933164596558,"max":7.918921947479248},"gwa-power-100":{"min":21.386587142944336,"max":477.90155029296875},"gwa-speed-100":{"min":4.6516571044921875,"max":7.857868194580078},"gwa-power-150":{"min":44.32535171508789,"max":554.6688232421875},"gwa-speed-150":{"min":3.846801996231079,"max":8.972365379333496},"gwa-power-200":{"min":75.23661041259766,"max":605.0536499023438},"gwa-speed-200":{"min":4.6653008460998535,"max":9.303093910217285},"gebco":{"min":-4099.0,"max":866.0},"srtm90":{"min":1.0,"max":859.0},"waterbodies":{"min":0.0,"max":2.0},"gwa-enercon-e44-50":{"min":0.0011688980739563704,"max":0.3027413785457611},"gwa-enercon-e48-50":{"min":0.001598152332007885,"max":0.3697578012943268},"gwa-enercon-e53-50":{"min":0.0038581572007387877,"max":0.42207708954811096},"gwa-offshore-dtu-10mw-119":{"min":0.01095886155962944,"max":0.4688522219657898},"gwa-offshore-iea-15mw-150":{"min":0.04539010301232338,"max":0.5662926435470581},"gwa-offshore-leanwind-8mw-110":{"min":0.00893249548971653,"max":0.4769265651702881},"gwa-vestas-v100-mode0-100":{"min":0.019534001126885414,"max":0.6015853881835938},"gwa-vestas-v100-mode0-120":{"min":0.035616979002952576,"max":0.6211697459220886},"gwa-vestas-v100-mode0-150":{"min":0.06463995575904846,"max":0.6483607292175293},"gwa-vestas-v100-mode0-80":{"min":0.009405727498233318,"max":0.5810907483100891},"gwa-vestas-v110-mode0-100":{"min":0.025620069354772568,"max":0.6533358693122864},"gwa-vestas-v110-mode0-120":{"min":0.045950181782245636,"max":0.6688376069068909},"gwa-vestas-v110-mode0-150":{"min":0.08150026202201843,"max":0.6961846947669983},"gwa-vestas-v110-mode0-80":{"min":0.012405646964907646,"max":0.6391872763633728},"gwa-vestas-v112-mode0-100":{"min":0.011816291138529778,"max":0.49501892924308777},"gwa-vestas-v112-mode0-120":{"min":0.022039925679564476,"max":0.5148130059242249},"gwa-vestas-v112-mode0-150":{"min":0.04142896458506584,"max":0.544782817363739},"gwa-vestas-v112-mode0-80":{"min":0.005649577360600233,"max":0.46718093752861023},"gwa-vestas-v120-mode0-100":{"min":0.027287660166621208,"max":0.6736254692077637},"gwa-vestas-v120-mode0-120":{"min":0.049121126532554626,"max":0.6876201629638672},"gwa-vestas-v120-mode0-150":{"min":0.08754570782184601,"max":0.7161539196968079},"gwa-vestas-v120-mode0-80":{"min":0.013195957988500595,"max":0.6622990369796753},"gwa-vestas-v126-mode0-100":{"min":0.01727110892534256,"max":0.5614671111106873},"gwa-vestas-v126-mode0-120":{"min":0.03129930421710014,"max":0.5812118053436279},"gwa-vestas-v126-mode0-150":{"min":0.056541379541158676,"max":0.6095209717750549},"gwa-vestas-v126-mode0-80":{"min":0.008339258842170238,"max":0.5334199666976929},"gwa-vestas-v136-mode0-100":{"min":0.02093767747282982,"max":0.606552243232727},"gwa-vestas-v136-mode0-120":{"min":0.03776291757822037,"max":0.6252161860466003},"gwa-vestas-v136-mode0-150":{"min":0.06769250333309174,"max":0.6519964337348938},"gwa-vestas-v136-mode0-80":{"min":0.010126443579792976,"max":0.5856078863143921},"air-density":{"min":1.0679569244384766,"max":1.150719165802002}}