{"worldpop":{"min":-3.4028234663852886e+38,"max":19264.650390625},"slope":{"min":0.0,"max":39.66777801513672},"land-cover":{"min":10.0,"max":210.0},"airports":{"min":0.0,"max":164283.296875},"ports":{"min":0.0,"max":199030.78125},"anchorages":{"min":0.0,"max":156500.796875},"grid":{"min":0.0,"max":175813.828125},"roads":{"min":0.0,"max":140508.015625},"pp-whs":{"min":0.0,"max":448834.59375},"unep-coral":{"min":65535.0,"max":65535.0},"unesco":{"min":0.0,"max":204298.796875},"unesco-ramsar":{"min":25495.09765625,"max":499999.25},"wwf-glw-1":{"min":0.0,"max":450053.625},"wwf-glw-2":{"min":0.0,"max":253579.375},"jrc-gsw":{"min":0.0,"max":255.0},"pp-marine-protected":{"min":0.0,"max":1.0},"unep-tidal":{"min":0.0,"max":1.0},"wwf-glw-3":{"min":1.0,"max":255.0},"gsa-pvout":{"min":3.8992385864257812,"max":4.939338684082031},"gsa-ghi":{"min":4.4020586013793945,"max":5.407974720001221},"gsa-gti":{"min":4.840692520141602,"max":6.202141284942627},"gsa-temp":{"min":12.958534240722656,"max":21.600000381469727},"gwa-iec1":{"min":0.10151916742324829,"max":0.5729195475578308},"gwa-iec2":{"min":0.12658222019672394,"max":0.5918760895729065},"gwa-iec3":{"min":0.145520880818367,"max":0.6206535696983337},"gwa-power-10":{"min":9.965291976928711,"max":3774.728515625},"gwa-speed-10":{"min":1.4631235599517822,"max":11.054165840148926},"gwa-power-50":{"min":38.53969192504883,"max":3229.72802734375},"gwa-speed-50":{"min":2.816793918609619,"max":11.790492057800293},"gwa-power-100":{"min":88.83145141601562,"max":3007.9873046875},"gwa-speed-100":{"min":5.561491012573242,"max":8.949734687805176},"gwa-power-150":{"min":155.81402587890625,"max":2936.57080078125},"gwa-speed-150":{"min":4.448522090911865,"max":12.481266021728516},"gwa-power-200":{"min":221.51356506347656,"max":2915.97216796875},"gwa-speed-200":{"min":4.809412956237793,"max":12.660974502563477},"gebco":{"min":-2877.0,"max":1319.0},"srtm90":{"min":-11.0,"max":1332.0},"waterbodies":{"min":0.0,"max":2.0},"gwa-enercon-e44-50":{"min":0.02795724757015705,"max":0.44642719626426697},"gwa-enercon-e48-50":{"min":0.036593832075595856,"max":0.5013516545295715},"gwa-enercon-e53-50":{"min":0.049118977040052414,"max":0.5365132689476013},"gwa-offshore-dtu-10mw-119":{"min":0.10794325172901154,"max":0.5655109882354736},"gwa-offshore-iea-15mw-150":{"min":0.16008125245571136,"max":0.6288367509841919},"gwa-offshore-leanwind-8mw-110":{"min":0.10134169459342957,"max":0.5683236122131348},"gwa-vestas-v100-mode0-100":{"min":0.14262448251247406,"max":0.6309564113616943},"gwa-vestas-v100-mode0-120":{"min":0.16719411313533783,"max":0.646560788154602},"gwa-vestas-v100-mode0-150":{"min":0.1933930665254593,"max":0.6600755453109741},"gwa-vestas-v100-mode0-80":{"min":0.10801714658737183,"max":0.6104962825775146},"gwa-vestas-v110-mode0-100":{"min":0.16697272658348083,"max":0.6624675393104553},"gwa-vestas-v110-mode0-120":{"min":0.1888170838356018,"max":0.6776575446128845},"gwa-vestas-v110-mode0-150":{"min":0.21711477637290955,"max":0.690400242805481},"gwa-vestas-v110-mode0-80":{"min":0.12775030732154846,"max":0.6426838040351868},"gwa-vestas-v112-mode0-100":{"min":0.10298075526952744,"max":0.5829932689666748},"gwa-vestas-v112-mode0-120":{"min":0.1298411637544632,"max":0.5961013436317444},"gwa-vestas-v112-mode0-150":{"min":0.15189072489738464,"max":0.6128037571907043},"gwa-vestas-v112-mode0-80":{"min":0.07673951983451843,"max":0.575530469417572},"gwa-vestas-v120-mode0-100":{"min":0.17624546587467194,"max":0.6535326242446899},"gwa-vestas-v120-mode0-120":{"min":0.19674548506736755,"max":0.6642724871635437},"gwa-vestas-v120-mode0-150":{"min":0.22557057440280914,"max":0.6729260087013245},"gwa-vestas-v120-mode0-80":{"min":0.13571619987487793,"max":0.6337589621543884},"gwa-vestas-v126-mode0-100":{"min":0.12764666974544525,"max":0.6091361045837402},"gwa-vestas-v126-mode0-120":{"min":0.153192937374115,"max":0.6252567768096924},"gwa-vestas-v126-mode0-150":{"min":0.17781953513622284,"max":0.6401819586753845},"gwa-vestas-v126-mode0-80":{"min":0.09627799689769745,"max":0.5887584686279297},"gwa-vestas-v136-mode0-100":{"min":0.1462467461824417,"max":0.6384602189064026},"gwa-vestas-v136-mode0-120":{"min":0.17035873234272003,"max":0.6542547345161438},"gwa-vestas-v136-mode0-150":{"min":0.1968245655298233,"max":0.6682988405227661},"gwa-vestas-v136-mode0-80":{"min":0.11106103658676147,"max":0.6179996132850647},"air-density":{"min":1.0498378276824951,"max":1.1948153972625732}}