{"worldpop":{"min":-3.4028234663852886e+38,"max":44258.17578125},"slope":{"min":0.0,"max":42.4947624206543},"land-cover":{"min":10.0,"max":210.0},"airports":{"min":500.0,"max":220300.375},"ports":{"min":0.0,"max":499871.25},"anchorages":{"min":0.0,"max":499923.25},"grid":{"min":0.0,"max":21377.55859375},"roads":{"min":0.0,"max":25455.845703125},"pp-whs":{"min":0.0,"max":675806.5625},"unep-coral":{"min":65535.0,"max":65535.0},"unesco":{"min":0.0,"max":266443.25},"unesco-ramsar":{"min":0.0,"max":340500.0},"wwf-glw-1":{"min":0.0,"max":243697.5625},"wwf-glw-2":{"min":0.0,"max":210259.96875},"jrc-gsw":{"min":0.0,"max":1.0},"pp-marine-protected":{"min":0.0,"max":0.0},"unep-tidal":{"min":0.0,"max":1.0},"wwf-glw-3":{"min":1.0,"max":255.0},"gsa-pvout":{"min":2.3276774883270264,"max":5.042260646820068},"gsa-ghi":{"min":2.6939830780029297,"max":5.362014293670654},"gsa-gti":{"min":2.8207204341888428,"max":6.190999507904053},"gsa-temp":{"min":-15.124771118164062,"max":21.899999618530273},"gwa-iec1":{"min":0.002577817300334573,"max":0.634919285774231},"gwa-iec2":{"min":0.0033633012790232897,"max":0.6271005272865295},"gwa-iec3":{"min":0.003912878688424826,"max":0.6539572477340698},"gwa-power-10":{"min":1.0736007690429688,"max":4784.31103515625},"gwa-speed-10":{"min":0.4564819037914276,"max":12.665762901306152},"gwa-power-50":{"min":3.8620858192443848,"max":3143.576904296875},"gwa-speed-50":{"min":0.7188853025436401,"max":13.080412864685059},"gwa-power-100":{"min":5.063643455505371,"max":2765.53369140625},"gwa-speed-100":{"min":0.8869844675064087,"max":13.360852241516113},"gwa-power-150":{"min":6.658243179321289,"max":2542.92626953125},"gwa-speed-150":{"min":1.038970708847046,"max":14.004624366760254},"gwa-power-200":{"min":7.30994987487793,"max":2681.217529296875},"gwa-speed-200":{"min":1.228766918182373,"max":14.538480758666992},"gebco":{"min":-314.0,"max":4983.0},"srtm90":{"min":-8.0,"max":5027.0},"waterbodies":{"min":0.0,"max":2.0},"gwa-enercon-e44-50":{"min":0.0012408933835104108,"max":0.5182030200958252},"gwa-enercon-e48-50":{"min":0.0016431875992566347,"max":0.5721044540405273},"gwa-enercon-e53-50":{"min":0.0026415472384542227,"max":0.604187548160553},"gwa-offshore-dtu-10mw-119":{"min":0.002743496559560299,"max":0.6227942705154419},"gwa-offshore-iea-15mw-150":{"min":0.004812479484826326,"max":0.6694063544273376},"gwa-offshore-leanwind-8mw-110":{"min":0.002846206771209836,"max":0.629526674747467},"gwa-vestas-v100-mode0-100":{"min":0.004955356940627098,"max":0.6516335606575012},"gwa-vestas-v100-mode0-120":{"min":0.006075340323150158,"max":0.6699079871177673},"gwa-vestas-v100-mode0-150":{"min":0.006660835351794958,"max":0.6863260865211487},"gwa-vestas-v100-mode0-80":{"min":0.004242869094014168,"max":0.6280999779701233},"gwa-vestas-v110-mode0-100":{"min":0.006075277924537659,"max":0.690179705619812},"gwa-vestas-v110-mode0-120":{"min":0.0075376322492957115,"max":0.7073700428009033},"gwa-vestas-v110-mode0-150":{"min":0.00825775507837534,"max":0.7223324179649353},"gwa-vestas-v110-mode0-80":{"min":0.005223494954407215,"max":0.6601399183273315},"gwa-vestas-v112-mode0-100":{"min":0.003342199372127652,"max":0.6395514011383057},"gwa-vestas-v112-mode0-120":{"min":0.004017434548586607,"max":0.6481597423553467},"gwa-vestas-v112-mode0-150":{"min":0.0044100116938352585,"max":0.6576405763626099},"gwa-vestas-v112-mode0-80":{"min":0.002843455644324422,"max":0.6283118724822998},"gwa-vestas-v120-mode0-100":{"min":0.0064558046869933605,"max":0.694756805896759},"gwa-vestas-v120-mode0-120":{"min":0.00803119782358408,"max":0.7095258235931396},"gwa-vestas-v120-mode0-150":{"min":0.008800247684121132,"max":0.7210862040519714},"gwa-vestas-v120-mode0-80":{"min":0.0055543710477650166,"max":0.6663671135902405},"gwa-vestas-v126-mode0-100":{"min":0.0043983920477330685,"max":0.6272635459899902},"gwa-vestas-v126-mode0-120":{"min":0.00536957336589694,"max":0.6404114365577698},"gwa-vestas-v126-mode0-150":{"min":0.005894360598176718,"max":0.6625083684921265},"gwa-vestas-v126-mode0-80":{"min":0.0037626544944941998,"max":0.6138397455215454},"gwa-vestas-v136-mode0-100":{"min":0.00516568124294281,"max":0.6565864086151123},"gwa-vestas-v136-mode0-120":{"min":0.006359792314469814,"max":0.6748941540718079},"gwa-vestas-v136-mode0-150":{"min":0.0069697555154562,"max":0.691464364528656},"gwa-vestas-v136-mode0-80":{"min":0.004429119639098644,"max":0.6370905041694641},"air-density":{"min":0.7292199730873108,"max":1.214067816734314},"lcoe":{"gwa-vestas-v136-mode0-100":{"lg":{"min":56.9385871887207,"max":6732.7861328125},"li":{"min":1.5863069295883179,"max":200.75901794433594},"lr":{"min":0.0,"max":11.724555015563965},"total":{"min":58.57945251464844,"max":6943.27880859375}},"gwa-vestas-v112-mode0-80":{"lg":{"min":59.32087326049805,"max":10000.0},"li":{"min":1.7659473419189453,"max":364.7171325683594},"lr":{"min":0.0,"max":20.14310073852539},"total":{"min":61.1336555480957,"max":10000.0}},"gwa-offshore-leanwind-8mw-110":{"lg":{"min":59.2141227722168,"max":10000.0},"li":{"min":1.7625395059585571,"max":361.7571716308594},"lr":{"min":0.0,"max":24.201255798339844},"total":{"min":61.02340316772461,"max":10000.0}},"gwa-vestas-v110-mode0-100":{"lg":{"min":54.36189651489258,"max":5725.34423828125},"li":{"min":1.525840163230896,"max":170.70115661621094},"lr":{"min":0.0,"max":9.906181335449219},"total":{"min":55.92289352416992,"max":5904.32177734375}},"gwa-vestas-v100-mode0-150":{"lg":{"min":54.64466857910156,"max":5222.37841796875},"li":{"min":1.5046828985214233,"max":154.58056640625},"lr":{"min":0.0,"max":10.341312408447266},"total":{"min":56.23286819458008,"max":5387.30029296875}},"gwa-vestas-v136-mode0-120":{"lg":{"min":55.50253677368164,"max":5469.39208984375},"li":{"min":1.559515357017517,"max":161.89768981933594},"lr":{"min":0.0,"max":10.830821990966797},"total":{"min":57.0988883972168,"max":5642.12060546875}},"gwa-vestas-v120-mode0-80":{"lg":{"min":56.16157531738281,"max":6261.91064453125},"li":{"min":1.580365777015686,"max":186.71006774902344},"lr":{"min":0.0,"max":10.342903137207031},"total":{"min":57.778350830078125,"max":6457.67333984375}},"gwa-vestas-v120-mode0-150":{"lg":{"min":52.20333480834961,"max":3953.748291015625},"li":{"min":1.4381872415542603,"max":117.00077056884766},"lr":{"min":0.0,"max":7.8272552490234375},"total":{"min":53.71497344970703,"max":4078.576171875}},"gwa-vestas-v110-mode0-150":{"lg":{"min":52.120174407958984,"max":4213.2265625},"li":{"min":1.4340136051177979,"max":124.68711853027344},"lr":{"min":0.0,"max":8.34146499633789},"total":{"min":53.629207611083984,"max":4346.2548828125}},"gwa-offshore-iea-15mw-150":{"lg":{"min":55.92475891113281,"max":7226.63037109375},"li":{"min":1.598287582397461,"max":213.95118713378906},"lr":{"min":0.0,"max":14.313157081604004},"total":{"min":57.626251220703125,"max":7454.89453125}},"gwa-vestas-v100-mode0-120":{"lg":{"min":55.88587188720703,"max":5725.2861328125},"li":{"min":1.5720127820968628,"max":169.4778594970703},"lr":{"min":0.0,"max":11.33792781829834},"total":{"min":57.49410629272461,"max":5906.10205078125}},"gwa-enercon-e48-50":{"lg":{"min":64.75596618652344,"max":10000.0},"li":{"min":1.9394457340240479,"max":631.1251220703125},"lr":{"min":0.0,"max":24.54039192199707},"total":{"min":66.74684143066406,"max":10000.0}},"gwa-vestas-v126-mode0-120":{"lg":{"min":58.275672912597656,"max":6477.28076171875},"li":{"min":1.6254827976226807,"max":191.7537078857422},"lr":{"min":0.0,"max":12.828164100646973},"total":{"min":59.957977294921875,"max":6681.86279296875}},"gwa-vestas-v110-mode0-80":{"lg":{"min":56.65362548828125,"max":6658.310546875},"li":{"min":1.5700291395187378,"max":198.5369873046875},"lr":{"min":0.0,"max":11.008920669555664},"total":{"min":58.28565216064453,"max":6866.4736328125}},"gwa-iec3":{"lg":{"min":57.15142059326172,"max":8887.16796875},"li":{"min":1.585817575454712,"max":265.0368347167969},"lr":{"min":0.0,"max":12.850175857543945},"total":{"min":58.8795280456543,"max":9165.0556640625}},