{"worldpop":{"min":-3.4028234663852886e+38,"max":46772.484375},"slope":{"min":0.0,"max":39.790794372558594},"land-cover":{"min":10.0,"max":210.0},"airports":{"min":0.0,"max":257197.390625},"ports":{"min":0.0,"max":269926.84375},"anchorages":{"min":0.0,"max":269559.8125},"grid":{"min":0.0,"max":206903.359375},"roads":{"min":0.0,"max":210857.765625},"pp-whs":{"min":0.0,"max":462712.90625},"unep-coral":{"min":65535.0,"max":65535.0},"unesco":{"min":0.0,"max":340229.71875},"unesco-ramsar":{"min":0.0,"max":422542.90625},"wwf-glw-1":{"min":0.0,"max":312653.96875},"wwf-glw-2":{"min":0.0,"max":239667.484375},"jrc-gsw":{"min":0.0,"max":255.0},"pp-marine-protected":{"min":0.0,"max":1.0},"unep-tidal":{"min":0.0,"max":1.0},"wwf-glw-3":{"min":1.0,"max":255.0},"gsa-pvout":{"min":2.29434871673584,"max":5.044888973236084},"gsa-ghi":{"min":2.680717945098877,"max":5.385720729827881},"gsa-gti":{"min":2.789942741394043,"max":6.2084197998046875},"gsa-temp":{"min":-2.6527581214904785,"max":22.0},"gwa-iec1":{"min":0.0036696861498057842,"max":0.6412091851234436},"gwa-iec2":{"min":0.0045796725898981094,"max":0.6661242842674255},"gwa-iec3":{"min":0.005230989772826433,"max":0.6930365562438965},"gwa-power-10":{"min":1.2494778633117676,"max":5466.00048828125},"gwa-speed-10":{"min":0.41912898421287537,"max":13.846223831176758},"gwa-power-50":{"min":4.830516338348389,"max":2837.6904296875},"gwa-speed-50":{"min":0.6943249106407166,"max":13.080412864685059},"gwa-power-100":{"min":4.972833156585693,"max":2656.497802734375},"gwa-speed-100":{"min":1.9502508640289307,"max":9.65239429473877},"gwa-power-150":{"min":6.942948818206787,"max":2686.4501953125},"gwa-speed-150":{"min":1.0159878730773926,"max":13.629801750183105},"gwa-power-200":{"min":9.825268745422363,"max":2772.87353515625},"gwa-speed-200":{"min":1.1303411722183228,"max":13.890555381774902},"gebco":{"min":-4470.0,"max":3468.0},"srtm90":{"min":-8.0,"max":3550.0},"waterbodies":{"min":0.0,"max":2.0},"gwa-enercon-e44-50":{"min":0.0016965253744274378,"max":0.5182030200958252},"gwa-enercon-e48-50":{"min":0.002208160934969783,"max":0.5721044540405273},"gwa-enercon-e53-50":{"min":0.0033144974149763584,"max":0.604187548160553},"gwa-offshore-dtu-10mw-119":{"min":0.0023434695322066545,"max":0.6227942705154419},"gwa-offshore-iea-15mw-150":{"min":0.00477861613035202,"max":0.6694063544273376},"gwa-offshore-leanwind-8mw-110":{"min":0.002342620398849249,"max":0.629526674747467},"gwa-vestas-v100-mode0-100":{"min":0.004470290616154671,"max":0.688620924949646},"gwa-vestas-v100-mode0-120":{"min":0.00489048333838582,"max":0.6885461807250977},"gwa-vestas-v100-mode0-150":{"min":0.0064233834855258465,"max":0.698712944984436},"gwa-vestas-v100-mode0-80":{"min":0.004954029340296984,"max":0.674575686454773},"gwa-vestas-v110-mode0-100":{"min":0.00549085671082139,"max":0.7197168469429016},"gwa-vestas-v110-mode0-120":{"min":0.005981912836432457,"max":0.7198612093925476},"gwa-vestas-v110-mode0-150":{"min":0.0077909003011882305,"max":0.7314696907997131},"gwa-vestas-v110-mode0-80":{"min":0.006067222915589809,"max":0.7055569291114807},"gwa-vestas-v112-mode0-100":{"min":0.0030121374875307083,"max":0.6412537693977356},"gwa-vestas-v112-mode0-120":{"min":0.0033184527419507504,"max":0.6481597423553467},"gwa-vestas-v112-mode0-150":{"min":0.0044196597300469875,"max":0.6576405763626099},"gwa-vestas-v112-mode0-80":{"min":0.003349598264321685,"max":0.6283716559410095},"gwa-vestas-v120-mode0-100":{"min":0.005835761781781912,"max":0.7000492811203003},"gwa-vestas-v120-mode0-120":{"min":0.006352531723678112,"max":0.7002333402633667},"gwa-vestas-v120-mode0-150":{"min":0.00826657097786665,"max":0.7230208516120911},"gwa-vestas-v120-mode0-80":{"min":0.006451508495956659,"max":0.6859181523323059},"gwa-vestas-v126-mode0-100":{"min":0.003972869366407394,"max":0.6690486669540405},"gwa-vestas-v126-mode0-120":{"min":0.004342709202319384,"max":0.6689619421958923},"gwa-vestas-v126-mode0-150":{"min":0.005723857320845127,"max":0.6745316386222839},"gwa-vestas-v126-mode0-80":{"min":0.004401294980198145,"max":0.6551893353462219},"gwa-vestas-v136-mode0-100":{"min":0.004666502587497234,"max":0.6969168186187744},"gwa-vestas-v136-mode0-120":{"min":0.0050976816564798355,"max":0.6968151330947876},"gwa-vestas-v136-mode0-150":{"min":0.006674608681350946,"max":0.70493483543396},"gwa-vestas-v136-mode0-80":{"min":0.005164753645658493,"max":0.6830325126647949},"air-density":{"min":0.8471975922584534,"max":1.2141064405441284}}