{"worldpop": {"min": -3.4028234663852886e+38, "max": 46079.96484375}, "slope": {"min": 0.0, "max": 68.37409210205078}, "land-cover": {"min": 10.0, "max": 210.0}, "airports": {"min": 0.0, "max": 499996.5}, "ports": {"min": 0.0, "max": 499993.25}, "anchorages": {"min": 0.0, "max": 494618.28125}, "grid": {"min": 0.0, "max": 470774.09375}, "roads": {"min": 0.0, "max": 472199.65625}, "pp-whs": {"min": 347082.5, "max": 927346.375}, "unep-coral": {"min": 0.0, "max": 347914.5}, "unesco": {"min": 65535.0, "max": 500000.0}, "unesco-ramsar": {"min": 41018.2890625, "max": 500000.0}, "wwf-glw-1": {"min": 65535.0, "max": 500000.0}, "wwf-glw-2": {"min": 0.0, "max": 490502.28125}, "jrc-gsw": {"min": 0.0, "max": 255.0}, "pp-marine-protected": {"min": 0.0, "max": 1.0}, "unep-tidal": {"min": 0.0, "max": 1.0}, "wwf-glw-3": {"min": 1.0, "max": 255.0}, "gsa-pvout": {"min": 2.434462785720825, "max": 4.338352680206299}, "gsa-ghi": {"min": 2.871218681335449, "max": 4.906634330749512}, "gsa-gti": {"min": 2.993243932723999, "max": 5.1810431480407715}, "gsa-temp": {"min": 5.141859531402588, "max": 26.5}, "gwa-iec1": {"min": 0.0014287101803347468, "max": 0.7218104004859924}, "gwa-iec2": {"min": 0.0019197820220142603, "max": 0.7292360663414001}, "gwa-iec3": {"min": 0.002198855858296156, "max": 0.7559570670127869}, "gwa-power-10": {"min": 0.9217996597290039, "max": 2264.33935546875}, "gwa-speed-10": {"min": 0.3780440390110016, "max": 10.20132827758789}, "gwa-power-50": {"min": 1.8564486503601074, "max": 3054.44921875}, "gwa-speed-50": {"min": 0.5106647610664368, "max": 14.074074745178223}, "gwa-power-100": {"min": 3.187702178955078, "max": 2759.788818359375}, "gwa-speed-100": {"min": 0.6805737614631653, "max": 14.22231388092041}, "gwa-power-150": {"min": 2.7845304012298584, "max": 2845.440185546875}, "gwa-speed-150": {"min": 0.6642490029335022, "max": 14.771246910095215}, "gwa-power-200": {"min": 3.3709850311279297, "max": 2954.2470703125}, "gwa-speed-200": {"min": 0.6388360261917114, "max": 15.191584587097168}, "gebco": {"min": -6507.0, "max": 3717.0}, "srtm90": {"min": -3.0, "max": 3733.0}, "waterbodies": {"min": 0.0, "max": 2.0}, "gwa-enercon-e44-50": {"min": 0.0002790766884572804, "max": 0.5838578343391418}, "gwa-enercon-e48-50": {"min": 0.00036702188663184643, "max": 0.6506513357162476}, "gwa-enercon-e53-50": {"min": 0.0006182164652273059, "max": 0.688881516456604}, "gwa-offshore-dtu-10mw-119": {"min": 0.000360611331416294, "max": 0.7247838377952576}, "gwa-offshore-iea-15mw-150": {"min": 0.0015210286946967244, "max": 0.7879128456115723}, "gwa-offshore-leanwind-8mw-110": {"min": 0.0003661144874058664, "max": 0.7273512482643127}, "gwa-vestas-v100-mode0-100": {"min": 0.0013774095568805933, "max": 0.7506237030029297}, "gwa-vestas-v100-mode0-120": {"min": 0.001136305625550449, "max": 0.767690896987915}, "gwa-vestas-v100-mode0-150": {"min": 0.0021613100543618202, "max": 0.7944939732551575}, "gwa-vestas-v100-mode0-80": {"min": 0.0007389760576188564, "max": 0.7388420701026917}, "gwa-vestas-v110-mode0-100": {"min": 0.0017792686121538281, "max": 0.7815102338790894}, "gwa-vestas-v110-mode0-120": {"min": 0.0014790346613153815, "max": 0.7977668046951294}, "gwa-vestas-v110-mode0-150": {"min": 0.0027482351288199425, "max": 0.8207829594612122}, "gwa-vestas-v110-mode0-80": {"min": 0.0009516125428490341, "max": 0.7698606848716736}, "gwa-vestas-v112-mode0-100": {"min": 0.0008564039599150419, "max": 0.7360479235649109}, "gwa-vestas-v112-mode0-120": {"min": 0.0006987099186517298, "max": 0.7518113851547241}, "gwa-vestas-v112-mode0-150": {"min": 0.001375266700051725, "max": 0.7757847905158997}, "gwa-vestas-v112-mode0-80": {"min": 0.00045934392255730927, "max": 0.7248949408531189}, "gwa-vestas-v120-mode0-100": {"min": 0.001892220345325768, "max": 0.7707535028457642}, "gwa-vestas-v120-mode0-120": {"min": 0.0015678680501878262, "max": 0.7834728956222534}, "gwa-vestas-v120-mode0-150": {"min": 0.002933667041361332, "max": 0.8073427081108093}, "gwa-vestas-v120-mode0-80": {"min": 0.0010088190902024508, "max": 0.7581612467765808}, "gwa-vestas-v126-mode0-100": {"min": 0.001221420243382454, "max": 0.7393045425415039}, "gwa-vestas-v126-mode0-120": {"min": 0.0010039466433227062, "max": 0.7512791156768799}, "gwa-vestas-v126-mode0-150": {"min": 0.001911592553369701, "max": 0.7760439515113831}, "gwa-vestas-v126-mode0-80": {"min": 0.0006548997480422258, "max": 0.7274680733680725}, "gwa-vestas-v136-mode0-100": {"min": 0.0014716617297381163, "max": 0.7621345520019531}, "gwa-vestas-v136-mode0-120": {"min": 0.001219560974277556, "max": 0.7735961675643921}, "gwa-vestas-v136-mode0-150": {"min": 0.0022889189422130585, "max": 0.801691472530365}, "gwa-vestas-v136-mode0-80": {"min": 0.0007890682318247855, "max": 0.7504859566688538}, "air-density": {"min": 0.8180703520774841, "max": 1.1799360513687134}}