{"worldpop": {"min": -3.4028234663852886e+38, "max": 52770.5625}, "slope": {"min": 0.0, "max": 37.76821517944336}, "land-cover": {"min": 10.0, "max": 210.0}, "airports": {"min": 0.0, "max": 499999.25}, "ports": {"min": 0.0, "max": 498900.0625}, "anchorages": {"min": 0.0, "max": 500000.0}, "grid": {"min": 0.0, "max": 182078.28125}, "roads": {"min": 0.0, "max": 96914.90625}, "pp-whs": {"min": 0.0, "max": 619331.3125}, "unep-coral": {"min": 0.0, "max": 500000.0}, "unesco": {"min": 500.0, "max": 500000.0}, "unesco-ramsar": {"min": 64175.5390625, "max": 500000.0}, "wwf-glw-1": {"min": 0.0, "max": 363037.53125}, "wwf-glw-2": {"min": 0.0, "max": 195990.4375}, "jrc-gsw": {"min": 0.0, "max": 1.0}, "pp-marine-protected": {"min": 0.0, "max": 1.0}, "unep-tidal": {"min": 0.0, "max": 1.0}, "wwf-glw-3": {"min": 1.0, "max": 255.0}, "gsa-pvout": {"min": 3.024129629135132, "max": 5.348452091217041}, "gsa-ghi": {"min": 3.637749671936035, "max": 6.689405918121338}, "gsa-gti": {"min": 3.63002610206604, "max": 6.72595739364624}, "gsa-temp": {"min": -5.450989246368408, "max": 29.360532760620117}, "gwa-iec1": {"min": 0.000868843519128859, "max": 0.81184321641922}, "gwa-iec2": {"min": 0.001367779797874391, "max": 0.8411189317703247}, "gwa-iec3": {"min": 0.001681741327047348, "max": 0.8581474423408508}, "gwa-power-10": {"min": 0.3346734046936035, "max": 2725.695556640625}, "gwa-speed-10": {"min": 0.45381438732147217, "max": 14.505753517150879}, "gwa-power-50": {"min": 1.1499375104904175, "max": 3109.416015625}, "gwa-speed-50": {"min": 0.641546368598938, "max": 15.808088302612305}, "gwa-power-100": {"min": 2.2710297107696533, "max": 3279.470947265625}, "gwa-speed-100": {"min": 0.8820096850395203, "max": 16.442140579223633}, "gwa-power-150": {"min": 3.004847288131714, "max": 3110.96826171875}, "gwa-speed-150": {"min": 1.0650434494018555, "max": 16.348892211914062}, "gwa-power-200": {"min": 3.238060474395752, "max": 2923.853759765625}, "gwa-speed-200": {"min": 1.0707945823669434, "max": 16.011144638061523}, "gebco": {"min": -135.0, "max": 5778.0}, "srtm90": {"min": -1.0, "max": 5767.0}, "waterbodies": {"min": 0.0, "max": 2.0}, "gwa-enercon-e44-50": {"min": 0.00012237971532158554, "max": 0.6699960231781006}, "gwa-enercon-e48-50": {"min": 0.00016791938105598092, "max": 0.7369186282157898}, "gwa-enercon-e53-50": {"min": 0.0005230378592386842, "max": 0.7721130847930908}, "gwa-offshore-dtu-10mw-119": {"min": 0.0003219875507056713, "max": 0.8082664608955383}, "gwa-offshore-iea-15mw-150": {"min": 0.0013046832755208015, "max": 0.8528512120246887}, "gwa-offshore-leanwind-8mw-110": {"min": 0.0002877479128073901, "max": 0.8178613185882568}, "gwa-vestas-v100-mode0-100": {"min": 0.0011225036578252912, "max": 0.8483012318611145}, "gwa-vestas-v100-mode0-120": {"min": 0.0015693535096943378, "max": 0.8609127402305603}, "gwa-vestas-v100-mode0-150": {"min": 0.0019319127313792706, "max": 0.8801215887069702}, "gwa-vestas-v100-mode0-80": {"min": 0.0007126594427973032, "max": 0.8320651650428772}, "gwa-vestas-v110-mode0-100": {"min": 0.0015123729826882482, "max": 0.8744291067123413}, "gwa-vestas-v110-mode0-120": {"min": 0.002104333834722638, "max": 0.8856921195983887}, "gwa-vestas-v110-mode0-150": {"min": 0.0025819053407758474, "max": 0.9038172960281372}, "gwa-vestas-v110-mode0-80": {"min": 0.0009583005448803306, "max": 0.8600432276725769}, "gwa-vestas-v112-mode0-100": {"min": 0.0006541620823554695, "max": 0.8230776190757751}, "gwa-vestas-v112-mode0-120": {"min": 0.0009202818037010729, "max": 0.8333454132080078}, "gwa-vestas-v112-mode0-150": {"min": 0.0011427740100771189, "max": 0.8423095941543579}, "gwa-vestas-v112-mode0-80": {"min": 0.00041366752702742815, "max": 0.8089154362678528}, "gwa-vestas-v120-mode0-100": {"min": 0.0015964804915711284, "max": 0.854009747505188}, "gwa-vestas-v120-mode0-120": {"min": 0.0022277289535850286, "max": 0.8726558089256287}, "gwa-vestas-v120-mode0-150": {"min": 0.0027358420193195343, "max": 0.8902180790901184}, "gwa-vestas-v120-mode0-80": {"min": 0.0010137582430616021, "max": 0.8428940176963806}, "gwa-vestas-v126-mode0-100": {"min": 0.0010052680736407638, "max": 0.8277238607406616}, "gwa-vestas-v126-mode0-120": {"min": 0.0013930468121543527, "max": 0.8420424461364746}, "gwa-vestas-v126-mode0-150": {"min": 0.001725245383568108, "max": 0.8615832328796387}, "gwa-vestas-v126-mode0-80": {"min": 0.0006320280372165143, "max": 0.8091620206832886}, "gwa-vestas-v136-mode0-100": {"min": 0.0012291374150663614, "max": 0.8527976870536804}, "gwa-vestas-v136-mode0-120": {"min": 0.001713202684186399, "max": 0.8656162023544312}, "gwa-vestas-v136-mode0-150": {"min": 0.002103953156620264, "max": 0.8841204047203064}, "gwa-vestas-v136-mode0-80": {"min": 0.0007820473401807249, "max": 0.8362181186676025}, "air-density": {"min": 0.6566600203514099, "max": 1.1588521003723145}, "lcoe": {"gwa-vestas-v136-mode0-100": {"lg": {"min": 44.758506774902344, "max": 10000.0}, "li": {"min": 1.3530231714248657, "max": 1037.66796875}, "lr": {"min": 0.0, "max": 101.45344543457031}, "total": {"min": 46.35458755493164, "max": 10000.0}}, "gwa-vestas-v112-mode0-80": {"lg": {"min": 46.96958541870117, "max": 10000.0}, "li": {"min": 1.4523940086364746, "max": 3227.015869140625}, "lr": {"min": 0.0, "max": 301.4503479003906}, "total": {"min": 48.62152099609375, "max": 10000.0}}, "gwa-offshore-leanwind-8mw-110": {"lg": {"min": 46.49958038330078, "max": 10000.0}, "li": {"min": 1.4505316019058228, "max": 4699.2001953125}, "lr": {"min": 0.0, "max": 376.7138671875}, "total": {"min": 48.133445739746094, "max": 10000.0}}, "gwa-vestas-v110-mode0-100": {"lg": {"min": 43.7502326965332, "max": 10000.0}, "li": {"min": 1.3021260499954224, "max": 843.3345947265625}, "lr": {"min": 0.0, "max": 82.45335388183594}, "total": {"min": 45.30683135986328, "max": 10000.0}}, "gwa-vestas-v100-mode0-150": {"lg": {"min": 43.493133544921875, "max": 10000.0}, "li": {"min": 1.3064836263656616, "max": 560.9277954101562}, "lr": {"min": 0.0, "max": 57.26321792602539}, "total": {"min": 44.85663986206055, "max": 10000.0}}, "gwa-vestas-v136-mode0-120": {"lg": {"min": 44.15493392944336, "max": 10000.0}, "li": {"min": 1.32502281665802, "max": 744.4749755859375}, "lr": {"min": 0.0, "max": 77.3228759765625}, "total": {"min": 45.72738265991211, "max": 10000.0}}, "gwa-vestas-v120-mode0-80": {"lg": {"min": 45.237403869628906, "max": 10000.0}, "li": {"min": 1.333035945892334, "max": 1258.523193359375}, "lr": {"min": 0.0, "max": 123.00785064697266}, "total": {"min": 46.852237701416016, "max": 10000.0}}, "gwa-vestas-v120-mode0-150": {"lg": {"min": 43.04521560668945, "max": 10000.0}, "li": {"min": 1.2539023160934448, "max": 396.0987243652344}, "lr": {"min": 0.0, "max": 41.532474517822266}, "total": {"min": 44.5765266418457, "max": 10000.0}}, "gwa-vestas-v110-mode0-150": {"lg": {"min": 42.45772933959961, "max": 10000.0}, "li": {"min": 1.2609821557998657, "max": 419.71466064453125}, "lr": {"min": 0.0, "max": 44.22810363769531}, "total": {"min": 43.785484313964844, "max": 10000.0}}, "gwa-offshore-iea-15mw-150": {"lg": {"min": 44.75594711303711, "max": 10000.0}, "li": {"min": 1.342150092124939, "max": 830.59521484375}, "lr": {"min": 0.0, "max": 82.67866516113281}, "total": {"min": 46.32278060913086, "max": 10000.0}}, "gwa-vestas-v100-mode0-120": {"lg": {"min": 44.37431335449219, "max": 10000.0}, "li": {"min": 1.3289093971252441, "max": 812.7145385742188}, "lr": {"min": 0.0, "max": 82.85933685302734}, "total": {"min": 45.95534896850586, "max": 10000.0}}, "gwa-enercon-e48-50": {"lg": {"min": 51.16770553588867, "max": 10000.0}, "li": {"min": 1.6467258930206299, "max": 8011.48095703125}, "lr": {"min": 0.0, "max": 745.0697631835938}, "total": {"min": 52.98103332519531, "max": 10000.0}}, "gwa-vestas-v126-mode0-120": {"lg": {"min": 45.27910232543945, "max": 10000.0}, "li": {"min": 1.363844633102417, "max": 915.5732421875}, "lr": {"min": 0.0, "max": 93.81216430664062}, "total": {"min": 46.89556884765625, "max": 10000.0}},