{"worldpop":{"min":-3.4028234663852886e+38,"max":53983.796875},"slope":{"min":0.0,"max":37.69344711303711},"land-cover":{"min":10.0,"max":210.0},"airports":{"min":0.0,"max":411190.03125},"ports":{"min":0.0,"max":397416.65625},"anchorages":{"min":0.0,"max":399505.0},"grid":{"min":0.0,"max":371398.03125},"roads":{"min":0.0,"max":357201.625},"pp-whs":{"min":10594.810546875,"max":574958.5},"unep-coral":{"min":0.0,"max":339244.03125},"unesco":{"min":0.0,"max":414425.1875},"unesco-ramsar":{"min":65535.0,"max":65535.0},"wwf-glw-1":{"min":0.0,"max":499977.25},"wwf-glw-2":{"min":0.0,"max":391086.3125},"jrc-gsw":{"min":0.0,"max":255.0},"pp-marine-protected":{"min":0.0,"max":1.0},"unep-tidal":{"min":0.0,"max":1.0},"wwf-glw-3":{"min":1.0,"max":255.0},"gsa-pvout":{"min":3.9897923469543457,"max":4.7729997634887695},"gsa-ghi":{"min":5.063401699066162,"max":5.9533162117004395},"gsa-gti":{"min":5.093852519989014,"max":6.052999973297119},"gsa-temp":{"min":21.358642578125,"max":26.899999618530273},"gwa-iec1":{"min":0.024577399715781212,"max":0.33314651250839233},"gwa-iec2":{"min":0.03414805978536606,"max":0.38522693514823914},"gwa-iec3":{"min":0.04101080447435379,"max":0.4252256751060486},"gwa-power-10":{"min":1.9281096458435059,"max":167.1430206298828},"gwa-speed-10":{"min":1.105521321296692,"max":5.004916667938232},"gwa-power-50":{"min":13.99429702758789,"max":292.3750915527344},"gwa-speed-50":{"min":2.252987861633301,"max":6.301990032196045},"gwa-power-100":{"min":26.632701873779297,"max":376.4422607421875},"gwa-speed-100":{"min":3.2975497245788574,"max":6.477292537689209},"gwa-power-150":{"min":45.456241607666016,"max":485.48675537109375},"gwa-speed-150":{"min":3.468226671218872,"max":7.885836124420166},"gwa-power-200":{"min":66.06388092041016,"max":615.5042724609375},"gwa-speed-200":{"min":3.9259166717529297,"max":8.629262924194336},"gebco":{"min":-4090.0,"max":687.0},"srtm90":{"min":-1.0,"max":694.0},"waterbodies":{"min":0.0,"max":2.0},"gwa-enercon-e44-50":{"min":0.005256033036857843,"max":0.21287085115909576},"gwa-enercon-e48-50":{"min":0.007188102696090937,"max":0.2610589861869812},"gwa-enercon-e53-50":{"min":0.013666437938809395,"max":0.3002201020717621},"gwa-offshore-dtu-10mw-119":{"min":0.019482238218188286,"max":0.34736305475234985},"gwa-offshore-iea-15mw-150":{"min":0.051633674651384354,"max":0.44574013352394104},"gwa-offshore-leanwind-8mw-110":{"min":0.01789790950715542,"max":0.34704047441482544},"gwa-vestas-v100-mode0-100":{"min":0.035114385187625885,"max":0.4426955282688141},"gwa-vestas-v100-mode0-120":{"min":0.04687408357858658,"max":0.46958810091018677},"gwa-vestas-v100-mode0-150":{"min":0.07180751115083694,"max":0.5185726881027222},"gwa-vestas-v100-mode0-80":{"min":0.027303049340844154,"max":0.4199574589729309},"gwa-vestas-v110-mode0-100":{"min":0.04446418210864067,"max":0.49155718088150024},"gwa-vestas-v110-mode0-120":{"min":0.0588504895567894,"max":0.5155221819877625},"gwa-vestas-v110-mode0-150":{"min":0.08874677121639252,"max":0.5626369714736938},"gwa-vestas-v110-mode0-80":{"min":0.03478977084159851,"max":0.46543997526168823},"gwa-vestas-v112-mode0-100":{"min":0.022421136498451233,"max":0.3597358763217926},"gwa-vestas-v112-mode0-120":{"min":0.030336646363139153,"max":0.3851156532764435},"gwa-vestas-v112-mode0-150":{"min":0.04750615358352661,"max":0.42816048860549927},"gwa-vestas-v112-mode0-80":{"min":0.01726573333144188,"max":0.3416980504989624},"gwa-vestas-v120-mode0-100":{"min":0.0476992093026638,"max":0.5111454129219055},"gwa-vestas-v120-mode0-120":{"min":0.06320797652006149,"max":0.5346807241439819},"gwa-vestas-v120-mode0-150":{"min":0.09531069546937943,"max":0.5782614350318909},"gwa-vestas-v120-mode0-80":{"min":0.0372733548283577,"max":0.48456257581710815},"gwa-vestas-v126-mode0-100":{"min":0.030809102579951286,"max":0.41061702370643616},"gwa-vestas-v126-mode0-120":{"min":0.04108056426048279,"max":0.4369209110736847},"gwa-vestas-v126-mode0-150":{"min":0.06293663382530212,"max":0.4840405583381653},"gwa-vestas-v126-mode0-80":{"min":0.023975344374775887,"max":0.3903617858886719},"gwa-vestas-v136-mode0-100":{"min":0.036919765174388885,"max":0.44732967019081116},"gwa-vestas-v136-mode0-120":{"min":0.04908672347664833,"max":0.47432276606559753},"gwa-vestas-v136-mode0-150":{"min":0.0747552216053009,"max":0.5230453014373779},"gwa-vestas-v136-mode0-80":{"min":0.028800034895539284,"max":0.4247070252895355},"air-density":{"min":1.0871062278747559,"max":1.1588521003723145}}