{"worldpop": {"min": -3.4028234663852886e+38, "max": 15453.5791015625}, "slope": {"min": 0.0, "max": 40.356571197509766}, "land-cover": {"min": 10.0, "max": 210.0}, "airports": {"min": 0.0, "max": 274009.59375}, "ports": {"min": 0.0, "max": 320289.34375}, "anchorages": {"min": 65535.0, "max": 65535.0}, "grid": {"min": 0.0, "max": 113182.375}, "roads": {"min": 0.0, "max": 95185.3515625}, "pp-whs": {"min": 0.0, "max": 337530.0}, "unep-coral": {"min": 65535.0, "max": 65535.0}, "unesco": {"min": 0.0, "max": 358020.25}, "unesco-ramsar": {"min": 1414.2135009765625, "max": 500000.0}, "wwf-glw-1": {"min": 0.0, "max": 231008.65625}, "wwf-glw-2": {"min": 0.0, "max": 227421.421875}, "jrc-gsw": {"min": 0.0, "max": 1.0}, "pp-marine-protected": {"min": 0.0, "max": 0.0}, "unep-tidal": {"min": 0.0, "max": 0.0}, "wwf-glw-3": {"min": 1.0, "max": 255.0}, "gsa-pvout": {"min": 2.741978883743286, "max": 5.028636932373047}, "gsa-ghi": {"min": 3.241574287414551, "max": 6.388796806335449}, "gsa-gti": {"min": 3.242518424987793, "max": 6.422855854034424}, "gsa-temp": {"min": -0.27001988887786865, "max": 27.457237243652344}, "gwa-iec1": {"min": 0.00034894721466116607, "max": 0.5123065114021301}, "gwa-iec2": {"min": 0.0006629453273490071, "max": 0.530590832233429}, "gwa-iec3": {"min": 0.0008316858438774943, "max": 0.5577043294906616}, "gwa-power-10": {"min": 0.32082223892211914, "max": 1549.5179443359375}, "gwa-speed-10": {"min": 0.45008236169815063, "max": 8.132603645324707}, "gwa-power-50": {"min": 0.8130103349685669, "max": 1147.1431884765625}, "gwa-speed-50": {"min": 0.7038311958312988, "max": 10.038437843322754}, "gwa-power-100": {"min": 1.7826282978057861, "max": 1166.260498046875}, "gwa-speed-100": {"min": 1.0489647388458252, "max": 10.526097297668457}, "gwa-power-150": {"min": 1.9800543785095215, "max": 1234.431884765625}, "gwa-speed-150": {"min": 1.0620406866073608, "max": 10.90182876586914}, "gwa-power-200": {"min": 2.218873977661133, "max": 1269.325927734375}, "gwa-speed-200": {"min": 1.05860435962677, "max": 10.889201164245605}, "gebco": {"min": 605.0, "max": 4632.0}, "srtm90": {"min": 614.0, "max": 4583.0}, "waterbodies": {"min": 1.0, "max": 2.0}, "gwa-enercon-e44-50": {"min": 2.865264832507819e-05, "max": 0.3985046446323395}, "gwa-enercon-e48-50": {"min": 3.969691169913858e-05, "max": 0.4555349051952362}, "gwa-enercon-e53-50": {"min": 0.00017756572924554348, "max": 0.4939907193183899}, "gwa-offshore-dtu-10mw-119": {"min": 7.056270987959579e-05, "max": 0.49907615780830383}, "gwa-offshore-iea-15mw-150": {"min": 0.0003453453828115016, "max": 0.5559737086296082}, "gwa-offshore-leanwind-8mw-110": {"min": 6.804175791330636e-05, "max": 0.5171043276786804}, "gwa-vestas-v100-mode0-100": {"min": 0.00036187577643431723, "max": 0.5689265131950378}, "gwa-vestas-v100-mode0-120": {"min": 0.00045485657756216824, "max": 0.5778311491012573}, "gwa-vestas-v100-mode0-150": {"min": 0.0005286902887746692, "max": 0.5856208205223083}, "gwa-vestas-v100-mode0-80": {"min": 0.00021546630887314677, "max": 0.5597186088562012}, "gwa-vestas-v110-mode0-100": {"min": 0.0005170984077267349, "max": 0.6141505241394043}, "gwa-vestas-v110-mode0-120": {"min": 0.0006522084586322308, "max": 0.6235808730125427}, "gwa-vestas-v110-mode0-150": {"min": 0.0007482412620447576, "max": 0.6324048638343811}, "gwa-vestas-v110-mode0-80": {"min": 0.00030386148137040436, "max": 0.6046431064605713}, "gwa-vestas-v112-mode0-100": {"min": 0.00019342056475579739, "max": 0.5262685418128967}, "gwa-vestas-v112-mode0-120": {"min": 0.000244307128014043, "max": 0.5344182252883911}, "gwa-vestas-v112-mode0-150": {"min": 0.0002876365324482322, "max": 0.5445308089256287}, "gwa-vestas-v112-mode0-80": {"min": 0.0001146881768363528, "max": 0.5204506516456604}, "gwa-vestas-v120-mode0-100": {"min": 0.0005344427190721035, "max": 0.5791042447090149}, "gwa-vestas-v120-mode0-120": {"min": 0.0006736683426424861, "max": 0.5891486406326294}, "gwa-vestas-v120-mode0-150": {"min": 0.0007798284059390426, "max": 0.609599769115448}, "gwa-vestas-v120-mode0-80": {"min": 0.0003186677349731326, "max": 0.5678521990776062}, "gwa-vestas-v126-mode0-100": {"min": 0.00033352046739310026, "max": 0.5459794998168945}, "gwa-vestas-v126-mode0-120": {"min": 0.00041000923374667764, "max": 0.5545949935913086}, "gwa-vestas-v126-mode0-150": {"min": 0.00048448730376549065, "max": 0.5629079937934875}, "gwa-vestas-v126-mode0-80": {"min": 0.0001988881704164669, "max": 0.5377508401870728}, "gwa-vestas-v136-mode0-100": {"min": 0.00041606283048167825, "max": 0.5753604769706726}, "gwa-vestas-v136-mode0-120": {"min": 0.000521576264873147, "max": 0.5842249393463135}, "gwa-vestas-v136-mode0-150": {"min": 0.0006022130837664008, "max": 0.5923088788986206}, "gwa-vestas-v136-mode0-80": {"min": 0.00024832715280354023, "max": 0.5664802193641663}, "air-density": {"min": 0.7397737503051758, "max": 1.0760735273361206}, "lcoe": {"gwa-vestas-v136-mode0-100": {"lg": {"min": 64.41213989257812, "max": 10000.0}, "li": {"min": 2.2391810417175293, "max": 2698.208740234375}, "lr": {"min": 0.0, "max": 490.18115234375}, "total": {"min": 68.43768310546875, "max": 10000.0}}, "gwa-vestas-v112-mode0-80": {"lg": {"min": 70.785888671875, "max": 10000.0}, "li": {"min": 2.6461830139160156, "max": 9788.4921875}, "lr": {"min": 0.0, "max": 1778.2667236328125}, "total": {"min": 75.23614501953125, "max": 10000.0}}, "gwa-offshore-leanwind-8mw-110": {"lg": {"min": 71.21808624267578, "max": 10000.0}, "li": {"min": 2.7275965213775635, "max": 10000.0}, "lr": {"min": 0.0, "max": 2997.36767578125}, "total": {"min": 75.69713592529297, "max": 10000.0}}, "gwa-vestas-v110-mode0-100": {"lg": {"min": 60.59648513793945, "max": 10000.0}, "li": {"min": 2.0631794929504395, "max": 2171.007080078125}, "lr": {"min": 0.0, "max": 394.4049377441406}, "total": {"min": 64.3677749633789, "max": 10000.0}}, "gwa-vestas-v100-mode0-150": {"lg": {"min": 63.35369873046875, "max": 10000.0}, "li": {"min": 2.1594395637512207, "max": 2123.40625}, "lr": {"min": 0.0, "max": 385.75732421875}, "total": {"min": 67.30870819091797, "max": 10000.0}}, "gwa-vestas-v136-mode0-120": {"lg": {"min": 63.495506286621094, "max": 10000.0}, "li": {"min": 2.218691110610962, "max": 2152.368408203125}, "lr": {"min": 0.0, "max": 391.0188903808594}, "total": {"min": 67.45996856689453, "max": 10000.0}}, "gwa-vestas-v120-mode0-80": {"lg": {"min": 65.21092224121094, "max": 10000.0}, "li": {"min": 2.109496593475342, "max": 3522.86767578125}, "lr": {"min": 0.0, "max": 639.9962158203125}, "total": {"min": 69.0416030883789, "max": 10000.0}}, "gwa-vestas-v120-mode0-150": {"lg": {"min": 61.01899337768555, "max": 10000.0}, "li": {"min": 1.9961316585540771, "max": 1439.57861328125}, "lr": {"min": 0.0, "max": 261.5269775390625}, "total": {"min": 65.393310546875, "max": 10000.0}}, "gwa-vestas-v110-mode0-150": {"lg": {"min": 58.962833404541016, "max": 10000.0}, "li": {"min": 1.9894412755966187, "max": 1500.350830078125}, "lr": {"min": 0.0, "max": 272.5673828125}, "total": {"min": 62.62525939941406, "max": 10000.0}}, "gwa-offshore-iea-15mw-150": {"lg": {"min": 66.51870727539062, "max": 10000.0}, "li": {"min": 2.4889676570892334, "max": 3250.72900390625}, "lr": {"min": 0.0, "max": 590.55712890625}, "total": {"min": 70.68461608886719, "max": 10000.0}}, "gwa-vestas-v100-mode0-120": {"lg": {"min": 64.15383911132812, "max": 10000.0}, "li": {"min": 2.224385976791382, "max": 2468.084228515625}, "lr": {"min": 0.0, "max": 448.3746643066406}, "total": {"min": 68.16216278076172, "max": 10000.0}}, "gwa-enercon-e48-50": {"lg": {"min": 80.30317687988281, "max": 10000.0}, "li": {"min": 3.2070112228393555, "max": 10000.0}, "lr": {"min": 0.0, "max": 5137.58251953125}, "total": {"min": 85.38761138916016, "max": 10000.0}}, "gwa-vestas-v126-mode0-120": {"lg": {"min": 66.67412567138672, "max": 10000.0}, "li": {"min": 2.382193088531494, "max": 2738.04638671875}, "lr": {"min": 0.0, "max": 497.41851806640625}, "total": {"min": 70.85039520263672, "max": 10000.0}},