{"worldpop":{"min":-3.4028234663852886e+38,"max":8780.7998046875},"slope":{"min":0.0,"max":29.313560485839844},"land-cover":{"min":10.0,"max":210.0},"airports":{"min":0.0,"max":230122.25},"ports":{"min":500.0,"max":499990.5},"anchorages":{"min":0.0,"max":499996.5},"grid":{"min":0.0,"max":19729.419921875},"roads":{"min":0.0,"max":23563.744140625},"pp-whs":{"min":0.0,"max":742590.0625},"unep-coral":{"min":65535.0,"max":65535.0},"unesco":{"min":500.0,"max":499986.0},"unesco-ramsar":{"min":0.0,"max":499993.25},"wwf-glw-1":{"min":0.0,"max":362469.65625},"wwf-glw-2":{"min":0.0,"max":94429.8671875},"jrc-gsw":{"min":0.0,"max":1.0},"pp-marine-protected":{"min":0.0,"max":0.0},"unep-tidal":{"min":0.0,"max":0.0},"wwf-glw-3":{"min":1.0,"max":255.0},"gsa-pvout":{"min":2.3921761512756348,"max":3.907416343688965},"gsa-ghi":{"min":2.6287224292755127,"max":4.059893608093262},"gsa-gti":{"min":2.8073348999023438,"max":4.729377746582031},"gsa-temp":{"min":0.36875471472740173,"max":13.899999618530273},"gwa-iec1":{"min":0.026593830436468124,"max":0.5272207260131836},"gwa-iec2":{"min":0.03416784107685089,"max":0.5495808124542236},"gwa-iec3":{"min":0.03970100358128548,"max":0.5777151584625244},"gwa-power-10":{"min":3.8393547534942627,"max":1692.59375},"gwa-speed-10":{"min":1.0185858011245728,"max":9.434030532836914},"gwa-power-50":{"min":16.81378173828125,"max":2094.3388671875},"gwa-speed-50":{"min":1.656312346458435,"max":10.198419570922852},"gwa-power-100":{"min":27.541601181030273,"max":1897.9954833984375},"gwa-speed-100":{"min":2.2108917236328125,"max":10.455581665039062},"gwa-power-150":{"min":43.83707046508789,"max":1911.6251220703125},"gwa-speed-150":{"min":2.7191412448883057,"max":10.819539070129395},"gwa-power-200":{"min":68.0600814819336,"max":1900.09912109375},"gwa-speed-200":{"min":3.1728997230529785,"max":11.033434867858887},"gebco":{"min":-142.0,"max":1851.0},"srtm90":{"min":-140.0,"max":1850.0},"waterbodies":{"min":0.0,"max":2.0},"gwa-enercon-e44-50":{"min":0.0076783946715295315,"max":0.39566031098365784},"gwa-enercon-e48-50":{"min":0.010095851495862007,"max":0.4509369134902954},"gwa-enercon-e53-50":{"min":0.014744331128895283,"max":0.48863673210144043},"gwa-offshore-dtu-10mw-119":{"min":0.021369170397520065,"max":0.49961650371551514},"gwa-offshore-iea-15mw-150":{"min":0.04635163024067879,"max":0.5759061574935913},"gwa-offshore-leanwind-8mw-110":{"min":0.019640326499938965,"max":0.5091572403907776},"gwa-vestas-v100-mode0-100":{"min":0.031192483380436897,"max":0.5763469934463501},"gwa-vestas-v100-mode0-120":{"min":0.042923830449581146,"max":0.6028420925140381},"gwa-vestas-v100-mode0-150":{"min":0.06122326850891113,"max":0.6426655054092407},"gwa-vestas-v100-mode0-80":{"min":0.021585052832961082,"max":0.566889762878418},"gwa-vestas-v110-mode0-100":{"min":0.03805902600288391,"max":0.6180922985076904},"gwa-vestas-v110-mode0-120":{"min":0.052139993757009506,"max":0.6486456394195557},"gwa-vestas-v110-mode0-150":{"min":0.07289640605449677,"max":0.6844344735145569},"gwa-vestas-v110-mode0-80":{"min":0.026436734944581985,"max":0.5991745591163635},"gwa-vestas-v112-mode0-100":{"min":0.021146725863218307,"max":0.5246244668960571},"gwa-vestas-v112-mode0-120":{"min":0.029282379895448685,"max":0.5324574708938599},"gwa-vestas-v112-mode0-150":{"min":0.043136220425367355,"max":0.5532763600349426},"gwa-vestas-v112-mode0-80":{"min":0.01455978024750948,"max":0.5202383995056152},"gwa-vestas-v120-mode0-100":{"min":0.04063212126493454,"max":0.6365277767181396},"gwa-vestas-v120-mode0-120":{"min":0.0556587353348732,"max":0.6656680107116699},"gwa-vestas-v120-mode0-150":{"min":0.0774654820561409,"max":0.6973275542259216},"gwa-vestas-v120-mode0-80":{"min":0.028215618804097176,"max":0.6061080098152161},"gwa-vestas-v126-mode0-100":{"min":0.02759185992181301,"max":0.5535851120948792},"gwa-vestas-v126-mode0-120":{"min":0.037962935864925385,"max":0.5687599182128906},"gwa-vestas-v126-mode0-150":{"min":0.054542653262615204,"max":0.6110674738883972},"gwa-vestas-v126-mode0-80":{"min":0.019099809229373932,"max":0.5455236434936523},"gwa-vestas-v136-mode0-100":{"min":0.0323990136384964,"max":0.5830070376396179},"gwa-vestas-v136-mode0-120":{"min":0.04449985548853874,"max":0.6093475222587585},"gwa-vestas-v136-mode0-150":{"min":0.06310515850782394,"max":0.6486667990684509},"gwa-vestas-v136-mode0-80":{"min":0.022459877654910088,"max":0.5740230679512024},"air-density":{"min":1.0250710248947144,"max":1.2331254482269287},"lcoe":{"gwa-vestas-v136-mode0-100":{"lg":{"min":63.61979675292969,"max":1076.8338623046875},"li":{"min":1.8253605365753174,"max":31.77984619140625},"lr":{"min":0.0,"max":4.643894672393799},"total":{"min":65.8102798461914,"max":1108.79541015625}},"gwa-vestas-v112-mode0-80":{"lg":{"min":70.81314086914062,"max":2391.313720703125},"li":{"min":2.098614454269409,"max":70.71780395507812},"lr":{"min":0.0,"max":9.189498901367188},"total":{"min":73.26791381835938,"max":2462.435791015625}},"gwa-offshore-leanwind-8mw-110":{"lg":{"min":72.26724243164062,"max":1773.764892578125},"li":{"min":2.1066722869873047,"max":52.4245719909668},"lr":{"min":0.0,"max":6.992635726928711},"total":{"min":74.56918334960938,"max":1826.4891357421875}},"gwa-vestas-v110-mode0-100":{"lg":{"min":60.23554992675781,"max":917.2855834960938},"li":{"min":1.7049199342727661,"max":27.053653717041016},"lr":{"min":0.0,"max":4.037608623504639},"total":{"min":62.179378509521484,"max":944.4938354492188}},"gwa-vestas-v100-mode0-150":{"lg":{"min":58.085304260253906,"max":571.7376708984375},"li":{"min":1.625461220741272,"max":16.817716598510742},"lr":{"min":0.0,"max":2.8243210315704346},"total":{"min":59.97924041748047,"max":590.0599365234375}},"gwa-vestas-v136-mode0-120":{"lg":{"min":61.0425910949707,"max":785.0982666015625},"li":{"min":1.7138327360153198,"max":23.137954711914062},"lr":{"min":0.0,"max":3.631324529647827},"total":{"min":63.01431655883789,"max":808.3684692382812}},"gwa-vestas-v120-mode0-80":{"lg":{"min":61.347469329833984,"max":1235.8978271484375},"li":{"min":1.7772947549819946,"max":36.49169158935547},"lr":{"min":0.0,"max":5.213793754577637},"total":{"min":63.314788818359375,"max":1272.59814453125}},"gwa-vestas-v120-mode0-150":{"lg":{"min":53.84567642211914,"max":452.699951171875},"li":{"min":1.4933700561523438,"max":13.29154109954834},"lr":{"min":0.0,"max":2.299121141433716},"total":{"min":55.591156005859375,"max":467.1805725097656}},"gwa-vestas-v110-mode0-150":{"lg":{"min":54.784645080566406,"max":480.82403564453125},"li":{"min":1.5263429880142212,"max":14.124642372131348},"lr":{"min":0.0,"max":2.423884391784668},"total":{"min":56.5629997253418,"max":496.2123107910156}},"gwa-offshore-iea-15mw-150":{"lg":{"min":64.35490417480469,"max":753.8929443359375},"li":{"min":1.8080843687057495,"max":22.213581085205078},"lr":{"min":0.0,"max":3.615244150161743},"total":{"min":66.4683837890625,"max":778.0938110351562}},"gwa-vestas-v100-mode0-120":{"lg":{"min":61.65814971923828,"max":813.7777099609375},"li":{"min":1.730476975440979,"max":23.98750877380371},"lr":{"min":0.0,"max":3.734029531478882},"total":{"min":63.651153564453125,"max":837.9022827148438}},"gwa-enercon-e48-50":{"lg":{"min":81.08120727539062,"max":3446.875732421875},"li":{"min":2.3798959255218506,"max":101.98601531982422},"lr":{"min":0.0,"max":14.802757263183594},"total":{"min":83.72161102294922,"max":3549.44482421875}},"gwa-vestas-v126-mode0-120":{"lg":{"min":65.11323547363281,"max":919.5972900390625},"li":{"min":1.833340048789978,"max":27.12213134765625},"lr":{"min":0.0,"max":4.167452812194824},"total":{"min":67.22566223144531,"max":946.8744506835938}},"gwa-vestas-v110-mode0-80":{"lg":{"min":62.011077880859375,"max":1318.790283203125},"li":{"min":1.8189582824707031,"max":38.94715881347656},"lr":{"min":0.0,"max":5.520587921142578},"total":{"min":64.1424560546875,"max":1357.9600830078125}},"gwa-iec3":{"lg":{"min":64.16590881347656,"max":879.5133666992188},"li":{"min":1.821908950805664,"max":25.934751510620117},"lr":{"min":0.0,"max":3.808286428451538},