{"worldpop":{"min":-3.4028234663852886e+38,"max":8979.7353515625},"slope":{"min":0.0,"max":40.302677154541016},"land-cover":{"min":10.0,"max":210.0},"airports":{"min":0.0,"max":240379.90625},"ports":{"min":0.0,"max":212488.234375},"anchorages":{"min":0.0,"max":204474.9375},"grid":{"min":0.0,"max":201603.578125},"roads":{"min":0.0,"max":202148.453125},"pp-whs":{"min":3201.562255859375,"max":539645.5},"unep-coral":{"min":65535.0,"max":65535.0},"unesco":{"min":500.0,"max":404526.875},"unesco-ramsar":{"min":65535.0,"max":500000.0},"wwf-glw-1":{"min":0.0,"max":242401.015625},"wwf-glw-2":{"min":0.0,"max":211351.015625},"jrc-gsw":{"min":0.0,"max":255.0},"pp-marine-protected":{"min":0.0,"max":1.0},"unep-tidal":{"min":0.0,"max":0.0},"wwf-glw-3":{"min":1.0,"max":255.0},"gsa-pvout":{"min":2.8247172832489014,"max":3.9087016582489014},"gsa-ghi":{"min":3.225008726119995,"max":4.063917636871338},"gsa-gti":{"min":3.403052806854248,"max":4.7306671142578125},"gsa-temp":{"min":5.240195274353027,"max":14.399999618530273},"gwa-iec1":{"min":0.054365016520023346,"max":0.5004745125770569},"gwa-iec2":{"min":0.06476594507694244,"max":0.5534241795539856},"gwa-iec3":{"min":0.07258683443069458,"max":0.5891356468200684},"gwa-power-10":{"min":5.581515789031982,"max":1807.591552734375},"gwa-speed-10":{"min":1.0597054958343506,"max":7.898788928985596},"gwa-power-50":{"min":27.885936737060547,"max":1396.9781494140625},"gwa-speed-50":{"min":1.7691450119018555,"max":8.065043449401855},"gwa-power-100":{"min":57.1303596496582,"max":1280.498779296875},"gwa-speed-100":{"min":3.458566665649414,"max":8.508634567260742},"gwa-power-150":{"min":98.44194793701172,"max":1287.753662109375},"gwa-speed-150":{"min":3.214627504348755,"max":9.123122215270996},"gwa-power-200":{"min":149.7997589111328,"max":1320.882080078125},"gwa-speed-200":{"min":3.6577396392822266,"max":9.689352035522461},"gebco":{"min":-2213.0,"max":1501.0},"srtm90":{"min":-8.0,"max":1503.0},"waterbodies":{"min":0.0,"max":2.0},"gwa-enercon-e44-50":{"min":0.011262484826147556,"max":0.3242608606815338},"gwa-enercon-e48-50":{"min":0.0145103232935071,"max":0.38686665892601013},"gwa-enercon-e53-50":{"min":0.019441595301032066,"max":0.43129709362983704},"gwa-offshore-dtu-10mw-119":{"min":0.0568513460457325,"max":0.47802990674972534},"gwa-offshore-iea-15mw-150":{"min":0.09744270145893097,"max":0.5556627511978149},"gwa-offshore-leanwind-8mw-110":{"min":0.05418376624584198,"max":0.47629880905151367},"gwa-vestas-v100-mode0-100":{"min":0.07500272244215012,"max":0.5774828791618347},"gwa-vestas-v100-mode0-120":{"min":0.09419942647218704,"max":0.5944497585296631},"gwa-vestas-v100-mode0-150":{"min":0.11773485690355301,"max":0.6141139268875122},"gwa-vestas-v100-mode0-80":{"min":0.05333418399095535,"max":0.5548740029335022},"gwa-vestas-v110-mode0-100":{"min":0.08754286170005798,"max":0.6175416707992554},"gwa-vestas-v110-mode0-120":{"min":0.1077108234167099,"max":0.6331275701522827},"gwa-vestas-v110-mode0-150":{"min":0.1324900984764099,"max":0.6518217325210571},"gwa-vestas-v110-mode0-80":{"min":0.062056973576545715,"max":0.5953990817070007},"gwa-vestas-v112-mode0-100":{"min":0.05481620877981186,"max":0.49555760622024536},"gwa-vestas-v112-mode0-120":{"min":0.06955483555793762,"max":0.5143314599990845},"gwa-vestas-v112-mode0-150":{"min":0.09211704134941101,"max":0.5356351733207703},"gwa-vestas-v112-mode0-80":{"min":0.039034776389598846,"max":0.47447195649147034},"gwa-vestas-v120-mode0-100":{"min":0.09238730370998383,"max":0.6284714341163635},"gwa-vestas-v120-mode0-120":{"min":0.11212024837732315,"max":0.6418147087097168},"gwa-vestas-v120-mode0-150":{"min":0.13727442920207977,"max":0.6587272882461548},"gwa-vestas-v120-mode0-80":{"min":0.06535622477531433,"max":0.6069762110710144},"gwa-vestas-v126-mode0-100":{"min":0.06750199943780899,"max":0.5481477975845337},"gwa-vestas-v126-mode0-120":{"min":0.08503458648920059,"max":0.5658884048461914},"gwa-vestas-v126-mode0-150":{"min":0.10840898752212524,"max":0.5860462784767151},"gwa-vestas-v126-mode0-80":{"min":0.048213593661785126,"max":0.5257143378257751},"gwa-vestas-v136-mode0-100":{"min":0.07694248855113983,"max":0.5836915373802185},"gwa-vestas-v136-mode0-120":{"min":0.09654611349105835,"max":0.6006292700767517},"gwa-vestas-v136-mode0-150":{"min":0.1200452521443367,"max":0.6202758550643921},"gwa-vestas-v136-mode0-80":{"min":0.05475643277168274,"max":0.5612722635269165},"air-density":{"min":1.0508335828781128,"max":1.2279613018035889}}