{"worldpop": {"min": -3.4028234663852886e+38, "max": 13901.423828125}, "slope": {"min": 0.0, "max": 25.510536193847656}, "land-cover": {"min": 10.0, "max": 210.0}, "airports": {"min": 0.0, "max": 234787.140625}, "ports": {"min": 0.0, "max": 280544.5625}, "anchorages": {"min": 0.0, "max": 356770.21875}, "grid": {"min": 0.0, "max": 42579.33984375}, "roads": {"min": 0.0, "max": 28853.076171875}, "pp-whs": {"min": 542200.125, "max": 1025776.0}, "unep-coral": {"min": 65535.0, "max": 65535.0}, "unesco": {"min": 707.1067504882812, "max": 481642.25}, "unesco-ramsar": {"min": 0.0, "max": 453491.1875}, "wwf-glw-1": {"min": 0.0, "max": 197515.1875}, "wwf-glw-2": {"min": 0.0, "max": 130809.984375}, "jrc-gsw": {"min": 0.0, "max": 1.0}, "pp-marine-protected": {"min": 0.0, "max": 1.0}, "unep-tidal": {"min": 0.0, "max": 1.0}, "wwf-glw-3": {"min": 1.0, "max": 255.0}, "gsa-pvout": {"min": 4.027637481689453, "max": 4.436244487762451}, "gsa-ghi": {"min": 4.449629306793213, "max": 5.006410121917725}, "gsa-gti": {"min": 4.941943645477295, "max": 5.521944999694824}, "gsa-temp": {"min": 14.621236801147461, "max": 19.899999618530273}, "gwa-iec1": {"min": 0.11662707477807999, "max": 0.569839358329773}, "gwa-iec2": {"min": 0.14693814516067505, "max": 0.618847131729126}, "gwa-iec3": {"min": 0.17023105919361115, "max": 0.6557965278625488}, "gwa-power-10": {"min": 6.983400344848633, "max": 658.1203002929688}, "gwa-speed-10": {"min": 1.654608964920044, "max": 6.922367095947266}, "gwa-power-50": {"min": 51.92961883544922, "max": 701.532470703125}, "gwa-speed-50": {"min": 3.5322935581207275, "max": 8.466609954833984}, "gwa-power-100": {"min": 101.07070922851562, "max": 847.389892578125}, "gwa-speed-100": {"min": 4.6336774826049805, "max": 9.606077194213867}, "gwa-power-150": {"min": 188.40499877929688, "max": 1099.5062255859375}, "gwa-speed-150": {"min": 5.841025352478027, "max": 10.582954406738281}, "gwa-power-200": {"min": 301.6291809082031, "max": 1330.064697265625}, "gwa-speed-200": {"min": 6.851467132568359, "max": 11.170255661010742}, "gebco": {"min": -397.0, "max": 456.0}, "srtm90": {"min": -4.0, "max": 457.0}, "waterbodies": {"min": 0.0, "max": 2.0}, "gwa-enercon-e44-50": {"min": 0.03638382628560066, "max": 0.37617233395576477}, "gwa-enercon-e48-50": {"min": 0.047940175980329514, "max": 0.4423229396343231}, "gwa-enercon-e53-50": {"min": 0.06501463800668716, "max": 0.4872130751609802}, "gwa-offshore-dtu-10mw-119": {"min": 0.1242072656750679, "max": 0.573471188545227}, "gwa-offshore-iea-15mw-150": {"min": 0.2361355870962143, "max": 0.6647250652313232}, "gwa-offshore-leanwind-8mw-110": {"min": 0.11444014310836792, "max": 0.5705201625823975}, "gwa-vestas-v100-mode0-100": {"min": 0.1686078906059265, "max": 0.6558316946029663}, "gwa-vestas-v100-mode0-120": {"min": 0.2150568813085556, "max": 0.6856066584587097}, "gwa-vestas-v100-mode0-150": {"min": 0.29942962527275085, "max": 0.7215927243232727}, "gwa-vestas-v100-mode0-80": {"min": 0.13683614134788513, "max": 0.62468421459198}, "gwa-vestas-v110-mode0-100": {"min": 0.20093458890914917, "max": 0.6932165026664734}, "gwa-vestas-v110-mode0-120": {"min": 0.2528403401374817, "max": 0.7247446775436401}, "gwa-vestas-v110-mode0-150": {"min": 0.3437659740447998, "max": 0.756852388381958}, "gwa-vestas-v110-mode0-80": {"min": 0.1643417924642563, "max": 0.661526620388031}, "gwa-vestas-v112-mode0-100": {"min": 0.11778657883405685, "max": 0.5805847644805908}, "gwa-vestas-v112-mode0-120": {"min": 0.15306279063224792, "max": 0.6105943322181702}, "gwa-vestas-v112-mode0-150": {"min": 0.22168922424316406, "max": 0.6453551054000854}, "gwa-vestas-v112-mode0-80": {"min": 0.09455914050340652, "max": 0.5494309663772583}, "gwa-vestas-v120-mode0-100": {"min": 0.21453389525413513, "max": 0.7033063173294067}, "gwa-vestas-v120-mode0-120": {"min": 0.2686845660209656, "max": 0.7337254285812378}, "gwa-vestas-v120-mode0-150": {"min": 0.3623906075954437, "max": 0.7607705593109131}, "gwa-vestas-v120-mode0-80": {"min": 0.17579340934753418, "max": 0.6654187440872192}, "gwa-vestas-v126-mode0-100": {"min": 0.1491347700357437, "max": 0.6282833218574524}, "gwa-vestas-v126-mode0-120": {"min": 0.19119080901145935, "max": 0.6562490463256836}, "gwa-vestas-v126-mode0-150": {"min": 0.2696574926376343, "max": 0.693989634513855}, "gwa-vestas-v126-mode0-80": {"min": 0.12075114995241165, "max": 0.5969946384429932}, "gwa-vestas-v136-mode0-100": {"min": 0.17350737750530243, "max": 0.661411464214325}, "gwa-vestas-v136-mode0-120": {"min": 0.2205728441476822, "max": 0.6902827024459839}, "gwa-vestas-v136-mode0-150": {"min": 0.3054471015930176, "max": 0.7265634536743164}, "gwa-vestas-v136-mode0-80": {"min": 0.14113251864910126, "max": 0.6303476095199585}, "air-density": {"min": 1.1461938619613647, "max": 1.2013988494873047}, "lcoe": {"gwa-vestas-v136-mode0-100": {"lg": {"min": 56.55240249633789, "max": 204.33016967773438}, "li": {"min": 1.6281869411468506, "max": 6.7525129318237305}, "lr": {"min": 0.0, "max": 1.0302225351333618}, "total": {"min": 58.694976806640625, "max": 211.72837829589844}}, "gwa-vestas-v112-mode0-80": {"lg": {"min": 67.26319885253906, "max": 371.5875244140625}, "li": {"min": 2.033846139907837, "max": 12.4283447265625}, "lr": {"min": 0.0, "max": 1.7731555700302124}, "total": {"min": 69.84245300292969, "max": 385.16259765625}}, "gwa-offshore-leanwind-8mw-110": {"lg": {"min": 64.9246826171875, "max": 307.7287292480469}, "li": {"min": 1.9303631782531738, "max": 10.32271671295166}, "lr": {"min": 0.0, "max": 1.5171618461608887}, "total": {"min": 67.4085922241211, "max": 318.9454650878906}}, "gwa-vestas-v110-mode0-100": {"lg": {"min": 54.141273498535156, "max": 176.98544311523438}, "li": {"min": 1.5401835441589355, "max": 5.838388919830322}, "lr": {"min": 0.0, "max": 0.9031161069869995}, "total": {"min": 56.030189514160156, "max": 183.3738250732422}}, "gwa-vestas-v100-mode0-150": {"lg": {"min": 52.169498443603516, "max": 120.08323669433594}, "li": {"min": 1.4631685018539429, "max": 3.953191041946411}, "lr": {"min": 0.0, "max": 0.6890841126441956}, "total": {"min": 53.69255447387695, "max": 124.28720092773438}}, "gwa-vestas-v136-mode0-120": {"lg": {"min": 54.3543815612793, "max": 161.58404541015625}, "li": {"min": 1.5372376441955566, "max": 5.344296455383301}, "lr": {"min": 0.0, "max": 0.8616753816604614}, "total": {"min": 56.246437072753906, "max": 167.4036407470703}}, "gwa-vestas-v120-mode0-80": {"lg": {"min": 56.23591995239258, "max": 201.72503662109375}, "li": {"min": 1.609580159187317, "max": 6.658375263214111}, "lr": {"min": 0.0, "max": 0.9986342191696167}, "total": {"min": 58.20375061035156, "max": 209.02703857421875}}, "gwa-vestas-v120-mode0-150": {"lg": {"min": 49.68888854980469, "max": 99.91517639160156}, "li": {"min": 1.3776657581329346, "max": 3.256070375442505}, "lr": {"min": 0.0, "max": 0.5891436338424683}, "total": {"min": 51.3700065612793, "max": 103.38875579833984}}, "gwa-vestas-v110-mode0-150": {"lg": {"min": 49.925418853759766, "max": 105.11168670654297}, "li": {"min": 1.3903177976608276, "max": 3.435695171356201}, "lr": {"min": 0.0, "max": 0.615239679813385}, "total": {"min": 51.38560485839844, "max": 108.7734603881836}}, "gwa-offshore-iea-15mw-150": {"lg": {"min": 56.290435791015625, "max": 151.19830322265625}, "li": {"min": 1.5930770635604858, "max": 5.0343708992004395}, "lr": {"min": 0.0, "max": 0.8427389860153198}, "total": {"min": 57.943790435791016, "max": 156.5290985107422}}, "gwa-vestas-v100-mode0-120": {"lg": {"min": 54.69781494140625, "max": 165.62588500976562}, "li": {"min": 1.5479480028152466, "max": 5.482594013214111}, "lr": {"min": 0.0, "max": 0.8781600594520569}, "total": {"min": 56.60926818847656, "max": 171.59474182128906}}, "gwa-enercon-e48-50": {"lg": {"min": 82.58230590820312, "max": 729.0444946289062}, "li": {"min": 2.4693078994750977, "max": 25.012264251708984}, "lr": {"min": 0.0, "max": 3.5314159393310547}, "total": {"min": 85.78611755371094, "max": 755.8204345703125}}, "gwa-vestas-v126-mode0-120": {"lg": {"min": 56.9658088684082,