{"worldpop":{"min":-3.4028234663852886e+38,"max":14057.0810546875},"slope":{"min":0.0,"max":44.68226623535156},"land-cover":{"min":10.0,"max":210.0},"airports":{"min":0.0,"max":466615.46875},"ports":{"min":0.0,"max":453362.96875},"anchorages":{"min":0.0,"max":411352.9375},"grid":{"min":0.0,"max":384502.9375},"roads":{"min":0.0,"max":385716.21875},"pp-whs":{"min":734272.75,"max":1273612.875},"unep-coral":{"min":65535.0,"max":65535.0},"unesco":{"min":0.0,"max":500000.0},"unesco-ramsar":{"min":0.0,"max":417277.5},"wwf-glw-1":{"min":0.0,"max":388803.28125},"wwf-glw-2":{"min":0.0,"max":399621.375},"jrc-gsw":{"min":0.0,"max":255.0},"pp-marine-protected":{"min":0.0,"max":1.0},"unep-tidal":{"min":0.0,"max":1.0},"wwf-glw-3":{"min":1.0,"max":255.0},"gsa-pvout":{"min":4.038669586181641,"max":4.450628280639648},"gsa-ghi":{"min":4.4578166007995605,"max":4.947953701019287},"gsa-gti":{"min":4.952497482299805,"max":5.493810176849365},"gsa-temp":{"min":13.899999618530273,"max":18.899999618530273},"gwa-iec1":{"min":0.15837006270885468,"max":0.5948090553283691},"gwa-iec2":{"min":0.19806772470474243,"max":0.64476478099823},"gwa-iec3":{"min":0.2288041114807129,"max":0.6779719591140747},"gwa-power-10":{"min":10.653741836547852,"max":558.6051635742188},"gwa-speed-10":{"min":1.9138531684875488,"max":7.469955921173096},"gwa-power-50":{"min":69.88422393798828,"max":710.5748291015625},"gwa-speed-50":{"min":3.9507782459259033,"max":8.82903003692627},"gwa-power-100":{"min":132.0819091796875,"max":852.1141357421875},"gwa-speed-100":{"min":6.142102241516113,"max":9.532562255859375},"gwa-power-150":{"min":248.2500762939453,"max":1072.9427490234375},"gwa-speed-150":{"min":6.44619083404541,"max":10.50818157196045},"gwa-power-200":{"min":390.609619140625,"max":1303.5908203125},"gwa-speed-200":{"min":7.386928558349609,"max":11.107961654663086},"gebco":{"min":-4333.0,"max":452.0},"srtm90":{"min":-4.0,"max":446.0},"waterbodies":{"min":0.0,"max":2.0},"gwa-enercon-e44-50":{"min":0.05085158720612526,"max":0.4047207832336426},"gwa-enercon-e48-50":{"min":0.06680373847484589,"max":0.47786304354667664},"gwa-enercon-e53-50":{"min":0.0880938321352005,"max":0.5259279608726501},"gwa-offshore-dtu-10mw-119":{"min":0.16866299510002136,"max":0.5717005729675293},"gwa-offshore-iea-15mw-150":{"min":0.30195531249046326,"max":0.6548218727111816},"gwa-offshore-leanwind-8mw-110":{"min":0.15564215183258057,"max":0.5714775323867798},"gwa-vestas-v100-mode0-100":{"min":0.22263583540916443,"max":0.6692469120025635},"gwa-vestas-v100-mode0-120":{"min":0.2793888449668884,"max":0.6814831495285034},"gwa-vestas-v100-mode0-150":{"min":0.37351295351982117,"max":0.7071138024330139},"gwa-vestas-v100-mode0-80":{"min":0.18358974158763885,"max":0.6505274176597595},"gwa-vestas-v110-mode0-100":{"min":0.2622571289539337,"max":0.7054309844970703},"gwa-vestas-v110-mode0-120":{"min":0.32408711314201355,"max":0.7159186601638794},"gwa-vestas-v110-mode0-150":{"min":0.42203402519226074,"max":0.7423373460769653},"gwa-vestas-v110-mode0-80":{"min":0.21821662783622742,"max":0.6875784993171692},"gwa-vestas-v112-mode0-100":{"min":0.1582045555114746,"max":0.5910065174102783},"gwa-vestas-v112-mode0-120":{"min":0.20327861607074738,"max":0.6068822145462036},"gwa-vestas-v112-mode0-150":{"min":0.2843935489654541,"max":0.6364028453826904},"gwa-vestas-v112-mode0-80":{"min":0.12880489230155945,"max":0.5712409615516663},"gwa-vestas-v120-mode0-100":{"min":0.2791289687156677,"max":0.7099903225898743},"gwa-vestas-v120-mode0-120":{"min":0.34307217597961426,"max":0.7251774668693542},"gwa-vestas-v120-mode0-150":{"min":0.4422891139984131,"max":0.7485695481300354},"gwa-vestas-v120-mode0-80":{"min":0.2328920066356659,"max":0.6933159828186035},"gwa-vestas-v126-mode0-100":{"min":0.19785042107105255,"max":0.6415553689002991},"gwa-vestas-v126-mode0-120":{"min":0.25016605854034424,"max":0.6550295352935791},"gwa-vestas-v126-mode0-150":{"min":0.33975568413734436,"max":0.6802558898925781},"gwa-vestas-v126-mode0-80":{"min":0.16258518397808075,"max":0.6224181652069092},"gwa-vestas-v136-mode0-100":{"min":0.2284839153289795,"max":0.6751562356948853},"gwa-vestas-v136-mode0-120":{"min":0.28572165966033936,"max":0.6875187158584595},"gwa-vestas-v136-mode0-150":{"min":0.379995733499527,"max":0.7124826908111572},"gwa-vestas-v136-mode0-80":{"min":0.18885406851768494,"max":0.6565034985542297},"air-density":{"min":1.1502127647399902,"max":1.2121875286102295}}