{"worldpop":{"min":-3.4028234663852886e+38,"max":15616.119140625},"slope":{"min":0.0,"max":45.086997985839844},"land-cover":{"min":10.0,"max":220.0},"airports":{"min":500.0,"max":499999.25},"ports":{"min":0.0,"max":499988.5},"anchorages":{"min":0.0,"max":499993.25},"grid":{"min":0.0,"max":500000.0},"roads":{"min":0.0,"max":499943.25},"pp-whs":{"min":0.0,"max":2248122.75},"unep-coral":{"min":500.0,"max":499834.21875},"unesco":{"min":500.0,"max":499979.25},"unesco-ramsar":{"min":0.0,"max":499964.25},"wwf-glw-1":{"min":0.0,"max":499932.5},"wwf-glw-2":{"min":0.0,"max":499999.25},"jrc-gsw":{"min":0.0,"max":255.0},"pp-marine-protected":{"min":0.0,"max":1.0},"unep-tidal":{"min":0.0,"max":1.0},"wwf-glw-3":{"min":1.0,"max":255.0},"gsa-pvout":{"min":0.0,"max":5.648797512054443},"gsa-ghi":{"min":0.0,"max":6.262254238128662},"gsa-gti":{"min":0.0,"max":7.0663299560546875},"gsa-temp":{"min":-16.569429397583008,"max":26.799999237060547},"gwa-iec1":{"min":0.0,"max":0.7290782928466797},"gwa-iec2":{"min":0.0,"max":0.7442042231559753},"gwa-iec3":{"min":0.0,"max":0.7668521404266357},"gwa-power-10":{"min":0.0,"max":9613.27734375},"gwa-speed-10":{"min":0.11994098126888,"max":16.030744552612305},"gwa-power-50":{"min":0.0,"max":7870.63232421875},"gwa-speed-50":{"min":0.18117314577103,"max":16.43902587890625},"gwa-power-100":{"min":0.0,"max":7103.029296875},"gwa-speed-100":{"min":3.9746828079223633,"max":11.493046760559082},"gwa-power-150":{"min":0.0,"max":6923.69189453125},"gwa-speed-150":{"min":0.28240531682968,"max":16.593669891357422},"gwa-power-200":{"min":0.0,"max":6787.25634765625},"gwa-speed-200":{"min":0.29232773184776,"max":16.61410140991211},"gebco":{"min":-7673.0,"max":4622.0},"srtm90":{"min":-117.0,"max":4812.0},"waterbodies":{"min":0.0,"max":2.0},"gwa-enercon-e44-50":{"min":0.002188434824347496,"max":0.5801286101341248},"gwa-enercon-e48-50":{"min":0.0029335971921682358,"max":0.6480004787445068},"gwa-enercon-e53-50":{"min":0.005200162995606661,"max":0.6863918900489807},"gwa-offshore-dtu-10mw-119":{"min":0.00404569786041975,"max":0.7079377174377441},"gwa-offshore-iea-15mw-150":{"min":0.006304338574409485,"max":0.745798647403717},"gwa-offshore-leanwind-8mw-110":{"min":0.004410851281136274,"max":0.7074450254440308},"gwa-vestas-v100-mode0-100":{"min":0.00997399352490902,"max":0.7477689385414124},"gwa-vestas-v100-mode0-120":{"min":0.009675944223999977,"max":0.7478580474853516},"gwa-vestas-v100-mode0-150":{"min":0.008956309407949448,"max":0.7538327574729919},"gwa-vestas-v100-mode0-80":{"min":0.009827922098338604,"max":0.7414057850837708},"gwa-vestas-v110-mode0-100":{"min":0.0,"max":0.7640153765678406},"gwa-vestas-v110-mode0-120":{"min":0.0,"max":0.7713167071342468},"gwa-vestas-v110-mode0-150":{"min":0.0,"max":0.7874450087547302},"gwa-vestas-v110-mode0-80":{"min":0.0,"max":0.7590604424476624},"gwa-vestas-v112-mode0-100":{"min":0.006430509500205517,"max":0.725436806678772},"gwa-vestas-v112-mode0-120":{"min":0.006193074397742748,"max":0.7313446402549744},"gwa-vestas-v112-mode0-150":{"min":0.005711043253540993,"max":0.7310539484024048},"gwa-vestas-v112-mode0-80":{"min":0.006410841830074787,"max":0.7150756120681763},"gwa-vestas-v120-mode0-100":{"min":0.0,"max":0.7470906376838684},"gwa-vestas-v120-mode0-120":{"min":0.0,"max":0.7655108571052551},"gwa-vestas-v120-mode0-150":{"min":0.0,"max":0.7635535597801208},"gwa-vestas-v120-mode0-80":{"min":0.0,"max":0.7234604954719543},"gwa-vestas-v126-mode0-100":{"min":0.008801456540822983,"max":0.7368447184562683},"gwa-vestas-v126-mode0-120":{"min":0.008533066138625145,"max":0.7383084893226624},"gwa-vestas-v126-mode0-150":{"min":0.007909571751952171,"max":0.7307710647583008},"gwa-vestas-v126-mode0-80":{"min":0.008672096766531467,"max":0.7294316291809082},"gwa-vestas-v136-mode0-100":{"min":0.010505447164177895,"max":0.7595047950744629},"gwa-vestas-v136-mode0-120":{"min":0.01021733507514,"max":0.7602149844169617},"gwa-vestas-v136-mode0-150":{"min":0.009470896795392036,"max":0.7588096261024475},"gwa-vestas-v136-mode0-80":{"min":0.010312347672879696,"max":0.7527636885643005},"air-density":{"min":0.7447530031204224,"max":1.342407464981079}}