{"worldpop": {"min": -3.4028234663852886e+38, "max": 15806.3515625}, "slope": {"min": 0.0, "max": 39.30308151245117}, "land-cover": {"min": 10.0, "max": 220.0}, "airports": {"min": 0.0, "max": 420462.84375}, "ports": {"min": 500.0, "max": 499999.25}, "anchorages": {"min": 65535.0, "max": 65535.0}, "grid": {"min": 0.0, "max": 164335.78125}, "roads": {"min": 0.0, "max": 91443.96875}, "pp-whs": {"min": 0.0, "max": 1117523.25}, "unep-coral": {"min": 65535.0, "max": 65535.0}, "unesco": {"min": 500.0, "max": 395716.125}, "unesco-ramsar": {"min": 65535.0, "max": 499992.0}, "wwf-glw-1": {"min": 0.0, "max": 303697.625}, "wwf-glw-2": {"min": 0.0, "max": 223215.15625}, "jrc-gsw": {"min": 0.0, "max": 1.0}, "pp-marine-protected": {"min": 0.0, "max": 0.0}, "unep-tidal": {"min": 0.0, "max": 0.0}, "wwf-glw-3": {"min": 1.0, "max": 255.0}, "gsa-pvout": {"min": 2.8694801330566406, "max": 4.794218063354492}, "gsa-ghi": {"min": 3.3834853172302246, "max": 5.1166205406188965}, "gsa-gti": {"min": 3.5504281520843506, "max": 5.832589149475098}, "gsa-temp": {"min": -9.347618103027344, "max": 19.799999237060547}, "gwa-iec1": {"min": 0.0015907027991488576, "max": 0.5761064887046814}, "gwa-iec2": {"min": 0.002239299239590764, "max": 0.623177170753479}, "gwa-iec3": {"min": 0.0026833771262317896, "max": 0.6587393879890442}, "gwa-power-10": {"min": 1.7979706525802612, "max": 4965.8623046875}, "gwa-speed-10": {"min": 0.5436031222343445, "max": 11.751418113708496}, "gwa-power-50": {"min": 2.0919413566589355, "max": 2861.98974609375}, "gwa-speed-50": {"min": 0.7515904903411865, "max": 12.028868675231934}, "gwa-power-100": {"min": 2.634082317352295, "max": 2527.001953125}, "gwa-speed-100": {"min": 0.9240328669548035, "max": 12.662736892700195}, "gwa-power-150": {"min": 3.6798059940338135, "max": 2513.502197265625}, "gwa-speed-150": {"min": 1.0724974870681763, "max": 12.910715103149414}, "gwa-power-200": {"min": 4.518988609313965, "max": 2473.734130859375}, "gwa-speed-200": {"min": 1.0620088577270508, "max": 13.018863677978516}, "gebco": {"min": -185.0, "max": 4272.0}, "srtm90": {"min": -32.0, "max": 4351.0}, "waterbodies": {"min": 1.0, "max": 2.0}, "gwa-enercon-e44-50": {"min": 0.0007871341658756137, "max": 0.3629460632801056}, "gwa-enercon-e48-50": {"min": 0.0010504246456548572, "max": 0.42493799328804016}, "gwa-enercon-e53-50": {"min": 0.001884792814962566, "max": 0.46733537316322327}, "gwa-offshore-dtu-10mw-119": {"min": 0.0005642343894578516, "max": 0.5588788986206055}, "gwa-offshore-iea-15mw-150": {"min": 0.0013264660956338048, "max": 0.6437730193138123}, "gwa-offshore-leanwind-8mw-110": {"min": 0.0006072465912438929, "max": 0.5575393438339233}, "gwa-vestas-v100-mode0-100": {"min": 0.0017713546985760331, "max": 0.6511774063110352}, "gwa-vestas-v100-mode0-120": {"min": 0.001838591997511685, "max": 0.6794596910476685}, "gwa-vestas-v100-mode0-150": {"min": 0.0019394726259633899, "max": 0.6978013515472412}, "gwa-vestas-v100-mode0-80": {"min": 0.0014968012692406774, "max": 0.6116772294044495}, "gwa-vestas-v110-mode0-100": {"min": 0.0022605275735259056, "max": 0.6941961646080017}, "gwa-vestas-v110-mode0-120": {"min": 0.0024240489583462477, "max": 0.7189342975616455}, "gwa-vestas-v110-mode0-150": {"min": 0.002552323741838336, "max": 0.7321677207946777}, "gwa-vestas-v110-mode0-80": {"min": 0.001905508222989738, "max": 0.6493681073188782}, "gwa-vestas-v112-mode0-100": {"min": 0.001082203583791852, "max": 0.5703392624855042}, "gwa-vestas-v112-mode0-120": {"min": 0.0011091761989519, "max": 0.5952280163764954}, "gwa-vestas-v112-mode0-150": {"min": 0.0011746631935238838, "max": 0.6239726543426514}, "gwa-vestas-v112-mode0-80": {"min": 0.0009518131264485419, "max": 0.5376290082931519}, "gwa-vestas-v120-mode0-100": {"min": 0.0024002804420888424, "max": 0.7086859941482544}, "gwa-vestas-v120-mode0-120": {"min": 0.0025749625638127327, "max": 0.7292776703834534}, "gwa-vestas-v120-mode0-150": {"min": 0.0027086446061730385, "max": 0.7348006367683411}, "gwa-vestas-v120-mode0-80": {"min": 0.002022939035668969, "max": 0.6654663681983948}, "gwa-vestas-v126-mode0-100": {"min": 0.0015726108103990555, "max": 0.6196020841598511}, "gwa-vestas-v126-mode0-120": {"min": 0.0016269281040877104, "max": 0.6486021280288696}, "gwa-vestas-v126-mode0-150": {"min": 0.0017252764664590359, "max": 0.6715214848518372}, "gwa-vestas-v126-mode0-80": {"min": 0.0013292996445670724, "max": 0.5831778645515442}, "gwa-vestas-v136-mode0-100": {"min": 0.001882694661617279, "max": 0.6568544507026672}, "gwa-vestas-v136-mode0-120": {"min": 0.001987117575481534, "max": 0.684850811958313}, "gwa-vestas-v136-mode0-150": {"min": 0.002093477640300989, "max": 0.703629732131958}, "gwa-vestas-v136-mode0-80": {"min": 0.0015902867307886481, "max": 0.6174608469009399}, "air-density": {"min": 0.7846476435661316, "max": 1.2214871644973755}, "lcoe": {"gwa-vestas-v136-mode0-100": {"lg": {"min": 56.9169921875, "max": 10000.0}, "li": {"min": 1.5789484977722168, "max": 568.1221923828125}, "lr": {"min": 0.0, "max": 72.82279205322266}, "total": {"min": 58.74110412597656, "max": 10000.0}}, "gwa-vestas-v112-mode0-80": {"lg": {"min": 68.65194702148438, "max": 10000.0}, "li": {"min": 2.0143449306488037, "max": 1123.7506103515625}, "lr": {"min": 0.0, "max": 150.0238800048828}, "total": {"min": 71.82099151611328, "max": 10000.0}}, "gwa-offshore-leanwind-8mw-110": {"lg": {"min": 66.34315490722656, "max": 10000.0}, "li": {"min": 1.8862054347991943, "max": 1781.998046875}, "lr": {"min": 0.0, "max": 175.9055938720703}, "total": {"min": 69.3990249633789, "max": 10000.0}}, "gwa-vestas-v110-mode0-100": {"lg": {"min": 54.070518493652344, "max": 10000.0}, "li": {"min": 1.4962741136550903, "max": 473.1641540527344}, "lr": {"min": 0.0, "max": 60.84307098388672}, "total": {"min": 55.82223892211914, "max": 10000.0}}, "gwa-vestas-v100-mode0-150": {"lg": {"min": 53.811824798583984, "max": 10000.0}, "li": {"min": 1.478983759880066, "max": 557.9415283203125}, "lr": {"min": 0.0, "max": 65.60499572753906}, "total": {"min": 55.33613967895508, "max": 10000.0}}, "gwa-vestas-v136-mode0-120": {"lg": {"min": 54.75376892089844, "max": 10000.0}, "li": {"min": 1.5079145431518555, "max": 544.563720703125}, "lr": {"min": 0.0, "max": 65.99775695800781}, "total": {"min": 56.42408752441406, "max": 10000.0}}, "gwa-vestas-v120-mode0-80": {"lg": {"min": 56.232181549072266, "max": 10000.0}, "li": {"min": 1.5656391382217407, "max": 528.7359619140625}, "lr": {"min": 0.0, "max": 71.838623046875}, "total": {"min": 58.092838287353516, "max": 10000.0}}, "gwa-vestas-v120-mode0-150": {"lg": {"min": 51.30365753173828, "max": 10000.0}, "li": {"min": 1.4126603603363037, "max": 399.503173828125}, "lr": {"min": 0.0, "max": 48.049259185791016}, "total": {"min": 53.02996826171875, "max": 10000.0}}, "gwa-vestas-v110-mode0-150": {"lg": {"min": 51.4737663269043, "max": 10000.0}, "li": {"min": 1.4106214046478271, "max": 423.9714050292969}, "lr": {"min": 0.0, "max": 51.097145080566406}, "total": {"min": 52.96687698364258, "max": 10000.0}}, "gwa-offshore-iea-15mw-150": {"lg": {"min": 57.992252349853516, "max": 10000.0}, "li": {"min": 1.6030378341674805, "max": 815.7858276367188}, "lr": {"min": 0.0, "max": 93.85420989990234}, "total": {"min": 59.64449691772461, "max": 10000.0}}, "gwa-vestas-v100-mode0-120": {"lg": {"min": 55.15646743774414, "max": 10000.0}, "li": {"min": 1.5200154781341553, "max": 588.5548095703125}, "lr": {"min": 0.0, "max": 70.38097381591797}, "total": {"min": 56.844181060791016, "max": 10000.0}}, "gwa-enercon-e48-50": {"lg": {"min": 85.79724884033203, "max": 10000.0}, "li": {"min": 2.7091877460479736, "max": 1018.2554321289062}, "lr": {"min": 0.0, "max": 195.68023681640625}, "total": {"min": 89.80670928955078, "max": 10000.0}}, "gwa-vestas-v126-mode0-120": {"lg": {"min": 57.59025955200195, "max": 10000.0}, "li": {"min": 1.5907446146011353, "max": 665.1260375976562}, "lr": {"min": 0.0, "max": 79.70158386230469}, "total": {"min": 59.30306625366211, "max": 10000.0}},