{"worldpop":{"min":-3.4028234663852886e+38,"max":1802.4183349609375},"slope":{"min":0.0,"max":41.9246711730957},"land-cover":{"min":11.0,"max":210.0},"airports":{"min":0.0,"max":215724.9375},"ports":{"min":0.0,"max":214009.34375},"anchorages":{"min":0.0,"max":206683.9375},"grid":{"min":22825.423828125,"max":223590.03125},"roads":{"min":0.0,"max":207770.3125},"pp-whs":{"min":27513.6328125,"max":221802.28125},"unep-coral":{"min":0.0,"max":220238.515625},"unesco":{"min":28429.736328125,"max":222796.4375},"unesco-ramsar":{"min":65535.0,"max":65535.0},"wwf-glw-1":{"min":65535.0,"max":500000.0},"wwf-glw-2":{"min":175280.484375,"max":404981.78125},"jrc-gsw":{"min":0.0,"max":255.0},"pp-marine-protected":{"min":0.0,"max":1.0},"unep-tidal":{"min":0.0,"max":1.0},"wwf-glw-3":{"min":255.0,"max":255.0},"gsa-pvout":{"min":3.324636459350586,"max":4.946489334106445},"gsa-ghi":{"min":4.029971599578857,"max":6.078489303588867},"gsa-gti":{"min":4.0856242179870605,"max":6.255309581756592},"gsa-temp":{"min":18.648622512817383,"max":26.799999237060547},"gwa-iec1":{"min":0.11330842971801758,"max":0.7504577040672302},"gwa-iec2":{"min":0.14491459727287292,"max":0.7964354157447815},"gwa-iec3":{"min":0.1697533279657364,"max":0.8253298997879028},"gwa-power-10":{"min":5.067756175994873,"max":1004.2449951171875},"gwa-speed-10":{"min":1.5565850734710693,"max":8.934359550476074},"gwa-power-50":{"min":41.06766891479492,"max":1197.89111328125},"gwa-speed-50":{"min":3.452091693878174,"max":10.62470817565918},"gwa-power-100":{"min":95.1003189086914,"max":1277.6427001953125},"gwa-speed-100":{"min":4.604367733001709,"max":10.184504508972168},"gwa-power-150":{"min":123.89124298095703,"max":1475.653564453125},"gwa-speed-150":{"min":5.131674766540527,"max":12.7001314163208},"gwa-power-200":{"min":140.078369140625,"max":1708.1182861328125},"gwa-speed-200":{"min":5.318075656890869,"max":13.470084190368652},"gebco":{"min":-3114.0,"max":1052.0},"srtm90":{"min":1.0,"max":1094.0},"waterbodies":{"min":0.0,"max":1.0},"gwa-enercon-e44-50":{"min":0.02559625543653965,"max":0.5677439570426941},"gwa-enercon-e48-50":{"min":0.033971965312957764,"max":0.6407377123832703},"gwa-enercon-e53-50":{"min":0.048593781888484955,"max":0.693446695804596},"gwa-offshore-dtu-10mw-119":{"min":0.10173780471086502,"max":0.7729825377464294},"gwa-offshore-iea-15mw-150":{"min":0.15835250914096832,"max":0.8574543595314026},"gwa-offshore-leanwind-8mw-110":{"min":0.0997166708111763,"max":0.7727863788604736},"gwa-vestas-v100-mode0-100":{"min":0.1573239117860794,"max":0.8440387845039368},"gwa-vestas-v100-mode0-120":{"min":0.18283548951148987,"max":0.8524635434150696},"gwa-vestas-v100-mode0-150":{"min":0.2104848474264145,"max":0.8747851848602295},"gwa-vestas-v100-mode0-80":{"min":0.12107208371162415,"max":0.8356437087059021},"gwa-vestas-v110-mode0-100":{"min":0.18944497406482697,"max":0.8733506202697754},"gwa-vestas-v110-mode0-120":{"min":0.21855787932872772,"max":0.8805232048034668},"gwa-vestas-v110-mode0-150":{"min":0.24944932758808136,"max":0.8972671031951904},"gwa-vestas-v110-mode0-80":{"min":0.1474517285823822,"max":0.8654904365539551},"gwa-vestas-v112-mode0-100":{"min":0.10815130919218063,"max":0.7768312692642212},"gwa-vestas-v112-mode0-120":{"min":0.12690666317939758,"max":0.8047993779182434},"gwa-vestas-v112-mode0-150":{"min":0.14780110120773315,"max":0.843644380569458},"gwa-vestas-v112-mode0-80":{"min":0.08196817338466644,"max":0.7601560354232788},"gwa-vestas-v120-mode0-100":{"min":0.20292136073112488,"max":0.8703567385673523},"gwa-vestas-v120-mode0-120":{"min":0.23363324999809265,"max":0.8743408918380737},"gwa-vestas-v120-mode0-150":{"min":0.26592111587524414,"max":0.8837178945541382},"gwa-vestas-v120-mode0-80":{"min":0.15831109881401062,"max":0.8618277907371521},"gwa-vestas-v126-mode0-100":{"min":0.1384119838476181,"max":0.8181068897247314},"gwa-vestas-v126-mode0-120":{"min":0.16117262840270996,"max":0.8302131295204163},"gwa-vestas-v126-mode0-150":{"min":0.18611690402030945,"max":0.8620466589927673},"gwa-vestas-v126-mode0-80":{"min":0.10625080019235611,"max":0.8083503842353821},"gwa-vestas-v136-mode0-100":{"min":0.1622159481048584,"max":0.8462074995040894},"gwa-vestas-v136-mode0-120":{"min":0.1880989670753479,"max":0.8556769490242004},"gwa-vestas-v136-mode0-150":{"min":0.21601523458957672,"max":0.8821505308151245},"gwa-vestas-v136-mode0-80":{"min":0.12528669834136963,"max":0.8380442261695862},"air-density":{"min":1.047450304031372,"max":1.1515411138534546}}