{"worldpop":{"min":-3.4028234663852886e+38,"max":12126.01171875},"slope":{"min":0.0,"max":52.08885192871094},"land-cover":{"min":10.0,"max":210.0},"airports":{"min":0.0,"max":499999.25},"ports":{"min":0.0,"max":499999.25},"anchorages":{"min":0.0,"max":499992.0},"grid":{"min":0.0,"max":499988.5},"roads":{"min":0.0,"max":284195.8125},"pp-whs":{"min":0.0,"max":857229.25},"unep-coral":{"min":0.0,"max":499999.25},"unesco":{"min":500.0,"max":499995.25},"unesco-ramsar":{"min":65535.0,"max":500000.0},"wwf-glw-1":{"min":0.0,"max":500000.0},"wwf-glw-2":{"min":0.0,"max":149369.5},"jrc-gsw":{"min":0.0,"max":1.0},"pp-marine-protected":{"min":0.0,"max":0.0},"unep-tidal":{"min":0.0,"max":1.0},"wwf-glw-3":{"min":1.0,"max":255.0},"gsa-pvout":{"min":2.512892961502075,"max":5.231657981872559},"gsa-ghi":{"min":3.047743558883667,"max":6.447507858276367},"gsa-gti":{"min":3.0486953258514404,"max":6.603988170623779},"gsa-temp":{"min":2.1425092220306396,"max":30.399999618530273},"gwa-iec1":{"min":1.0324222785129678e-05,"max":0.8389185070991516},"gwa-iec2":{"min":2.1172239939915016e-05,"max":0.87285315990448},"gwa-iec3":{"min":2.714637594181113e-05,"max":0.8898189067840576},"gwa-power-10":{"min":0.024341333657503128,"max":3383.849853515625},"gwa-speed-10":{"min":0.14366856217384338,"max":13.649941444396973},"gwa-power-50":{"min":0.17186690866947174,"max":3965.021484375},"gwa-speed-50":{"min":0.3268367052078247,"max":13.888660430908203},"gwa-power-100":{"min":0.3811297118663788,"max":3227.893310546875},"gwa-speed-100":{"min":0.5169364809989929,"max":14.648128509521484},"gwa-power-150":{"min":0.3660415709018707,"max":3144.075439453125},"gwa-speed-150":{"min":0.5278782844543457,"max":14.848675727844238},"gwa-power-200":{"min":0.41299644112586975,"max":3140.5107421875},"gwa-speed-200":{"min":0.5242253541946411,"max":14.94707202911377},"gebco":{"min":-108.0,"max":4562.0},"srtm90":{"min":-7.0,"max":4765.0},"waterbodies":{"min":0.0,"max":2.0},"gwa-enercon-e44-50":{"min":4.426387647527008e-07,"max":0.6276301741600037},"gwa-enercon-e48-50":{"min":6.191607440086955e-07,"max":0.697966992855072},"gwa-enercon-e53-50":{"min":8.535655979358125e-06,"max":0.7367364764213562},"gwa-offshore-dtu-10mw-119":{"min":3.048214409773209e-07,"max":0.8021318316459656},"gwa-offshore-iea-15mw-150":{"min":6.111820312071359e-06,"max":0.8724380731582642},"gwa-offshore-leanwind-8mw-110":{"min":2.596599983917258e-07,"max":0.8058011531829834},"gwa-vestas-v100-mode0-100":{"min":2.3533477815362858e-06,"max":0.8916656374931335},"gwa-vestas-v100-mode0-120":{"min":5.050935214967467e-06,"max":0.8963618278503418},"gwa-vestas-v100-mode0-150":{"min":9.524073902866803e-06,"max":0.9095442295074463},"gwa-vestas-v100-mode0-80":{"min":8.437365295321797e-07,"max":0.8806402087211609},"gwa-vestas-v110-mode0-100":{"min":9.433805416847463e-07,"max":0.9156415462493896},"gwa-vestas-v110-mode0-120":{"min":5.497368874785025e-06,"max":0.9208438396453857},"gwa-vestas-v110-mode0-150":{"min":7.273621122294571e-06,"max":0.932374894618988},"gwa-vestas-v110-mode0-80":{"min":0.0,"max":0.906477689743042},"gwa-vestas-v112-mode0-100":{"min":1.1790911003117799e-06,"max":0.8239806294441223},"gwa-vestas-v112-mode0-120":{"min":2.556955678301165e-06,"max":0.8346960544586182},"gwa-vestas-v112-mode0-150":{"min":4.848875505558681e-06,"max":0.8572896718978882},"gwa-vestas-v112-mode0-80":{"min":4.1678751472318254e-07,"max":0.8088024854660034},"gwa-vestas-v120-mode0-100":{"min":9.433805416847463e-07,"max":0.9180434346199036},"gwa-vestas-v120-mode0-120":{"min":5.497368874785025e-06,"max":0.9258970022201538},"gwa-vestas-v120-mode0-150":{"min":7.745310540485661e-06,"max":0.937418520450592},"gwa-vestas-v120-mode0-80":{"min":0.0,"max":0.9106588363647461},"gwa-vestas-v126-mode0-100":{"min":2.2158833417051937e-06,"max":0.869036078453064},"gwa-vestas-v126-mode0-120":{"min":1.4150708693705383e-06,"max":0.874171257019043},"gwa-vestas-v126-mode0-150":{"min":8.920357686292846e-06,"max":0.8905714154243469},"gwa-vestas-v126-mode0-80":{"min":7.981914791344025e-07,"max":0.8564697504043579},"gwa-vestas-v136-mode0-100":{"min":2.797339902826934e-06,"max":0.8938443064689636},"gwa-vestas-v136-mode0-120":{"min":5.9720478020608425e-06,"max":0.898461639881134},"gwa-vestas-v136-mode0-150":{"min":1.1227815775782801e-05,"max":0.9114208221435547},"gwa-vestas-v136-mode0-80":{"min":1.0101879297508276e-06,"max":0.8829989433288574},"air-density":{"min":0.7409518957138062,"max":1.1579755544662476},"lcoe":{"gwa-vestas-v136-mode0-100":{"lg":{"min":42.88681411743164,"max":10000.0},"li":{"min":1.1898889541625977,"max":10000.0},"lr":{"min":0.0,"max":10000.0},"total":{"min":44.39112854003906,"max":10000.0}},"gwa-vestas-v112-mode0-80":{"lg":{"min":46.975589752197266,"max":10000.0},"li":{"min":1.343502402305603,"max":10000.0},"lr":{"min":0.0,"max":10000.0},"total":{"min":48.63807678222656,"max":10000.0}},"gwa-offshore-leanwind-8mw-110":{"lg":{"min":47.13565444946289,"max":10000.0},"li":{"min":1.3077336549758911,"max":10000.0},"lr":{"min":0.0,"max":10000.0},"total":{"min":48.536590576171875,"max":10000.0}},"gwa-vestas-v110-mode0-100":{"lg":{"min":41.961097717285156,"max":10000.0},"li":{"min":1.1540645360946655,"max":10000.0},"lr":{"min":0.0,"max":10000.0},"total":{"min":43.42959976196289,"max":10000.0}},"gwa-vestas-v100-mode0-150":{"lg":{"min":42.215576171875,"max":10000.0},"li":{"min":1.148058533668518,"max":10000.0},"lr":{"min":0.0,"max":10000.0},"total":{"min":43.404727935791016,"max":10000.0}},"gwa-vestas-v136-mode0-120":{"lg":{"min":42.686973571777344,"max":10000.0},"li":{"min":1.172938585281372,"max":10000.0},"lr":{"min":0.0,"max":10000.0},"total":{"min":43.94596481323242,"max":10000.0}},"gwa-vestas-v120-mode0-80":{"lg":{"min":42.16880798339844,"max":10000.0},"li":{"min":1.1571803092956543,"max":10000.0},"lr":{"min":0.0,"max":10000.0},"total":{"min":43.645347595214844,"max":10000.0}},"gwa-vestas-v120-mode0-150":{"lg":{"min":41.0792350769043,"max":10000.0},"li":{"min":1.1070293188095093,"max":10000.0},"lr":{"min":0.0,"max":10000.0},"total":{"min":42.23302459716797,"max":10000.0}},"gwa-vestas-v110-mode0-150":{"lg":{"min":41.279815673828125,"max":10000.0},"li":{"min":1.1158764362335205,"max":10000.0},"lr":{"min":0.0,"max":10000.0},"total":{"min":42.43984603881836,"max":10000.0}},"gwa-offshore-iea-15mw-150":{"lg":{"min":43.840946197509766,"max":10000.0},"li":{"min":1.2057011127471924,"max":10000.0},"lr":{"min":0.0,"max":10000.0},"total":{"min":45.061729431152344,"max":10000.0}},"gwa-vestas-v100-mode0-120":{"lg":{"min":42.7775993347168,"max":10000.0},"li":{"min":1.1765708923339844,"max":10000.0},"lr":{"min":0.0,"max":10000.0},"total":{"min":44.06966018676758,"max":10000.0}},"gwa-enercon-e48-50":{"lg":{"min":53.800010681152344,"max":10000.0},"li":{"min":1.570294737815857,"max":10000.0},"lr":{"min":0.0,"max":10000.0},"total":{"min":55.43983459472656,"max":10000.0}},"gwa-vestas-v126-mode0-120":{"lg":{"min":43.7619514465332,"max":10000.0},"li":{"min":1.2035109996795654,"max":10000.0},"lr":{"min":0.0,"max":10000.0},"total":{"min":44.98714828491211,"max":10000.0}},"gwa-vestas-v110-mode0-80":{"lg":{"min":42.34486389160156,"max":10000.0},"li":{"min":1.1692495346069336,"max":10000.0},"lr":{"min":0.0,"max":10000.0},"total":{"min":43.82821273803711,"max":10000.0}},"gwa-iec3":{"lg":{"min":43.06273651123047,"max":10000.0},"li":{"min":1.1865954399108887,"max":10000.0},"lr":{"min":0.0,"max":8063.591796875},"total":{"min":44.3509635925293,"max":10000.0}},"gwa-vestas-v120-mode0-120":{"lg":{"min":41.54063415527344,"max":10000.0},"li":{"min":1.1351497173309326,"max":10000.0},"lr":{"min":0.0,"max":10000.0},"total":{"min":42.9541015625,"max":10000.0}},"gwa-enercon-e53-50":{"lg":{"min":51.17936706542969,"max":10000.0},"li":{"min":1.4847137928009033,"max":10000.0},"lr":{"min":0.0,"max":10000.0},"total":{"min":52.73289489746094,"max":10000.0}},"gwa-vestas-v136-mode0-80":{"lg":{"min":43.36444091796875,"max":10000.0},"li":{"min":1.2085084915161133,"max":10000.0},"lr":{"min":0.0,"max":10000.0},