{"worldpop": {"min": -3.4028234663852886e+38, "max": 12126.01171875}, "slope": {"min": 0.0, "max": 47.18416213989258}, "land-cover": {"min": 10.0, "max": 210.0}, "airports": {"min": 0.0, "max": 401351.78125}, "ports": {"min": 0.0, "max": 400446.3125}, "anchorages": {"min": 0.0, "max": 399342.28125}, "grid": {"min": 0.0, "max": 417611.34375}, "roads": {"min": 0.0, "max": 394976.25}, "pp-whs": {"min": 21224.984375, "max": 881309.5}, "unep-coral": {"min": 0.0, "max": 353124.96875}, "unesco": {"min": 0.0, "max": 499993.25}, "unesco-ramsar": {"min": 0.0, "max": 499993.25}, "wwf-glw-1": {"min": 0.0, "max": 500000.0}, "wwf-glw-2": {"min": 0.0, "max": 413054.78125}, "jrc-gsw": {"min": 0.0, "max": 255.0}, "pp-marine-protected": {"min": 0.0, "max": 1.0}, "unep-tidal": {"min": 0.0, "max": 1.0}, "wwf-glw-3": {"min": 1.0, "max": 255.0}, "gsa-pvout": {"min": 2.7034480571746826, "max": 5.232999801635742}, "gsa-ghi": {"min": 3.2902121543884277, "max": 6.453732967376709}, "gsa-gti": {"min": 3.2970495223999023, "max": 6.6020002365112305}, "gsa-temp": {"min": 3.0912270545959473, "max": 30.200000762939453}, "gwa-iec1": {"min": 1.2516290553321596e-05, "max": 0.8705337047576904}, "gwa-iec2": {"min": 2.854811646102462e-05, "max": 0.8994784951210022}, "gwa-iec3": {"min": 3.7122317735338584e-05, "max": 0.9149720668792725}, "gwa-power-10": {"min": 0.13758665323257446, "max": 3260.606201171875}, "gwa-speed-10": {"min": 0.3273380398750305, "max": 11.346893310546875}, "gwa-power-50": {"min": 0.26531362533569336, "max": 3295.946533203125}, "gwa-speed-50": {"min": 0.4431738555431366, "max": 14.176885604858398}, "gwa-power-100": {"min": 0.6086804270744324, "max": 3218.095947265625}, "gwa-speed-100": {"min": 0.6509159207344055, "max": 14.648128509521484}, "gwa-power-150": {"min": 0.7014452815055847, "max": 2913.595703125}, "gwa-speed-150": {"min": 0.7087287306785583, "max": 14.905235290527344}, "gwa-power-200": {"min": 0.7380387783050537, "max": 2687.5517578125}, "gwa-speed-200": {"min": 0.7190523147583008, "max": 15.379610061645508}, "gebco": {"min": -5315.0, "max": 4191.0}, "srtm90": {"min": -65.0, "max": 4200.0}, "waterbodies": {"min": 0.0, "max": 2.0}, "gwa-enercon-e44-50": {"min": 2.3273303213500185e-06, "max": 0.7091981768608093}, "gwa-enercon-e48-50": {"min": 3.2194786854233826e-06, "max": 0.7880057096481323}, "gwa-enercon-e53-50": {"min": 1.7065682186512277e-05, "max": 0.826585590839386}, "gwa-offshore-dtu-10mw-119": {"min": 2.1767514226667117e-06, "max": 0.8521537184715271}, "gwa-offshore-iea-15mw-150": {"min": 1.80539700522786e-05, "max": 0.907585620880127}, "gwa-offshore-leanwind-8mw-110": {"min": 2.432045675959671e-06, "max": 0.8596655130386353}, "gwa-vestas-v100-mode0-100": {"min": 1.6013116692192852e-05, "max": 0.9192657470703125}, "gwa-vestas-v100-mode0-120": {"min": 2.0477318685152568e-05, "max": 0.9207131862640381}, "gwa-vestas-v100-mode0-150": {"min": 2.780525574053172e-05, "max": 0.9359133839607239}, "gwa-vestas-v100-mode0-80": {"min": 1.134090416599065e-05, "max": 0.9098253846168518}, "gwa-vestas-v110-mode0-100": {"min": 2.07464490813436e-05, "max": 0.9390317797660828}, "gwa-vestas-v110-mode0-120": {"min": 2.493430656613782e-05, "max": 0.9395806193351746}, "gwa-vestas-v110-mode0-150": {"min": 3.5324046621099114e-05, "max": 0.9506072402000427}, "gwa-vestas-v110-mode0-80": {"min": 1.5144662029342726e-05, "max": 0.9314897060394287}, "gwa-vestas-v112-mode0-100": {"min": 8.63568129716441e-06, "max": 0.8711495995521545}, "gwa-vestas-v112-mode0-120": {"min": 1.0925960850727279e-05, "max": 0.8769645094871521}, "gwa-vestas-v112-mode0-150": {"min": 1.4726263543707319e-05, "max": 0.8945299386978149}, "gwa-vestas-v112-mode0-80": {"min": 6.193392437126022e-06, "max": 0.8682634234428406}, "gwa-vestas-v120-mode0-100": {"min": 2.1414851289591752e-05, "max": 0.940330982208252}, "gwa-vestas-v120-mode0-120": {"min": 2.6383562726550736e-05, "max": 0.9393143653869629}, "gwa-vestas-v120-mode0-150": {"min": 3.6773300962522626e-05, "max": 0.947477400302887}, "gwa-vestas-v120-mode0-80": {"min": 1.5679383068345487e-05, "max": 0.9344015717506409}, "gwa-vestas-v126-mode0-100": {"min": 1.4707572518091183e-05, "max": 0.9000572562217712}, "gwa-vestas-v126-mode0-120": {"min": 1.5425455785589293e-05, "max": 0.9024577140808105}, "gwa-vestas-v126-mode0-150": {"min": 2.5692950657685287e-05, "max": 0.9225186109542847}, "gwa-vestas-v126-mode0-80": {"min": 1.0372753422416281e-05, "max": 0.8888869881629944}, "gwa-vestas-v136-mode0-100": {"min": 1.829305438150186e-05, "max": 0.9209992289543152}, "gwa-vestas-v136-mode0-120": {"min": 2.3526838049292564e-05, "max": 0.9224441647529602}, "gwa-vestas-v136-mode0-150": {"min": 3.2071977329906076e-05, "max": 0.9384291172027588}, "gwa-vestas-v136-mode0-80": {"min": 1.2868682460975833e-05, "max": 0.9117377400398254}, "air-density": {"min": 0.7680929899215698, "max": 1.1580523252487183}}