{"worldpop": {"min": 0.8884069323539734, "max": 807.1498413085938}, "slope": {"min": 0.07904501259326935, "max": 27.94109535217285}, "land-cover": {"min": 50.0, "max": 210.0}, "airports": {"min": 500.0, "max": 11067.97265625}, "ports": {"min": 26800.185546875, "max": 77665.953125}, "anchorages": {"min": 0.0, "max": 10606.6015625}, "grid": {"min": 0.0, "max": 4031.12890625}, "roads": {"min": 0.0, "max": 6500.0}, "pp-whs": {"min": 479063.9375, "max": 507192.75}, "unep-coral": {"min": 0.0, "max": 2692.582275390625}, "unesco": {"min": 140607.609375, "max": 180840.390625}, "unesco-ramsar": {"min": 65535.0, "max": 65535.0}, "wwf-glw-1": {"min": 65535.0, "max": 65535.0}, "wwf-glw-2": {"min": 0.0, "max": 49396.35546875}, "jrc-gsw": {"min": 0.0, "max": 1.0}, "pp-marine-protected": {"min": 0.0, "max": 1.0}, "unep-tidal": {"min": 0.0, "max": 1.0}, "wwf-glw-3": {"min": 1.0, "max": 255.0}, "gsa-pvout": {"min": 4.515317440032959, "max": 4.985263347625732}, "gsa-ghi": {"min": 5.440392971038818, "max": 5.975874900817871}, "gsa-gti": {"min": 5.655622482299805, "max": 6.292895317077637}, "gsa-temp": {"min": 22.264745712280273, "max": 26.271814346313477}, "gwa-iec1": {"min": 0.13262392580509186, "max": 0.6347646117210388}, "gwa-iec2": {"min": 0.1678001433610916, "max": 0.6888760924339294}, "gwa-iec3": {"min": 0.19516955316066742, "max": 0.7233837246894836}, "gwa-power-10": {"min": 9.064566612243652, "max": 215.9715576171875}, "gwa-speed-10": {"min": 1.5794436931610107, "max": 5.895143508911133}, "gwa-power-50": {"min": 44.20743942260742, "max": 597.028076171875}, "gwa-speed-50": {"min": 3.50821852684021, "max": 8.76742172241211}, "gwa-power-100": {"min": 112.45048522949219, "max": 829.6701049804688}, "gwa-speed-100": {"min": 5.10414457321167, "max": 10.12960147857666}, "gwa-power-150": {"min": 178.10931396484375, "max": 787.3049926757812}, "gwa-speed-150": {"min": 6.1340789794921875, "max": 10.019428253173828}, "gwa-power-200": {"min": 228.16087341308594, "max": 751.6766967773438}, "gwa-speed-200": {"min": 6.662322521209717, "max": 9.88269329071045}, "gebco": {"min": -61.0, "max": 404.0}, "srtm90": {"min": 0.0, "max": 442.0}, "waterbodies": {"min": 0.0, "max": 2.0}, "gwa-enercon-e44-50": {"min": 0.017954843118786812, "max": 0.3702734112739563}, "gwa-enercon-e48-50": {"min": 0.023981932550668716, "max": 0.4456746280193329}, "gwa-enercon-e53-50": {"min": 0.03672159090638161, "max": 0.4976624548435211}, "gwa-offshore-dtu-10mw-119": {"min": 0.11132194101810455, "max": 0.590579092502594}, "gwa-offshore-iea-15mw-150": {"min": 0.20753760635852814, "max": 0.6425942182540894}, "gwa-offshore-leanwind-8mw-110": {"min": 0.1022261530160904, "max": 0.6053745150566101}, "gwa-vestas-v100-mode0-100": {"min": 0.15396776795387268, "max": 0.7164743542671204}, "gwa-vestas-v100-mode0-120": {"min": 0.20331205427646637, "max": 0.7231516242027283}, "gwa-vestas-v100-mode0-150": {"min": 0.27612829208374023, "max": 0.7145766615867615}, "gwa-vestas-v100-mode0-80": {"min": 0.10692549496889114, "max": 0.6885800361633301}, "gwa-vestas-v110-mode0-100": {"min": 0.18735259771347046, "max": 0.7554239630699158}, "gwa-vestas-v110-mode0-120": {"min": 0.24482975900173187, "max": 0.7620713710784912}, "gwa-vestas-v110-mode0-150": {"min": 0.32721444964408875, "max": 0.754500150680542}, "gwa-vestas-v110-mode0-80": {"min": 0.13156826794147491, "max": 0.7286790609359741}, "gwa-vestas-v112-mode0-100": {"min": 0.10448814183473587, "max": 0.626690685749054}, "gwa-vestas-v112-mode0-120": {"min": 0.13996978104114532, "max": 0.632451057434082}, "gwa-vestas-v112-mode0-150": {"min": 0.19385002553462982, "max": 0.6214035153388977}, "gwa-vestas-v112-mode0-80": {"min": 0.07130222022533417, "max": 0.5983366966247559}, "gwa-vestas-v120-mode0-100": {"min": 0.2015036791563034, "max": 0.7633384466171265}, "gwa-vestas-v120-mode0-120": {"min": 0.26280730962753296, "max": 0.7706363201141357}, "gwa-vestas-v120-mode0-150": {"min": 0.3493864834308624, "max": 0.7647989392280579}, "gwa-vestas-v120-mode0-80": {"min": 0.14150483906269073, "max": 0.7372802495956421}, "gwa-vestas-v126-mode0-100": {"min": 0.13501085340976715, "max": 0.683867871761322}, "gwa-vestas-v126-mode0-120": {"min": 0.17862547934055328, "max": 0.6902419328689575}, "gwa-vestas-v126-mode0-150": {"min": 0.24370089173316956, "max": 0.6806710362434387}, "gwa-vestas-v126-mode0-80": {"min": 0.09366050362586975, "max": 0.6556123495101929}, "gwa-vestas-v136-mode0-100": {"min": 0.15923459827899933, "max": 0.7204917073249817}, "gwa-vestas-v136-mode0-120": {"min": 0.20958778262138367, "max": 0.727009117603302}, "gwa-vestas-v136-mode0-150": {"min": 0.2832840383052826, "max": 0.7183439135551453}, "gwa-vestas-v136-mode0-80": {"min": 0.11099459230899811, "max": 0.6928690671920776}, "air-density": {"min": 1.1125588417053223, "max": 1.1550065279006958}, "lcoe": {"gwa-vestas-v136-mode0-100": {"lg": {"min": 52.24311065673828, "max": 222.28648376464844}, "li": {"min": 1.4393739700317383, "max": 6.466155529022217}, "lr": {"min": 0.0, "max": 0.16864068806171417}, "total": {"min": 53.690650939941406, "max": 228.7895965576172}}, "gwa-vestas-v112-mode0-80": {"lg": {"min": 62.09231185913086, "max": 491.48492431640625}, "li": {"min": 1.7332332134246826, "max": 14.44044303894043}, "lr": {"min": 0.0, "max": 0.24195575714111328}, "total": {"min": 63.83538055419922, "max": 506.0079040527344}}, "gwa-offshore-leanwind-8mw-110": {"lg": {"min": 61.416954040527344, "max": 344.0182800292969}, "li": {"min": 1.7130833864212036, "max": 10.072135925292969}, "lr": {"min": 0.0, "max": 0.24285286664962769}, "total": {"min": 63.1397590637207, "max": 354.1479797363281}}, "gwa-vestas-v110-mode0-100": {"lg": {"min": 50.01225280761719, "max": 189.52589416503906}, "li": {"min": 1.372814416885376, "max": 5.495710372924805}, "lr": {"min": 0.0, "max": 0.15256480872631073}, "total": {"min": 51.39285659790039, "max": 195.0530242919922}}, "gwa-vestas-v100-mode0-150": {"lg": {"min": 52.64244842529297, "max": 129.8790283203125}, "li": {"min": 1.4512885808944702, "max": 3.7288310527801514}, "lr": {"min": 0.0, "max": 0.15679197013378143}, "total": {"min": 54.10197448730469, "max": 133.62918090820312}}, "gwa-vestas-v136-mode0-120": {"lg": {"min": 51.810630798339844, "max": 169.84344482421875}, "li": {"min": 1.4264705181121826, "max": 4.912670612335205}, "lr": {"min": 0.0, "max": 0.1615125685930252}, "total": {"min": 53.24519729614258, "max": 174.78419494628906}}, "gwa-vestas-v120-mode0-80": {"lg": {"min": 51.144569396972656, "max": 249.6365509033203}, "li": {"min": 1.4065980911254883, "max": 7.2763285636901855}, "lr": {"min": 0.0, "max": 0.15437006950378418}, "total": {"min": 52.559146881103516, "max": 256.9544677734375}}, "gwa-vestas-v120-mode0-150": {"lg": {"min": 49.4482307434082, "max": 103.48513793945312}, "li": {"min": 1.355986475944519, "max": 2.9469821453094482}, "lr": {"min": 0.0, "max": 0.13517624139785767}, "total": {"min": 50.811912536621094, "max": 106.44896697998047}}, "gwa-vestas-v110-mode0-150": {"lg": {"min": 50.0685920715332, "max": 110.22623443603516}, "li": {"min": 1.374495506286621, "max": 3.146669387817383}, "lr": {"min": 0.0, "max": 0.14082513749599457}, "total": {"min": 51.450889587402344, "max": 113.39088439941406}}, "gwa-offshore-iea-15mw-150": {"lg": {"min": 58.09130859375, "max": 171.48175048828125}, "li": {"min": 1.6138598918914795, "max": 4.961200714111328}, "lr": {"min": 0.0, "max": 0.19112883508205414}, "total": {"min": 59.71432876586914, "max": 176.47129821777344}}, "gwa-vestas-v100-mode0-120": {"lg": {"min": 52.06565475463867, "max": 174.9626007080078}, "li": {"min": 1.4340795278549194, "max": 5.064311981201172}, "lr": {"min": 0.0, "max": 0.1637454777956009}, "total": {"min": 53.507869720458984, "max": 180.0558624267578}}, "gwa-enercon-e48-50": {"lg": {"min": 81.99132537841797, "max": 1453.372802734375}, "li": {"min": 2.326937198638916, "max": 42.933807373046875}, "lr": {"min": 0.0, "max": 0.36794131994247437}, "total": {"min": 84.33146667480469, "max": 1496.552001953125}},