{"worldpop": {"min": -3.4028234663852886e+38, "max": 807.1498413085938}, "slope": {"min": 0.0, "max": 42.76033020019531}, "land-cover": {"min": 50.0, "max": 210.0}, "airports": {"min": 0.0, "max": 405075.625}, "ports": {"min": 9394.146484375, "max": 460383.0}, "anchorages": {"min": 0.0, "max": 403903.78125}, "grid": {"min": 0.0, "max": 402251.46875}, "roads": {"min": 0.0, "max": 400811.96875}, "pp-whs": {"min": 402483.5625, "max": 889826.0}, "unep-coral": {"min": 0.0, "max": 400000.3125}, "unesco": {"min": 112451.1015625, "max": 499648.125}, "unesco-ramsar": {"min": 65535.0, "max": 65535.0}, "wwf-glw-1": {"min": 65535.0, "max": 65535.0}, "wwf-glw-2": {"min": 0.0, "max": 401050.15625}, "jrc-gsw": {"min": 0.0, "max": 255.0}, "pp-marine-protected": {"min": 0.0, "max": 1.0}, "unep-tidal": {"min": 0.0, "max": 1.0}, "wwf-glw-3": {"min": 1.0, "max": 255.0}, "gsa-pvout": {"min": 4.515317440032959, "max": 4.985559463500977}, "gsa-ghi": {"min": 5.440392971038818, "max": 5.982999801635742}, "gsa-gti": {"min": 5.655622482299805, "max": 6.291885852813721}, "gsa-temp": {"min": 22.264745712280273, "max": 26.299999237060547}, "gwa-iec1": {"min": 0.12932229042053223, "max": 0.6347646117210388}, "gwa-iec2": {"min": 0.16488926112651825, "max": 0.6888760924339294}, "gwa-iec3": {"min": 0.19291353225708008, "max": 0.7233837246894836}, "gwa-power-10": {"min": 9.064566612243652, "max": 215.9715576171875}, "gwa-speed-10": {"min": 1.5794436931610107, "max": 5.9253926277160645}, "gwa-power-50": {"min": 44.20743942260742, "max": 597.028076171875}, "gwa-speed-50": {"min": 3.50821852684021, "max": 8.76742172241211}, "gwa-power-100": {"min": 108.55940246582031, "max": 829.6701049804688}, "gwa-speed-100": {"min": 5.10414457321167, "max": 10.12960147857666}, "gwa-power-150": {"min": 165.80532836914062, "max": 787.3049926757812}, "gwa-speed-150": {"min": 5.997774600982666, "max": 10.019428253173828}, "gwa-power-200": {"min": 224.27734375, "max": 751.6766967773438}, "gwa-speed-200": {"min": 6.662322521209717, "max": 9.88269329071045}, "gebco": {"min": -8481.0, "max": 404.0}, "srtm90": {"min": 0.0, "max": 442.0}, "waterbodies": {"min": 0.0, "max": 2.0}, "gwa-enercon-e44-50": {"min": 0.017954843118786812, "max": 0.3702734112739563}, "gwa-enercon-e48-50": {"min": 0.023981932550668716, "max": 0.4456746280193329}, "gwa-enercon-e53-50": {"min": 0.03672159090638161, "max": 0.4976624548435211}, "gwa-offshore-dtu-10mw-119": {"min": 0.11132194101810455, "max": 0.590579092502594}, "gwa-offshore-iea-15mw-150": {"min": 0.20753760635852814, "max": 0.6425942182540894}, "gwa-offshore-leanwind-8mw-110": {"min": 0.1022261530160904, "max": 0.6053745150566101}, "gwa-vestas-v100-mode0-100": {"min": 0.15396776795387268, "max": 0.7164743542671204}, "gwa-vestas-v100-mode0-120": {"min": 0.20331205427646637, "max": 0.7231516242027283}, "gwa-vestas-v100-mode0-150": {"min": 0.27612829208374023, "max": 0.7145766615867615}, "gwa-vestas-v100-mode0-80": {"min": 0.10692549496889114, "max": 0.6885800361633301}, "gwa-vestas-v110-mode0-100": {"min": 0.18735259771347046, "max": 0.7554239630699158}, "gwa-vestas-v110-mode0-120": {"min": 0.24482975900173187, "max": 0.7620713710784912}, "gwa-vestas-v110-mode0-150": {"min": 0.32721444964408875, "max": 0.754500150680542}, "gwa-vestas-v110-mode0-80": {"min": 0.13156826794147491, "max": 0.7286790609359741}, "gwa-vestas-v112-mode0-100": {"min": 0.10448814183473587, "max": 0.626690685749054}, "gwa-vestas-v112-mode0-120": {"min": 0.13996978104114532, "max": 0.632451057434082}, "gwa-vestas-v112-mode0-150": {"min": 0.19385002553462982, "max": 0.6214035153388977}, "gwa-vestas-v112-mode0-80": {"min": 0.07130222022533417, "max": 0.5983366966247559}, "gwa-vestas-v120-mode0-100": {"min": 0.2015036791563034, "max": 0.7633384466171265}, "gwa-vestas-v120-mode0-120": {"min": 0.26280730962753296, "max": 0.7706363201141357}, "gwa-vestas-v120-mode0-150": {"min": 0.3493864834308624, "max": 0.7647989392280579}, "gwa-vestas-v120-mode0-80": {"min": 0.14150483906269073, "max": 0.7372802495956421}, "gwa-vestas-v126-mode0-100": {"min": 0.13501085340976715, "max": 0.683867871761322}, "gwa-vestas-v126-mode0-120": {"min": 0.17862547934055328, "max": 0.6902419328689575}, "gwa-vestas-v126-mode0-150": {"min": 0.24370089173316956, "max": 0.6806710362434387}, "gwa-vestas-v126-mode0-80": {"min": 0.09366050362586975, "max": 0.6556123495101929}, "gwa-vestas-v136-mode0-100": {"min": 0.15923459827899933, "max": 0.7204917073249817}, "gwa-vestas-v136-mode0-120": {"min": 0.20958778262138367, "max": 0.727009117603302}, "gwa-vestas-v136-mode0-150": {"min": 0.2832840383052826, "max": 0.7183439135551453}, "gwa-vestas-v136-mode0-80": {"min": 0.11099459230899811, "max": 0.6928690671920776}, "air-density": {"min": 1.1125588417053223, "max": 1.1579630374908447}}