{"worldpop": {"min": -3.4028234663852886e+38, "max": 1390.963623046875}, "slope": {"min": 0.26050108671188354, "max": 21.15909767150879}, "land-cover": {"min": 10.0, "max": 210.0}, "airports": {"min": 0.0, "max": 21592.822265625}, "ports": {"min": 0.0, "max": 23086.79296875}, "anchorages": {"min": 0.0, "max": 13200.37890625}, "grid": {"min": 0.0, "max": 4472.13623046875}, "roads": {"min": 0.0, "max": 4272.001953125}, "pp-whs": {"min": 428225.40625, "max": 506696.40625}, "unep-coral": {"min": 0.0, "max": 6670.83203125}, "unesco": {"min": 109895.40625, "max": 170728.59375}, "unesco-ramsar": {"min": 65535.0, "max": 65535.0}, "wwf-glw-1": {"min": 65535.0, "max": 65535.0}, "wwf-glw-2": {"min": 0.0, "max": 70464.53125}, "jrc-gsw": {"min": 0.0, "max": 1.0}, "pp-marine-protected": {"min": 0.0, "max": 0.0}, "unep-tidal": {"min": 0.0, "max": 1.0}, "wwf-glw-3": {"min": 1.0, "max": 255.0}, "gsa-pvout": {"min": 4.460114002227783, "max": 4.936153411865234}, "gsa-ghi": {"min": 5.392135143280029, "max": 5.94612979888916}, "gsa-gti": {"min": 5.601247787475586, "max": 6.222483158111572}, "gsa-temp": {"min": 22.75159454345703, "max": 26.399999618530273}, "gwa-iec1": {"min": 0.10876293480396271, "max": 0.4847411513328552}, "gwa-iec2": {"min": 0.1407066285610199, "max": 0.5464393496513367}, "gwa-iec3": {"min": 0.16612058877944946, "max": 0.5888897776603699}, "gwa-power-10": {"min": 5.304553031921387, "max": 170.4923553466797}, "gwa-speed-10": {"min": 1.532049536705017, "max": 5.57456111907959}, "gwa-power-50": {"min": 39.86182403564453, "max": 397.28802490234375}, "gwa-speed-50": {"min": 3.570363998413086, "max": 7.492530345916748}, "gwa-power-100": {"min": 92.16507720947266, "max": 532.4489135742188}, "gwa-speed-100": {"min": 4.942568778991699, "max": 8.632153511047363}, "gwa-power-150": {"min": 145.9122772216797, "max": 548.34228515625}, "gwa-speed-150": {"min": 5.804538249969482, "max": 8.894500732421875}, "gwa-power-200": {"min": 200.7070770263672, "max": 565.2520141601562}, "gwa-speed-200": {"min": 6.48505163192749, "max": 9.028006553649902}, "gebco": {"min": -134.0, "max": 360.0}, "srtm90": {"min": 3.0, "max": 385.0}, "waterbodies": {"min": 0.0, "max": 1.0}, "gwa-enercon-e44-50": {"min": 0.022971628233790398, "max": 0.29978740215301514}, "gwa-enercon-e48-50": {"min": 0.03071741573512554, "max": 0.3663998246192932}, "gwa-enercon-e53-50": {"min": 0.044803790748119354, "max": 0.4161947965621948}, "gwa-offshore-dtu-10mw-119": {"min": 0.10379479825496674, "max": 0.48523834347724915}, "gwa-offshore-iea-15mw-150": {"min": 0.18760041892528534, "max": 0.5693947076797485}, "gwa-offshore-leanwind-8mw-110": {"min": 0.09786761552095413, "max": 0.49655377864837646}, "gwa-vestas-v100-mode0-100": {"min": 0.1551915407180786, "max": 0.617652416229248}, "gwa-vestas-v100-mode0-120": {"min": 0.19242186844348907, "max": 0.6339510083198547}, "gwa-vestas-v100-mode0-150": {"min": 0.25257059931755066, "max": 0.6513137221336365}, "gwa-vestas-v100-mode0-80": {"min": 0.11904890835285187, "max": 0.5902126431465149}, "gwa-vestas-v110-mode0-100": {"min": 0.18984262645244598, "max": 0.6635048985481262}, "gwa-vestas-v110-mode0-120": {"min": 0.2336033582687378, "max": 0.6801997423171997}, "gwa-vestas-v110-mode0-150": {"min": 0.30246952176094055, "max": 0.6975517868995667}, "gwa-vestas-v110-mode0-80": {"min": 0.1439363956451416, "max": 0.6359031796455383}, "gwa-vestas-v112-mode0-100": {"min": 0.10475647449493408, "max": 0.5172500014305115}, "gwa-vestas-v112-mode0-120": {"min": 0.1312335729598999, "max": 0.5310474038124084}, "gwa-vestas-v112-mode0-150": {"min": 0.17490462958812714, "max": 0.5468947291374207}, "gwa-vestas-v112-mode0-80": {"min": 0.08134891837835312, "max": 0.49254822731018066}, "gwa-vestas-v120-mode0-100": {"min": 0.2047363668680191, "max": 0.6792882084846497}, "gwa-vestas-v120-mode0-120": {"min": 0.25158926844596863, "max": 0.6965873837471008}, "gwa-vestas-v120-mode0-150": {"min": 0.3243158757686615, "max": 0.7143658399581909}, "gwa-vestas-v120-mode0-80": {"min": 0.15416082739830017, "max": 0.6512315273284912}, "gwa-vestas-v126-mode0-100": {"min": 0.1358366310596466, "max": 0.5802791118621826}, "gwa-vestas-v126-mode0-120": {"min": 0.16858172416687012, "max": 0.5956899523735046}, "gwa-vestas-v126-mode0-150": {"min": 0.22189246118068695, "max": 0.612720787525177}, "gwa-vestas-v126-mode0-80": {"min": 0.10479024797677994, "max": 0.5537247657775879}, "gwa-vestas-v136-mode0-100": {"min": 0.16076502203941345, "max": 0.6220992803573608}, "gwa-vestas-v136-mode0-120": {"min": 0.1988334059715271, "max": 0.6382389068603516}, "gwa-vestas-v136-mode0-150": {"min": 0.25982335209846497, "max": 0.6555881500244141}, "gwa-vestas-v136-mode0-80": {"min": 0.1229645237326622, "max": 0.5948868989944458}, "air-density": {"min": 1.1164255142211914, "max": 1.1548420190811157}, "lcoe": {"gwa-vestas-v136-mode0-100": {"lg": {"min": 59.87333297729492, "max": 220.20846557617188}, "li": {"min": 1.6719695329666138, "max": 6.404599666595459}, "lr": {"min": 0.0, "max": 0.19213613867759705}, "total": {"min": 61.572059631347656, "max": 226.72882080078125}}, "gwa-vestas-v112-mode0-80": {"lg": {"min": 74.56925201416016, "max": 431.2799072265625}, "li": {"min": 2.111734390258789, "max": 13.021842956542969}, "lr": {"min": 0.0, "max": 0.37262991070747375}, "total": {"min": 76.71477508544922, "max": 444.16571044921875}}, "gwa-offshore-leanwind-8mw-110": {"lg": {"min": 73.99998474121094, "max": 359.1609802246094}, "li": {"min": 2.0946993827819824, "max": 10.520698547363281}, "lr": {"min": 0.0, "max": 0.31289955973625183}, "total": {"min": 76.12820434570312, "max": 369.871826171875}}, "gwa-vestas-v110-mode0-100": {"lg": {"min": 56.386592864990234, "max": 187.09249877929688}, "li": {"min": 1.5676313638687134, "max": 5.423627853393555}, "lr": {"min": 0.0, "max": 0.1629236787557602}, "total": {"min": 57.97930908203125, "max": 192.61415100097656}}, "gwa-vestas-v100-mode0-150": {"lg": {"min": 57.36715316772461, "max": 141.61997985839844}, "li": {"min": 1.6080942153930664, "max": 4.076625347137451}, "lr": {"min": 0.0, "max": 0.12401342391967773}, "total": {"min": 58.98927688598633, "max": 145.77029418945312}}, "gwa-vestas-v136-mode0-120": {"lg": {"min": 58.46041488647461, "max": 178.81349182128906}, "li": {"min": 1.6296889781951904, "max": 5.178384304046631}, "lr": {"min": 0.0, "max": 0.15666289627552032}, "total": {"min": 60.11618423461914, "max": 184.08547973632812}}, "gwa-vestas-v120-mode0-80": {"lg": {"min": 57.37388610839844, "max": 229.4707489013672}, "li": {"min": 1.5971753597259521, "max": 6.775250434875488}, "lr": {"min": 0.0, "max": 0.18842345476150513}, "total": {"min": 58.996620178222656, "max": 236.33135986328125}}, "gwa-vestas-v120-mode0-150": {"lg": {"min": 52.656803131103516, "max": 111.17564392089844}, "li": {"min": 1.463660717010498, "max": 3.174793004989624}, "lr": {"min": 0.0, "max": 0.09697668254375458}, "total": {"min": 54.1357536315918, "max": 114.4078140258789}}, "gwa-vestas-v110-mode0-150": {"lg": {"min": 53.829647064208984, "max": 118.91658020019531}, "li": {"min": 1.4996100664138794, "max": 3.404097557067871}, "lr": {"min": 0.0, "max": 0.10388348251581192}, "total": {"min": 55.34424591064453, "max": 122.3822021484375}}, "gwa-offshore-iea-15mw-150": {"lg": {"min": 65.04510498046875, "max": 189.28079223632812}, "li": {"min": 1.8451634645462036, "max": 5.488450527191162}, "lr": {"min": 0.0, "max": 0.16655167937278748}, "total": {"min": 66.90060424804688, "max": 194.86843872070312}}, "gwa-vestas-v100-mode0-120": {"lg": {"min": 58.82878112792969, "max": 184.6383056640625}, "li": {"min": 1.640712022781372, "max": 5.350928783416748}, "lr": {"min": 0.0, "max": 0.16177864372730255}, "total": {"min": 60.495750427246094, "max": 190.0859375}}, "gwa-enercon-e48-50": {"lg": {"min": 98.86564636230469, "max": 1135.565185546875}, "li": {"min": 2.8387868404388428, "max": 34.515743255615234}, "lr": {"min": 0.0, "max": 0.8431140780448914}, "total": {"min": 101.7498550415039, "max": 1170.2724609375}},