{"worldpop": {"min": -3.4028234663852886e+38, "max": 54653.4765625}, "slope": {"min": 0.0, "max": 37.95956802368164}, "land-cover": {"min": 10.0, "max": 210.0}, "airports": {"min": 0.0, "max": 290040.0625}, "ports": {"min": 0.0, "max": 362534.5}, "anchorages": {"min": 0.0, "max": 463132.0}, "grid": {"min": 0.0, "max": 90843.265625}, "roads": {"min": 0.0, "max": 100902.1796875}, "pp-whs": {"min": 0.0, "max": 713156.75}, "unep-coral": {"min": 0.0, "max": 499985.25}, "unesco": {"min": 0.0, "max": 499871.25}, "unesco-ramsar": {"min": 0.0, "max": 500000.0}, "wwf-glw-1": {"min": 0.0, "max": 469309.3125}, "wwf-glw-2": {"min": 0.0, "max": 165901.328125}, "jrc-gsw": {"min": 0.0, "max": 1.0}, "pp-marine-protected": {"min": 0.0, "max": 1.0}, "unep-tidal": {"min": 0.0, "max": 1.0}, "wwf-glw-3": {"min": 1.0, "max": 255.0}, "gsa-pvout": {"min": 2.347236156463623, "max": 4.615051746368408}, "gsa-ghi": {"min": 2.9108729362487793, "max": 5.791151523590088}, "gsa-gti": {"min": 2.9277358055114746, "max": 5.90563440322876}, "gsa-temp": {"min": 10.678034782409668, "max": 28.399999618530273}, "gwa-iec1": {"min": 0.0006700815283693373, "max": 0.7030813694000244}, "gwa-iec2": {"min": 0.0010015240404754877, "max": 0.7242923378944397}, "gwa-iec3": {"min": 0.0012188829714432359, "max": 0.7471024394035339}, "gwa-power-10": {"min": 0.5401212573051453, "max": 2598.290283203125}, "gwa-speed-10": {"min": 0.346126914024353, "max": 10.868719100952148}, "gwa-power-50": {"min": 1.0106860399246216, "max": 3825.769287109375}, "gwa-speed-50": {"min": 0.463837593793869, "max": 13.736285209655762}, "gwa-power-100": {"min": 1.5123469829559326, "max": 3073.952392578125}, "gwa-speed-100": {"min": 0.6919609904289246, "max": 13.724238395690918}, "gwa-power-150": {"min": 1.6568801403045654, "max": 2791.509033203125}, "gwa-speed-150": {"min": 0.7436820268630981, "max": 13.680902481079102}, "gwa-power-200": {"min": 2.0344481468200684, "max": 2654.412353515625}, "gwa-speed-200": {"min": 0.794725239276886, "max": 13.856902122497559}, "gebco": {"min": -262.0, "max": 2822.0}, "srtm90": {"min": -3.0, "max": 2818.0}, "waterbodies": {"min": 0.0, "max": 2.0}, "gwa-enercon-e44-50": {"min": 9.845397289609537e-05, "max": 0.5414853096008301}, "gwa-enercon-e48-50": {"min": 0.00013362547906581312, "max": 0.6014535427093506}, "gwa-enercon-e53-50": {"min": 0.00031999850762076676, "max": 0.6368940472602844}, "gwa-offshore-dtu-10mw-119": {"min": 0.00021874744561500847, "max": 0.6739712953567505}, "gwa-offshore-iea-15mw-150": {"min": 0.0007555502816103399, "max": 0.7488685250282288}, "gwa-offshore-leanwind-8mw-110": {"min": 0.00022413153783418238, "max": 0.6733551025390625}, "gwa-vestas-v100-mode0-100": {"min": 0.0006901773740537465, "max": 0.725404679775238}, "gwa-vestas-v100-mode0-120": {"min": 0.0008697903249412775, "max": 0.7437418103218079}, "gwa-vestas-v100-mode0-150": {"min": 0.0010942633962258697, "max": 0.7577844858169556}, "gwa-vestas-v100-mode0-80": {"min": 0.0005118201952427626, "max": 0.7062039971351624}, "gwa-vestas-v110-mode0-100": {"min": 0.0009120668983086944, "max": 0.7557229995727539}, "gwa-vestas-v110-mode0-120": {"min": 0.0011549035552889109, "max": 0.7720124125480652}, "gwa-vestas-v110-mode0-150": {"min": 0.001419267151504755, "max": 0.783234715461731}, "gwa-vestas-v110-mode0-80": {"min": 0.0006715906201861799, "max": 0.7383145689964294}, "gwa-vestas-v112-mode0-100": {"min": 0.00041169128962792456, "max": 0.6779689788818359}, "gwa-vestas-v112-mode0-120": {"min": 0.0005163759342394769, "max": 0.7056829929351807}, "gwa-vestas-v112-mode0-150": {"min": 0.0006743472185917199, "max": 0.7348400950431824}, "gwa-vestas-v112-mode0-80": {"min": 0.00030827632872387767, "max": 0.6695181131362915}, "gwa-vestas-v120-mode0-100": {"min": 0.0009670884464867413, "max": 0.7474343180656433}, "gwa-vestas-v120-mode0-120": {"min": 0.0012204692466184497, "max": 0.7620515823364258}, "gwa-vestas-v120-mode0-150": {"min": 0.0015076790004968643, "max": 0.7659503221511841}, "gwa-vestas-v120-mode0-80": {"min": 0.0007111986633390188, "max": 0.724113404750824}, "gwa-vestas-v126-mode0-100": {"min": 0.0006157172610983253, "max": 0.7053967118263245}, "gwa-vestas-v126-mode0-120": {"min": 0.0007664731238037348, "max": 0.7264596819877625}, "gwa-vestas-v126-mode0-150": {"min": 0.0009704288677312434, "max": 0.744637131690979}, "gwa-vestas-v126-mode0-80": {"min": 0.00045571441296488047, "max": 0.6871828436851501}, "gwa-vestas-v136-mode0-100": {"min": 0.0007492995937354863, "max": 0.7332509756088257}, "gwa-vestas-v136-mode0-120": {"min": 0.0009463546448387206, "max": 0.7525485754013062}, "gwa-vestas-v136-mode0-150": {"min": 0.0011718019377440214, "max": 0.7682942152023315}, "gwa-vestas-v136-mode0-80": {"min": 0.0005533506046049297, "max": 0.7148314714431763}, "air-density": {"min": 0.8848943114280701, "max": 1.1683269739151}, "lcoe": {"gwa-vestas-v136-mode0-100": {"lg": {"min": 51.403629302978516, "max": 10000.0}, "li": {"min": 1.498704195022583, "max": 1528.8411865234375}, "lr": {"min": 0.0, "max": 49.62420654296875}, "total": {"min": 53.06230545043945, "max": 10000.0}}, "gwa-vestas-v112-mode0-80": {"lg": {"min": 55.916080474853516, "max": 10000.0}, "li": {"min": 1.6827961206436157, "max": 3716.016845703125}, "lr": {"min": 0.0, "max": 176.0302276611328}, "total": {"min": 58.09114456176758, "max": 10000.0}}, "gwa-offshore-leanwind-8mw-110": {"lg": {"min": 55.6202507019043, "max": 10000.0}, "li": {"min": 1.6456615924835205, "max": 5111.10595703125}, "lr": {"min": 0.0, "max": 152.27987670898438}, "total": {"min": 57.42646789550781, "max": 10000.0}}, "gwa-vestas-v110-mode0-100": {"lg": {"min": 49.99404525756836, "max": 10000.0}, "li": {"min": 1.4526883363723755, "max": 1256.0045166015625}, "lr": {"min": 0.0, "max": 40.30134582519531}, "total": {"min": 51.603397369384766, "max": 10000.0}}, "gwa-vestas-v100-mode0-150": {"lg": {"min": 49.868927001953125, "max": 10000.0}, "li": {"min": 1.4622727632522583, "max": 1007.7344360351562}, "lr": {"min": 0.0, "max": 21.25511932373047}, "total": {"min": 51.47390365600586, "max": 10000.0}}, "gwa-vestas-v136-mode0-120": {"lg": {"min": 50.18806076049805, "max": 10000.0}, "li": {"min": 1.4673162698745728, "max": 1210.4976806640625}, "lr": {"min": 0.0, "max": 31.877094268798828}, "total": {"min": 51.80420684814453, "max": 10000.0}}, "gwa-vestas-v120-mode0-80": {"lg": {"min": 52.0018196105957, "max": 10000.0}, "li": {"min": 1.523877501487732, "max": 1610.74560546875}, "lr": {"min": 0.0, "max": 71.52140808105469}, "total": {"min": 53.595672607421875, "max": 10000.0}}, "gwa-vestas-v120-mode0-150": {"lg": {"min": 49.379913330078125, "max": 10000.0}, "li": {"min": 1.4027618169784546, "max": 731.406982421875}, "lr": {"min": 0.0, "max": 15.174877166748047}, "total": {"min": 50.912296295166016, "max": 10000.0}}, "gwa-vestas-v110-mode0-150": {"lg": {"min": 48.378475189208984, "max": 10000.0}, "li": {"min": 1.4015252590179443, "max": 776.96923828125}, "lr": {"min": 0.0, "max": 16.114822387695312}, "total": {"min": 49.93130111694336, "max": 10000.0}}, "gwa-offshore-iea-15mw-150": {"lg": {"min": 50.415035247802734, "max": 10000.0}, "li": {"min": 1.4904913902282715, "max": 1459.5018310546875}, "lr": {"min": 0.0, "max": 31.151775360107422}, "total": {"min": 52.039119720458984, "max": 10000.0}}, "gwa-vestas-v100-mode0-120": {"lg": {"min": 50.73497772216797, "max": 10000.0}, "li": {"min": 1.4847770929336548, "max": 1317.05322265625}, "lr": {"min": 0.0, "max": 34.709312438964844}, "total": {"min": 52.37025833129883, "max": 10000.0}}, "gwa-enercon-e48-50": {"lg": {"min": 61.791263580322266, "max": 10000.0}, "li": {"min": 1.9130932092666626, "max": 8572.9169921875}, "lr": {"min": 0.0, "max": 421.91961669921875}, "total": {"min": 64.29151153564453, "max": 10000.0}}, "gwa-vestas-v126-mode0-120": {"lg": {"min": 51.84678268432617, "max": 10000.0}, "li": {"min": 1.5245230197906494, "max": 1494.5860595703125}, "lr": {"min": 0.0, "max": 38.97503662109375}, "total": {"min": 53.520965576171875, "max": 10000.0}},