{"worldpop": {"min": -3.4028234663852886e+38, "max": 22508.033203125}, "slope": {"min": 0.0, "max": 44.46871566772461}, "land-cover": {"min": 10.0, "max": 210.0}, "airports": {"min": 707.1067504882812, "max": 499993.25}, "ports": {"min": 4527.69287109375, "max": 499985.0}, "anchorages": {"min": 3201.562255859375, "max": 499990.5}, "grid": {"min": 0.0, "max": 499972.5}, "roads": {"min": 0.0, "max": 499631.875}, "pp-whs": {"min": 0.0, "max": 2550672.0}, "unep-coral": {"min": 0.0, "max": 499925.0}, "unesco": {"min": 5590.169921875, "max": 499784.9375}, "unesco-ramsar": {"min": 65535.0, "max": 499227.90625}, "wwf-glw-1": {"min": 0.0, "max": 499868.21875}, "wwf-glw-2": {"min": 0.0, "max": 499762.4375}, "jrc-gsw": {"min": 0.0, "max": 255.0}, "pp-marine-protected": {"min": 0.0, "max": 1.0}, "unep-tidal": {"min": 0.0, "max": 1.0}, "wwf-glw-3": {"min": 1.0, "max": 255.0}, "gsa-pvout": {"min": 0.0, "max": 5.55433988571167}, "gsa-ghi": {"min": 0.0, "max": 6.612301349639893}, "gsa-gti": {"min": 0.0, "max": 6.9256696701049805}, "gsa-temp": {"min": 0.06681672483682632, "max": 27.899999618530273}, "gwa-iec1": {"min": 0.0, "max": 0.8746685981750488}, "gwa-iec2": {"min": 0.0, "max": 0.9106845855712891}, "gwa-iec3": {"min": 0.0, "max": 0.9294207096099854}, "gwa-power-10": {"min": 0.0, "max": 657.0821533203125}, "gwa-speed-10": {"min": 0.11994098126888, "max": 9.708431243896484}, "gwa-power-50": {"min": 0.0, "max": 1049.7257080078125}, "gwa-speed-50": {"min": 0.18117314577103, "max": 11.434886932373047}, "gwa-power-100": {"min": 0.0, "max": 1306.908935546875}, "gwa-speed-100": {"min": 0.26562494039536, "max": 12.396754264831543}, "gwa-power-150": {"min": 0.0, "max": 1539.3309326171875}, "gwa-speed-150": {"min": 0.28240531682968, "max": 13.002671241760254}, "gwa-power-200": {"min": 0.0, "max": 1616.3590087890625}, "gwa-speed-200": {"min": 0.29232773184776, "max": 13.016985893249512}, "gebco": {"min": -8109.0, "max": 5041.0}, "srtm90": {"min": 4.0, "max": 5042.0}, "waterbodies": {"min": 0.0, "max": 2.0}, "gwa-enercon-e44-50": {"min": 0.00016230143955908716, "max": 0.6461043953895569}, "gwa-enercon-e48-50": {"min": 0.0002208691876148805, "max": 0.7513844966888428}, "gwa-enercon-e53-50": {"min": 0.0005274224677123129, "max": 0.8036016821861267}, "gwa-offshore-dtu-10mw-119": {"min": 0.00020018556097056717, "max": 0.8539113402366638}, "gwa-offshore-iea-15mw-150": {"min": 0.0005557655822485685, "max": 0.8984167575836182}, "gwa-offshore-leanwind-8mw-110": {"min": 0.00020325517107266933, "max": 0.8549560308456421}, "gwa-vestas-v100-mode0-100": {"min": 0.000571268261410296, "max": 0.9250640869140625}, "gwa-vestas-v100-mode0-120": {"min": 0.0008386834524571896, "max": 0.930753231048584}, "gwa-vestas-v100-mode0-150": {"min": 0.0008239959715865552, "max": 0.9298843741416931}, "gwa-vestas-v100-mode0-80": {"min": 0.00036551154335029423, "max": 0.9146555662155151}, "gwa-vestas-v110-mode0-100": {"min": 0.0007547499262727797, "max": 0.9437851905822754}, "gwa-vestas-v110-mode0-120": {"min": 0.0011370338033884764, "max": 0.9478011727333069}, "gwa-vestas-v110-mode0-150": {"min": 0.0011100226547569036, "max": 0.9455206990242004}, "gwa-vestas-v110-mode0-80": {"min": 0.0004899781779386103, "max": 0.9355634450912476}, "gwa-vestas-v112-mode0-100": {"min": 0.0003426129696890712, "max": 0.8698400855064392}, "gwa-vestas-v112-mode0-120": {"min": 0.00048073212383314967, "max": 0.8799813389778137}, "gwa-vestas-v112-mode0-150": {"min": 0.0004835723666474223, "max": 0.8830392956733704}, "gwa-vestas-v112-mode0-80": {"min": 0.00021337339421734214, "max": 0.8541918396949768}, "gwa-vestas-v120-mode0-100": {"min": 0.0007995786727406085, "max": 0.9427551627159119}, "gwa-vestas-v120-mode0-120": {"min": 0.0011990884086117148, "max": 0.9430225491523743}, "gwa-vestas-v120-mode0-150": {"min": 0.0011670164531096816, "max": 0.9321214556694031}, "gwa-vestas-v120-mode0-80": {"min": 0.0005170634831301868, "max": 0.9369668364524841}, "gwa-vestas-v126-mode0-100": {"min": 0.0005102927680127323, "max": 0.9075175523757935}, "gwa-vestas-v126-mode0-120": {"min": 0.0007483355584554374, "max": 0.9146392941474915}, "gwa-vestas-v126-mode0-150": {"min": 0.0007404116913676262, "max": 0.9149940609931946}, "gwa-vestas-v126-mode0-80": {"min": 0.00032109548919834197, "max": 0.8952978253364563}, "gwa-vestas-v136-mode0-100": {"min": 0.0006208737031556666, "max": 0.9272100925445557}, "gwa-vestas-v136-mode0-120": {"min": 0.0009251760202459991, "max": 0.9327366352081299}, "gwa-vestas-v136-mode0-150": {"min": 0.0009056980488821864, "max": 0.9320663809776306}, "gwa-vestas-v136-mode0-80": {"min": 0.00040224852273240685, "max": 0.9170693755149841}, "air-density": {"min": 0.7005908489227295, "max": 1.1932199001312256}}