{"worldpop":{"min":-3.4028234663852886e+38,"max":823.4000854492188},"slope":{"min":0.1778395175933838,"max":70.06781005859375},"land-cover":{"min":10.0,"max":210.0},"airports":{"min":0.0,"max":87031.6015625},"ports":{"min":0.0,"max":40782.9609375},"anchorages":{"min":0.0,"max":107622.0234375},"grid":{"min":65535.0,"max":65535.0},"roads":{"min":0.0,"max":15435.349609375},"pp-whs":{"min":864770.5,"max":950000.0},"unep-coral":{"min":0.0,"max":19525.623046875},"unesco":{"min":65535.0,"max":65535.0},"unesco-ramsar":{"min":65535.0,"max":65535.0},"wwf-glw-1":{"min":65535.0,"max":65535.0},"wwf-glw-2":{"min":321271.3125,"max":376509.3125},"jrc-gsw":{"min":0.0,"max":1.0},"pp-marine-protected":{"min":0.0,"max":0.0},"unep-tidal":{"min":0.0,"max":1.0},"wwf-glw-3":{"min":4.0,"max":255.0},"gsa-pvout":{"min":3.1645805835723877,"max":4.355072498321533},"gsa-ghi":{"min":3.862424373626709,"max":5.34550142288208},"gsa-gti":{"min":3.8762738704681396,"max":5.505986213684082},"gsa-temp":{"min":15.805115699768066,"max":27.954238891601562},"gwa-iec1":{"min":0.01690821349620819,"max":0.4780862629413605},"gwa-iec2":{"min":0.021339526399970055,"max":0.5281702876091003},"gwa-iec3":{"min":0.024567389860749245,"max":0.5620005130767822},"gwa-power-10":{"min":2.3239424228668213,"max":965.926513671875},"gwa-speed-10":{"min":0.7817941904067993,"max":7.583941459655762},"gwa-power-50":{"min":11.909501075744629,"max":813.291015625},"gwa-speed-50":{"min":1.4841227531433105,"max":8.27663516998291},"gwa-power-100":{"min":18.419710159301758,"max":700.32470703125},"gwa-speed-100":{"min":1.773803472518921,"max":8.506791114807129},"gwa-power-150":{"min":27.407190322875977,"max":694.6875},"gwa-speed-150":{"min":2.2208938598632812,"max":8.757482528686523},"gwa-power-200":{"min":40.02119827270508,"max":735.3796997070312},"gwa-speed-200":{"min":2.5284409523010254,"max":9.019973754882812},"gebco":{"min":-488.0,"max":1792.0},"srtm90":{"min":7.0,"max":1795.0},"waterbodies":{"min":0.0,"max":2.0},"gwa-enercon-e44-50":{"min":0.004379411693662405,"max":0.36233997344970703},"gwa-enercon-e48-50":{"min":0.005823018494993448,"max":0.4249604642391205},"gwa-enercon-e53-50":{"min":0.009258775971829891,"max":0.46819427609443665},"gwa-offshore-dtu-10mw-119":{"min":0.010680082254111767,"max":0.45215290784835815},"gwa-offshore-iea-15mw-150":{"min":0.020372388884425163,"max":0.5033954977989197},"gwa-offshore-leanwind-8mw-110":{"min":0.009926998987793922,"max":0.4672222435474396},"gwa-vestas-v100-mode0-100":{"min":0.015581163577735424,"max":0.5746561884880066},"gwa-vestas-v100-mode0-120":{"min":0.02135745994746685,"max":0.5746461749076843},"gwa-vestas-v100-mode0-150":{"min":0.027717260643839836,"max":0.5703063011169434},"gwa-vestas-v100-mode0-80":{"min":0.009537963196635246,"max":0.5676073431968689},"gwa-vestas-v110-mode0-100":{"min":0.019126107916235924,"max":0.6145266890525818},"gwa-vestas-v110-mode0-120":{"min":0.026003915816545486,"max":0.6150103211402893},"gwa-vestas-v110-mode0-150":{"min":0.03373343124985695,"max":0.6107340455055237},"gwa-vestas-v110-mode0-80":{"min":0.011911154724657536,"max":0.6063842177391052},"gwa-vestas-v112-mode0-100":{"min":0.010466482490301132,"max":0.49153605103492737},"gwa-vestas-v112-mode0-120":{"min":0.014527177438139915,"max":0.49003711342811584},"gwa-vestas-v112-mode0-150":{"min":0.0188386682420969,"max":0.4857838451862335},"gwa-vestas-v112-mode0-80":{"min":0.0062430002726614475,"max":0.4883604049682617},"gwa-vestas-v120-mode0-100":{"min":0.020379688590765,"max":0.622768759727478},"gwa-vestas-v120-mode0-120":{"min":0.027681078761816025,"max":0.6234771013259888},"gwa-vestas-v120-mode0-150":{"min":0.03593618422746658,"max":0.6186642646789551},"gwa-vestas-v120-mode0-80":{"min":0.012707863003015518,"max":0.6126713752746582},"gwa-vestas-v126-mode0-100":{"min":0.013781393878161907,"max":0.5431548953056335},"gwa-vestas-v126-mode0-120":{"min":0.018905559554696083,"max":0.5425719022750854},"gwa-vestas-v126-mode0-150":{"min":0.024518031626939774,"max":0.5381947755813599},"gwa-vestas-v126-mode0-80":{"min":0.008415748365223408,"max":0.5374547839164734},"gwa-vestas-v136-mode0-100":{"min":0.016223007813096046,"max":0.5790598392486572},"gwa-vestas-v136-mode0-120":{"min":0.022165697067975998,"max":0.5789338946342468},"gwa-vestas-v136-mode0-150":{"min":0.028747910633683205,"max":0.5745389461517334},"gwa-vestas-v136-mode0-80":{"min":0.010002401657402515,"max":0.5722692012786865},"air-density":{"min":0.9725344181060791,"max":1.146543264389038},"lcoe":{"gwa-vestas-v136-mode0-100":{"lg":{"min":64.02619934082031,"max":2146.559814453125},"li":{"min":3.4579246044158936,"max":123.42627716064453},"lr":{"min":0.0,"max":9.248458862304688},"total":{"min":67.51287078857422,"max":2279.234619140625}},"gwa-vestas-v112-mode0-80":{"lg":{"min":75.17440795898438,"max":5571.63720703125},"li":{"min":4.100139141082764,"max":320.7344665527344},"lr":{"min":0.0,"max":24.03296661376953},"total":{"min":79.30862426757812,"max":5916.40478515625}},"gwa-offshore-leanwind-8mw-110":{"lg":{"min":78.39448547363281,"max":3505.437255859375},"li":{"min":4.285637855529785,"max":201.70704650878906},"lr":{"min":0.0,"max":15.114116668701172},"total":{"min":82.71575164794922,"max":3722.25830078125}},"gwa-vestas-v110-mode0-100":{"lg":{"min":60.56183624267578,"max":1821.3460693359375},"li":{"min":3.2583537101745605,"max":104.69172668457031},"lr":{"min":0.0,"max":7.844659328460693},"total":{"min":63.84727478027344,"max":1933.8824462890625}},"gwa-vestas-v100-mode0-150":{"lg":{"min":64.94752502441406,"max":1258.04736328125},"li":{"min":3.510999917984009,"max":72.2418212890625},"lr":{"min":0.0,"max":5.413154602050781},"total":{"min":68.48771667480469,"max":1335.702392578125}},"gwa-vestas-v136-mode0-120":{"lg":{"min":64.03925323486328,"max":1572.133056640625},"li":{"min":3.458677053451538,"max":90.33531951904297},"lr":{"min":0.0,"max":6.768918991088867},"total":{"min":67.52668762207031,"max":1669.2373046875}},"gwa-vestas-v120-mode0-80":{"lg":{"min":60.733123779296875,"max":2739.216552734375},"li":{"min":3.268221139907837,"max":157.5674285888672},"lr":{"min":0.0,"max":11.806692123413086},"total":{"min":64.02851104736328,"max":2908.590576171875}},"gwa-vestas-v120-mode0-150":{"lg":{"min":60.18355941772461,"max":971.2357177734375},"li":{"min":3.2365622520446777,"max":55.719478607177734},"lr":{"min":0.0,"max":4.1751179695129395},"total":{"min":63.447025299072266,"max":1031.13037109375}},"gwa-vestas-v110-mode0-150":{"lg":{"min":60.91309356689453,"max":1034.39501953125},"li":{"min":3.27858829498291,"max":59.35789108276367},"lr":{"min":0.0,"max":4.44774866104126},"total":{"min":64.21893310546875,"max":1098.20068359375}},"gwa-offshore-iea-15mw-150":{"lg":{"min":73.04861450195312,"max":1710.170166015625},"li":{"min":3.9776782989501953,"max":98.28722381591797},"lr":{"min":0.0,"max":7.3647637367248535},"total":{"min":77.05935668945312,"max":1815.8221435546875}},"gwa-vestas-v100-mode0-120":{"lg":{"min":64.48724365234375,"max":1631.4761962890625},"li":{"min":3.4844841957092285,"max":93.75390625},"lr":{"min":0.0,"max":7.0250773429870605},"total":{"min":68.00069427490234,"max":1732.255126953125}},"gwa-enercon-e48-50":{"lg":{"min":85.79293060302734,"max":5973.19970703125},"li":{"min":4.711839199066162,"max":343.86724853515625},"lr":{"min":0.0,"max":25.76633071899414},"total":{"min":90.54393768310547,"max":6342.8330078125}},"gwa-vestas-v126-mode0-120":{"lg":{"min":68.06295013427734,"max":1842.547119140625},"li":{"min":3.6904702186584473,"max":105.91305541992188},"lr":{"min":0.0,"max":7.936174392700195},"total":{"min":71.78409576416016,"max":1956.3963623046875}},"gwa-vestas-v110-mode0-80":{"lg":{"min":61.321346282958984,"max":2922.1689453125},"li":{"min":3.3021068572998047,"max":168.10675048828125},"lr":{"min":0.0,"max":12.596413612365723},"total":{"min":64.6509017944336,"max":3102.8720703125}},"gwa-iec3":{"lg":{"min":65.84827423095703,"max":1418.8331298828125},"li":{"min":3.5628890991210938,"max":81.50419616699219},"lr":{"min":0.0,"max":6.107194423675537},