{"worldpop":{"min":-3.4028234663852886e+38,"max":883.20654296875},"slope":{"min":0.018760940060019493,"max":6.806208610534668},"land-cover":{"min":10.0,"max":210.0},"airports":{"min":0.0,"max":35383.61328125},"ports":{"min":707.1067504882812,"max":23307.724609375},"anchorages":{"min":707.1067504882812,"max":23547.822265625},"grid":{"min":0.0,"max":3500.0},"roads":{"min":0.0,"max":3500.0},"pp-whs":{"min":368657.0,"max":452156.21875},"unep-coral":{"min":65535.0,"max":65535.0},"unesco":{"min":28231.1875,"max":62890.77734375},"unesco-ramsar":{"min":10965.8564453125,"max":83667.4921875},"wwf-glw-1":{"min":204588.0,"max":291922.09375},"wwf-glw-2":{"min":0.0,"max":16770.509765625},"jrc-gsw":{"min":0.0,"max":1.0},"pp-marine-protected":{"min":0.0,"max":0.0},"unep-tidal":{"min":0.0,"max":1.0},"wwf-glw-3":{"min":1.0,"max":255.0},"gsa-pvout":{"min":4.665202617645264,"max":4.941993236541748},"gsa-ghi":{"min":5.23849630355835,"max":5.470981597900391},"gsa-gti":{"min":5.87187385559082,"max":6.1744842529296875},"gsa-temp":{"min":19.70521354675293,"max":21.292316436767578},"gwa-iec1":{"min":0.1223631277680397,"max":0.2768740653991699},"gwa-iec2":{"min":0.1491641402244568,"max":0.3198210299015045},"gwa-iec3":{"min":0.1694311499595642,"max":0.3500712811946869},"gwa-power-10":{"min":25.035850524902344,"max":138.1349334716797},"gwa-speed-10":{"min":2.0648536682128906,"max":4.236353874206543},"gwa-power-50":{"min":79.97762298583984,"max":219.01011657714844},"gwa-speed-50":{"min":3.4045603275299072,"max":5.243730545043945},"gwa-power-100":{"min":116.74776458740234,"max":283.805419921875},"gwa-speed-100":{"min":4.253601551055908,"max":6.006573677062988},"gwa-power-150":{"min":167.87384033203125,"max":358.64495849609375},"gwa-speed-150":{"min":4.8113017082214355,"max":6.501367092132568},"gwa-power-200":{"min":213.6428985595703,"max":421.75531005859375},"gwa-speed-200":{"min":5.145325660705566,"max":6.833410263061523},"gebco":{"min":-6.0,"max":246.0},"srtm90":{"min":-5.0,"max":255.0},"waterbodies":{"min":0.0,"max":2.0},"gwa-enercon-e44-50":{"min":0.05340844765305519,"max":0.14664046466350555},"gwa-enercon-e48-50":{"min":0.06803100556135178,"max":0.18114015460014343},"gwa-enercon-e53-50":{"min":0.08460090309381485,"max":0.2121434360742569},"gwa-offshore-dtu-10mw-119":{"min":0.11780232936143875,"max":0.25268176198005676},"gwa-offshore-iea-15mw-150":{"min":0.17464974522590637,"max":0.32164523005485535},"gwa-offshore-leanwind-8mw-110":{"min":0.11525198072195053,"max":0.25225940346717834},"gwa-vestas-v100-mode0-100":{"min":0.16373991966247559,"max":0.33098104596138},"gwa-vestas-v100-mode0-120":{"min":0.18493565917015076,"max":0.3516063094139099},"gwa-vestas-v100-mode0-150":{"min":0.21473881602287292,"max":0.3754059076309204},"gwa-vestas-v100-mode0-80":{"min":0.1438494622707367,"max":0.30816811323165894},"gwa-vestas-v110-mode0-100":{"min":0.18833284080028534,"max":0.36665862798690796},"gwa-vestas-v110-mode0-120":{"min":0.21149411797523499,"max":0.38781899213790894},"gwa-vestas-v110-mode0-150":{"min":0.2431093007326126,"max":0.41149064898490906},"gwa-vestas-v110-mode0-80":{"min":0.16595059633255005,"max":0.34246474504470825},"gwa-vestas-v112-mode0-100":{"min":0.12225066125392914,"max":0.2647761404514313},"gwa-vestas-v112-mode0-120":{"min":0.13945679366588593,"max":0.2837364673614502},"gwa-vestas-v112-mode0-150":{"min":0.16503563523292542,"max":0.30716511607170105},"gwa-vestas-v112-mode0-80":{"min":0.10695469379425049,"max":0.2452114075422287},"gwa-vestas-v120-mode0-100":{"min":0.1982259452342987,"max":0.37983056902885437},"gwa-vestas-v120-mode0-120":{"min":0.22213903069496155,"max":0.4007630944252014},"gwa-vestas-v120-mode0-150":{"min":0.2542431354522705,"max":0.423348993062973},"gwa-vestas-v120-mode0-80":{"min":0.1747972071170807,"max":0.35524410009384155},"gwa-vestas-v126-mode0-100":{"min":0.14814868569374084,"max":0.30626314878463745},"gwa-vestas-v126-mode0-120":{"min":0.16782443225383759,"max":0.32628244161605835},"gwa-vestas-v126-mode0-150":{"min":0.196060910820961,"max":0.3499685525894165},"gwa-vestas-v126-mode0-80":{"min":0.13001897931098938,"max":0.2846584618091583},"gwa-vestas-v136-mode0-100":{"min":0.16734647750854492,"max":0.33588582277297974},"gwa-vestas-v136-mode0-120":{"min":0.18876558542251587,"max":0.3565654158592224},"gwa-vestas-v136-mode0-150":{"min":0.21874994039535522,"max":0.3803930878639221},"gwa-vestas-v136-mode0-80":{"min":0.1471434086561203,"max":0.3129480481147766},"air-density":{"min":1.1525688171386719,"max":1.1793317794799805},"lcoe":{"gwa-vestas-v136-mode0-100":{"lg":{"min":107.48385620117188,"max":211.7053680419922},"li":{"min":3.1096229553222656,"max":6.251880645751953},"lr":{"min":0.0,"max":0.17819613218307495},"total":{"min":110.64603424072266,"max":217.99241638183594}},"gwa-vestas-v112-mode0-80":{"lg":{"min":145.7501678466797,"max":328.98583984375},"li":{"min":4.230550765991211,"max":9.781994819641113},"lr":{"min":0.0,"max":0.2786749005317688},"total":{"min":150.06814575195312,"max":338.8228454589844}},"gwa-offshore-leanwind-8mw-110":{"lg":{"min":141.7897491455078,"max":305.58929443359375},"li":{"min":4.140492916107178,"max":9.077763557434082},"lr":{"min":0.0,"max":0.2607678472995758},"total":{"min":146.00022888183594,"max":314.7181091308594}},"gwa-vestas-v110-mode0-100":{"lg":{"min":98.7986831665039,"max":188.56028747558594},"li":{"min":2.8486392498016357,"max":5.5552191734313965},"lr":{"min":0.0,"max":0.15794742107391357},"total":{"min":101.69547271728516,"max":194.14675903320312}},"gwa-vestas-v100-mode0-150":{"lg":{"min":96.58981323242188,"max":165.86529541015625},"li":{"min":2.782263994216919,"max":4.872105598449707},"lr":{"min":0.0,"max":0.13671144843101501},"total":{"min":99.41910552978516,"max":170.76480102539062}},"gwa-vestas-v136-mode0-120":{"lg":{"min":101.48214721679688,"max":188.1371612548828},"li":{"min":2.9292752742767334,"max":5.542483806610107},"lr":{"min":0.0,"max":0.15780538320541382},"total":{"min":104.4609375,"max":193.7108154296875}},"gwa-vestas-v120-mode0-80":{"lg":{"min":101.8447265625,"max":202.85189819335938},"li":{"min":2.9323198795318604,"max":5.98539400100708},"lr":{"min":0.0,"max":0.16804230213165283},"total":{"min":104.8372802734375,"max":208.87095642089844}},"gwa-vestas-v120-mode0-150":{"lg":{"min":86.1042709350586,"max":140.7146453857422},"li":{"min":2.4671802520751953,"max":4.115077495574951},"lr":{"min":0.0,"max":0.1156143918633461},"total":{"min":88.61315155029297,"max":144.85287475585938}},"gwa-vestas-v110-mode0-150":{"lg":{"min":88.47034454345703,"max":146.97584533691406},"li":{"min":2.5382792949676514,"max":4.3035383224487305},"lr":{"min":0.0,"max":0.1209939569234848},"total":{"min":91.05152893066406,"max":151.3035888671875}},"gwa-offshore-iea-15mw-150":{"lg":{"min":112.06552124023438,"max":203.0198211669922},"li":{"min":3.2472991943359375,"max":5.990447998046875},"lr":{"min":0.0,"max":0.16808849573135376},"total":{"min":115.36770629882812,"max":209.04396057128906}},"gwa-vestas-v100-mode0-120":{"lg":{"min":102.85704040527344,"max":191.95054626464844},"li":{"min":2.970590114593506,"max":5.657265663146973},"lr":{"min":0.0,"max":0.16104747354984283},"total":{"min":105.87783813476562,"max":197.63963317871094}},"gwa-enercon-e48-50":{"lg":{"min":195.88876342773438,"max":514.92529296875},"li":{"min":5.689094543457031,"max":15.3787260055542},"lr":{"min":0.0,"max":0.4199489951133728},"total":{"min":201.75921630859375,"max":530.3905029296875}},"gwa-vestas-v126-mode0-120":{"lg":{"min":110.5296630859375,"max":211.11383056640625},"li":{"min":3.2011475563049316,"max":6.234076023101807},"lr":{"min":0.0,"max":0.17790664732456207},"total":{"min":113.78491973876953,"max":217.38296508789062}},"gwa-vestas-v110-mode0-80":{"lg":{"min":105.49588775634766,"max":213.45245361328125},"li":{"min":3.0392775535583496,"max":6.304467678070068},"lr":{"min":0.0,"max":0.17743021249771118},"total":{"min":108.6001205444336,"max":219.79238891601562}},"gwa-iec3":{"lg":{"min":103.29052734375,"max":209.1497344970703},"li":{"min":2.9836161136627197,