{"worldpop": {"min": -3.4028234663852886e+38, "max": 19718.48828125}, "slope": {"min": 0.0, "max": 14.781840324401855}, "land-cover": {"min": 10.0, "max": 210.0}, "airports": {"min": 3000.0, "max": 219244.15625}, "ports": {"min": 0.0, "max": 433615.59375}, "anchorages": {"min": 65535.0, "max": 65535.0}, "grid": {"min": 0.0, "max": 180151.328125}, "roads": {"min": 0.0, "max": 177483.09375}, "pp-whs": {"min": 580112.5, "max": 1170686.125}, "unep-coral": {"min": 65535.0, "max": 65535.0}, "unesco": {"min": 500.0, "max": 499993.25}, "unesco-ramsar": {"min": 0.0, "max": 500000.0}, "wwf-glw-1": {"min": 0.0, "max": 15700.318359375}, "wwf-glw-2": {"min": 0.0, "max": 202228.203125}, "jrc-gsw": {"min": 0.0, "max": 1.0}, "pp-marine-protected": {"min": 0.0, "max": 0.0}, "unep-tidal": {"min": 0.0, "max": 0.0}, "wwf-glw-3": {"min": 1.0, "max": 255.0}, "gsa-pvout": {"min": 3.1114940643310547, "max": 4.220025062561035}, "gsa-ghi": {"min": 3.503413438796997, "max": 4.519440650939941}, "gsa-gti": {"min": 3.8182051181793213, "max": 5.198224067687988}, "gsa-temp": {"min": 10.600000381469727, "max": 18.899999618530273}, "gwa-iec1": {"min": 0.051107823848724365, "max": 0.5644501447677612}, "gwa-iec2": {"min": 0.06539960950613022, "max": 0.6144843697547913}, "gwa-iec3": {"min": 0.07617279887199402, "max": 0.6476579904556274}, "gwa-power-10": {"min": 5.996956825256348, "max": 595.5023193359375}, "gwa-speed-10": {"min": 1.3104110956192017, "max": 7.129880428314209}, "gwa-power-50": {"min": 28.680959701538086, "max": 932.5787353515625}, "gwa-speed-50": {"min": 2.4088778495788574, "max": 8.482831001281738}, "gwa-power-100": {"min": 47.030784606933594, "max": 1104.2515869140625}, "gwa-speed-100": {"min": 2.9967405796051025, "max": 9.25877571105957}, "gwa-power-150": {"min": 59.454627990722656, "max": 1289.5169677734375}, "gwa-speed-150": {"min": 3.2009177207946777, "max": 9.873772621154785}, "gwa-power-200": {"min": 60.295684814453125, "max": 1483.7476806640625}, "gwa-speed-200": {"min": 3.2030744552612305, "max": 10.26678466796875}, "gebco": {"min": -1050.0, "max": 183.0}, "srtm90": {"min": -32.0, "max": 182.0}, "waterbodies": {"min": 1.0, "max": 2.0}, "gwa-enercon-e44-50": {"min": 0.017845068126916885, "max": 0.3703826367855072}, "gwa-enercon-e48-50": {"min": 0.023455511778593063, "max": 0.4338289201259613}, "gwa-enercon-e53-50": {"min": 0.032586488872766495, "max": 0.4795455038547516}, "gwa-offshore-dtu-10mw-119": {"min": 0.04199625924229622, "max": 0.5402092337608337}, "gwa-offshore-iea-15mw-150": {"min": 0.06786248832941055, "max": 0.6086295247077942}, "gwa-offshore-leanwind-8mw-110": {"min": 0.04221125319600105, "max": 0.5396619439125061}, "gwa-vestas-v100-mode0-100": {"min": 0.07039429992437363, "max": 0.6367719173431396}, "gwa-vestas-v100-mode0-120": {"min": 0.0781061053276062, "max": 0.6529817581176758}, "gwa-vestas-v100-mode0-150": {"min": 0.08943077176809311, "max": 0.6617358922958374}, "gwa-vestas-v100-mode0-80": {"min": 0.061582162976264954, "max": 0.6145950555801392}, "gwa-vestas-v110-mode0-100": {"min": 0.08450891822576523, "max": 0.6771831512451172}, "gwa-vestas-v110-mode0-120": {"min": 0.09347664564847946, "max": 0.6908543109893799}, "gwa-vestas-v110-mode0-150": {"min": 0.10628920793533325, "max": 0.6964067220687866}, "gwa-vestas-v110-mode0-80": {"min": 0.0741463452577591, "max": 0.6563767194747925}, "gwa-vestas-v112-mode0-100": {"min": 0.04889997839927673, "max": 0.5579842925071716}, "gwa-vestas-v112-mode0-120": {"min": 0.054514817893505096, "max": 0.5758793354034424}, "gwa-vestas-v112-mode0-150": {"min": 0.06313317269086838, "max": 0.5895693898200989}, "gwa-vestas-v112-mode0-80": {"min": 0.04258699342608452, "max": 0.5337157845497131}, "gwa-vestas-v120-mode0-100": {"min": 0.09012594819068909, "max": 0.6886784434318542}, "gwa-vestas-v120-mode0-120": {"min": 0.09965503960847855, "max": 0.6992558836936951}, "gwa-vestas-v120-mode0-150": {"min": 0.11310436576604843, "max": 0.6977255940437317}, "gwa-vestas-v120-mode0-80": {"min": 0.07914246618747711, "max": 0.6689586639404297}, "gwa-vestas-v126-mode0-100": {"min": 0.062458690255880356, "max": 0.6084927320480347}, "gwa-vestas-v126-mode0-120": {"min": 0.06935720890760422, "max": 0.6250684261322021}, "gwa-vestas-v126-mode0-150": {"min": 0.07964935153722763, "max": 0.6354878544807434}, "gwa-vestas-v126-mode0-80": {"min": 0.05459962785243988, "max": 0.5847389101982117}, "gwa-vestas-v136-mode0-100": {"min": 0.07273147255182266, "max": 0.6427284479141235}, "gwa-vestas-v136-mode0-120": {"min": 0.08062411844730377, "max": 0.6588694453239441}, "gwa-vestas-v136-mode0-150": {"min": 0.09214399755001068, "max": 0.6680090427398682}, "gwa-vestas-v136-mode0-80": {"min": 0.06368809193372726, "max": 0.6209048628807068}, "air-density": {"min": 1.17983877658844, "max": 1.230384111404419}, "lcoe": {"gwa-vestas-v136-mode0-100": {"lg": {"min": 58.08000946044922, "max": 481.9053649902344}, "li": {"min": 1.6354767084121704, "max": 15.496209144592285}, "lr": {"min": 0.0, "max": 8.571882247924805}, "total": {"min": 59.84183120727539, "max": 496.3929138183594}}, "gwa-vestas-v112-mode0-80": {"lg": {"min": 69.12596893310547, "max": 820.1825561523438}, "li": {"min": 2.0356671810150146, "max": 24.177234649658203}, "lr": {"min": 0.0, "max": 12.01030158996582}, "total": {"min": 71.32694244384766, "max": 844.6361694335938}}, "gwa-offshore-leanwind-8mw-110": {"lg": {"min": 68.40839385986328, "max": 827.4476928710938}, "li": {"min": 1.9710029363632202, "max": 24.56825828552246}, "lr": {"min": 0.0, "max": 12.832322120666504}, "total": {"min": 70.5066909790039, "max": 852.4102783203125}}, "gwa-vestas-v110-mode0-100": {"lg": {"min": 55.32844543457031, "max": 415.3028869628906}, "li": {"min": 1.55029296875, "max": 13.785609245300293}, "lr": {"min": 0.0, "max": 7.675901412963867}, "total": {"min": 57.12831497192383, "max": 427.77142333984375}}, "gwa-vestas-v100-mode0-150": {"lg": {"min": 56.52663803100586, "max": 392.66668701171875}, "li": {"min": 1.5739413499832153, "max": 15.19837474822998}, "lr": {"min": 0.0, "max": 8.374475479125977}, "total": {"min": 58.348697662353516, "max": 404.4490051269531}}, "gwa-vestas-v136-mode0-120": {"lg": {"min": 56.755157470703125, "max": 435.1211242675781}, "li": {"min": 1.5827009677886963, "max": 15.150772094726562}, "lr": {"min": 0.0, "max": 8.372542381286621}, "total": {"min": 58.40373611450195, "max": 448.1904296875}}, "gwa-vestas-v120-mode0-80": {"lg": {"min": 55.95950698852539, "max": 443.1922607421875}, "li": {"min": 1.5974394083023071, "max": 13.594796180725098}, "lr": {"min": 0.0, "max": 7.59266471862793}, "total": {"min": 58.529388427734375, "max": 456.3508605957031}}, "gwa-vestas-v120-mode0-150": {"lg": {"min": 53.817237854003906, "max": 311.3158264160156}, "li": {"min": 1.496468424797058, "max": 12.712484359741211}, "lr": {"min": 0.0, "max": 7.0727009773254395}, "total": {"min": 55.89082336425781, "max": 320.63201904296875}}, "gwa-vestas-v110-mode0-150": {"lg": {"min": 53.91157913208008, "max": 331.0205993652344}, "li": {"min": 1.4957752227783203, "max": 13.327631950378418}, "lr": {"min": 0.0, "max": 7.400948524475098}, "total": {"min": 55.7338981628418, "max": 340.93414306640625}}, "gwa-offshore-iea-15mw-150": {"lg": {"min": 61.10988235473633, "max": 516.1940307617188}, "li": {"min": 1.7121309041976929, "max": 18.96834373474121}, "lr": {"min": 0.0, "max": 10.316855430603027}, "total": {"min": 62.899383544921875, "max": 531.7210693359375}}, "gwa-vestas-v100-mode0-120": {"lg": {"min": 57.230831146240234, "max": 449.0197448730469}, "li": {"min": 1.596983790397644, "max": 15.477221488952637}, "lr": {"min": 0.0, "max": 8.539859771728516}, "total": {"min": 58.890594482421875, "max": 462.5103759765625}}, "gwa-enercon-e48-50": {"lg": {"min": 84.12089538574219, "max": 1485.901611328125}, "li": {"min": 2.5558021068573, "max": 43.89738845825195}, "lr": {"min": 0.0, "max": 15.575559616088867}, "total": {"min": 87.11341094970703, "max": 1530.30078125}}, "gwa-vestas-v126-mode0-120": {"lg": {"min": 59.60792922973633,