{"worldpop": {"min": -3.4028234663852886e+38, "max": 798.1316528320312}, "slope": {"min": 0.03162861987948418, "max": 40.01042556762695}, "land-cover": {"min": 10.0, "max": 210.0}, "airports": {"min": 0.0, "max": 90873.53125}, "ports": {"min": 79649.234375, "max": 225129.40625}, "anchorages": {"min": 80741.875, "max": 223862.6875}, "grid": {"min": 0.0, "max": 11423.6591796875}, "roads": {"min": 0.0, "max": 13756.81640625}, "pp-whs": {"min": 2500.0, "max": 156749.796875}, "unep-coral": {"min": 65535.0, "max": 65535.0}, "unesco": {"min": 0.0, "max": 135245.140625}, "unesco-ramsar": {"min": 114116.1640625, "max": 211107.1875}, "wwf-glw-1": {"min": 8631.337890625, "max": 138900.140625}, "wwf-glw-2": {"min": 0.0, "max": 72981.1640625}, "jrc-gsw": {"min": 0.0, "max": 1.0}, "pp-marine-protected": {"min": 0.0, "max": 0.0}, "unep-tidal": {"min": 0.0, "max": 0.0}, "wwf-glw-3": {"min": 1.0, "max": 255.0}, "gsa-pvout": {"min": 2.139986515045166, "max": 3.9985010623931885}, "gsa-ghi": {"min": 2.572660446166992, "max": 4.082946300506592}, "gsa-gti": {"min": 2.5884270668029785, "max": 4.693227291107178}, "gsa-temp": {"min": -0.6751738786697388, "max": 13.899999618530273}, "gwa-iec1": {"min": 0.01920076459646225, "max": 0.5175688862800598}, "gwa-iec2": {"min": 0.02430841699242592, "max": 0.5330464243888855}, "gwa-iec3": {"min": 0.028043635189533234, "max": 0.5601024031639099}, "gwa-power-10": {"min": 2.4322893619537354, "max": 3722.94775390625}, "gwa-speed-10": {"min": 0.6434361338615417, "max": 10.475175857543945}, "gwa-power-50": {"min": 10.942506790161133, "max": 2103.55859375}, "gwa-speed-50": {"min": 1.2614386081695557, "max": 10.22141170501709}, "gwa-power-100": {"min": 20.698862075805664, "max": 1893.433837890625}, "gwa-speed-100": {"min": 1.7592287063598633, "max": 10.539959907531738}, "gwa-power-150": {"min": 31.053380966186523, "max": 1856.9954833984375}, "gwa-speed-150": {"min": 2.017643690109253, "max": 10.936819076538086}, "gwa-power-200": {"min": 45.825870513916016, "max": 1885.406005859375}, "gwa-speed-200": {"min": 2.19809889793396, "max": 11.093505859375}, "gebco": {"min": 282.0, "max": 2469.0}, "srtm90": {"min": 280.0, "max": 2489.0}, "waterbodies": {"min": 1.0, "max": 2.0}, "gwa-enercon-e44-50": {"min": 0.0048096561804413795, "max": 0.39651617407798767}, "gwa-enercon-e48-50": {"min": 0.006291443947702646, "max": 0.44720321893692017}, "gwa-enercon-e53-50": {"min": 0.0092080757021904, "max": 0.48082301020622253}, "gwa-offshore-dtu-10mw-119": {"min": 0.01759595423936844, "max": 0.5104002356529236}, "gwa-offshore-iea-15mw-150": {"min": 0.03073868341743946, "max": 0.5676576495170593}, "gwa-offshore-leanwind-8mw-110": {"min": 0.016993528231978416, "max": 0.515886664390564}, "gwa-vestas-v100-mode0-100": {"min": 0.026618720963597298, "max": 0.554506242275238}, "gwa-vestas-v100-mode0-120": {"min": 0.03209619224071503, "max": 0.5692858695983887}, "gwa-vestas-v100-mode0-150": {"min": 0.03982339799404144, "max": 0.5832479000091553}, "gwa-vestas-v100-mode0-80": {"min": 0.021471509709954262, "max": 0.5384355783462524}, "gwa-vestas-v110-mode0-100": {"min": 0.03176574781537056, "max": 0.5851530432701111}, "gwa-vestas-v110-mode0-120": {"min": 0.03815627470612526, "max": 0.6001662015914917}, "gwa-vestas-v110-mode0-150": {"min": 0.04692535474896431, "max": 0.6142242550849915}, "gwa-vestas-v110-mode0-80": {"min": 0.02565211057662964, "max": 0.5684251189231873}, "gwa-vestas-v112-mode0-100": {"min": 0.018773052841424942, "max": 0.5254926085472107}, "gwa-vestas-v112-mode0-120": {"min": 0.022775990888476372, "max": 0.5396051406860352}, "gwa-vestas-v112-mode0-150": {"min": 0.02872382290661335, "max": 0.5547156929969788}, "gwa-vestas-v112-mode0-80": {"min": 0.015125102363526821, "max": 0.5113652348518372}, "gwa-vestas-v120-mode0-100": {"min": 0.0336972177028656, "max": 0.5786247253417969}, "gwa-vestas-v120-mode0-120": {"min": 0.04044537618756294, "max": 0.5874496698379517}, "gwa-vestas-v120-mode0-150": {"min": 0.04959550127387047, "max": 0.6116123199462891}, "gwa-vestas-v120-mode0-80": {"min": 0.027209199965000153, "max": 0.5619606971740723}, "gwa-vestas-v126-mode0-100": {"min": 0.02377823367714882, "max": 0.5376306176185608}, "gwa-vestas-v126-mode0-120": {"min": 0.028696425259113312, "max": 0.5521669387817383}, "gwa-vestas-v126-mode0-150": {"min": 0.03575576841831207, "max": 0.5663729310035706}, "gwa-vestas-v126-mode0-80": {"min": 0.01918359473347664, "max": 0.5221481323242188}, "gwa-vestas-v136-mode0-100": {"min": 0.027489280328154564, "max": 0.5634030699729919}, "gwa-vestas-v136-mode0-120": {"min": 0.03310598433017731, "max": 0.5782367587089539}, "gwa-vestas-v136-mode0-150": {"min": 0.04098126292228699, "max": 0.5924073457717896}, "gwa-vestas-v136-mode0-80": {"min": 0.02218642085790634, "max": 0.5473719835281372}, "air-density": {"min": 0.9531620740890503, "max": 1.1832141876220703}, "lcoe": {"gwa-vestas-v136-mode0-100": {"lg": {"min": 65.69430541992188, "max": 1268.44775390625}, "li": {"min": 1.869183897972107, "max": 38.663246154785156}, "lr": {"min": 0.0, "max": 2.084700107574463}, "total": {"min": 67.62702941894531, "max": 1307.7164306640625}}, "gwa-vestas-v112-mode0-80": {"lg": {"min": 71.97247314453125, "max": 2302.08447265625}, "li": {"min": 2.059396743774414, "max": 70.26893615722656}, "lr": {"min": 0.0, "max": 4.440573215484619}, "total": {"min": 74.10186767578125, "max": 2373.4541015625}}, "gwa-offshore-leanwind-8mw-110": {"lg": {"min": 71.37673950195312, "max": 2049.41162109375}, "li": {"min": 2.0413475036621094, "max": 62.54291534423828}, "lr": {"min": 0.0, "max": 3.232159376144409}, "total": {"min": 73.48748016357422, "max": 2112.93408203125}}, "gwa-vestas-v110-mode0-100": {"lg": {"min": 63.40114212036133, "max": 1098.2213134765625}, "li": {"min": 1.8002864122390747, "max": 33.45820236206055}, "lr": {"min": 0.0, "max": 1.8006118535995483}, "total": {"min": 65.24951934814453, "max": 1132.20361328125}}, "gwa-vestas-v100-mode0-150": {"lg": {"min": 63.59518051147461, "max": 876.822509765625}, "li": {"min": 1.805585503578186, "max": 26.786819458007812}, "lr": {"min": 0.0, "max": 1.2771729230880737}, "total": {"min": 65.46214294433594, "max": 903.9397583007812}}, "gwa-vestas-v136-mode0-120": {"lg": {"min": 64.11164093017578, "max": 1053.923828125}, "li": {"min": 1.8212330341339111, "max": 32.10370635986328}, "lr": {"min": 0.0, "max": 1.6145656108856201}, "total": {"min": 65.99478149414062, "max": 1086.5303955078125}}, "gwa-vestas-v120-mode0-80": {"lg": {"min": 65.85265350341797, "max": 1281.46337890625}, "li": {"min": 1.924662709236145, "max": 39.06122589111328}, "lr": {"min": 0.0, "max": 2.439385414123535}, "total": {"min": 67.77731323242188, "max": 1321.1363525390625}}, "gwa-vestas-v120-mode0-150": {"lg": {"min": 60.831356048583984, "max": 704.8450317382812}, "li": {"min": 1.7077455520629883, "max": 21.50885009765625}, "lr": {"min": 0.0, "max": 1.0233463048934937}, "total": {"min": 62.54872131347656, "max": 726.6192016601562}}, "gwa-vestas-v110-mode0-150": {"lg": {"min": 60.589691162109375, "max": 744.7244873046875}, "li": {"min": 1.7145267724990845, "max": 22.732746124267578}, "lr": {"min": 0.0, "max": 1.082489252090454}, "total": {"min": 62.36249923706055, "max": 767.7376708984375}}, "gwa-offshore-iea-15mw-150": {"lg": {"min": 65.23191833496094, "max": 1134.7823486328125}, "li": {"min": 1.8551745414733887, "max": 34.703575134277344}, "lr": {"min": 0.0, "max": 1.6629282236099243}, "total": {"min": 67.150146484375, "max": 1169.9140625}}, "gwa-vestas-v100-mode0-120": {"lg": {"min": 65.05677795410156, "max": 1086.9559326171875}, "li": {"min": 1.8498681783676147, "max": 33.11373519897461}, "lr": {"min": 0.0, "max": 1.6649969816207886}, "total": {"min": 66.96952819824219, "max": 1120.5882568359375}}, "gwa-enercon-e48-50": {"lg": {"min": 81.7247543334961, "max": 5528.76708984375}, "li": {"min": 2.3548665046691895, "max": 167.3866729736328}, "lr": {"min": 0.0, "max": 12.196022987365723}, "total": {"min": 84.15966796875, "max": 5708.349609375}},