{"worldpop": {"min": -3.4028234663852886e+38, "max": 2276.98193359375}, "slope": {"min": 0.003572875866666436, "max": 26.761747360229492}, "land-cover": {"min": 10.0, "max": 210.0}, "airports": {"min": 0.0, "max": 118323.7109375}, "ports": {"min": 0.0, "max": 69892.7734375}, "anchorages": {"min": 0.0, "max": 67136.0546875}, "grid": {"min": 0.0, "max": 6264.982421875}, "roads": {"min": 0.0, "max": 12816.005859375}, "pp-whs": {"min": 298810.96875, "max": 407482.5}, "unep-coral": {"min": 65535.0, "max": 65535.0}, "unesco": {"min": 24010.4140625, "max": 150945.359375}, "unesco-ramsar": {"min": 13086.251953125, "max": 89029.484375}, "wwf-glw-1": {"min": 116800.0390625, "max": 241350.890625}, "wwf-glw-2": {"min": 0.0, "max": 85593.515625}, "jrc-gsw": {"min": 0.0, "max": 1.0}, "pp-marine-protected": {"min": 0.0, "max": 0.0}, "unep-tidal": {"min": 0.0, "max": 0.0}, "wwf-glw-3": {"min": 1.0, "max": 255.0}, "gsa-pvout": {"min": 3.998814821243286, "max": 4.8759636878967285}, "gsa-ghi": {"min": 4.759523868560791, "max": 5.387823581695557}, "gsa-gti": {"min": 5.037769794464111, "max": 6.112747669219971}, "gsa-temp": {"min": 15.577770233154297, "max": 21.299999237060547}, "gwa-iec1": {"min": 0.07664839923381805, "max": 0.4579382538795471}, "gwa-iec2": {"min": 0.09332169592380524, "max": 0.489823579788208}, "gwa-iec3": {"min": 0.10521802306175232, "max": 0.5173729658126831}, "gwa-power-10": {"min": 10.949658393859863, "max": 1155.16650390625}, "gwa-speed-10": {"min": 1.438779592514038, "max": 7.593696594238281}, "gwa-power-50": {"min": 54.1898193359375, "max": 854.6168823242188}, "gwa-speed-50": {"min": 2.6046721935272217, "max": 8.068160057067871}, "gwa-power-100": {"min": 75.36173248291016, "max": 872.82470703125}, "gwa-speed-100": {"min": 3.210123062133789, "max": 8.79508113861084}, "gwa-power-150": {"min": 102.79292297363281, "max": 957.432861328125}, "gwa-speed-150": {"min": 3.5942013263702393, "max": 9.154457092285156}, "gwa-power-200": {"min": 131.78562927246094, "max": 1023.9981079101562}, "gwa-speed-200": {"min": 3.862900972366333, "max": 9.408291816711426}, "gebco": {"min": -26.0, "max": 876.0}, "srtm90": {"min": 1.0, "max": 895.0}, "waterbodies": {"min": 0.0, "max": 2.0}, "gwa-enercon-e44-50": {"min": 0.03134850040078163, "max": 0.3130588233470917}, "gwa-enercon-e48-50": {"min": 0.0399460531771183, "max": 0.3622443377971649}, "gwa-enercon-e53-50": {"min": 0.05057130381464958, "max": 0.39745891094207764}, "gwa-offshore-dtu-10mw-119": {"min": 0.0649874210357666, "max": 0.43720126152038574}, "gwa-offshore-iea-15mw-150": {"min": 0.09989871829748154, "max": 0.4941125214099884}, "gwa-offshore-leanwind-8mw-110": {"min": 0.06381601840257645, "max": 0.44396114349365234}, "gwa-vestas-v100-mode0-100": {"min": 0.0942840650677681, "max": 0.5131517052650452}, "gwa-vestas-v100-mode0-120": {"min": 0.1064334511756897, "max": 0.5239678025245667}, "gwa-vestas-v100-mode0-150": {"min": 0.12479503452777863, "max": 0.5356788635253906}, "gwa-vestas-v100-mode0-80": {"min": 0.08331780880689621, "max": 0.49478766322135925}, "gwa-vestas-v110-mode0-100": {"min": 0.10969468951225281, "max": 0.5469555854797363}, "gwa-vestas-v110-mode0-120": {"min": 0.12322608381509781, "max": 0.5580466389656067}, "gwa-vestas-v110-mode0-150": {"min": 0.14309237897396088, "max": 0.5695708394050598}, "gwa-vestas-v110-mode0-80": {"min": 0.09708621352910995, "max": 0.5277398824691772}, "gwa-vestas-v112-mode0-100": {"min": 0.06921759247779846, "max": 0.4578208327293396}, "gwa-vestas-v112-mode0-120": {"min": 0.0788005143404007, "max": 0.4685145318508148}, "gwa-vestas-v112-mode0-150": {"min": 0.09409501403570175, "max": 0.47957515716552734}, "gwa-vestas-v112-mode0-80": {"min": 0.06105757877230644, "max": 0.4421839714050293}, "gwa-vestas-v120-mode0-100": {"min": 0.11577056348323822, "max": 0.5398221611976624}, "gwa-vestas-v120-mode0-120": {"min": 0.1298380345106125, "max": 0.5516727566719055}, "gwa-vestas-v120-mode0-150": {"min": 0.1501690000295639, "max": 0.5627224445343018}, "gwa-vestas-v120-mode0-80": {"min": 0.10248439759016037, "max": 0.5205985903739929}, "gwa-vestas-v126-mode0-100": {"min": 0.0849531814455986, "max": 0.49016043543815613}, "gwa-vestas-v126-mode0-120": {"min": 0.09611738473176956, "max": 0.5008535385131836}, "gwa-vestas-v126-mode0-150": {"min": 0.11332491785287857, "max": 0.5125300884246826}, "gwa-vestas-v126-mode0-80": {"min": 0.07505466043949127, "max": 0.4727005660533905}, "gwa-vestas-v136-mode0-100": {"min": 0.09666071087121964, "max": 0.5193234086036682}, "gwa-vestas-v136-mode0-120": {"min": 0.10898812115192413, "max": 0.5301891565322876}, "gwa-vestas-v136-mode0-150": {"min": 0.1275292932987213, "max": 0.5421355366706848}, "gwa-vestas-v136-mode0-80": {"min": 0.08546619117259979, "max": 0.5010488629341125}, "air-density": {"min": 1.0899509191513062, "max": 1.1805671453475952}, "lcoe": {"gwa-vestas-v136-mode0-100": {"lg": {"min": 70.93086242675781, "max": 363.59552001953125}, "li": {"min": 2.034173011779785, "max": 10.829001426696777}, "lr": {"min": 0.0, "max": 0.4698226749897003}, "total": {"min": 73.01036071777344, "max": 374.5733337402344}}, "gwa-vestas-v112-mode0-80": {"lg": {"min": 82.60701751708984, "max": 573.2783813476562}, "li": {"min": 2.3890364170074463, "max": 17.106447219848633}, "lr": {"min": 0.0, "max": 0.6946731209754944}, "total": {"min": 85.0492935180664, "max": 590.657470703125}}, "gwa-offshore-leanwind-8mw-110": {"lg": {"min": 82.29235076904297, "max": 548.67138671875}, "li": {"min": 2.3794732093811035, "max": 16.367023468017578}, "lr": {"min": 0.0, "max": 0.6952910423278809}, "total": {"min": 84.72484588623047, "max": 565.2991943359375}}, "gwa-vestas-v110-mode0-100": {"lg": {"min": 67.54951477050781, "max": 320.8682556152344}, "li": {"min": 1.9314064979553223, "max": 9.561605453491211}, "lr": {"min": 0.0, "max": 0.41754719614982605}, "total": {"min": 69.52395629882812, "max": 330.54168701171875}}, "gwa-vestas-v100-mode0-150": {"lg": {"min": 68.8873062133789, "max": 282.52679443359375}, "li": {"min": 1.9775296449661255, "max": 8.369549751281738}, "lr": {"min": 0.0, "max": 0.4210115075111389}, "total": {"min": 70.90444946289062, "max": 291.02972412109375}}, "gwa-vestas-v136-mode0-120": {"lg": {"min": 69.55917358398438, "max": 322.92242431640625}, "li": {"min": 1.9924843311309814, "max": 9.583413124084473}, "lr": {"min": 0.0, "max": 0.4249497652053833}, "total": {"min": 71.59605407714844, "max": 332.6585388183594}}, "gwa-vestas-v120-mode0-80": {"lg": {"min": 70.76690673828125, "max": 343.1614990234375}, "li": {"min": 2.0291903018951416, "max": 10.260285377502441}, "lr": {"min": 0.0, "max": 0.43285807967185974}, "total": {"min": 72.84131622314453, "max": 353.5155029296875}}, "gwa-vestas-v120-mode0-150": {"lg": {"min": 65.76892852783203, "max": 235.46426391601562}, "li": {"min": 1.884116291999817, "max": 6.95535135269165}, "lr": {"min": 0.0, "max": 0.37213724851608276}, "total": {"min": 67.69075012207031, "max": 242.53045654296875}}, "gwa-vestas-v110-mode0-150": {"lg": {"min": 65.02622985839844, "max": 246.9113311767578}, "li": {"min": 1.8598581552505493, "max": 7.299328327178955}, "lr": {"min": 0.0, "max": 0.3832714259624481}, "total": {"min": 66.92333984375, "max": 254.3269805908203}}, "gwa-offshore-iea-15mw-150": {"lg": {"min": 74.34584045410156, "max": 351.9399719238281}, "li": {"min": 2.1404850482940674, "max": 10.455371856689453}, "lr": {"min": 0.0, "max": 0.49279749393463135}, "total": {"min": 76.53266906738281, "max": 362.5619812011719}}, "gwa-vestas-v100-mode0-120": {"lg": {"min": 70.33758544921875, "max": 330.577392578125}, "li": {"min": 2.0161421298980713, "max": 9.813440322875977}, "lr": {"min": 0.0, "max": 0.43428629636764526}, "total": {"min": 72.3986587524414, "max": 340.5472412109375}}, "gwa-enercon-e48-50": {"lg": {"min": 99.95391082763672, "max": 874.1424560546875}, "li": {"min": 2.916245937347412, "max": 26.363149642944336}, "lr": {"min": 0.0, "max": 0.9710108637809753}, "total": {"min": 102.93514251708984, "max": 901.113037109375}},