{"worldpop":{"min":-3.4028234663852886e+38,"max":37898.1171875},"slope":{"min":0.0,"max":36.495548248291016},"land-cover":{"min":10.0,"max":210.0},"airports":{"min":500.0,"max":360320.0},"ports":{"min":500.0,"max":468643.25},"anchorages":{"min":0.0,"max":469415.0625},"grid":{"min":0.0,"max":444513.78125},"roads":{"min":0.0,"max":118391.3046875},"pp-whs":{"min":0.0,"max":850755.5625},"unep-coral":{"min":0.0,"max":467004.28125},"unesco":{"min":500.0,"max":361072.03125},"unesco-ramsar":{"min":65535.0,"max":65535.0},"wwf-glw-1":{"min":65535.0,"max":499996.5},"wwf-glw-2":{"min":35846.8984375,"max":500000.0},"jrc-gsw":{"min":0.0,"max":1.0},"pp-marine-protected":{"min":0.0,"max":0.0},"unep-tidal":{"min":0.0,"max":1.0},"wwf-glw-3":{"min":6.0,"max":255.0},"gsa-pvout":{"min":3.8490939140319824,"max":5.8535990715026855},"gsa-ghi":{"min":4.870330333709717,"max":7.00853967666626},"gsa-gti":{"min":4.966991901397705,"max":7.395442962646484},"gsa-temp":{"min":11.152383804321289,"max":32.144744873046875},"gwa-iec1":{"min":0.0037181079387664795,"max":0.717371940612793},"gwa-iec2":{"min":0.005131632089614868,"max":0.7502800226211548},"gwa-iec3":{"min":0.0060747042298316956,"max":0.7801734209060669},"gwa-power-10":{"min":1.1347404718399048,"max":11110.396484375},"gwa-speed-10":{"min":0.48722541332244873,"max":15.475768089294434},"gwa-power-50":{"min":3.712773323059082,"max":8085.14208984375},"gwa-speed-50":{"min":0.9110620617866516,"max":15.39797592163086},"gwa-power-100":{"min":5.525500774383545,"max":7190.36279296875},"gwa-speed-100":{"min":1.0683183670043945,"max":16.060583114624023},"gwa-power-150":{"min":5.873706340789795,"max":6408.615234375},"gwa-speed-150":{"min":1.2144801616668701,"max":15.753084182739258},"gwa-power-200":{"min":7.158946514129639,"max":6371.72900390625},"gwa-speed-200":{"min":1.3272459506988525,"max":16.191238403320312},"gebco":{"min":-186.0,"max":3402.0},"srtm90":{"min":-3.0,"max":3367.0},"waterbodies":{"min":0.0,"max":2.0},"gwa-enercon-e44-50":{"min":0.0009117828449234366,"max":0.567614734172821},"gwa-enercon-e48-50":{"min":0.001229418208822608,"max":0.6233752965927124},"gwa-enercon-e53-50":{"min":0.0024632029235363007,"max":0.6615281105041504},"gwa-offshore-dtu-10mw-119":{"min":0.0020668949000537395,"max":0.7145437002182007},"gwa-offshore-iea-15mw-150":{"min":0.0038928247522562742,"max":0.7752889394760132},"gwa-offshore-leanwind-8mw-110":{"min":0.0020115619990974665,"max":0.7220114469528198},"gwa-vestas-v100-mode0-100":{"min":0.00512517848983407,"max":0.7742665410041809},"gwa-vestas-v100-mode0-120":{"min":0.005432848818600178,"max":0.7987980246543884},"gwa-vestas-v100-mode0-150":{"min":0.005520963575690985,"max":0.818723201751709},"gwa-vestas-v100-mode0-80":{"min":0.003297529648989439,"max":0.7477418780326843},"gwa-vestas-v110-mode0-100":{"min":0.006674021016806364,"max":0.8093766570091248},"gwa-vestas-v110-mode0-120":{"min":0.006872199475765228,"max":0.8297246098518372},"gwa-vestas-v110-mode0-150":{"min":0.0070042600855231285,"max":0.8463356494903564},"gwa-vestas-v110-mode0-80":{"min":0.004224635194987059,"max":0.7854817509651184},"gwa-vestas-v112-mode0-100":{"min":0.003130691358819604,"max":0.730362594127655},"gwa-vestas-v112-mode0-120":{"min":0.0034889441449195147,"max":0.7421309947967529},"gwa-vestas-v112-mode0-150":{"min":0.0035283423494547606,"max":0.7580753564834595},"gwa-vestas-v112-mode0-80":{"min":0.002077431185171008,"max":0.7096466422080994},"gwa-vestas-v120-mode0-100":{"min":0.00711847236379981,"max":0.8171592354774475},"gwa-vestas-v120-mode0-120":{"min":0.007327559404075146,"max":0.831089437007904},"gwa-vestas-v120-mode0-150":{"min":0.007471894379705191,"max":0.8400137424468994},"gwa-vestas-v120-mode0-80":{"min":0.004502552095800638,"max":0.7966756820678711},"gwa-vestas-v126-mode0-100":{"min":0.004547192715108395,"max":0.7449221014976501},"gwa-vestas-v126-mode0-120":{"min":0.004791463725268841,"max":0.7727562785148621},"gwa-vestas-v126-mode0-150":{"min":0.004875905811786652,"max":0.7970938086509705},"gwa-vestas-v126-mode0-80":{"min":0.0029129767790436745,"max":0.7181029319763184},"gwa-vestas-v136-mode0-100":{"min":0.005504772998392582,"max":0.7777082920074463},"gwa-vestas-v136-mode0-120":{"min":0.005731739103794098,"max":0.8027389645576477},"gwa-vestas-v136-mode0-150":{"min":0.005833250004798174,"max":0.8237305283546448},"gwa-vestas-v136-mode0-80":{"min":0.0035000022035092115,"max":0.7515773773193359},"air-density":{"min":0.8215543627738953,"max":1.1517927646636963},"lcoe":{"gwa-vestas-v136-mode0-100":{"lg":{"min":48.69382858276367,"max":6318.29541015625},"li":{"min":1.5208919048309326,"max":218.9200439453125},"lr":{"min":0.0,"max":39.295345306396484},"total":{"min":51.091461181640625,"max":6542.15771484375}},"gwa-vestas-v112-mode0-80":{"lg":{"min":52.980377197265625,"max":10000.0},"li":{"min":1.7099125385284424,"max":620.2523803710938},"lr":{"min":0.0,"max":103.11582946777344},"total":{"min":55.2789306640625,"max":10000.0}},"gwa-offshore-leanwind-8mw-110":{"lg":{"min":52.14155960083008,"max":10000.0},"li":{"min":1.6677106618881226,"max":568.0529174804688},"lr":{"min":0.0,"max":92.86064147949219},"total":{"min":54.40074920654297,"max":10000.0}},"gwa-vestas-v110-mode0-100":{"lg":{"min":46.945098876953125,"max":5212.068359375},"li":{"min":1.4527935981750488,"max":181.49560546875},"lr":{"min":0.0,"max":32.49243927001953},"total":{"min":49.248924255371094,"max":5397.65185546875}},"gwa-vestas-v100-mode0-150":{"lg":{"min":46.454837799072266,"max":6299.77734375},"li":{"min":1.419037938117981,"max":205.2182159423828},"lr":{"min":0.0,"max":27.563400268554688},"total":{"min":48.79543685913086,"max":6525.24853515625}},"gwa-vestas-v136-mode0-120":{"lg":{"min":47.30020523071289,"max":6068.2607421875},"li":{"min":1.4681155681610107,"max":197.67166137695312},"lr":{"min":0.0,"max":32.71071243286133},"total":{"min":49.689125061035156,"max":6285.4404296875}},"gwa-vestas-v120-mode0-80":{"lg":{"min":47.62974548339844,"max":7723.791015625},"li":{"min":1.4790219068527222,"max":286.1780700683594},"lr":{"min":0.0,"max":47.57658386230469},"total":{"min":50.1834831237793,"max":8057.5458984375}},"gwa-vestas-v120-mode0-150":{"lg":{"min":45.37879943847656,"max":4655.93408203125},"li":{"min":1.3515028953552246,"max":151.63522338867188},"lr":{"min":0.0,"max":20.109203338623047},"total":{"min":47.60871887207031,"max":4822.5341796875}},"gwa-vestas-v110-mode0-150":{"lg":{"min":45.06970977783203,"max":4966.5166015625},"li":{"min":1.3538556098937988,"max":161.759033203125},"lr":{"min":0.0,"max":21.440282821655273},"total":{"min":47.2652587890625,"max":5144.2392578125}},"gwa-offshore-iea-15mw-150":{"lg":{"min":48.83329772949219,"max":8932.9306640625},"li":{"min":1.5471035242080688,"max":291.0489196777344},"lr":{"min":0.0,"max":39.55613327026367},"total":{"min":51.306800842285156,"max":9252.703125}},"gwa-vestas-v100-mode0-120":{"lg":{"min":47.51382827758789,"max":6401.888671875},"li":{"min":1.4768028259277344,"max":208.54664611816406},"lr":{"min":0.0,"max":34.77470016479492},"total":{"min":49.91453552246094,"max":6631.0166015625}},"gwa-enercon-e48-50":{"lg":{"min":59.75896453857422,"max":10000.0},"li":{"min":2.0192019939422607,"max":929.4425048828125},"lr":{"min":0.0,"max":149.81243896484375},"total":{"min":62.3756217956543,"max":10000.0}},"gwa-vestas-v126-mode0-120":{"lg":{"min":48.98023986816406,"max":7258.30908203125},"li":{"min":1.5483784675598145,"max":236.46267700195312},"lr":{"min":0.0,"max":39.39109802246094},"total":{"min":51.461849212646484,"max":7518.10791015625}},"gwa-vestas-v110-mode0-80":{"lg":{"min":48.25151824951172,"max":8231.6357421875},"li":{"min":1.4968047142028809,"max":305.0042419433594},"lr":{"min":0.0,"max":50.706398010253906},"total":{"min":50.78569793701172,"max":8587.345703125}},"gwa-iec3":{"lg":{"min":48.55260467529297,"max":5725.88525390625},"li":{"min":1.5224297046661377,"max":186.51153564453125},"lr":{"min":0.0,"max":19.655311584472656},"total":{"min":50.942665100097656,"max":5930.8037109375}},