{"worldpop": {"min": -3.4028234663852886e+38, "max": 36563.1328125}, "slope": {"min": 0.0, "max": 37.01649856567383}, "land-cover": {"min": 10.0, "max": 210.0}, "airports": {"min": 0.0, "max": 499993.25}, "ports": {"min": 0.0, "max": 499996.5}, "anchorages": {"min": 0.0, "max": 499995.25}, "grid": {"min": 0.0, "max": 118812.8828125}, "roads": {"min": 0.0, "max": 20808.65234375}, "pp-whs": {"min": 0.0, "max": 557539.25}, "unep-coral": {"min": 1000.0, "max": 500000.0}, "unesco": {"min": 0.0, "max": 500000.0}, "unesco-ramsar": {"min": 0.0, "max": 499999.25}, "wwf-glw-1": {"min": 0.0, "max": 499999.25}, "wwf-glw-2": {"min": 0.0, "max": 240441.25}, "jrc-gsw": {"min": 0.0, "max": 1.0}, "pp-marine-protected": {"min": 0.0, "max": 1.0}, "unep-tidal": {"min": 0.0, "max": 1.0}, "wwf-glw-3": {"min": 1.0, "max": 255.0}, "gsa-pvout": {"min": 3.06500506401062, "max": 5.731167316436768}, "gsa-ghi": {"min": 3.7307283878326416, "max": 6.429641246795654}, "gsa-gti": {"min": 3.839315414428711, "max": 7.257871627807617}, "gsa-temp": {"min": 3.3901665210723877, "max": 24.299999237060547}, "gwa-iec1": {"min": 0.014742243103682995, "max": 0.662136435508728}, "gwa-iec2": {"min": 0.01950792968273163, "max": 0.6700292229652405}, "gwa-iec3": {"min": 0.022922992706298828, "max": 0.6984502673149109}, "gwa-power-10": {"min": 2.221148729324341, "max": 9347.30078125}, "gwa-speed-10": {"min": 0.7471655607223511, "max": 18.227218627929688}, "gwa-power-50": {"min": 8.004507064819336, "max": 6931.23046875}, "gwa-speed-50": {"min": 1.3304771184921265, "max": 17.489456176757812}, "gwa-power-100": {"min": 16.818050384521484, "max": 5838.98876953125}, "gwa-speed-100": {"min": 1.9447041749954224, "max": 17.174516677856445}, "gwa-power-150": {"min": 24.83281707763672, "max": 5023.95361328125}, "gwa-speed-150": {"min": 2.225571870803833, "max": 16.80286979675293}, "gwa-power-200": {"min": 34.251869201660156, "max": 4374.86279296875}, "gwa-speed-200": {"min": 2.385693073272705, "max": 16.216411590576172}, "gebco": {"min": -140.0, "max": 3262.0}, "srtm90": {"min": -44.0, "max": 3266.0}, "waterbodies": {"min": 0.0, "max": 2.0}, "gwa-enercon-e44-50": {"min": 0.0036650088150054216, "max": 0.5535610318183899}, "gwa-enercon-e48-50": {"min": 0.004876336082816124, "max": 0.609340250492096}, "gwa-enercon-e53-50": {"min": 0.007767180446535349, "max": 0.641782820224762}, "gwa-offshore-dtu-10mw-119": {"min": 0.011600320227444172, "max": 0.6863502860069275}, "gwa-offshore-iea-15mw-150": {"min": 0.02587457001209259, "max": 0.7336539626121521}, "gwa-offshore-leanwind-8mw-110": {"min": 0.010817693546414375, "max": 0.6906516551971436}, "gwa-vestas-v100-mode0-100": {"min": 0.020129360258579254, "max": 0.7085492610931396}, "gwa-vestas-v100-mode0-120": {"min": 0.02660496160387993, "max": 0.7174204587936401}, "gwa-vestas-v100-mode0-150": {"min": 0.035728491842746735, "max": 0.7191545963287354}, "gwa-vestas-v100-mode0-80": {"min": 0.014579377137124538, "max": 0.6899755001068115}, "gwa-vestas-v110-mode0-100": {"min": 0.02528664842247963, "max": 0.7372700572013855}, "gwa-vestas-v110-mode0-120": {"min": 0.033076826483011246, "max": 0.7448954582214355}, "gwa-vestas-v110-mode0-150": {"min": 0.043529212474823, "max": 0.7478330731391907}, "gwa-vestas-v110-mode0-80": {"min": 0.018331002444028854, "max": 0.7206782698631287}, "gwa-vestas-v112-mode0-100": {"min": 0.01303490623831749, "max": 0.7000358700752258}, "gwa-vestas-v112-mode0-120": {"min": 0.017435768619179726, "max": 0.7113440632820129}, "gwa-vestas-v112-mode0-150": {"min": 0.023819055408239365, "max": 0.7211742997169495}, "gwa-vestas-v112-mode0-80": {"min": 0.009431244805455208, "max": 0.682212769985199}, "gwa-vestas-v120-mode0-100": {"min": 0.027062274515628815, "max": 0.7167949080467224}, "gwa-vestas-v120-mode0-120": {"min": 0.03539213538169861, "max": 0.7209839820861816}, "gwa-vestas-v120-mode0-150": {"min": 0.046334438025951385, "max": 0.7329955697059631}, "gwa-vestas-v120-mode0-80": {"min": 0.019606752321124077, "max": 0.7031046748161316}, "gwa-vestas-v126-mode0-100": {"min": 0.017711365595459938, "max": 0.6900296211242676}, "gwa-vestas-v126-mode0-120": {"min": 0.02341081015765667, "max": 0.7004315257072449}, "gwa-vestas-v126-mode0-150": {"min": 0.031469278037548065, "max": 0.7088350057601929}, "gwa-vestas-v126-mode0-80": {"min": 0.012825804762542248, "max": 0.6710883378982544}, "gwa-vestas-v136-mode0-100": {"min": 0.021129557862877846, "max": 0.7170630693435669}, "gwa-vestas-v136-mode0-120": {"min": 0.027803337201476097, "max": 0.7265317440032959}, "gwa-vestas-v136-mode0-150": {"min": 0.03719444200396538, "max": 0.7294104695320129}, "gwa-vestas-v136-mode0-80": {"min": 0.01531563326716423, "max": 0.6980254054069519}, "air-density": {"min": 0.8579392433166504, "max": 1.2031803131103516}, "lcoe": {"gwa-vestas-v136-mode0-100": {"lg": {"min": 52.47378158569336, "max": 1649.0302734375}, "li": {"min": 1.4566059112548828, "max": 50.52056121826172}, "lr": {"min": 0.0, "max": 1.6265126466751099}, "total": {"min": 53.94680404663086, "max": 1699.55078125}}, "gwa-vestas-v112-mode0-80": {"lg": {"min": 54.95003128051758, "max": 3689.489990234375}, "li": {"min": 1.5418938398361206, "max": 113.18516540527344}, "lr": {"min": 0.0, "max": 2.7428600788116455}, "total": {"min": 56.509178161621094, "max": 3802.675048828125}}, "gwa-offshore-leanwind-8mw-110": {"lg": {"min": 54.327484130859375, "max": 3217.139892578125}, "li": {"min": 1.5230536460876465, "max": 98.6788101196289}, "lr": {"min": 0.0, "max": 2.532412528991699}, "total": {"min": 55.867576599121094, "max": 3315.818603515625}}, "gwa-vestas-v110-mode0-100": {"lg": {"min": 51.14521789550781, "max": 1378.5894775390625}, "li": {"min": 1.416683316230774, "max": 42.21504592895508}, "lr": {"min": 0.0, "max": 1.4308325052261353}, "total": {"min": 52.57786560058594, "max": 1420.8045654296875}}, "gwa-vestas-v100-mode0-150": {"lg": {"min": 52.33280563354492, "max": 976.8583374023438}, "li": {"min": 1.4523696899414062, "max": 29.674762725830078}, "lr": {"min": 0.0, "max": 1.36195969581604}, "total": {"min": 53.80154037475586, "max": 1007.126953125}}, "gwa-vestas-v136-mode0-120": {"lg": {"min": 51.842037200927734, "max": 1254.1651611328125}, "li": {"min": 1.437622308731079, "max": 38.13335418701172}, "lr": {"min": 0.0, "max": 1.4967949390411377}, "total": {"min": 53.295860290527344, "max": 1293.0616455078125}}, "gwa-vestas-v120-mode0-80": {"lg": {"min": 53.43611145019531, "max": 1776.79541015625}, "li": {"min": 1.4855231046676636, "max": 54.444358825683594}, "lr": {"min": 0.0, "max": 1.5280109643936157}, "total": {"min": 54.93837356567383, "max": 1831.23974609375}}, "gwa-vestas-v120-mode0-150": {"lg": {"min": 51.42014694213867, "max": 754.171142578125}, "li": {"min": 1.4288982152938843, "max": 22.53148078918457}, "lr": {"min": 0.0, "max": 1.1240094900131226}, "total": {"min": 52.90829849243164, "max": 776.7465209960938}}, "gwa-vestas-v110-mode0-150": {"lg": {"min": 50.479305267333984, "max": 802.5156860351562}, "li": {"min": 1.4019540548324585, "max": 24.09343147277832}, "lr": {"min": 0.0, "max": 1.178417444229126}, "total": {"min": 51.937931060791016, "max": 826.5458984375}}, "gwa-offshore-iea-15mw-150": {"lg": {"min": 51.377593994140625, "max": 1347.3560791015625}, "li": {"min": 1.433781623840332, "max": 40.975929260253906}, "lr": {"min": 0.0, "max": 1.732817530632019}, "total": {"min": 52.82741928100586, "max": 1389.152099609375}}, "gwa-vestas-v100-mode0-120": {"lg": {"min": 52.44963073730469, "max": 1310.4766845703125}, "li": {"min": 1.4558801651000977, "max": 39.890663146972656}, "lr": {"min": 0.0, "max": 1.53029465675354}, "total": {"min": 53.92191696166992, "max": 1351.1251220703125}}, "gwa-enercon-e48-50": {"lg": {"min": 61.043277740478516, "max": 7132.04736328125}, "li": {"min": 1.7262928485870361, "max": 218.90963745117188}, "lr": {"min": 0.0, "max": 5.020700454711914}, "total": {"min": 62.78888702392578, "max": 7350.95703125}}, "gwa-vestas-v126-mode0-120": {"lg": {"min": 53.62477493286133, "max": 1488.731201171875},