{"worldpop":{"min":-3.4028234663852886e+38,"max":21891.21484375},"slope":{"min":0.0,"max":72.85050964355469},"land-cover":{"min":10.0,"max":210.0},"airports":{"min":500.0,"max":499984.25},"ports":{"min":0.0,"max":499973.0},"anchorages":{"min":0.0,"max":499993.25},"grid":{"min":0.0,"max":406901.09375},"roads":{"min":0.0,"max":405182.0625},"pp-whs":{"min":0.0,"max":584212.6875},"unep-coral":{"min":500.0,"max":499989.0},"unesco":{"min":0.0,"max":500000.0},"unesco-ramsar":{"min":0.0,"max":499996.5},"wwf-glw-1":{"min":0.0,"max":499999.25},"wwf-glw-2":{"min":0.0,"max":499859.21875},"jrc-gsw":{"min":0.0,"max":255.0},"pp-marine-protected":{"min":0.0,"max":1.0},"unep-tidal":{"min":0.0,"max":1.0},"wwf-glw-3":{"min":1.0,"max":255.0},"gsa-pvout":{"min":0.0,"max":5.725068092346191},"gsa-ghi":{"min":0.0,"max":6.433248519897461},"gsa-gti":{"min":0.0,"max":7.265881061553955},"gsa-temp":{"min":2.636469841003418,"max":23.5},"gwa-iec1":{"min":0.0,"max":0.6584678292274475},"gwa-iec2":{"min":0.0,"max":0.6795065402984619},"gwa-iec3":{"min":0.0,"max":0.705462634563446},"gwa-power-10":{"min":0.0,"max":14857.78125},"gwa-speed-10":{"min":0.11994098126888,"max":19.50530242919922},"gwa-power-50":{"min":0.0,"max":8431.826171875},"gwa-speed-50":{"min":0.18117314577103,"max":17.772626876831055},"gwa-power-100":{"min":0.0,"max":6564.12255859375},"gwa-speed-100":{"min":4.167921543121338,"max":10.783956527709961},"gwa-power-150":{"min":0.0,"max":5342.34228515625},"gwa-speed-150":{"min":0.28240531682968,"max":16.611309051513672},"gwa-power-200":{"min":0.0,"max":4692.66650390625},"gwa-speed-200":{"min":0.29232773184776,"max":15.869114875793457},"gebco":{"min":-5639.0,"max":3373.0},"srtm90":{"min":-1.0,"max":3398.0},"waterbodies":{"min":0.0,"max":2.0},"gwa-enercon-e44-50":{"min":0.0027468097396194935,"max":0.48970693349838257},"gwa-enercon-e48-50":{"min":0.0036798189394176006,"max":0.5531991720199585},"gwa-enercon-e53-50":{"min":0.006347842048853636,"max":0.596451997756958},"gwa-offshore-dtu-10mw-119":{"min":0.01238776184618473,"max":0.6310691237449646},"gwa-offshore-iea-15mw-150":{"min":0.0297342948615551,"max":0.6807010769844055},"gwa-offshore-leanwind-8mw-110":{"min":0.01140572503209114,"max":0.6341991424560547},"gwa-vestas-v100-mode0-100":{"min":0.021025214344263077,"max":0.6986311078071594},"gwa-vestas-v100-mode0-120":{"min":0.028533045202493668,"max":0.7020926475524902},"gwa-vestas-v100-mode0-150":{"min":0.04123428463935852,"max":0.7081711888313293},"gwa-vestas-v100-mode0-80":{"min":0.014469106681644917,"max":0.6880941987037659},"gwa-vestas-v110-mode0-100":{"min":0.026458507403731346,"max":0.7257129549980164},"gwa-vestas-v110-mode0-120":{"min":0.03567231819033623,"max":0.7282643914222717},"gwa-vestas-v110-mode0-150":{"min":0.050955791026353836,"max":0.73959881067276},"gwa-vestas-v110-mode0-80":{"min":0.018290245905518532,"max":0.716071605682373},"gwa-vestas-v112-mode0-100":{"min":0.013579735532402992,"max":0.6492197513580322},"gwa-vestas-v112-mode0-120":{"min":0.018603475764393806,"max":0.6590253114700317},"gwa-vestas-v112-mode0-150":{"min":0.02734505571424961,"max":0.6652342677116394},"gwa-vestas-v112-mode0-80":{"min":0.009284409694373608,"max":0.6329793930053711},"gwa-vestas-v120-mode0-100":{"min":0.028318164870142937,"max":0.7090258598327637},"gwa-vestas-v120-mode0-120":{"min":0.0381968729197979,"max":0.7173507213592529},"gwa-vestas-v120-mode0-150":{"min":0.054535407572984695,"max":0.7373618483543396},"gwa-vestas-v120-mode0-80":{"min":0.019567662850022316,"max":0.7017190456390381},"gwa-vestas-v126-mode0-100":{"min":0.018496869131922722,"max":0.6785381436347961},"gwa-vestas-v126-mode0-120":{"min":0.025081606581807137,"max":0.6828508377075195},"gwa-vestas-v126-mode0-150":{"min":0.03627002611756325,"max":0.6894434094429016},"gwa-vestas-v126-mode0-80":{"min":0.01273011602461338,"max":0.6672893762588501},"gwa-vestas-v136-mode0-100":{"min":0.022084593772888184,"max":0.7065430879592896},"gwa-vestas-v136-mode0-120":{"min":0.029877489432692528,"max":0.7103217244148254},"gwa-vestas-v136-mode0-150":{"min":0.04296078160405159,"max":0.7167364358901978},"gwa-vestas-v136-mode0-80":{"min":0.015235275030136108,"max":0.6958099603652954},"air-density":{"min":0.8458603620529175,"max":1.2050093412399292}}